user_id,username,email,first_name,last_name,date_joined,customer_segment,is_returning_flag,preferred_device
6001,sneha.mehta.f5842e,sneha.mehta.f5842e@trendlytics.io,Sneha,Mehta,2026-08-24 20:58:21.924496,trendsetter,0,desktop
6002,rahul.verma.3a27c0,rahul.verma.3a27c0@trendlytics.io,Rahul,Verma,2026-08-03 20:58:21.924496,luxury,1,mobile
6003,rohan.iyer.0c2fcf,rohan.iyer.0c2fcf@trendlytics.io,Rohan,Iyer,2026-08-12 20:58:21.924496,luxury,1,desktop
6004,karan.verma.a69a86,karan.verma.a69a86@trendlytics.io,Karan,Verma,2026-08-10 20:58:21.924496,luxury,0,mobile
6005,meera.gupta.7a6c0e,meera.gupta.7a6c0e@trendlytics.io,Meera,Gupta,2026-08-27 20:58:21.924496,budget,0,mobile
6006,priya.das.851e17,priya.das.851e17@trendlytics.io,Priya,Das,2026-07-30 20:58:21.924496,trendsetter,1,desktop
6007,tanvi.iyer.f18754,tanvi.iyer.f18754@trendlytics.io,Tanvi,Iyer,2026-08-09 20:58:21.924496,occasional,1,mobile
6008,sneha.banerjee.712a5d,sneha.banerjee.712a5d@trendlytics.io,Sneha,Banerjee,2026-08-10 20:58:21.924496,luxury,0,mobile
6009,vikram.verma.cf267e,vikram.verma.cf267e@trendlytics.io,Vikram,Verma,2026-07-30 20:58:21.924496,trendsetter,1,mobile
6010,kabir.singh.abc709,kabir.singh.abc709@trendlytics.io,Kabir,Singh,2026-08-20 20:58:21.924496,luxury,0,mobile
6011,rohan.mehta.ae7623,rohan.mehta.ae7623@trendlytics.io,Rohan,Mehta,2026-08-17 20:58:21.924496,trendsetter,1,desktop
6012,rahul.reddy.15b811,rahul.reddy.15b811@trendlytics.io,Rahul,Reddy,2026-08-25 20:58:21.924496,occasional,0,desktop
6013,aditya.sen.a83a4d,aditya.sen.a83a4d@trendlytics.io,Aditya,Sen,2026-08-05 20:58:21.924496,occasional,0,mobile
6014,sneha.mehta.23a5e2,sneha.mehta.23a5e2@trendlytics.io,Sneha,Mehta,2026-08-03 20:58:21.924496,luxury,0,mobile
6015,aditya.sen.e9446e,aditya.sen.e9446e@trendlytics.io,Aditya,Sen,2026-08-16 20:58:21.924496,budget,1,desktop
6016,sneha.gupta.4f5dc9,sneha.gupta.4f5dc9@trendlytics.io,Sneha,Gupta,2026-08-20 20:58:21.924496,occasional,0,mobile
6017,sneha.iyer.d49c1b,sneha.iyer.d49c1b@trendlytics.io,Sneha,Iyer,2026-08-19 20:58:21.924496,trendsetter,0,mobile
6018,aarav.verma.dd9cc2,aarav.verma.dd9cc2@trendlytics.io,Aarav,Verma,2026-08-07 20:58:21.924496,budget,0,desktop
6019,sneha.banerjee.358e44,sneha.banerjee.358e44@trendlytics.io,Sneha,Banerjee,2026-08-09 20:58:21.924496,luxury,0,desktop
6020,rahul.kapoor.e7bc8f,rahul.kapoor.e7bc8f@trendlytics.io,Rahul,Kapoor,2026-08-22 20:58:21.924496,luxury,0,mobile
6021,arjun.sen.7ac239,arjun.sen.7ac239@trendlytics.io,Arjun,Sen,2026-08-05 20:58:21.924496,budget,0,mobile
6022,arjun.gupta.028e89,arjun.gupta.028e89@trendlytics.io,Arjun,Gupta,2026-08-12 20:58:21.924496,budget,0,mobile
6023,aarav.gupta.e6f5d2,aarav.gupta.e6f5d2@trendlytics.io,Aarav,Gupta,2026-08-06 20:58:21.924496,budget,1,desktop
6024,pooja.singh.29ee69,pooja.singh.29ee69@trendlytics.io,Pooja,Singh,2026-08-12 20:58:21.924496,luxury,1,mobile
6025,rohan.singh.344080,rohan.singh.344080@trendlytics.io,Rohan,Singh,2026-08-07 20:58:21.924496,budget,0,desktop
6026,sneha.das.13883b,sneha.das.13883b@trendlytics.io,Sneha,Das,2026-08-09 20:58:21.924496,budget,1,desktop
6027,sneha.nair.d6633b,sneha.nair.d6633b@trendlytics.io,Sneha,Nair,2026-08-29 20:58:21.924496,luxury,1,mobile
6028,rahul.mehta.2d682f,rahul.mehta.2d682f@trendlytics.io,Rahul,Mehta,2026-08-16 20:58:21.924496,budget,0,mobile
6029,riya.gupta.d2ede2,riya.gupta.d2ede2@trendlytics.io,Riya,Gupta,2026-08-27 20:58:21.924496,occasional,1,mobile
6030,vikram.banerjee.7d9eca,vikram.banerjee.7d9eca@trendlytics.io,Vikram,Banerjee,2026-08-20 20:58:21.924496,luxury,0,tablet
6031,priya.iyer.b98e50,priya.iyer.b98e50@trendlytics.io,Priya,Iyer,2026-08-13 20:58:21.924496,trendsetter,0,mobile
6032,arjun.gupta.a97ff8,arjun.gupta.a97ff8@trendlytics.io,Arjun,Gupta,2026-08-21 20:58:21.924496,occasional,0,mobile
6033,arjun.mehta.ff8a68,arjun.mehta.ff8a68@trendlytics.io,Arjun,Mehta,2026-08-22 20:58:21.924496,occasional,1,mobile
6034,ananya.banerjee.086fe2,ananya.banerjee.086fe2@trendlytics.io,Ananya,Banerjee,2026-08-14 20:58:21.924496,trendsetter,1,desktop
6035,ananya.singh.ecfc84,ananya.singh.ecfc84@trendlytics.io,Ananya,Singh,2026-08-10 20:58:21.924496,budget,0,mobile
6036,rohan.reddy.9188ce,rohan.reddy.9188ce@trendlytics.io,Rohan,Reddy,2026-07-31 20:58:21.924496,budget,1,desktop
6037,meera.verma.9f7f07,meera.verma.9f7f07@trendlytics.io,Meera,Verma,2026-08-07 20:58:21.924496,budget,0,desktop
6038,ananya.patel.ca2f44,ananya.patel.ca2f44@trendlytics.io,Ananya,Patel,2026-08-27 20:58:21.924496,trendsetter,0,mobile
6039,karan.verma.1d92e3,karan.verma.1d92e3@trendlytics.io,Karan,Verma,2026-08-08 20:58:21.924496,trendsetter,1,mobile
6040,karan.iyer.8af97e,karan.iyer.8af97e@trendlytics.io,Karan,Iyer,2026-08-02 20:58:21.924496,budget,0,mobile
6041,riya.das.956e5b,riya.das.956e5b@trendlytics.io,Riya,Das,2026-08-29 20:58:21.924496,trendsetter,1,mobile
6042,ananya.sen.c8255e,ananya.sen.c8255e@trendlytics.io,Ananya,Sen,2026-08-03 20:58:21.924496,trendsetter,0,desktop
6043,sneha.reddy.b62301,sneha.reddy.b62301@trendlytics.io,Sneha,Reddy,2026-08-20 20:58:21.924496,trendsetter,1,desktop
6044,vikram.gupta.ce15f1,vikram.gupta.ce15f1@trendlytics.io,Vikram,Gupta,2026-08-25 20:58:21.924496,luxury,1,mobile
6045,meera.mehta.c38ab9,meera.mehta.c38ab9@trendlytics.io,Meera,Mehta,2026-08-23 20:58:21.924496,budget,0,desktop
6046,rahul.kapoor.d73a27,rahul.kapoor.d73a27@trendlytics.io,Rahul,Kapoor,2026-08-19 20:58:21.924496,luxury,0,desktop
6047,vikram.patel.f7396a,vikram.patel.f7396a@trendlytics.io,Vikram,Patel,2026-08-14 20:58:21.924496,occasional,0,mobile
6048,priya.singh.9e58ad,priya.singh.9e58ad@trendlytics.io,Priya,Singh,2026-08-24 20:58:21.924496,luxury,1,mobile
6049,aarav.iyer.febfb5,aarav.iyer.febfb5@trendlytics.io,Aarav,Iyer,2026-08-26 20:58:21.924496,trendsetter,0,mobile
6050,priya.banerjee.332056,priya.banerjee.332056@trendlytics.io,Priya,Banerjee,2026-08-17 20:58:21.924496,luxury,0,mobile
6051,vikram.nair.dfbc91,vikram.nair.dfbc91@trendlytics.io,Vikram,Nair,2026-08-01 20:58:21.924496,budget,0,mobile
6052,sneha.verma.54b791,sneha.verma.54b791@trendlytics.io,Sneha,Verma,2026-08-13 20:58:21.924496,occasional,1,mobile
6053,priya.chopra.82213a,priya.chopra.82213a@trendlytics.io,Priya,Chopra,2026-08-11 20:58:21.924496,trendsetter,0,desktop
6054,pooja.sen.c1737b,pooja.sen.c1737b@trendlytics.io,Pooja,Sen,2026-08-29 20:58:21.924496,occasional,0,desktop
6055,karan.mehta.9d0867,karan.mehta.9d0867@trendlytics.io,Karan,Mehta,2026-08-29 20:58:21.924496,budget,1,mobile
6056,pooja.singh.f25f2d,pooja.singh.f25f2d@trendlytics.io,Pooja,Singh,2026-08-04 20:58:21.924496,occasional,0,mobile
6057,kabir.kapoor.f63da2,kabir.kapoor.f63da2@trendlytics.io,Kabir,Kapoor,2026-08-24 20:58:21.924496,luxury,0,mobile
6058,tanvi.iyer.6199a1,tanvi.iyer.6199a1@trendlytics.io,Tanvi,Iyer,2026-08-05 20:58:21.924496,occasional,0,desktop
6059,tanvi.verma.e4281b,tanvi.verma.e4281b@trendlytics.io,Tanvi,Verma,2026-08-04 20:58:21.924496,trendsetter,0,mobile
6060,riya.singh.d795bb,riya.singh.d795bb@trendlytics.io,Riya,Singh,2026-08-04 20:58:21.924496,budget,1,desktop
6061,neha.banerjee.fd8b79,neha.banerjee.fd8b79@trendlytics.io,Neha,Banerjee,2026-08-07 20:58:21.924496,budget,1,mobile
6062,vikram.singh.d38616,vikram.singh.d38616@trendlytics.io,Vikram,Singh,2026-08-06 20:58:21.924496,luxury,0,mobile
6063,priya.singh.01d10d,priya.singh.01d10d@trendlytics.io,Priya,Singh,2026-08-18 20:58:21.924496,trendsetter,1,mobile
6064,meera.verma.53ce3f,meera.verma.53ce3f@trendlytics.io,Meera,Verma,2026-08-08 20:58:21.924496,luxury,0,mobile
6065,neha.joshi.7d58dd,neha.joshi.7d58dd@trendlytics.io,Neha,Joshi,2026-08-10 20:58:21.924496,occasional,1,tablet
6066,rohan.sharma.c0e8c7,rohan.sharma.c0e8c7@trendlytics.io,Rohan,Sharma,2026-08-04 20:58:21.924496,trendsetter,0,mobile
6067,sneha.verma.727546,sneha.verma.727546@trendlytics.io,Sneha,Verma,2026-08-21 20:58:21.924496,trendsetter,1,desktop
6068,sneha.mehta.0cacd0,sneha.mehta.0cacd0@trendlytics.io,Sneha,Mehta,2026-08-25 20:58:21.924496,budget,1,mobile
6069,meera.joshi.7c1bb9,meera.joshi.7c1bb9@trendlytics.io,Meera,Joshi,2026-08-11 20:58:21.924496,budget,1,tablet
6070,riya.patel.6695f5,riya.patel.6695f5@trendlytics.io,Riya,Patel,2026-08-01 20:58:21.924496,luxury,1,mobile
6071,priya.nair.8fae04,priya.nair.8fae04@trendlytics.io,Priya,Nair,2026-08-28 20:58:21.924496,budget,0,mobile
6072,neha.gupta.6bbe1b,neha.gupta.6bbe1b@trendlytics.io,Neha,Gupta,2026-08-26 20:58:21.924496,occasional,0,desktop
6073,arjun.sharma.f2a81f,arjun.sharma.f2a81f@trendlytics.io,Arjun,Sharma,2026-08-10 20:58:21.924496,trendsetter,0,mobile
6074,arjun.chopra.462559,arjun.chopra.462559@trendlytics.io,Arjun,Chopra,2026-08-02 20:58:21.924496,luxury,1,tablet
6075,meera.kapoor.ea3c46,meera.kapoor.ea3c46@trendlytics.io,Meera,Kapoor,2026-08-01 20:58:21.924496,luxury,0,mobile
6076,tanvi.patel.a25818,tanvi.patel.a25818@trendlytics.io,Tanvi,Patel,2026-08-01 20:58:21.924496,trendsetter,0,mobile
6077,riya.kapoor.ca37f3,riya.kapoor.ca37f3@trendlytics.io,Riya,Kapoor,2026-08-03 20:58:21.924496,occasional,0,desktop
6078,pooja.singh.a26ffa,pooja.singh.a26ffa@trendlytics.io,Pooja,Singh,2026-07-31 20:58:21.924496,trendsetter,0,mobile
6079,ananya.das.6eb0fe,ananya.das.6eb0fe@trendlytics.io,Ananya,Das,2026-08-04 20:58:21.924496,occasional,0,desktop
6080,rohan.singh.74ee9e,rohan.singh.74ee9e@trendlytics.io,Rohan,Singh,2026-08-16 20:58:21.924496,occasional,0,mobile
6081,sneha.nair.6ca77b,sneha.nair.6ca77b@trendlytics.io,Sneha,Nair,2026-08-28 20:58:21.924496,luxury,0,desktop
6082,rohan.reddy.d451aa,rohan.reddy.d451aa@trendlytics.io,Rohan,Reddy,2026-08-10 20:58:21.924496,occasional,0,desktop
6083,arjun.patel.81b54f,arjun.patel.81b54f@trendlytics.io,Arjun,Patel,2026-08-24 20:58:21.924496,trendsetter,0,mobile
6084,priya.nair.4a994d,priya.nair.4a994d@trendlytics.io,Priya,Nair,2026-08-05 20:58:21.924496,budget,0,desktop
6085,karan.banerjee.ed01ca,karan.banerjee.ed01ca@trendlytics.io,Karan,Banerjee,2026-08-08 20:58:21.924496,budget,1,mobile
6086,pooja.das.33a11c,pooja.das.33a11c@trendlytics.io,Pooja,Das,2026-08-04 20:58:21.924496,luxury,0,mobile
6087,riya.kapoor.d08808,riya.kapoor.d08808@trendlytics.io,Riya,Kapoor,2026-08-29 20:58:21.924496,trendsetter,0,mobile
6088,arjun.mehta.da8f53,arjun.mehta.da8f53@trendlytics.io,Arjun,Mehta,2026-08-18 20:58:21.924496,occasional,0,mobile
6089,karan.iyer.31240a,karan.iyer.31240a@trendlytics.io,Karan,Iyer,2026-07-30 20:58:21.924496,trendsetter,0,mobile
6090,aditya.das.3cff21,aditya.das.3cff21@trendlytics.io,Aditya,Das,2026-08-24 20:58:21.924496,trendsetter,0,desktop
6091,priya.sharma.4e3309,priya.sharma.4e3309@trendlytics.io,Priya,Sharma,2026-08-06 20:58:21.924496,trendsetter,0,desktop
6092,riya.patel.a6d847,riya.patel.a6d847@trendlytics.io,Riya,Patel,2026-08-19 20:58:21.924496,trendsetter,0,tablet
6093,ananya.patel.8ac969,ananya.patel.8ac969@trendlytics.io,Ananya,Patel,2026-08-06 20:58:21.924496,luxury,0,tablet
6094,tanvi.nair.339147,tanvi.nair.339147@trendlytics.io,Tanvi,Nair,2026-08-06 20:58:21.924496,budget,0,mobile
6095,kabir.sharma.1c8aac,kabir.sharma.1c8aac@trendlytics.io,Kabir,Sharma,2026-07-31 20:58:21.924496,trendsetter,1,mobile
6096,tanvi.chopra.aef76f,tanvi.chopra.aef76f@trendlytics.io,Tanvi,Chopra,2026-08-29 20:58:21.924496,luxury,0,mobile
6097,neha.reddy.2c2078,neha.reddy.2c2078@trendlytics.io,Neha,Reddy,2026-08-11 20:58:21.924496,budget,0,mobile
6098,priya.chopra.19b124,priya.chopra.19b124@trendlytics.io,Priya,Chopra,2026-08-14 20:58:21.924496,occasional,0,mobile
6099,rahul.singh.2f7a70,rahul.singh.2f7a70@trendlytics.io,Rahul,Singh,2026-08-22 20:58:21.924496,occasional,1,mobile
6100,aditya.nair.d60293,aditya.nair.d60293@trendlytics.io,Aditya,Nair,2026-08-13 20:58:21.924496,budget,1,mobile
6101,arjun.banerjee.628d9b,arjun.banerjee.628d9b@trendlytics.io,Arjun,Banerjee,2026-08-14 20:58:21.924496,trendsetter,0,mobile
6102,meera.nair.9d4b8d,meera.nair.9d4b8d@trendlytics.io,Meera,Nair,2026-08-09 20:58:21.924496,luxury,0,mobile
6103,priya.kapoor.6fba49,priya.kapoor.6fba49@trendlytics.io,Priya,Kapoor,2026-08-01 20:58:21.924496,trendsetter,0,mobile
6104,tanvi.das.648603,tanvi.das.648603@trendlytics.io,Tanvi,Das,2026-08-28 20:58:21.924496,occasional,0,mobile
6105,karan.sen.a353d0,karan.sen.a353d0@trendlytics.io,Karan,Sen,2026-08-03 20:58:21.924496,trendsetter,0,desktop
6106,pooja.nair.29307e,pooja.nair.29307e@trendlytics.io,Pooja,Nair,2026-08-11 20:58:21.924496,luxury,0,mobile
6107,kabir.reddy.26eb76,kabir.reddy.26eb76@trendlytics.io,Kabir,Reddy,2026-07-31 20:58:21.924496,occasional,0,mobile
6108,rohan.verma.7eecae,rohan.verma.7eecae@trendlytics.io,Rohan,Verma,2026-08-03 20:58:21.924496,luxury,0,mobile
6109,karan.verma.bc946c,karan.verma.bc946c@trendlytics.io,Karan,Verma,2026-08-20 20:58:21.924496,luxury,1,desktop
6110,sneha.iyer.a646f2,sneha.iyer.a646f2@trendlytics.io,Sneha,Iyer,2026-08-27 20:58:21.924496,luxury,0,mobile
6111,neha.patel.4a1bcf,neha.patel.4a1bcf@trendlytics.io,Neha,Patel,2026-08-04 20:58:21.924496,trendsetter,0,desktop
6112,priya.das.cacfa5,priya.das.cacfa5@trendlytics.io,Priya,Das,2026-08-21 20:58:21.924496,trendsetter,1,tablet
6113,neha.joshi.1d5650,neha.joshi.1d5650@trendlytics.io,Neha,Joshi,2026-08-13 20:58:21.924496,budget,0,tablet
6114,tanvi.mehta.944951,tanvi.mehta.944951@trendlytics.io,Tanvi,Mehta,2026-08-17 20:58:21.924496,occasional,1,desktop
6115,karan.nair.603b7d,karan.nair.603b7d@trendlytics.io,Karan,Nair,2026-08-24 20:58:21.924496,occasional,0,mobile
6116,sneha.iyer.9f73d0,sneha.iyer.9f73d0@trendlytics.io,Sneha,Iyer,2026-08-07 20:58:21.924496,trendsetter,1,mobile
6117,aarav.kapoor.aadcf3,aarav.kapoor.aadcf3@trendlytics.io,Aarav,Kapoor,2026-08-11 20:58:21.924496,luxury,0,desktop
6118,rohan.kapoor.13272a,rohan.kapoor.13272a@trendlytics.io,Rohan,Kapoor,2026-08-14 20:58:21.924496,trendsetter,0,mobile
6119,tanvi.kapoor.439b17,tanvi.kapoor.439b17@trendlytics.io,Tanvi,Kapoor,2026-08-21 20:58:21.924496,luxury,0,tablet
6120,priya.mehta.09cd80,priya.mehta.09cd80@trendlytics.io,Priya,Mehta,2026-08-27 20:58:21.924496,trendsetter,1,mobile
6121,rahul.verma.b93fb6,rahul.verma.b93fb6@trendlytics.io,Rahul,Verma,2026-08-22 20:58:21.924496,budget,1,tablet
6122,karan.nair.7d769b,karan.nair.7d769b@trendlytics.io,Karan,Nair,2026-08-26 20:58:21.924496,trendsetter,1,mobile
6123,neha.kapoor.47b330,neha.kapoor.47b330@trendlytics.io,Neha,Kapoor,2026-08-12 20:58:21.924496,occasional,1,mobile
6124,rahul.nair.6542e4,rahul.nair.6542e4@trendlytics.io,Rahul,Nair,2026-08-15 20:58:21.924496,luxury,0,desktop
6125,sneha.joshi.c89347,sneha.joshi.c89347@trendlytics.io,Sneha,Joshi,2026-08-20 20:58:21.924496,occasional,1,mobile
6126,pooja.reddy.bba3ea,pooja.reddy.bba3ea@trendlytics.io,Pooja,Reddy,2026-08-19 20:58:21.924496,luxury,1,mobile
6127,priya.mehta.40c532,priya.mehta.40c532@trendlytics.io,Priya,Mehta,2026-08-24 20:58:21.924496,luxury,0,mobile
6128,karan.joshi.78ed3b,karan.joshi.78ed3b@trendlytics.io,Karan,Joshi,2026-08-26 20:58:21.924496,budget,0,mobile
6129,vikram.nair.a6ac05,vikram.nair.a6ac05@trendlytics.io,Vikram,Nair,2026-08-20 20:58:21.924496,luxury,1,mobile
6130,rohan.reddy.e78eab,rohan.reddy.e78eab@trendlytics.io,Rohan,Reddy,2026-08-26 20:58:21.924496,occasional,0,mobile
6131,rohan.sen.b5b185,rohan.sen.b5b185@trendlytics.io,Rohan,Sen,2026-08-29 20:58:21.924496,luxury,1,mobile
6132,pooja.iyer.13b2ed,pooja.iyer.13b2ed@trendlytics.io,Pooja,Iyer,2026-08-01 20:58:21.924496,luxury,1,mobile
6133,neha.sen.e8b470,neha.sen.e8b470@trendlytics.io,Neha,Sen,2026-08-12 20:58:21.924496,trendsetter,1,desktop
6134,aditya.mehta.dd74d7,aditya.mehta.dd74d7@trendlytics.io,Aditya,Mehta,2026-08-21 20:58:21.924496,occasional,1,mobile
6135,riya.chopra.69af47,riya.chopra.69af47@trendlytics.io,Riya,Chopra,2026-08-20 20:58:21.924496,occasional,1,desktop
6136,rahul.verma.7a7ec1,rahul.verma.7a7ec1@trendlytics.io,Rahul,Verma,2026-08-25 20:58:21.924496,occasional,1,mobile
6137,meera.nair.404193,meera.nair.404193@trendlytics.io,Meera,Nair,2026-08-22 20:58:21.924496,occasional,1,desktop
6138,riya.joshi.39a0d2,riya.joshi.39a0d2@trendlytics.io,Riya,Joshi,2026-08-20 20:58:21.924496,occasional,0,mobile
6139,karan.patel.875b67,karan.patel.875b67@trendlytics.io,Karan,Patel,2026-08-16 20:58:21.924496,trendsetter,0,mobile
6140,riya.iyer.240c4b,riya.iyer.240c4b@trendlytics.io,Riya,Iyer,2026-08-15 20:58:21.924496,occasional,0,mobile
6141,tanvi.joshi.fa8ea9,tanvi.joshi.fa8ea9@trendlytics.io,Tanvi,Joshi,2026-08-12 20:58:21.924496,occasional,0,mobile
6142,rahul.singh.292a59,rahul.singh.292a59@trendlytics.io,Rahul,Singh,2026-07-31 20:58:21.924496,luxury,1,mobile
6143,neha.patel.d0531b,neha.patel.d0531b@trendlytics.io,Neha,Patel,2026-08-17 20:58:21.924496,occasional,1,mobile
6144,kabir.joshi.316483,kabir.joshi.316483@trendlytics.io,Kabir,Joshi,2026-07-31 20:58:21.924496,budget,1,desktop
6145,sneha.kapoor.1688de,sneha.kapoor.1688de@trendlytics.io,Sneha,Kapoor,2026-08-12 20:58:21.924496,trendsetter,1,desktop
6146,rohan.reddy.77f6f1,rohan.reddy.77f6f1@trendlytics.io,Rohan,Reddy,2026-08-04 20:58:21.924496,budget,0,mobile
6147,vikram.chopra.0c15ed,vikram.chopra.0c15ed@trendlytics.io,Vikram,Chopra,2026-08-18 20:58:21.924496,budget,0,mobile
6148,priya.kapoor.afa91e,priya.kapoor.afa91e@trendlytics.io,Priya,Kapoor,2026-08-20 20:58:21.924496,luxury,1,desktop
6149,tanvi.singh.004c42,tanvi.singh.004c42@trendlytics.io,Tanvi,Singh,2026-08-28 20:58:21.924496,budget,0,mobile
6150,ananya.nair.ea7437,ananya.nair.ea7437@trendlytics.io,Ananya,Nair,2026-08-23 20:58:21.924496,occasional,0,desktop
6151,aarav.singh.e61bce,aarav.singh.e61bce@trendlytics.io,Aarav,Singh,2026-08-08 20:58:21.924496,luxury,1,desktop
6152,pooja.nair.f4d6ed,pooja.nair.f4d6ed@trendlytics.io,Pooja,Nair,2026-08-14 20:58:21.924496,occasional,0,desktop
6153,arjun.gupta.238597,arjun.gupta.238597@trendlytics.io,Arjun,Gupta,2026-08-18 20:58:21.924496,budget,0,tablet
6154,neha.reddy.ab2975,neha.reddy.ab2975@trendlytics.io,Neha,Reddy,2026-07-30 20:58:21.924496,occasional,0,mobile
6155,priya.verma.4bc06b,priya.verma.4bc06b@trendlytics.io,Priya,Verma,2026-08-21 20:58:21.924496,budget,0,desktop
6156,neha.reddy.6c65ec,neha.reddy.6c65ec@trendlytics.io,Neha,Reddy,2026-08-08 20:58:21.924496,occasional,0,mobile
6157,arjun.mehta.d8216e,arjun.mehta.d8216e@trendlytics.io,Arjun,Mehta,2026-08-12 20:58:21.924496,budget,0,mobile
6158,sneha.sen.5d1eab,sneha.sen.5d1eab@trendlytics.io,Sneha,Sen,2026-08-08 20:58:21.924496,occasional,0,mobile
6159,aditya.gupta.14cd55,aditya.gupta.14cd55@trendlytics.io,Aditya,Gupta,2026-08-08 20:58:21.924496,luxury,0,desktop
6160,sneha.gupta.3b87c3,sneha.gupta.3b87c3@trendlytics.io,Sneha,Gupta,2026-08-17 20:58:21.924496,luxury,0,desktop
6161,rahul.singh.444006,rahul.singh.444006@trendlytics.io,Rahul,Singh,2026-08-24 20:58:21.924496,luxury,0,desktop
6162,aditya.singh.375e50,aditya.singh.375e50@trendlytics.io,Aditya,Singh,2026-08-25 20:58:21.924496,luxury,0,desktop
6163,rahul.banerjee.c76e70,rahul.banerjee.c76e70@trendlytics.io,Rahul,Banerjee,2026-08-22 20:58:21.924496,trendsetter,1,mobile
6164,sneha.sharma.b1b376,sneha.sharma.b1b376@trendlytics.io,Sneha,Sharma,2026-08-17 20:58:21.924496,occasional,0,mobile
6165,meera.iyer.d7f7f0,meera.iyer.d7f7f0@trendlytics.io,Meera,Iyer,2026-08-17 20:58:21.924496,budget,0,mobile
6166,rahul.kapoor.0324f6,rahul.kapoor.0324f6@trendlytics.io,Rahul,Kapoor,2026-08-03 20:58:21.924496,occasional,0,desktop
6167,kabir.mehta.7cb276,kabir.mehta.7cb276@trendlytics.io,Kabir,Mehta,2026-08-12 20:58:21.924496,luxury,0,mobile
6168,priya.sen.9acc0e,priya.sen.9acc0e@trendlytics.io,Priya,Sen,2026-08-12 20:58:21.924496,budget,1,mobile
6169,vikram.verma.987f89,vikram.verma.987f89@trendlytics.io,Vikram,Verma,2026-08-04 20:58:21.924496,occasional,0,mobile
6170,arjun.iyer.b736c1,arjun.iyer.b736c1@trendlytics.io,Arjun,Iyer,2026-08-22 20:58:21.924496,occasional,1,desktop
6171,pooja.nair.5d2a6c,pooja.nair.5d2a6c@trendlytics.io,Pooja,Nair,2026-08-19 20:58:21.924496,trendsetter,0,mobile
6172,tanvi.iyer.46e787,tanvi.iyer.46e787@trendlytics.io,Tanvi,Iyer,2026-07-30 20:58:21.924496,luxury,1,desktop
6173,pooja.reddy.f802c7,pooja.reddy.f802c7@trendlytics.io,Pooja,Reddy,2026-08-10 20:58:21.924496,luxury,0,desktop
6174,ananya.gupta.23e45b,ananya.gupta.23e45b@trendlytics.io,Ananya,Gupta,2026-07-30 20:58:21.924496,luxury,1,mobile
6175,sneha.gupta.38a585,sneha.gupta.38a585@trendlytics.io,Sneha,Gupta,2026-08-05 20:58:21.924496,trendsetter,0,desktop
6176,meera.joshi.e8686b,meera.joshi.e8686b@trendlytics.io,Meera,Joshi,2026-08-08 20:58:21.924496,trendsetter,0,mobile
6177,rahul.gupta.b02478,rahul.gupta.b02478@trendlytics.io,Rahul,Gupta,2026-08-18 20:58:21.924496,occasional,0,desktop
6178,pooja.kapoor.ce5af0,pooja.kapoor.ce5af0@trendlytics.io,Pooja,Kapoor,2026-08-22 20:58:21.924496,budget,1,tablet
6179,kabir.kapoor.3702ec,kabir.kapoor.3702ec@trendlytics.io,Kabir,Kapoor,2026-08-13 20:58:21.924496,budget,1,desktop
6180,tanvi.gupta.114ae0,tanvi.gupta.114ae0@trendlytics.io,Tanvi,Gupta,2026-08-29 20:58:21.924496,budget,0,mobile
6181,ananya.sharma.b03194,ananya.sharma.b03194@trendlytics.io,Ananya,Sharma,2026-08-11 20:58:21.924496,luxury,0,mobile
6182,kabir.das.4b04b5,kabir.das.4b04b5@trendlytics.io,Kabir,Das,2026-08-24 20:58:21.924496,luxury,0,mobile
6183,neha.singh.3cd3bd,neha.singh.3cd3bd@trendlytics.io,Neha,Singh,2026-08-14 20:58:21.924496,luxury,1,desktop
6184,aditya.singh.c744db,aditya.singh.c744db@trendlytics.io,Aditya,Singh,2026-08-16 20:58:21.924496,occasional,1,desktop
6185,ananya.mehta.dfafbe,ananya.mehta.dfafbe@trendlytics.io,Ananya,Mehta,2026-08-28 20:58:21.924496,occasional,0,desktop
6186,priya.banerjee.369655,priya.banerjee.369655@trendlytics.io,Priya,Banerjee,2026-08-09 20:58:21.924496,trendsetter,1,mobile
6187,sneha.banerjee.8a0477,sneha.banerjee.8a0477@trendlytics.io,Sneha,Banerjee,2026-08-16 20:58:21.924496,trendsetter,1,mobile
6188,vikram.joshi.0445d7,vikram.joshi.0445d7@trendlytics.io,Vikram,Joshi,2026-08-16 20:58:21.924496,luxury,0,mobile
6189,arjun.das.254bef,arjun.das.254bef@trendlytics.io,Arjun,Das,2026-08-26 20:58:21.924496,budget,0,mobile
6190,rahul.sharma.097731,rahul.sharma.097731@trendlytics.io,Rahul,Sharma,2026-08-04 20:58:21.924496,trendsetter,1,mobile
6191,pooja.reddy.705402,pooja.reddy.705402@trendlytics.io,Pooja,Reddy,2026-08-03 20:58:21.924496,budget,1,desktop
6192,arjun.nair.8be338,arjun.nair.8be338@trendlytics.io,Arjun,Nair,2026-08-18 20:58:21.924496,trendsetter,1,mobile
6193,rahul.patel.54400c,rahul.patel.54400c@trendlytics.io,Rahul,Patel,2026-08-04 20:58:21.924496,luxury,0,mobile
6194,pooja.sen.ba5053,pooja.sen.ba5053@trendlytics.io,Pooja,Sen,2026-08-15 20:58:21.924496,budget,0,mobile
6195,riya.mehta.dc9964,riya.mehta.dc9964@trendlytics.io,Riya,Mehta,2026-08-14 20:58:21.924496,trendsetter,0,desktop
6196,ananya.mehta.add5b4,ananya.mehta.add5b4@trendlytics.io,Ananya,Mehta,2026-08-04 20:58:21.924496,occasional,0,mobile
6197,tanvi.mehta.eb89bc,tanvi.mehta.eb89bc@trendlytics.io,Tanvi,Mehta,2026-08-19 20:58:21.924496,budget,1,mobile
6198,rahul.mehta.91f683,rahul.mehta.91f683@trendlytics.io,Rahul,Mehta,2026-08-02 20:58:21.924496,occasional,0,mobile
6199,meera.joshi.e7d966,meera.joshi.e7d966@trendlytics.io,Meera,Joshi,2026-08-22 20:58:21.924496,occasional,1,mobile
6200,vikram.das.dd8142,vikram.das.dd8142@trendlytics.io,Vikram,Das,2026-08-19 20:58:21.924496,budget,0,mobile
6201,tanvi.joshi.859798,tanvi.joshi.859798@trendlytics.io,Tanvi,Joshi,2026-08-03 20:58:21.924496,luxury,0,desktop
6202,meera.nair.08e8ad,meera.nair.08e8ad@trendlytics.io,Meera,Nair,2026-08-06 20:58:21.924496,occasional,1,mobile
6203,rohan.singh.25983e,rohan.singh.25983e@trendlytics.io,Rohan,Singh,2026-08-02 20:58:21.924496,occasional,1,desktop
6204,karan.singh.c72b8e,karan.singh.c72b8e@trendlytics.io,Karan,Singh,2026-08-26 20:58:21.924496,luxury,0,mobile
6205,pooja.verma.bae77f,pooja.verma.bae77f@trendlytics.io,Pooja,Verma,2026-08-07 20:58:21.924496,trendsetter,1,mobile
6206,neha.das.57ca98,neha.das.57ca98@trendlytics.io,Neha,Das,2026-08-21 20:58:21.924496,trendsetter,0,mobile
6207,aarav.iyer.7bd09a,aarav.iyer.7bd09a@trendlytics.io,Aarav,Iyer,2026-08-22 20:58:21.924496,occasional,0,desktop
6208,karan.sen.dcb0e3,karan.sen.dcb0e3@trendlytics.io,Karan,Sen,2026-08-18 20:58:21.924496,budget,0,tablet
6209,aarav.sharma.ec3368,aarav.sharma.ec3368@trendlytics.io,Aarav,Sharma,2026-08-12 20:58:21.924496,occasional,0,mobile
6210,arjun.singh.407ec1,arjun.singh.407ec1@trendlytics.io,Arjun,Singh,2026-08-04 20:58:21.924496,occasional,0,desktop
6211,riya.patel.b208a1,riya.patel.b208a1@trendlytics.io,Riya,Patel,2026-08-24 20:58:21.924496,occasional,0,desktop
6212,aarav.nair.e61062,aarav.nair.e61062@trendlytics.io,Aarav,Nair,2026-08-13 20:58:21.924496,trendsetter,1,mobile
6213,vikram.gupta.84da57,vikram.gupta.84da57@trendlytics.io,Vikram,Gupta,2026-08-18 20:58:21.924496,occasional,1,tablet
6214,rohan.das.4a5380,rohan.das.4a5380@trendlytics.io,Rohan,Das,2026-08-10 20:58:21.924496,budget,0,mobile
6215,tanvi.nair.f4e082,tanvi.nair.f4e082@trendlytics.io,Tanvi,Nair,2026-08-16 20:58:21.924496,luxury,1,mobile
6216,karan.gupta.2555cd,karan.gupta.2555cd@trendlytics.io,Karan,Gupta,2026-08-14 20:58:21.924496,occasional,0,mobile
6217,rahul.joshi.a578ce,rahul.joshi.a578ce@trendlytics.io,Rahul,Joshi,2026-08-14 20:58:21.924496,trendsetter,0,mobile
6218,priya.sharma.af2cb6,priya.sharma.af2cb6@trendlytics.io,Priya,Sharma,2026-08-03 20:58:21.924496,occasional,0,mobile
6219,sneha.kapoor.b5d63d,sneha.kapoor.b5d63d@trendlytics.io,Sneha,Kapoor,2026-08-23 20:58:21.924496,trendsetter,0,desktop
6220,meera.gupta.6f1003,meera.gupta.6f1003@trendlytics.io,Meera,Gupta,2026-08-26 20:58:21.924496,budget,0,desktop
6221,vikram.sharma.57f5bf,vikram.sharma.57f5bf@trendlytics.io,Vikram,Sharma,2026-08-05 20:58:21.924496,trendsetter,0,mobile
6222,arjun.sen.2725e9,arjun.sen.2725e9@trendlytics.io,Arjun,Sen,2026-08-02 20:58:21.924496,luxury,1,mobile
6223,pooja.joshi.f54cb8,pooja.joshi.f54cb8@trendlytics.io,Pooja,Joshi,2026-07-31 20:58:21.924496,occasional,0,mobile
6224,tanvi.mehta.b8b79d,tanvi.mehta.b8b79d@trendlytics.io,Tanvi,Mehta,2026-08-11 20:58:21.924496,luxury,1,mobile
6225,rohan.patel.f7cbe6,rohan.patel.f7cbe6@trendlytics.io,Rohan,Patel,2026-08-11 20:58:21.924496,trendsetter,0,desktop
6226,aditya.patel.9d334f,aditya.patel.9d334f@trendlytics.io,Aditya,Patel,2026-08-01 20:58:21.924496,luxury,0,mobile
6227,pooja.joshi.03a3af,pooja.joshi.03a3af@trendlytics.io,Pooja,Joshi,2026-08-12 20:58:21.924496,occasional,1,mobile
6228,karan.mehta.88b400,karan.mehta.88b400@trendlytics.io,Karan,Mehta,2026-08-06 20:58:21.924496,trendsetter,1,mobile
6229,rohan.singh.0bb8ff,rohan.singh.0bb8ff@trendlytics.io,Rohan,Singh,2026-08-28 20:58:21.924496,luxury,1,mobile
6230,kabir.das.584b02,kabir.das.584b02@trendlytics.io,Kabir,Das,2026-08-24 20:58:21.924496,trendsetter,1,desktop
6231,aarav.chopra.94d4bf,aarav.chopra.94d4bf@trendlytics.io,Aarav,Chopra,2026-08-09 20:58:21.924496,trendsetter,0,mobile
6232,tanvi.sharma.afc640,tanvi.sharma.afc640@trendlytics.io,Tanvi,Sharma,2026-08-20 20:58:21.924496,occasional,0,mobile
6233,ananya.joshi.29da4e,ananya.joshi.29da4e@trendlytics.io,Ananya,Joshi,2026-08-01 20:58:21.924496,luxury,1,mobile
6234,karan.joshi.824855,karan.joshi.824855@trendlytics.io,Karan,Joshi,2026-08-10 20:58:21.924496,budget,0,desktop
6235,kabir.joshi.49b97f,kabir.joshi.49b97f@trendlytics.io,Kabir,Joshi,2026-08-10 20:58:21.924496,trendsetter,1,desktop
6236,sneha.joshi.2286a5,sneha.joshi.2286a5@trendlytics.io,Sneha,Joshi,2026-08-08 20:58:21.924496,budget,0,mobile
6237,priya.nair.7b0330,priya.nair.7b0330@trendlytics.io,Priya,Nair,2026-08-06 20:58:21.924496,trendsetter,0,desktop
6238,vikram.banerjee.204ce8,vikram.banerjee.204ce8@trendlytics.io,Vikram,Banerjee,2026-08-04 20:58:21.924496,budget,0,desktop
6239,arjun.das.e1c6d7,arjun.das.e1c6d7@trendlytics.io,Arjun,Das,2026-08-17 20:58:21.924496,occasional,1,mobile
6240,neha.joshi.b850ac,neha.joshi.b850ac@trendlytics.io,Neha,Joshi,2026-08-29 20:58:21.924496,budget,1,mobile
6241,rohan.nair.016a1e,rohan.nair.016a1e@trendlytics.io,Rohan,Nair,2026-08-17 20:58:21.924496,luxury,1,desktop
6242,meera.nair.304052,meera.nair.304052@trendlytics.io,Meera,Nair,2026-08-16 20:58:21.924496,budget,0,mobile
6243,arjun.sharma.d0c87a,arjun.sharma.d0c87a@trendlytics.io,Arjun,Sharma,2026-08-29 20:58:21.924496,trendsetter,1,mobile
6244,meera.iyer.c1c8af,meera.iyer.c1c8af@trendlytics.io,Meera,Iyer,2026-08-04 20:58:21.924496,luxury,0,mobile
6245,neha.gupta.4ddbff,neha.gupta.4ddbff@trendlytics.io,Neha,Gupta,2026-08-22 20:58:21.924496,luxury,1,desktop
6246,sneha.mehta.703052,sneha.mehta.703052@trendlytics.io,Sneha,Mehta,2026-08-05 20:58:21.924496,trendsetter,1,desktop
6247,pooja.joshi.8a234a,pooja.joshi.8a234a@trendlytics.io,Pooja,Joshi,2026-08-05 20:58:21.924496,occasional,1,mobile
6248,ananya.chopra.4b9fda,ananya.chopra.4b9fda@trendlytics.io,Ananya,Chopra,2026-08-10 20:58:21.924496,occasional,0,desktop
6249,vikram.banerjee.691530,vikram.banerjee.691530@trendlytics.io,Vikram,Banerjee,2026-08-10 20:58:21.924496,occasional,1,desktop
6250,riya.sharma.10a67d,riya.sharma.10a67d@trendlytics.io,Riya,Sharma,2026-08-28 20:58:21.924496,trendsetter,1,desktop
6251,aditya.singh.5d9988,aditya.singh.5d9988@trendlytics.io,Aditya,Singh,2026-08-26 20:58:21.924496,budget,0,desktop
6252,rohan.kapoor.03e19e,rohan.kapoor.03e19e@trendlytics.io,Rohan,Kapoor,2026-08-23 20:58:21.924496,trendsetter,0,mobile
6253,rohan.mehta.be60b9,rohan.mehta.be60b9@trendlytics.io,Rohan,Mehta,2026-08-02 20:58:21.924496,luxury,1,desktop
6254,rahul.banerjee.cfdcc0,rahul.banerjee.cfdcc0@trendlytics.io,Rahul,Banerjee,2026-08-26 20:58:21.924496,occasional,0,desktop
6255,ananya.mehta.d753a4,ananya.mehta.d753a4@trendlytics.io,Ananya,Mehta,2026-08-06 20:58:21.924496,luxury,1,mobile
6256,aarav.chopra.a52c95,aarav.chopra.a52c95@trendlytics.io,Aarav,Chopra,2026-08-10 20:58:21.924496,budget,0,mobile
6257,rahul.iyer.df261a,rahul.iyer.df261a@trendlytics.io,Rahul,Iyer,2026-08-19 20:58:21.924496,occasional,1,mobile
6258,aarav.sen.4fb8d4,aarav.sen.4fb8d4@trendlytics.io,Aarav,Sen,2026-08-29 20:58:21.924496,luxury,1,mobile
6259,aarav.iyer.601e81,aarav.iyer.601e81@trendlytics.io,Aarav,Iyer,2026-08-10 20:58:21.924496,luxury,1,desktop
6260,aditya.kapoor.9a3fb7,aditya.kapoor.9a3fb7@trendlytics.io,Aditya,Kapoor,2026-08-18 20:58:21.924496,luxury,0,tablet
6261,ananya.kapoor.d5a5c5,ananya.kapoor.d5a5c5@trendlytics.io,Ananya,Kapoor,2026-08-08 20:58:21.924496,budget,0,desktop
6262,arjun.das.bad199,arjun.das.bad199@trendlytics.io,Arjun,Das,2026-08-07 20:58:21.924496,budget,0,mobile
6263,meera.reddy.534195,meera.reddy.534195@trendlytics.io,Meera,Reddy,2026-08-22 20:58:21.924496,budget,0,desktop
6264,kabir.patel.156c22,kabir.patel.156c22@trendlytics.io,Kabir,Patel,2026-08-05 20:58:21.924496,budget,1,mobile
6265,arjun.das.7b273d,arjun.das.7b273d@trendlytics.io,Arjun,Das,2026-08-07 20:58:21.924496,trendsetter,1,mobile
6266,priya.reddy.3f332f,priya.reddy.3f332f@trendlytics.io,Priya,Reddy,2026-08-16 20:58:21.924496,luxury,1,mobile
6267,neha.gupta.300779,neha.gupta.300779@trendlytics.io,Neha,Gupta,2026-08-21 20:58:21.924496,trendsetter,0,desktop
6268,priya.das.866514,priya.das.866514@trendlytics.io,Priya,Das,2026-08-16 20:58:21.924496,trendsetter,0,mobile
6269,aditya.sen.51009c,aditya.sen.51009c@trendlytics.io,Aditya,Sen,2026-08-24 20:58:21.924496,luxury,1,mobile
6270,kabir.patel.efeb13,kabir.patel.efeb13@trendlytics.io,Kabir,Patel,2026-07-31 20:58:21.924496,trendsetter,0,mobile
6271,rohan.das.9d5c22,rohan.das.9d5c22@trendlytics.io,Rohan,Das,2026-08-02 20:58:21.924496,luxury,0,desktop
6272,rohan.verma.92ddfe,rohan.verma.92ddfe@trendlytics.io,Rohan,Verma,2026-08-04 20:58:21.924496,luxury,1,mobile
6273,vikram.reddy.2ba035,vikram.reddy.2ba035@trendlytics.io,Vikram,Reddy,2026-08-05 20:58:21.924496,budget,1,mobile
6274,aditya.verma.aea4e3,aditya.verma.aea4e3@trendlytics.io,Aditya,Verma,2026-08-25 20:58:21.924496,trendsetter,0,mobile
6275,karan.sen.8f0405,karan.sen.8f0405@trendlytics.io,Karan,Sen,2026-08-04 20:58:21.924496,luxury,0,mobile
6276,vikram.nair.eb2b5d,vikram.nair.eb2b5d@trendlytics.io,Vikram,Nair,2026-08-21 20:58:21.924496,trendsetter,0,desktop
6277,vikram.iyer.a7b5c5,vikram.iyer.a7b5c5@trendlytics.io,Vikram,Iyer,2026-08-22 20:58:21.924496,occasional,0,mobile
6278,riya.iyer.364fea,riya.iyer.364fea@trendlytics.io,Riya,Iyer,2026-08-25 20:58:21.924496,occasional,0,mobile
6279,tanvi.verma.8ce9f7,tanvi.verma.8ce9f7@trendlytics.io,Tanvi,Verma,2026-08-08 20:58:21.924496,occasional,0,mobile
6280,pooja.sen.373d9b,pooja.sen.373d9b@trendlytics.io,Pooja,Sen,2026-08-18 20:58:21.924496,trendsetter,0,mobile
6281,arjun.iyer.5ab0e1,arjun.iyer.5ab0e1@trendlytics.io,Arjun,Iyer,2026-08-23 20:58:21.924496,trendsetter,0,desktop
6282,aarav.chopra.6848e1,aarav.chopra.6848e1@trendlytics.io,Aarav,Chopra,2026-08-20 20:58:21.924496,luxury,0,mobile
6283,tanvi.singh.4a341d,tanvi.singh.4a341d@trendlytics.io,Tanvi,Singh,2026-08-19 20:58:21.924496,luxury,0,mobile
6284,rahul.das.353ec0,rahul.das.353ec0@trendlytics.io,Rahul,Das,2026-08-13 20:58:21.924496,trendsetter,0,mobile
6285,karan.chopra.e8d2bd,karan.chopra.e8d2bd@trendlytics.io,Karan,Chopra,2026-08-07 20:58:21.924496,budget,1,desktop
6286,rahul.banerjee.d3b11d,rahul.banerjee.d3b11d@trendlytics.io,Rahul,Banerjee,2026-08-27 20:58:21.924496,luxury,0,mobile
6287,aarav.mehta.8b225c,aarav.mehta.8b225c@trendlytics.io,Aarav,Mehta,2026-08-15 20:58:21.924496,trendsetter,0,desktop
6288,ananya.mehta.81f0b7,ananya.mehta.81f0b7@trendlytics.io,Ananya,Mehta,2026-08-19 20:58:21.924496,budget,0,desktop
6289,rohan.mehta.933204,rohan.mehta.933204@trendlytics.io,Rohan,Mehta,2026-08-12 20:58:21.924496,trendsetter,1,mobile
6290,rahul.gupta.bec263,rahul.gupta.bec263@trendlytics.io,Rahul,Gupta,2026-07-30 20:58:21.924496,budget,0,mobile
6291,ananya.joshi.a12380,ananya.joshi.a12380@trendlytics.io,Ananya,Joshi,2026-08-11 20:58:21.924496,occasional,0,desktop
6292,riya.sharma.ec19c3,riya.sharma.ec19c3@trendlytics.io,Riya,Sharma,2026-08-03 20:58:21.924496,luxury,1,mobile
6293,karan.patel.39c0d2,karan.patel.39c0d2@trendlytics.io,Karan,Patel,2026-08-22 20:58:21.924496,luxury,0,desktop
6294,sneha.sen.c5cc2d,sneha.sen.c5cc2d@trendlytics.io,Sneha,Sen,2026-08-06 20:58:21.924496,trendsetter,0,mobile
6295,priya.sharma.ae3087,priya.sharma.ae3087@trendlytics.io,Priya,Sharma,2026-08-15 20:58:21.924496,luxury,1,mobile
6296,aarav.banerjee.59a5fc,aarav.banerjee.59a5fc@trendlytics.io,Aarav,Banerjee,2026-08-04 20:58:21.924496,occasional,0,mobile
6297,meera.banerjee.1d2d88,meera.banerjee.1d2d88@trendlytics.io,Meera,Banerjee,2026-08-13 20:58:21.924496,budget,1,mobile
6298,riya.banerjee.f8750c,riya.banerjee.f8750c@trendlytics.io,Riya,Banerjee,2026-08-01 20:58:21.924496,trendsetter,0,mobile
6299,vikram.patel.8c71db,vikram.patel.8c71db@trendlytics.io,Vikram,Patel,2026-08-04 20:58:21.924496,luxury,1,mobile
6300,tanvi.kapoor.c9cc1a,tanvi.kapoor.c9cc1a@trendlytics.io,Tanvi,Kapoor,2026-08-11 20:58:21.924496,budget,0,mobile
6301,tanvi.das.7ec1f5,tanvi.das.7ec1f5@trendlytics.io,Tanvi,Das,2026-08-12 20:58:21.924496,occasional,1,mobile
6302,sneha.gupta.8967db,sneha.gupta.8967db@trendlytics.io,Sneha,Gupta,2026-08-14 20:58:21.924496,trendsetter,0,mobile
6303,arjun.reddy.80ddd3,arjun.reddy.80ddd3@trendlytics.io,Arjun,Reddy,2026-08-19 20:58:21.924496,occasional,0,mobile
6304,priya.gupta.10b91f,priya.gupta.10b91f@trendlytics.io,Priya,Gupta,2026-08-19 20:58:21.924496,trendsetter,0,mobile
6305,priya.singh.03ad02,priya.singh.03ad02@trendlytics.io,Priya,Singh,2026-08-23 20:58:21.924496,budget,1,mobile
6306,priya.iyer.730e9d,priya.iyer.730e9d@trendlytics.io,Priya,Iyer,2026-08-07 20:58:21.924496,luxury,1,tablet
6307,vikram.joshi.a16c58,vikram.joshi.a16c58@trendlytics.io,Vikram,Joshi,2026-08-24 20:58:21.924496,budget,1,desktop
6308,kabir.das.e327a3,kabir.das.e327a3@trendlytics.io,Kabir,Das,2026-08-07 20:58:21.924496,luxury,0,mobile
6309,rohan.sharma.b2d79a,rohan.sharma.b2d79a@trendlytics.io,Rohan,Sharma,2026-08-11 20:58:21.924496,budget,1,mobile
6310,neha.reddy.f9de0b,neha.reddy.f9de0b@trendlytics.io,Neha,Reddy,2026-08-18 20:58:21.924496,trendsetter,1,mobile
6311,karan.gupta.e84103,karan.gupta.e84103@trendlytics.io,Karan,Gupta,2026-08-13 20:58:21.924496,occasional,0,mobile
6312,karan.nair.899e88,karan.nair.899e88@trendlytics.io,Karan,Nair,2026-08-22 20:58:21.924496,luxury,1,mobile
6313,priya.banerjee.30f43a,priya.banerjee.30f43a@trendlytics.io,Priya,Banerjee,2026-08-16 20:58:21.924496,trendsetter,0,mobile
6314,ananya.verma.8ee53a,ananya.verma.8ee53a@trendlytics.io,Ananya,Verma,2026-08-15 20:58:21.924496,budget,0,desktop
6315,ananya.patel.02456f,ananya.patel.02456f@trendlytics.io,Ananya,Patel,2026-07-30 20:58:21.924496,budget,1,mobile
6316,vikram.reddy.aa8552,vikram.reddy.aa8552@trendlytics.io,Vikram,Reddy,2026-08-05 20:58:21.924496,trendsetter,1,mobile
6317,sneha.sen.833ad2,sneha.sen.833ad2@trendlytics.io,Sneha,Sen,2026-07-30 20:58:21.924496,budget,0,mobile
6318,kabir.joshi.119135,kabir.joshi.119135@trendlytics.io,Kabir,Joshi,2026-08-05 20:58:21.924496,luxury,1,mobile
6319,rahul.kapoor.2b0eb0,rahul.kapoor.2b0eb0@trendlytics.io,Rahul,Kapoor,2026-08-01 20:58:21.924496,trendsetter,1,desktop
6320,riya.patel.261f98,riya.patel.261f98@trendlytics.io,Riya,Patel,2026-08-16 20:58:21.924496,luxury,0,mobile
6321,karan.kapoor.adfb86,karan.kapoor.adfb86@trendlytics.io,Karan,Kapoor,2026-08-04 20:58:21.924496,luxury,0,mobile
6322,tanvi.nair.3f3d2e,tanvi.nair.3f3d2e@trendlytics.io,Tanvi,Nair,2026-08-27 20:58:21.924496,trendsetter,1,mobile
6323,arjun.patel.c365e9,arjun.patel.c365e9@trendlytics.io,Arjun,Patel,2026-08-19 20:58:21.924496,budget,0,desktop
6324,meera.iyer.76dc4c,meera.iyer.76dc4c@trendlytics.io,Meera,Iyer,2026-08-08 20:58:21.924496,budget,0,mobile
6325,neha.mehta.dad4ae,neha.mehta.dad4ae@trendlytics.io,Neha,Mehta,2026-08-16 20:58:21.924496,occasional,1,desktop
6326,kabir.gupta.21cc30,kabir.gupta.21cc30@trendlytics.io,Kabir,Gupta,2026-08-27 20:58:21.924496,trendsetter,0,mobile
6327,priya.chopra.9bae8d,priya.chopra.9bae8d@trendlytics.io,Priya,Chopra,2026-07-31 20:58:21.924496,budget,0,mobile
6328,priya.kapoor.673fba,priya.kapoor.673fba@trendlytics.io,Priya,Kapoor,2026-08-03 20:58:21.924496,luxury,0,mobile
6329,riya.joshi.bfe76f,riya.joshi.bfe76f@trendlytics.io,Riya,Joshi,2026-07-31 20:58:21.924496,budget,0,desktop
6330,kabir.nair.a29c21,kabir.nair.a29c21@trendlytics.io,Kabir,Nair,2026-08-08 20:58:21.924496,budget,0,desktop
6331,aarav.sharma.c7d0e2,aarav.sharma.c7d0e2@trendlytics.io,Aarav,Sharma,2026-08-04 20:58:21.924496,luxury,0,mobile
6332,priya.kapoor.2dbdfb,priya.kapoor.2dbdfb@trendlytics.io,Priya,Kapoor,2026-08-16 20:58:21.924496,occasional,0,mobile
6333,rohan.nair.833ea3,rohan.nair.833ea3@trendlytics.io,Rohan,Nair,2026-08-13 20:58:21.924496,trendsetter,1,mobile
6334,aarav.patel.b864d9,aarav.patel.b864d9@trendlytics.io,Aarav,Patel,2026-08-08 20:58:21.924496,trendsetter,0,tablet
6335,pooja.joshi.ef9801,pooja.joshi.ef9801@trendlytics.io,Pooja,Joshi,2026-08-06 20:58:21.924496,luxury,1,tablet
6336,neha.sen.34c0cc,neha.sen.34c0cc@trendlytics.io,Neha,Sen,2026-08-20 20:58:21.924496,luxury,1,desktop
6337,rohan.chopra.05fe0c,rohan.chopra.05fe0c@trendlytics.io,Rohan,Chopra,2026-08-24 20:58:21.924496,trendsetter,1,mobile
6338,aarav.chopra.50b825,aarav.chopra.50b825@trendlytics.io,Aarav,Chopra,2026-08-21 20:58:21.924496,budget,0,desktop
6339,sneha.das.b4072b,sneha.das.b4072b@trendlytics.io,Sneha,Das,2026-08-13 20:58:21.924496,trendsetter,1,mobile
6340,neha.sen.dcaffa,neha.sen.dcaffa@trendlytics.io,Neha,Sen,2026-08-08 20:58:21.924496,trendsetter,1,mobile
6341,rohan.reddy.6cf30c,rohan.reddy.6cf30c@trendlytics.io,Rohan,Reddy,2026-08-18 20:58:21.924496,occasional,0,desktop
6342,ananya.kapoor.abc5f6,ananya.kapoor.abc5f6@trendlytics.io,Ananya,Kapoor,2026-08-07 20:58:21.924496,luxury,0,mobile
6343,arjun.kapoor.1c8021,arjun.kapoor.1c8021@trendlytics.io,Arjun,Kapoor,2026-08-29 20:58:21.924496,occasional,1,desktop
6344,karan.sharma.7de589,karan.sharma.7de589@trendlytics.io,Karan,Sharma,2026-08-25 20:58:21.924496,luxury,1,mobile
6345,vikram.reddy.f1d7da,vikram.reddy.f1d7da@trendlytics.io,Vikram,Reddy,2026-08-08 20:58:21.924496,budget,1,mobile
6346,tanvi.iyer.5ee807,tanvi.iyer.5ee807@trendlytics.io,Tanvi,Iyer,2026-08-26 20:58:21.924496,budget,0,mobile
6347,karan.sharma.535eed,karan.sharma.535eed@trendlytics.io,Karan,Sharma,2026-08-21 20:58:21.924496,occasional,1,mobile
6348,rahul.banerjee.dde0d6,rahul.banerjee.dde0d6@trendlytics.io,Rahul,Banerjee,2026-08-24 20:58:21.924496,budget,1,desktop
6349,arjun.reddy.cab84f,arjun.reddy.cab84f@trendlytics.io,Arjun,Reddy,2026-08-02 20:58:21.924496,occasional,1,mobile
6350,rohan.das.302e25,rohan.das.302e25@trendlytics.io,Rohan,Das,2026-08-02 20:58:21.924496,budget,1,mobile
6351,neha.gupta.41d177,neha.gupta.41d177@trendlytics.io,Neha,Gupta,2026-08-16 20:58:21.924496,trendsetter,1,desktop
6352,sneha.gupta.c0e213,sneha.gupta.c0e213@trendlytics.io,Sneha,Gupta,2026-08-18 20:58:21.924496,occasional,1,mobile
6353,aditya.banerjee.e2461d,aditya.banerjee.e2461d@trendlytics.io,Aditya,Banerjee,2026-08-24 20:58:21.924496,occasional,0,mobile
6354,meera.singh.cfc55f,meera.singh.cfc55f@trendlytics.io,Meera,Singh,2026-08-22 20:58:21.924496,budget,0,mobile
6355,riya.iyer.931088,riya.iyer.931088@trendlytics.io,Riya,Iyer,2026-08-15 20:58:21.924496,budget,1,mobile
6356,ananya.gupta.bc0589,ananya.gupta.bc0589@trendlytics.io,Ananya,Gupta,2026-08-08 20:58:21.924496,budget,1,mobile
6357,ananya.joshi.502db5,ananya.joshi.502db5@trendlytics.io,Ananya,Joshi,2026-08-05 20:58:21.924496,occasional,1,desktop
6358,karan.singh.b17dd6,karan.singh.b17dd6@trendlytics.io,Karan,Singh,2026-07-30 20:58:21.924496,budget,0,mobile
6359,neha.sen.9c6d14,neha.sen.9c6d14@trendlytics.io,Neha,Sen,2026-08-26 20:58:21.924496,occasional,0,mobile
6360,meera.das.57c620,meera.das.57c620@trendlytics.io,Meera,Das,2026-08-06 20:58:21.924496,luxury,0,mobile
6361,rahul.verma.b282ef,rahul.verma.b282ef@trendlytics.io,Rahul,Verma,2026-08-13 20:58:21.924496,budget,0,mobile
6362,aarav.kapoor.58a1ed,aarav.kapoor.58a1ed@trendlytics.io,Aarav,Kapoor,2026-08-20 20:58:21.924496,luxury,0,mobile
6363,karan.reddy.911dd7,karan.reddy.911dd7@trendlytics.io,Karan,Reddy,2026-08-29 20:58:21.924496,occasional,0,desktop
6364,kabir.singh.933f70,kabir.singh.933f70@trendlytics.io,Kabir,Singh,2026-08-21 20:58:21.924496,occasional,0,desktop
6365,neha.banerjee.d28f53,neha.banerjee.d28f53@trendlytics.io,Neha,Banerjee,2026-08-07 20:58:21.924496,luxury,0,mobile
6366,aditya.reddy.a9e7bc,aditya.reddy.a9e7bc@trendlytics.io,Aditya,Reddy,2026-08-14 20:58:21.924496,trendsetter,1,desktop
6367,tanvi.banerjee.3d410e,tanvi.banerjee.3d410e@trendlytics.io,Tanvi,Banerjee,2026-07-30 20:58:21.924496,budget,0,desktop
6368,arjun.sen.a9c30d,arjun.sen.a9c30d@trendlytics.io,Arjun,Sen,2026-08-29 20:58:21.924496,trendsetter,0,mobile
6369,vikram.banerjee.13b96b,vikram.banerjee.13b96b@trendlytics.io,Vikram,Banerjee,2026-08-09 20:58:21.924496,trendsetter,0,desktop
6370,pooja.patel.532ab3,pooja.patel.532ab3@trendlytics.io,Pooja,Patel,2026-08-05 20:58:21.924496,luxury,0,mobile
6371,riya.mehta.0bfa8f,riya.mehta.0bfa8f@trendlytics.io,Riya,Mehta,2026-08-19 20:58:21.924496,budget,1,desktop
6372,vikram.gupta.93817f,vikram.gupta.93817f@trendlytics.io,Vikram,Gupta,2026-08-11 20:58:21.924496,occasional,0,mobile
6373,rahul.chopra.692ae7,rahul.chopra.692ae7@trendlytics.io,Rahul,Chopra,2026-08-11 20:58:21.924496,occasional,1,desktop
6374,arjun.mehta.b2993b,arjun.mehta.b2993b@trendlytics.io,Arjun,Mehta,2026-08-14 20:58:21.924496,occasional,0,desktop
6375,arjun.sen.dd7593,arjun.sen.dd7593@trendlytics.io,Arjun,Sen,2026-08-29 20:58:21.924496,occasional,1,desktop
6376,tanvi.iyer.aa2400,tanvi.iyer.aa2400@trendlytics.io,Tanvi,Iyer,2026-08-28 20:58:21.924496,trendsetter,1,mobile
6377,aarav.mehta.8bcf5d,aarav.mehta.8bcf5d@trendlytics.io,Aarav,Mehta,2026-08-06 20:58:21.924496,luxury,0,mobile
6378,karan.chopra.e0d606,karan.chopra.e0d606@trendlytics.io,Karan,Chopra,2026-08-01 20:58:21.924496,trendsetter,0,desktop
6379,pooja.kapoor.bff433,pooja.kapoor.bff433@trendlytics.io,Pooja,Kapoor,2026-08-15 20:58:21.924496,budget,0,desktop
6380,karan.sen.b60609,karan.sen.b60609@trendlytics.io,Karan,Sen,2026-08-14 20:58:21.924496,budget,1,desktop
6381,arjun.verma.8c0e43,arjun.verma.8c0e43@trendlytics.io,Arjun,Verma,2026-07-31 20:58:21.924496,trendsetter,1,desktop
6382,vikram.singh.f2dfb9,vikram.singh.f2dfb9@trendlytics.io,Vikram,Singh,2026-08-03 20:58:21.924496,budget,0,tablet
6383,ananya.patel.5d388d,ananya.patel.5d388d@trendlytics.io,Ananya,Patel,2026-08-08 20:58:21.924496,luxury,0,desktop
6384,kabir.reddy.ac8fa6,kabir.reddy.ac8fa6@trendlytics.io,Kabir,Reddy,2026-08-06 20:58:21.924496,occasional,0,desktop
6385,pooja.reddy.c3fc14,pooja.reddy.c3fc14@trendlytics.io,Pooja,Reddy,2026-08-26 20:58:21.924496,trendsetter,1,desktop
6386,neha.das.a3313a,neha.das.a3313a@trendlytics.io,Neha,Das,2026-08-06 20:58:21.924496,occasional,0,mobile
6387,neha.patel.731b7f,neha.patel.731b7f@trendlytics.io,Neha,Patel,2026-07-30 20:58:21.924496,budget,0,mobile
6388,karan.sharma.a3b79b,karan.sharma.a3b79b@trendlytics.io,Karan,Sharma,2026-08-25 20:58:21.924496,budget,1,mobile
6389,neha.iyer.724216,neha.iyer.724216@trendlytics.io,Neha,Iyer,2026-08-25 20:58:21.924496,occasional,0,desktop
6390,arjun.singh.5e20f5,arjun.singh.5e20f5@trendlytics.io,Arjun,Singh,2026-08-22 20:58:21.924496,occasional,0,desktop
6391,neha.iyer.75a3e3,neha.iyer.75a3e3@trendlytics.io,Neha,Iyer,2026-08-14 20:58:21.924496,luxury,1,desktop
6392,sneha.kapoor.0646fa,sneha.kapoor.0646fa@trendlytics.io,Sneha,Kapoor,2026-08-22 20:58:21.924496,budget,1,mobile
6393,meera.singh.63a44b,meera.singh.63a44b@trendlytics.io,Meera,Singh,2026-07-30 20:58:21.924496,occasional,1,desktop
6394,riya.sen.f4c732,riya.sen.f4c732@trendlytics.io,Riya,Sen,2026-07-30 20:58:21.924496,trendsetter,0,mobile
6395,pooja.mehta.115c6c,pooja.mehta.115c6c@trendlytics.io,Pooja,Mehta,2026-08-27 20:58:21.924496,trendsetter,0,desktop
6396,aarav.gupta.f6e761,aarav.gupta.f6e761@trendlytics.io,Aarav,Gupta,2026-08-14 20:58:21.924496,luxury,0,mobile
6397,ananya.sen.0070e2,ananya.sen.0070e2@trendlytics.io,Ananya,Sen,2026-07-31 20:58:21.924496,luxury,0,mobile
6398,aarav.banerjee.90f3fb,aarav.banerjee.90f3fb@trendlytics.io,Aarav,Banerjee,2026-08-23 20:58:21.924496,budget,0,desktop
6399,neha.singh.5af90e,neha.singh.5af90e@trendlytics.io,Neha,Singh,2026-08-03 20:58:21.924496,occasional,0,desktop
6400,rohan.singh.88cc6e,rohan.singh.88cc6e@trendlytics.io,Rohan,Singh,2026-08-13 20:58:21.924496,trendsetter,0,mobile
6401,rahul.chopra.884c67,rahul.chopra.884c67@trendlytics.io,Rahul,Chopra,2026-08-22 20:58:21.924496,luxury,0,desktop
6402,ananya.singh.101602,ananya.singh.101602@trendlytics.io,Ananya,Singh,2026-07-30 20:58:21.924496,budget,0,mobile
6403,sneha.gupta.f161d1,sneha.gupta.f161d1@trendlytics.io,Sneha,Gupta,2026-08-08 20:58:21.924496,luxury,0,mobile
6404,riya.reddy.fd95e0,riya.reddy.fd95e0@trendlytics.io,Riya,Reddy,2026-08-11 20:58:21.924496,luxury,0,desktop
6405,neha.singh.b658c1,neha.singh.b658c1@trendlytics.io,Neha,Singh,2026-08-11 20:58:21.924496,trendsetter,1,mobile
6406,tanvi.chopra.1d6499,tanvi.chopra.1d6499@trendlytics.io,Tanvi,Chopra,2026-08-10 20:58:21.924496,luxury,0,desktop
6407,sneha.gupta.bd3f19,sneha.gupta.bd3f19@trendlytics.io,Sneha,Gupta,2026-08-06 20:58:21.924496,budget,1,mobile
6408,rahul.joshi.70f4b1,rahul.joshi.70f4b1@trendlytics.io,Rahul,Joshi,2026-08-08 20:58:21.924496,occasional,1,mobile
6409,vikram.reddy.4d4363,vikram.reddy.4d4363@trendlytics.io,Vikram,Reddy,2026-08-01 20:58:21.924496,budget,0,desktop
6410,neha.chopra.78da31,neha.chopra.78da31@trendlytics.io,Neha,Chopra,2026-08-12 20:58:21.924496,luxury,0,mobile
6411,sneha.mehta.9d212f,sneha.mehta.9d212f@trendlytics.io,Sneha,Mehta,2026-07-31 20:58:21.924496,occasional,0,mobile
6412,rohan.joshi.0bcd58,rohan.joshi.0bcd58@trendlytics.io,Rohan,Joshi,2026-08-03 20:58:21.924496,budget,0,mobile
6413,kabir.kapoor.d7cad4,kabir.kapoor.d7cad4@trendlytics.io,Kabir,Kapoor,2026-08-12 20:58:21.924496,trendsetter,1,mobile
6414,arjun.singh.461670,arjun.singh.461670@trendlytics.io,Arjun,Singh,2026-08-17 20:58:21.924496,luxury,0,mobile
6415,priya.kapoor.fc941b,priya.kapoor.fc941b@trendlytics.io,Priya,Kapoor,2026-08-12 20:58:21.924496,luxury,0,mobile
6416,riya.joshi.4b7b33,riya.joshi.4b7b33@trendlytics.io,Riya,Joshi,2026-08-23 20:58:21.924496,occasional,1,mobile
6417,vikram.iyer.faef59,vikram.iyer.faef59@trendlytics.io,Vikram,Iyer,2026-08-06 20:58:21.924496,occasional,1,mobile
6418,vikram.singh.fe02a0,vikram.singh.fe02a0@trendlytics.io,Vikram,Singh,2026-08-19 20:58:21.924496,occasional,0,mobile
6419,aditya.kapoor.ed3272,aditya.kapoor.ed3272@trendlytics.io,Aditya,Kapoor,2026-08-16 20:58:21.924496,trendsetter,0,mobile
6420,meera.sen.9ea0bb,meera.sen.9ea0bb@trendlytics.io,Meera,Sen,2026-08-23 20:58:21.924496,occasional,1,mobile
6421,pooja.verma.1d9213,pooja.verma.1d9213@trendlytics.io,Pooja,Verma,2026-08-04 20:58:21.924496,luxury,1,mobile
6422,ananya.banerjee.9e8d78,ananya.banerjee.9e8d78@trendlytics.io,Ananya,Banerjee,2026-08-11 20:58:21.924496,trendsetter,1,mobile
6423,priya.chopra.6c2fbc,priya.chopra.6c2fbc@trendlytics.io,Priya,Chopra,2026-08-10 20:58:21.924496,budget,0,desktop
6424,kabir.sen.bf36d0,kabir.sen.bf36d0@trendlytics.io,Kabir,Sen,2026-08-01 20:58:21.924496,trendsetter,1,mobile
6425,meera.patel.c8c13f,meera.patel.c8c13f@trendlytics.io,Meera,Patel,2026-08-29 20:58:21.924496,luxury,0,mobile
6426,aarav.patel.5c0771,aarav.patel.5c0771@trendlytics.io,Aarav,Patel,2026-08-17 20:58:21.924496,budget,1,mobile
6427,priya.sen.828c21,priya.sen.828c21@trendlytics.io,Priya,Sen,2026-08-15 20:58:21.924496,occasional,0,mobile
6428,tanvi.das.04fada,tanvi.das.04fada@trendlytics.io,Tanvi,Das,2026-08-07 20:58:21.924496,occasional,0,mobile
6429,riya.chopra.9b1967,riya.chopra.9b1967@trendlytics.io,Riya,Chopra,2026-08-24 20:58:21.924496,budget,1,mobile
6430,rahul.sharma.f9b095,rahul.sharma.f9b095@trendlytics.io,Rahul,Sharma,2026-08-24 20:58:21.924496,occasional,1,mobile
6431,riya.chopra.c0f465,riya.chopra.c0f465@trendlytics.io,Riya,Chopra,2026-08-28 20:58:21.924496,luxury,0,desktop
6432,meera.joshi.fe4464,meera.joshi.fe4464@trendlytics.io,Meera,Joshi,2026-08-07 20:58:21.924496,trendsetter,0,mobile
6433,aditya.sen.35ca31,aditya.sen.35ca31@trendlytics.io,Aditya,Sen,2026-08-21 20:58:21.924496,luxury,0,desktop
6434,aarav.verma.c200da,aarav.verma.c200da@trendlytics.io,Aarav,Verma,2026-08-01 20:58:21.924496,luxury,0,desktop
6435,neha.sen.6704a7,neha.sen.6704a7@trendlytics.io,Neha,Sen,2026-07-31 20:58:21.924496,luxury,1,desktop
6436,aditya.kapoor.79d3ea,aditya.kapoor.79d3ea@trendlytics.io,Aditya,Kapoor,2026-07-31 20:58:21.924496,trendsetter,0,desktop
6437,meera.gupta.3f1064,meera.gupta.3f1064@trendlytics.io,Meera,Gupta,2026-08-16 20:58:21.924496,luxury,1,mobile
6438,pooja.das.e8cc49,pooja.das.e8cc49@trendlytics.io,Pooja,Das,2026-08-11 20:58:21.924496,luxury,1,mobile
6439,ananya.gupta.a6efdf,ananya.gupta.a6efdf@trendlytics.io,Ananya,Gupta,2026-08-15 20:58:21.924496,occasional,0,mobile
6440,meera.joshi.dfff4b,meera.joshi.dfff4b@trendlytics.io,Meera,Joshi,2026-08-16 20:58:21.924496,occasional,1,mobile
6441,vikram.banerjee.31fecc,vikram.banerjee.31fecc@trendlytics.io,Vikram,Banerjee,2026-08-14 20:58:21.924496,occasional,0,desktop
6442,rohan.banerjee.d8c130,rohan.banerjee.d8c130@trendlytics.io,Rohan,Banerjee,2026-08-19 20:58:21.924496,luxury,1,tablet
6443,arjun.nair.012126,arjun.nair.012126@trendlytics.io,Arjun,Nair,2026-08-16 20:58:21.924496,budget,1,mobile
6444,vikram.sen.e0072f,vikram.sen.e0072f@trendlytics.io,Vikram,Sen,2026-08-24 20:58:21.924496,budget,1,desktop
6445,ananya.reddy.8517b9,ananya.reddy.8517b9@trendlytics.io,Ananya,Reddy,2026-08-12 20:58:21.924496,occasional,1,mobile
6446,tanvi.mehta.5de5e7,tanvi.mehta.5de5e7@trendlytics.io,Tanvi,Mehta,2026-08-11 20:58:21.924496,luxury,0,mobile
6447,priya.kapoor.9db9d2,priya.kapoor.9db9d2@trendlytics.io,Priya,Kapoor,2026-08-10 20:58:21.924496,budget,0,desktop
6448,pooja.joshi.40062e,pooja.joshi.40062e@trendlytics.io,Pooja,Joshi,2026-08-22 20:58:21.924496,budget,0,mobile
6449,rohan.sharma.8d6ebc,rohan.sharma.8d6ebc@trendlytics.io,Rohan,Sharma,2026-08-18 20:58:21.924496,trendsetter,1,desktop
6450,riya.banerjee.413893,riya.banerjee.413893@trendlytics.io,Riya,Banerjee,2026-08-07 20:58:21.924496,budget,0,mobile
6451,sneha.reddy.17f2af,sneha.reddy.17f2af@trendlytics.io,Sneha,Reddy,2026-08-20 20:58:21.924496,luxury,0,desktop
6452,ananya.verma.ebf36a,ananya.verma.ebf36a@trendlytics.io,Ananya,Verma,2026-08-06 20:58:21.924496,occasional,0,tablet
6453,kabir.sharma.b821e6,kabir.sharma.b821e6@trendlytics.io,Kabir,Sharma,2026-08-20 20:58:21.924496,luxury,0,mobile
6454,vikram.chopra.2af154,vikram.chopra.2af154@trendlytics.io,Vikram,Chopra,2026-08-15 20:58:21.924496,occasional,1,mobile
6455,vikram.sen.dc6bfa,vikram.sen.dc6bfa@trendlytics.io,Vikram,Sen,2026-08-12 20:58:21.924496,trendsetter,0,mobile
6456,arjun.verma.649075,arjun.verma.649075@trendlytics.io,Arjun,Verma,2026-08-18 20:58:21.924496,occasional,0,mobile
6457,rohan.reddy.d89623,rohan.reddy.d89623@trendlytics.io,Rohan,Reddy,2026-08-16 20:58:21.924496,luxury,1,mobile
6458,aarav.nair.0355ff,aarav.nair.0355ff@trendlytics.io,Aarav,Nair,2026-08-08 20:58:21.924496,occasional,0,mobile
6459,ananya.joshi.629f08,ananya.joshi.629f08@trendlytics.io,Ananya,Joshi,2026-08-10 20:58:21.924496,budget,0,mobile
6460,riya.mehta.9b2ad0,riya.mehta.9b2ad0@trendlytics.io,Riya,Mehta,2026-08-06 20:58:21.924496,luxury,0,mobile
6461,ananya.iyer.20fe60,ananya.iyer.20fe60@trendlytics.io,Ananya,Iyer,2026-08-16 20:58:21.924496,occasional,1,desktop
6462,ananya.reddy.1c542e,ananya.reddy.1c542e@trendlytics.io,Ananya,Reddy,2026-08-28 20:58:21.924496,budget,1,mobile
6463,vikram.sen.132688,vikram.sen.132688@trendlytics.io,Vikram,Sen,2026-08-11 20:58:21.924496,trendsetter,1,mobile
6464,vikram.reddy.1b1ec0,vikram.reddy.1b1ec0@trendlytics.io,Vikram,Reddy,2026-08-12 20:58:21.924496,luxury,1,desktop
6465,neha.kapoor.766f88,neha.kapoor.766f88@trendlytics.io,Neha,Kapoor,2026-08-07 20:58:21.924496,trendsetter,0,mobile
6466,arjun.mehta.2e385d,arjun.mehta.2e385d@trendlytics.io,Arjun,Mehta,2026-08-05 20:58:21.924496,occasional,0,desktop
6467,rohan.das.da91a5,rohan.das.da91a5@trendlytics.io,Rohan,Das,2026-08-10 20:58:21.924496,budget,1,mobile
6468,aarav.mehta.87c389,aarav.mehta.87c389@trendlytics.io,Aarav,Mehta,2026-08-21 20:58:21.924496,budget,0,mobile
6469,riya.iyer.d7f9c4,riya.iyer.d7f9c4@trendlytics.io,Riya,Iyer,2026-08-29 20:58:21.924496,budget,0,mobile
6470,meera.patel.6c56e5,meera.patel.6c56e5@trendlytics.io,Meera,Patel,2026-08-21 20:58:21.924496,budget,0,mobile
6471,ananya.iyer.70706d,ananya.iyer.70706d@trendlytics.io,Ananya,Iyer,2026-08-22 20:58:21.924496,trendsetter,0,mobile
6472,riya.banerjee.d8d83d,riya.banerjee.d8d83d@trendlytics.io,Riya,Banerjee,2026-08-25 20:58:21.924496,luxury,1,mobile
6473,aarav.iyer.3d64e5,aarav.iyer.3d64e5@trendlytics.io,Aarav,Iyer,2026-08-17 20:58:21.924496,budget,0,mobile
6474,pooja.reddy.91681a,pooja.reddy.91681a@trendlytics.io,Pooja,Reddy,2026-08-19 20:58:21.924496,budget,0,desktop
6475,karan.sharma.77952c,karan.sharma.77952c@trendlytics.io,Karan,Sharma,2026-08-11 20:58:21.924496,luxury,0,desktop
6476,aarav.nair.a01c0c,aarav.nair.a01c0c@trendlytics.io,Aarav,Nair,2026-08-03 20:58:21.924496,trendsetter,1,mobile
6477,ananya.banerjee.d38b08,ananya.banerjee.d38b08@trendlytics.io,Ananya,Banerjee,2026-07-31 20:58:21.924496,budget,0,mobile
6478,karan.sen.204dc0,karan.sen.204dc0@trendlytics.io,Karan,Sen,2026-08-12 20:58:21.924496,budget,0,desktop
6479,priya.joshi.036611,priya.joshi.036611@trendlytics.io,Priya,Joshi,2026-08-24 20:58:21.924496,budget,0,mobile
6480,meera.singh.065f6a,meera.singh.065f6a@trendlytics.io,Meera,Singh,2026-08-18 20:58:21.924496,occasional,0,desktop
6481,riya.das.2c909d,riya.das.2c909d@trendlytics.io,Riya,Das,2026-08-15 20:58:21.924496,budget,0,mobile
6482,tanvi.banerjee.88e74e,tanvi.banerjee.88e74e@trendlytics.io,Tanvi,Banerjee,2026-08-24 20:58:21.924496,luxury,1,desktop
6483,priya.iyer.eaba05,priya.iyer.eaba05@trendlytics.io,Priya,Iyer,2026-08-26 20:58:21.924496,occasional,1,desktop
6484,sneha.das.4def64,sneha.das.4def64@trendlytics.io,Sneha,Das,2026-08-05 20:58:21.924496,budget,0,mobile
6485,vikram.kapoor.64f843,vikram.kapoor.64f843@trendlytics.io,Vikram,Kapoor,2026-08-20 20:58:21.924496,trendsetter,1,desktop
6486,tanvi.mehta.11a042,tanvi.mehta.11a042@trendlytics.io,Tanvi,Mehta,2026-08-02 20:58:21.924496,budget,1,mobile
6487,meera.gupta.651ba8,meera.gupta.651ba8@trendlytics.io,Meera,Gupta,2026-08-21 20:58:21.924496,luxury,0,mobile
6488,aarav.iyer.4c7572,aarav.iyer.4c7572@trendlytics.io,Aarav,Iyer,2026-08-18 20:58:21.924496,budget,0,mobile
6489,riya.kapoor.6d77f3,riya.kapoor.6d77f3@trendlytics.io,Riya,Kapoor,2026-08-29 20:58:21.924496,trendsetter,0,desktop
6490,arjun.iyer.827efc,arjun.iyer.827efc@trendlytics.io,Arjun,Iyer,2026-08-17 20:58:21.924496,luxury,1,mobile
6491,aarav.iyer.679eb3,aarav.iyer.679eb3@trendlytics.io,Aarav,Iyer,2026-08-22 20:58:21.924496,trendsetter,1,mobile
6492,rahul.verma.d3e8fa,rahul.verma.d3e8fa@trendlytics.io,Rahul,Verma,2026-08-08 20:58:21.924496,trendsetter,0,mobile
6493,pooja.iyer.474f10,pooja.iyer.474f10@trendlytics.io,Pooja,Iyer,2026-08-14 20:58:21.924496,trendsetter,1,mobile
6494,neha.kapoor.79146f,neha.kapoor.79146f@trendlytics.io,Neha,Kapoor,2026-08-13 20:58:21.924496,occasional,0,desktop
6495,aarav.reddy.a2906a,aarav.reddy.a2906a@trendlytics.io,Aarav,Reddy,2026-08-26 20:58:21.924496,occasional,0,mobile
6496,aarav.nair.942734,aarav.nair.942734@trendlytics.io,Aarav,Nair,2026-08-21 20:58:21.924496,trendsetter,1,desktop
6497,ananya.patel.78b6c8,ananya.patel.78b6c8@trendlytics.io,Ananya,Patel,2026-08-13 20:58:21.924496,occasional,0,mobile
6498,riya.banerjee.427f2c,riya.banerjee.427f2c@trendlytics.io,Riya,Banerjee,2026-08-07 20:58:21.924496,luxury,0,desktop
6499,vikram.verma.f923d9,vikram.verma.f923d9@trendlytics.io,Vikram,Verma,2026-08-02 20:58:21.924496,occasional,0,mobile
6500,rahul.joshi.7becb9,rahul.joshi.7becb9@trendlytics.io,Rahul,Joshi,2026-08-28 20:58:21.924496,trendsetter,1,desktop
6501,neha.kapoor.844b8e,neha.kapoor.844b8e@trendlytics.io,Neha,Kapoor,2026-08-25 20:58:21.924496,occasional,1,desktop
6502,aditya.sharma.437990,aditya.sharma.437990@trendlytics.io,Aditya,Sharma,2026-08-06 20:58:21.924496,luxury,1,mobile
6503,karan.verma.82cbd0,karan.verma.82cbd0@trendlytics.io,Karan,Verma,2026-08-25 20:58:21.924496,budget,0,mobile
6504,sneha.das.52c1a6,sneha.das.52c1a6@trendlytics.io,Sneha,Das,2026-08-23 20:58:21.924496,trendsetter,0,desktop
6505,rahul.mehta.bd309b,rahul.mehta.bd309b@trendlytics.io,Rahul,Mehta,2026-08-17 20:58:21.924496,trendsetter,0,mobile
6506,neha.gupta.12857c,neha.gupta.12857c@trendlytics.io,Neha,Gupta,2026-08-11 20:58:21.924496,luxury,0,mobile
6507,karan.mehta.ba157a,karan.mehta.ba157a@trendlytics.io,Karan,Mehta,2026-08-06 20:58:21.924496,trendsetter,0,mobile
6508,aditya.chopra.6dd3b2,aditya.chopra.6dd3b2@trendlytics.io,Aditya,Chopra,2026-08-19 20:58:21.924496,budget,0,desktop
6509,sneha.sharma.b1d3f8,sneha.sharma.b1d3f8@trendlytics.io,Sneha,Sharma,2026-08-19 20:58:21.924496,trendsetter,1,desktop
6510,kabir.sharma.8fbf00,kabir.sharma.8fbf00@trendlytics.io,Kabir,Sharma,2026-08-29 20:58:21.924496,budget,0,desktop
6511,rohan.sen.a13921,rohan.sen.a13921@trendlytics.io,Rohan,Sen,2026-08-15 20:58:21.924496,occasional,0,mobile
6512,pooja.banerjee.cdf97b,pooja.banerjee.cdf97b@trendlytics.io,Pooja,Banerjee,2026-08-28 20:58:21.924496,occasional,0,desktop
6513,aarav.nair.3e2348,aarav.nair.3e2348@trendlytics.io,Aarav,Nair,2026-08-23 20:58:21.924496,luxury,0,mobile
6514,karan.das.ccef3f,karan.das.ccef3f@trendlytics.io,Karan,Das,2026-08-13 20:58:21.924496,trendsetter,0,mobile
6515,rohan.mehta.697d8f,rohan.mehta.697d8f@trendlytics.io,Rohan,Mehta,2026-08-03 20:58:21.924496,occasional,0,mobile
6516,priya.chopra.dea24f,priya.chopra.dea24f@trendlytics.io,Priya,Chopra,2026-08-17 20:58:21.924496,budget,1,mobile
6517,aarav.banerjee.89eaac,aarav.banerjee.89eaac@trendlytics.io,Aarav,Banerjee,2026-08-03 20:58:21.924496,luxury,0,desktop
6518,sneha.chopra.508e84,sneha.chopra.508e84@trendlytics.io,Sneha,Chopra,2026-08-08 20:58:21.924496,trendsetter,1,mobile
6519,neha.chopra.0463ea,neha.chopra.0463ea@trendlytics.io,Neha,Chopra,2026-08-17 20:58:21.924496,trendsetter,1,desktop
6520,riya.banerjee.045bdc,riya.banerjee.045bdc@trendlytics.io,Riya,Banerjee,2026-07-31 20:58:21.924496,trendsetter,0,desktop
6521,ananya.joshi.671c65,ananya.joshi.671c65@trendlytics.io,Ananya,Joshi,2026-08-24 20:58:21.924496,budget,0,desktop
6522,kabir.singh.b80dbc,kabir.singh.b80dbc@trendlytics.io,Kabir,Singh,2026-08-16 20:58:21.924496,budget,1,mobile
6523,tanvi.joshi.2e4dac,tanvi.joshi.2e4dac@trendlytics.io,Tanvi,Joshi,2026-08-04 20:58:21.924496,luxury,0,desktop
6524,karan.kapoor.3cd903,karan.kapoor.3cd903@trendlytics.io,Karan,Kapoor,2026-08-10 20:58:21.924496,occasional,0,desktop
6525,arjun.joshi.ee9281,arjun.joshi.ee9281@trendlytics.io,Arjun,Joshi,2026-07-31 20:58:21.924496,budget,1,mobile
6526,priya.singh.843b03,priya.singh.843b03@trendlytics.io,Priya,Singh,2026-08-08 20:58:21.924496,budget,1,desktop
6527,riya.iyer.60f31f,riya.iyer.60f31f@trendlytics.io,Riya,Iyer,2026-08-07 20:58:21.924496,luxury,0,mobile
6528,tanvi.nair.4090a0,tanvi.nair.4090a0@trendlytics.io,Tanvi,Nair,2026-08-03 20:58:21.924496,occasional,0,mobile
6529,rohan.sen.6e2889,rohan.sen.6e2889@trendlytics.io,Rohan,Sen,2026-07-30 20:58:21.924496,trendsetter,0,mobile
6530,ananya.sen.d51413,ananya.sen.d51413@trendlytics.io,Ananya,Sen,2026-08-02 20:58:21.924496,luxury,0,mobile
6531,kabir.mehta.bf6564,kabir.mehta.bf6564@trendlytics.io,Kabir,Mehta,2026-08-02 20:58:21.924496,occasional,0,desktop
6532,karan.sen.82690b,karan.sen.82690b@trendlytics.io,Karan,Sen,2026-08-19 20:58:21.924496,luxury,1,desktop
6533,meera.banerjee.327e28,meera.banerjee.327e28@trendlytics.io,Meera,Banerjee,2026-08-04 20:58:21.924496,trendsetter,0,mobile
6534,vikram.sen.f53782,vikram.sen.f53782@trendlytics.io,Vikram,Sen,2026-08-06 20:58:21.924496,occasional,1,mobile
6535,rohan.patel.6bf900,rohan.patel.6bf900@trendlytics.io,Rohan,Patel,2026-08-07 20:58:21.924496,occasional,0,desktop
6536,arjun.banerjee.42b911,arjun.banerjee.42b911@trendlytics.io,Arjun,Banerjee,2026-08-02 20:58:21.924496,occasional,1,mobile
6537,riya.sen.cee426,riya.sen.cee426@trendlytics.io,Riya,Sen,2026-07-31 20:58:21.924496,budget,1,desktop
6538,ananya.sen.5d5886,ananya.sen.5d5886@trendlytics.io,Ananya,Sen,2026-08-22 20:58:21.924496,luxury,1,mobile
6539,riya.gupta.daefdd,riya.gupta.daefdd@trendlytics.io,Riya,Gupta,2026-08-27 20:58:21.924496,occasional,1,desktop
6540,meera.singh.ba7750,meera.singh.ba7750@trendlytics.io,Meera,Singh,2026-07-31 20:58:21.924496,occasional,0,mobile
6541,tanvi.kapoor.929f32,tanvi.kapoor.929f32@trendlytics.io,Tanvi,Kapoor,2026-07-30 20:58:21.924496,budget,0,mobile
6542,vikram.sen.02c58a,vikram.sen.02c58a@trendlytics.io,Vikram,Sen,2026-08-15 20:58:21.924496,trendsetter,1,mobile
6543,meera.reddy.a8f212,meera.reddy.a8f212@trendlytics.io,Meera,Reddy,2026-08-23 20:58:21.924496,occasional,0,mobile
6544,aditya.reddy.57e2de,aditya.reddy.57e2de@trendlytics.io,Aditya,Reddy,2026-08-07 20:58:21.924496,occasional,1,mobile
6545,rahul.joshi.ec3077,rahul.joshi.ec3077@trendlytics.io,Rahul,Joshi,2026-08-27 20:58:21.924496,budget,0,mobile
6546,sneha.iyer.753eb2,sneha.iyer.753eb2@trendlytics.io,Sneha,Iyer,2026-08-04 20:58:21.924496,luxury,1,mobile
6547,arjun.kapoor.55638f,arjun.kapoor.55638f@trendlytics.io,Arjun,Kapoor,2026-08-12 20:58:21.924496,trendsetter,1,mobile
6548,rohan.das.50b320,rohan.das.50b320@trendlytics.io,Rohan,Das,2026-07-31 20:58:21.924496,occasional,1,desktop
6549,meera.chopra.653ba0,meera.chopra.653ba0@trendlytics.io,Meera,Chopra,2026-08-18 20:58:21.924496,budget,0,mobile
6550,meera.iyer.bc8c6d,meera.iyer.bc8c6d@trendlytics.io,Meera,Iyer,2026-08-14 20:58:21.924496,occasional,0,mobile
6551,neha.sen.b76c3f,neha.sen.b76c3f@trendlytics.io,Neha,Sen,2026-08-05 20:58:21.924496,budget,1,desktop
6552,karan.chopra.0a3b79,karan.chopra.0a3b79@trendlytics.io,Karan,Chopra,2026-08-12 20:58:21.924496,luxury,1,mobile
6553,ananya.singh.9a2593,ananya.singh.9a2593@trendlytics.io,Ananya,Singh,2026-08-18 20:58:21.924496,luxury,0,mobile
6554,tanvi.gupta.e89bf4,tanvi.gupta.e89bf4@trendlytics.io,Tanvi,Gupta,2026-08-25 20:58:21.924496,trendsetter,0,mobile
6555,kabir.joshi.5827d5,kabir.joshi.5827d5@trendlytics.io,Kabir,Joshi,2026-08-07 20:58:21.924496,occasional,0,mobile
6556,riya.reddy.2d1186,riya.reddy.2d1186@trendlytics.io,Riya,Reddy,2026-08-19 20:58:21.924496,luxury,1,mobile
6557,pooja.mehta.a05a8f,pooja.mehta.a05a8f@trendlytics.io,Pooja,Mehta,2026-08-13 20:58:21.924496,budget,0,tablet
6558,tanvi.verma.a28e62,tanvi.verma.a28e62@trendlytics.io,Tanvi,Verma,2026-07-30 20:58:21.924496,budget,0,desktop
6559,ananya.sen.36d430,ananya.sen.36d430@trendlytics.io,Ananya,Sen,2026-08-27 20:58:21.924496,budget,0,mobile
6560,karan.joshi.bb7980,karan.joshi.bb7980@trendlytics.io,Karan,Joshi,2026-08-10 20:58:21.924496,budget,0,mobile
6561,rohan.singh.dc4145,rohan.singh.dc4145@trendlytics.io,Rohan,Singh,2026-08-08 20:58:21.924496,budget,0,mobile
6562,rohan.patel.4acec7,rohan.patel.4acec7@trendlytics.io,Rohan,Patel,2026-07-30 20:58:21.924496,trendsetter,0,mobile
6563,riya.banerjee.bba780,riya.banerjee.bba780@trendlytics.io,Riya,Banerjee,2026-08-01 20:58:21.924496,budget,1,mobile
6564,priya.chopra.769d2e,priya.chopra.769d2e@trendlytics.io,Priya,Chopra,2026-08-08 20:58:21.924496,occasional,1,desktop
6565,ananya.banerjee.662760,ananya.banerjee.662760@trendlytics.io,Ananya,Banerjee,2026-08-15 20:58:21.924496,luxury,1,mobile
6566,pooja.kapoor.3d6ff3,pooja.kapoor.3d6ff3@trendlytics.io,Pooja,Kapoor,2026-08-24 20:58:21.924496,luxury,1,desktop
6567,sneha.gupta.fae97c,sneha.gupta.fae97c@trendlytics.io,Sneha,Gupta,2026-08-08 20:58:21.924496,trendsetter,0,mobile
6568,rahul.banerjee.407dea,rahul.banerjee.407dea@trendlytics.io,Rahul,Banerjee,2026-08-20 20:58:21.924496,budget,1,mobile
6569,vikram.joshi.c69bf2,vikram.joshi.c69bf2@trendlytics.io,Vikram,Joshi,2026-08-13 20:58:21.924496,budget,0,desktop
6570,neha.nair.b33107,neha.nair.b33107@trendlytics.io,Neha,Nair,2026-08-20 20:58:21.924496,occasional,1,desktop
6571,tanvi.gupta.42b277,tanvi.gupta.42b277@trendlytics.io,Tanvi,Gupta,2026-08-08 20:58:21.924496,occasional,0,desktop
6572,meera.kapoor.161b84,meera.kapoor.161b84@trendlytics.io,Meera,Kapoor,2026-08-26 20:58:21.924496,trendsetter,1,mobile
6573,priya.das.9f477c,priya.das.9f477c@trendlytics.io,Priya,Das,2026-08-09 20:58:21.924496,budget,1,mobile
6574,ananya.gupta.20494c,ananya.gupta.20494c@trendlytics.io,Ananya,Gupta,2026-08-03 20:58:21.924496,occasional,1,tablet
6575,vikram.sharma.27975b,vikram.sharma.27975b@trendlytics.io,Vikram,Sharma,2026-08-12 20:58:21.924496,luxury,1,mobile
6576,rahul.gupta.f37a6b,rahul.gupta.f37a6b@trendlytics.io,Rahul,Gupta,2026-08-16 20:58:21.924496,luxury,0,mobile
6577,tanvi.sen.1cb8be,tanvi.sen.1cb8be@trendlytics.io,Tanvi,Sen,2026-08-17 20:58:21.924496,budget,0,mobile
6578,rohan.sen.3e53fe,rohan.sen.3e53fe@trendlytics.io,Rohan,Sen,2026-08-11 20:58:21.924496,occasional,1,mobile
6579,riya.patel.ee7e8a,riya.patel.ee7e8a@trendlytics.io,Riya,Patel,2026-08-02 20:58:21.924496,luxury,0,mobile
6580,rohan.nair.c396aa,rohan.nair.c396aa@trendlytics.io,Rohan,Nair,2026-08-01 20:58:21.924496,trendsetter,1,desktop
6581,riya.iyer.d82949,riya.iyer.d82949@trendlytics.io,Riya,Iyer,2026-08-23 20:58:21.924496,luxury,1,mobile
6582,pooja.patel.e5beaf,pooja.patel.e5beaf@trendlytics.io,Pooja,Patel,2026-08-16 20:58:21.924496,occasional,0,mobile
6583,aditya.singh.2210d4,aditya.singh.2210d4@trendlytics.io,Aditya,Singh,2026-08-22 20:58:21.924496,luxury,0,mobile
6584,priya.iyer.661ce2,priya.iyer.661ce2@trendlytics.io,Priya,Iyer,2026-08-24 20:58:21.924496,trendsetter,1,mobile
6585,sneha.reddy.0fe1db,sneha.reddy.0fe1db@trendlytics.io,Sneha,Reddy,2026-08-06 20:58:21.924496,luxury,1,mobile
6586,sneha.gupta.74c174,sneha.gupta.74c174@trendlytics.io,Sneha,Gupta,2026-08-25 20:58:21.924496,occasional,1,mobile
6587,arjun.verma.789381,arjun.verma.789381@trendlytics.io,Arjun,Verma,2026-08-06 20:58:21.924496,trendsetter,1,desktop
6588,kabir.mehta.be9d0d,kabir.mehta.be9d0d@trendlytics.io,Kabir,Mehta,2026-08-24 20:58:21.924496,budget,0,desktop
6589,priya.reddy.38eaaf,priya.reddy.38eaaf@trendlytics.io,Priya,Reddy,2026-08-10 20:58:21.924496,budget,1,mobile
6590,ananya.gupta.ffb60c,ananya.gupta.ffb60c@trendlytics.io,Ananya,Gupta,2026-08-05 20:58:21.924496,luxury,1,mobile
6591,rohan.singh.33309e,rohan.singh.33309e@trendlytics.io,Rohan,Singh,2026-08-21 20:58:21.924496,trendsetter,1,mobile
6592,pooja.reddy.87a964,pooja.reddy.87a964@trendlytics.io,Pooja,Reddy,2026-08-07 20:58:21.924496,luxury,0,mobile
6593,meera.patel.74756a,meera.patel.74756a@trendlytics.io,Meera,Patel,2026-07-31 20:58:21.924496,luxury,1,desktop
6594,rahul.das.5ffbaa,rahul.das.5ffbaa@trendlytics.io,Rahul,Das,2026-08-27 20:58:21.924496,occasional,0,mobile
6595,aarav.verma.a3dbed,aarav.verma.a3dbed@trendlytics.io,Aarav,Verma,2026-08-18 20:58:21.924496,trendsetter,1,desktop
6596,priya.nair.c4a266,priya.nair.c4a266@trendlytics.io,Priya,Nair,2026-08-11 20:58:21.924496,trendsetter,0,desktop
6597,ananya.joshi.93e90f,ananya.joshi.93e90f@trendlytics.io,Ananya,Joshi,2026-08-18 20:58:21.924496,luxury,1,mobile
6598,tanvi.singh.c09016,tanvi.singh.c09016@trendlytics.io,Tanvi,Singh,2026-08-21 20:58:21.924496,trendsetter,0,mobile
6599,pooja.sen.ee3313,pooja.sen.ee3313@trendlytics.io,Pooja,Sen,2026-08-09 20:58:21.924496,budget,1,desktop
6600,ananya.reddy.40e3ee,ananya.reddy.40e3ee@trendlytics.io,Ananya,Reddy,2026-08-02 20:58:21.924496,budget,1,tablet
6601,sneha.nair.c9e398,sneha.nair.c9e398@trendlytics.io,Sneha,Nair,2026-08-19 20:58:21.924496,trendsetter,0,tablet
6602,aarav.joshi.b393e4,aarav.joshi.b393e4@trendlytics.io,Aarav,Joshi,2026-08-16 20:58:21.924496,budget,0,mobile
6603,pooja.sharma.190d3e,pooja.sharma.190d3e@trendlytics.io,Pooja,Sharma,2026-08-01 20:58:21.924496,luxury,1,mobile
6604,tanvi.gupta.9e92d9,tanvi.gupta.9e92d9@trendlytics.io,Tanvi,Gupta,2026-08-28 20:58:21.924496,budget,0,mobile
6605,riya.patel.a4c68a,riya.patel.a4c68a@trendlytics.io,Riya,Patel,2026-08-24 20:58:21.924496,occasional,0,mobile
6606,priya.gupta.147754,priya.gupta.147754@trendlytics.io,Priya,Gupta,2026-08-14 20:58:21.924496,trendsetter,0,mobile
6607,aditya.sharma.f83c1e,aditya.sharma.f83c1e@trendlytics.io,Aditya,Sharma,2026-08-26 20:58:21.924496,luxury,1,mobile
6608,riya.patel.7d999c,riya.patel.7d999c@trendlytics.io,Riya,Patel,2026-08-14 20:58:21.924496,budget,0,desktop
6609,arjun.gupta.82b536,arjun.gupta.82b536@trendlytics.io,Arjun,Gupta,2026-08-12 20:58:21.924496,trendsetter,0,mobile
6610,aditya.sen.15c30f,aditya.sen.15c30f@trendlytics.io,Aditya,Sen,2026-08-13 20:58:21.924496,budget,1,mobile
6611,karan.reddy.9adf73,karan.reddy.9adf73@trendlytics.io,Karan,Reddy,2026-08-23 20:58:21.924496,budget,1,mobile
6612,aarav.sen.6f79ef,aarav.sen.6f79ef@trendlytics.io,Aarav,Sen,2026-08-14 20:58:21.924496,trendsetter,0,desktop
6613,aditya.patel.441d15,aditya.patel.441d15@trendlytics.io,Aditya,Patel,2026-08-06 20:58:21.924496,budget,1,desktop
6614,priya.gupta.b4de4c,priya.gupta.b4de4c@trendlytics.io,Priya,Gupta,2026-08-29 20:58:21.924496,trendsetter,1,mobile
6615,tanvi.chopra.e3a0b9,tanvi.chopra.e3a0b9@trendlytics.io,Tanvi,Chopra,2026-08-26 20:58:21.924496,occasional,1,mobile
6616,sneha.sharma.d0d0e8,sneha.sharma.d0d0e8@trendlytics.io,Sneha,Sharma,2026-08-03 20:58:21.924496,luxury,0,mobile
6617,aarav.kapoor.4df45e,aarav.kapoor.4df45e@trendlytics.io,Aarav,Kapoor,2026-08-24 20:58:21.924496,occasional,0,mobile
6618,ananya.joshi.d5e818,ananya.joshi.d5e818@trendlytics.io,Ananya,Joshi,2026-08-11 20:58:21.924496,luxury,0,desktop
6619,arjun.gupta.87c82c,arjun.gupta.87c82c@trendlytics.io,Arjun,Gupta,2026-08-24 20:58:21.924496,luxury,0,mobile
6620,sneha.gupta.72fc13,sneha.gupta.72fc13@trendlytics.io,Sneha,Gupta,2026-08-18 20:58:21.924496,trendsetter,1,mobile
6621,vikram.singh.82f0ff,vikram.singh.82f0ff@trendlytics.io,Vikram,Singh,2026-08-13 20:58:21.924496,occasional,0,mobile
6622,aditya.joshi.9d139d,aditya.joshi.9d139d@trendlytics.io,Aditya,Joshi,2026-08-12 20:58:21.924496,budget,1,mobile
6623,aarav.gupta.653e21,aarav.gupta.653e21@trendlytics.io,Aarav,Gupta,2026-08-25 20:58:21.924496,luxury,0,desktop
6624,sneha.nair.eacf8a,sneha.nair.eacf8a@trendlytics.io,Sneha,Nair,2026-08-19 20:58:21.924496,trendsetter,0,mobile
6625,sneha.verma.1a5603,sneha.verma.1a5603@trendlytics.io,Sneha,Verma,2026-08-13 20:58:21.924496,occasional,1,mobile
6626,meera.banerjee.656216,meera.banerjee.656216@trendlytics.io,Meera,Banerjee,2026-08-02 20:58:21.924496,luxury,0,tablet
6627,priya.kapoor.6d9208,priya.kapoor.6d9208@trendlytics.io,Priya,Kapoor,2026-08-26 20:58:21.924496,budget,1,mobile
6628,karan.iyer.dc0248,karan.iyer.dc0248@trendlytics.io,Karan,Iyer,2026-08-03 20:58:21.924496,budget,1,mobile
6629,tanvi.mehta.0f6f8c,tanvi.mehta.0f6f8c@trendlytics.io,Tanvi,Mehta,2026-08-27 20:58:21.924496,budget,1,mobile
6630,karan.mehta.c89c9e,karan.mehta.c89c9e@trendlytics.io,Karan,Mehta,2026-08-28 20:58:21.924496,occasional,0,mobile
6631,vikram.banerjee.097e63,vikram.banerjee.097e63@trendlytics.io,Vikram,Banerjee,2026-08-23 20:58:21.924496,luxury,1,mobile
6632,arjun.singh.16f23c,arjun.singh.16f23c@trendlytics.io,Arjun,Singh,2026-07-31 20:58:21.924496,luxury,1,mobile
6633,rahul.banerjee.ba6e93,rahul.banerjee.ba6e93@trendlytics.io,Rahul,Banerjee,2026-08-04 20:58:21.924496,occasional,0,mobile
6634,neha.sharma.ae80cd,neha.sharma.ae80cd@trendlytics.io,Neha,Sharma,2026-08-17 20:58:21.924496,luxury,1,mobile
6635,vikram.reddy.c8abea,vikram.reddy.c8abea@trendlytics.io,Vikram,Reddy,2026-08-08 20:58:21.924496,luxury,1,mobile
6636,kabir.iyer.32d977,kabir.iyer.32d977@trendlytics.io,Kabir,Iyer,2026-08-25 20:58:21.924496,trendsetter,1,mobile
6637,karan.chopra.fb74c4,karan.chopra.fb74c4@trendlytics.io,Karan,Chopra,2026-08-20 20:58:21.924496,luxury,1,mobile
6638,ananya.singh.7fba31,ananya.singh.7fba31@trendlytics.io,Ananya,Singh,2026-07-30 20:58:21.924496,budget,1,mobile
6639,ananya.banerjee.ab078b,ananya.banerjee.ab078b@trendlytics.io,Ananya,Banerjee,2026-07-31 20:58:21.924496,trendsetter,1,desktop
6640,meera.kapoor.3e1672,meera.kapoor.3e1672@trendlytics.io,Meera,Kapoor,2026-08-18 20:58:21.924496,budget,1,desktop
6641,ananya.sharma.20dfb3,ananya.sharma.20dfb3@trendlytics.io,Ananya,Sharma,2026-08-16 20:58:21.924496,occasional,0,desktop
6642,priya.chopra.0b9237,priya.chopra.0b9237@trendlytics.io,Priya,Chopra,2026-08-10 20:58:21.924496,luxury,0,mobile
6643,neha.gupta.14e02e,neha.gupta.14e02e@trendlytics.io,Neha,Gupta,2026-08-19 20:58:21.924496,trendsetter,0,desktop
6644,meera.sen.7f59cb,meera.sen.7f59cb@trendlytics.io,Meera,Sen,2026-08-02 20:58:21.924496,budget,1,mobile
6645,arjun.chopra.cd7787,arjun.chopra.cd7787@trendlytics.io,Arjun,Chopra,2026-08-13 20:58:21.924496,trendsetter,0,mobile
6646,ananya.verma.89a153,ananya.verma.89a153@trendlytics.io,Ananya,Verma,2026-08-27 20:58:21.924496,occasional,0,mobile
6647,meera.banerjee.82bd57,meera.banerjee.82bd57@trendlytics.io,Meera,Banerjee,2026-08-25 20:58:21.924496,occasional,0,mobile
6648,vikram.patel.a59c38,vikram.patel.a59c38@trendlytics.io,Vikram,Patel,2026-08-19 20:58:21.924496,luxury,0,desktop
6649,riya.das.813544,riya.das.813544@trendlytics.io,Riya,Das,2026-08-01 20:58:21.924496,luxury,1,mobile
6650,karan.das.c7ec29,karan.das.c7ec29@trendlytics.io,Karan,Das,2026-08-28 20:58:21.924496,luxury,0,desktop
6651,neha.patel.f26d74,neha.patel.f26d74@trendlytics.io,Neha,Patel,2026-08-12 20:58:21.924496,occasional,0,desktop
6652,neha.verma.f57680,neha.verma.f57680@trendlytics.io,Neha,Verma,2026-08-20 20:58:21.924496,trendsetter,0,tablet
6653,vikram.patel.cb016a,vikram.patel.cb016a@trendlytics.io,Vikram,Patel,2026-08-28 20:58:21.924496,luxury,1,mobile
6654,rohan.joshi.dedba3,rohan.joshi.dedba3@trendlytics.io,Rohan,Joshi,2026-08-29 20:58:21.924496,luxury,1,mobile
6655,aditya.mehta.bd3130,aditya.mehta.bd3130@trendlytics.io,Aditya,Mehta,2026-08-17 20:58:21.924496,budget,0,mobile
6656,meera.reddy.51aa5d,meera.reddy.51aa5d@trendlytics.io,Meera,Reddy,2026-08-21 20:58:21.924496,occasional,1,desktop
6657,arjun.singh.11f0a4,arjun.singh.11f0a4@trendlytics.io,Arjun,Singh,2026-08-07 20:58:21.924496,budget,0,mobile
6658,arjun.nair.3e5c02,arjun.nair.3e5c02@trendlytics.io,Arjun,Nair,2026-08-22 20:58:21.924496,occasional,0,desktop
6659,tanvi.mehta.ff381a,tanvi.mehta.ff381a@trendlytics.io,Tanvi,Mehta,2026-08-07 20:58:21.924496,trendsetter,0,mobile
6660,sneha.singh.7b79af,sneha.singh.7b79af@trendlytics.io,Sneha,Singh,2026-08-22 20:58:21.924496,trendsetter,0,mobile
6661,karan.joshi.d6424b,karan.joshi.d6424b@trendlytics.io,Karan,Joshi,2026-08-10 20:58:21.924496,occasional,0,desktop
6662,ananya.gupta.d79564,ananya.gupta.d79564@trendlytics.io,Ananya,Gupta,2026-08-26 20:58:21.924496,trendsetter,0,mobile
6663,meera.gupta.b05ea8,meera.gupta.b05ea8@trendlytics.io,Meera,Gupta,2026-08-22 20:58:21.924496,luxury,0,desktop
6664,kabir.nair.55fdad,kabir.nair.55fdad@trendlytics.io,Kabir,Nair,2026-08-01 20:58:21.924496,luxury,0,mobile
6665,sneha.joshi.71284e,sneha.joshi.71284e@trendlytics.io,Sneha,Joshi,2026-08-21 20:58:21.924496,luxury,1,mobile
6666,kabir.nair.4782c1,kabir.nair.4782c1@trendlytics.io,Kabir,Nair,2026-08-23 20:58:21.924496,budget,1,desktop
6667,aditya.patel.3a9a53,aditya.patel.3a9a53@trendlytics.io,Aditya,Patel,2026-08-28 20:58:21.924496,trendsetter,0,desktop
6668,aditya.reddy.19cc82,aditya.reddy.19cc82@trendlytics.io,Aditya,Reddy,2026-08-20 20:58:21.924496,budget,0,mobile
6669,tanvi.reddy.cd5dab,tanvi.reddy.cd5dab@trendlytics.io,Tanvi,Reddy,2026-08-04 20:58:21.924496,budget,0,mobile
6670,neha.sharma.750046,neha.sharma.750046@trendlytics.io,Neha,Sharma,2026-08-08 20:58:21.924496,occasional,0,mobile
6671,aarav.reddy.895a4e,aarav.reddy.895a4e@trendlytics.io,Aarav,Reddy,2026-08-13 20:58:21.924496,occasional,0,mobile
6672,arjun.chopra.afaa25,arjun.chopra.afaa25@trendlytics.io,Arjun,Chopra,2026-08-24 20:58:21.924496,budget,1,desktop
6673,meera.kapoor.873352,meera.kapoor.873352@trendlytics.io,Meera,Kapoor,2026-08-27 20:58:21.924496,trendsetter,0,mobile
6674,tanvi.patel.a3a217,tanvi.patel.a3a217@trendlytics.io,Tanvi,Patel,2026-08-09 20:58:21.924496,trendsetter,0,desktop
6675,meera.chopra.0e360f,meera.chopra.0e360f@trendlytics.io,Meera,Chopra,2026-08-27 20:58:21.924496,luxury,0,desktop
6676,priya.das.caa360,priya.das.caa360@trendlytics.io,Priya,Das,2026-08-20 20:58:21.924496,occasional,1,mobile
6677,rohan.sharma.7164cd,rohan.sharma.7164cd@trendlytics.io,Rohan,Sharma,2026-08-23 20:58:21.924496,trendsetter,0,mobile
6678,priya.verma.7746a8,priya.verma.7746a8@trendlytics.io,Priya,Verma,2026-08-04 20:58:21.924496,budget,0,mobile
6679,ananya.chopra.c96c84,ananya.chopra.c96c84@trendlytics.io,Ananya,Chopra,2026-08-21 20:58:21.924496,occasional,1,mobile
6680,pooja.singh.a375d5,pooja.singh.a375d5@trendlytics.io,Pooja,Singh,2026-08-26 20:58:21.924496,luxury,1,mobile
6681,rahul.reddy.c050ce,rahul.reddy.c050ce@trendlytics.io,Rahul,Reddy,2026-08-25 20:58:21.924496,trendsetter,1,mobile
6682,pooja.das.d6fc80,pooja.das.d6fc80@trendlytics.io,Pooja,Das,2026-08-02 20:58:21.924496,luxury,0,mobile
6683,kabir.kapoor.952039,kabir.kapoor.952039@trendlytics.io,Kabir,Kapoor,2026-08-29 20:58:21.924496,occasional,1,mobile
6684,rohan.joshi.26086b,rohan.joshi.26086b@trendlytics.io,Rohan,Joshi,2026-08-04 20:58:21.924496,trendsetter,0,tablet
6685,neha.joshi.ee70e9,neha.joshi.ee70e9@trendlytics.io,Neha,Joshi,2026-08-05 20:58:21.924496,trendsetter,1,mobile
6686,priya.iyer.6ecf50,priya.iyer.6ecf50@trendlytics.io,Priya,Iyer,2026-08-16 20:58:21.924496,trendsetter,0,mobile
6687,priya.mehta.e3c5e4,priya.mehta.e3c5e4@trendlytics.io,Priya,Mehta,2026-08-02 20:58:21.924496,budget,0,mobile
6688,aarav.sharma.7a3d48,aarav.sharma.7a3d48@trendlytics.io,Aarav,Sharma,2026-08-04 20:58:21.924496,trendsetter,1,mobile
6689,rahul.joshi.787e5a,rahul.joshi.787e5a@trendlytics.io,Rahul,Joshi,2026-08-06 20:58:21.924496,luxury,1,mobile
6690,meera.sen.b30a84,meera.sen.b30a84@trendlytics.io,Meera,Sen,2026-08-22 20:58:21.924496,trendsetter,0,desktop
6691,karan.das.646adc,karan.das.646adc@trendlytics.io,Karan,Das,2026-08-13 20:58:21.924496,budget,0,mobile
6692,aarav.verma.7dd0a5,aarav.verma.7dd0a5@trendlytics.io,Aarav,Verma,2026-08-23 20:58:21.924496,budget,1,desktop
6693,pooja.sen.04ee0c,pooja.sen.04ee0c@trendlytics.io,Pooja,Sen,2026-08-29 20:58:21.924496,occasional,0,mobile
6694,pooja.kapoor.d4861f,pooja.kapoor.d4861f@trendlytics.io,Pooja,Kapoor,2026-08-12 20:58:21.924496,trendsetter,0,mobile
6695,neha.verma.76ff6b,neha.verma.76ff6b@trendlytics.io,Neha,Verma,2026-08-09 20:58:21.924496,budget,0,mobile
6696,kabir.mehta.44a2a9,kabir.mehta.44a2a9@trendlytics.io,Kabir,Mehta,2026-08-13 20:58:21.924496,luxury,1,mobile
6697,pooja.iyer.7d0136,pooja.iyer.7d0136@trendlytics.io,Pooja,Iyer,2026-08-27 20:58:21.924496,luxury,0,mobile
6698,riya.sharma.02140b,riya.sharma.02140b@trendlytics.io,Riya,Sharma,2026-08-01 20:58:21.924496,luxury,0,mobile
6699,riya.joshi.7c4760,riya.joshi.7c4760@trendlytics.io,Riya,Joshi,2026-08-05 20:58:21.924496,trendsetter,1,mobile
6700,vikram.gupta.c4d923,vikram.gupta.c4d923@trendlytics.io,Vikram,Gupta,2026-08-06 20:58:21.924496,trendsetter,0,mobile
6701,rahul.gupta.7b48ec,rahul.gupta.7b48ec@trendlytics.io,Rahul,Gupta,2026-08-23 20:58:21.924496,trendsetter,0,mobile
6702,rohan.reddy.826c2e,rohan.reddy.826c2e@trendlytics.io,Rohan,Reddy,2026-08-28 20:58:21.924496,occasional,1,mobile
6703,riya.joshi.494520,riya.joshi.494520@trendlytics.io,Riya,Joshi,2026-08-11 20:58:21.924496,luxury,1,desktop
6704,arjun.verma.80f085,arjun.verma.80f085@trendlytics.io,Arjun,Verma,2026-08-27 20:58:21.924496,trendsetter,0,mobile
6705,karan.sharma.4ce3fa,karan.sharma.4ce3fa@trendlytics.io,Karan,Sharma,2026-08-11 20:58:21.924496,luxury,1,tablet
6706,pooja.patel.2f440f,pooja.patel.2f440f@trendlytics.io,Pooja,Patel,2026-08-29 20:58:21.924496,budget,0,mobile
6707,aditya.nair.55f5e9,aditya.nair.55f5e9@trendlytics.io,Aditya,Nair,2026-08-07 20:58:21.924496,trendsetter,0,mobile
6708,pooja.banerjee.062c63,pooja.banerjee.062c63@trendlytics.io,Pooja,Banerjee,2026-08-21 20:58:21.924496,occasional,0,mobile
6709,arjun.mehta.7a8eb0,arjun.mehta.7a8eb0@trendlytics.io,Arjun,Mehta,2026-08-29 20:58:21.924496,budget,0,mobile
6710,sneha.reddy.869c21,sneha.reddy.869c21@trendlytics.io,Sneha,Reddy,2026-08-28 20:58:21.924496,trendsetter,1,mobile
6711,pooja.mehta.83c9a1,pooja.mehta.83c9a1@trendlytics.io,Pooja,Mehta,2026-07-30 20:58:21.924496,occasional,1,mobile
6712,ananya.kapoor.79f61b,ananya.kapoor.79f61b@trendlytics.io,Ananya,Kapoor,2026-08-26 20:58:21.924496,trendsetter,1,mobile
6713,vikram.chopra.6f27cb,vikram.chopra.6f27cb@trendlytics.io,Vikram,Chopra,2026-08-10 20:58:21.924496,budget,0,desktop
6714,ananya.kapoor.708502,ananya.kapoor.708502@trendlytics.io,Ananya,Kapoor,2026-08-15 20:58:21.924496,luxury,0,desktop
6715,ananya.kapoor.ded690,ananya.kapoor.ded690@trendlytics.io,Ananya,Kapoor,2026-07-31 20:58:21.924496,budget,0,desktop
6716,rohan.kapoor.27e468,rohan.kapoor.27e468@trendlytics.io,Rohan,Kapoor,2026-08-01 20:58:21.924496,budget,1,mobile
6717,tanvi.banerjee.b5eb08,tanvi.banerjee.b5eb08@trendlytics.io,Tanvi,Banerjee,2026-08-17 20:58:21.924496,occasional,1,mobile
6718,karan.patel.a391cd,karan.patel.a391cd@trendlytics.io,Karan,Patel,2026-08-10 20:58:21.924496,budget,1,desktop
6719,kabir.sharma.f5751c,kabir.sharma.f5751c@trendlytics.io,Kabir,Sharma,2026-08-26 20:58:21.924496,occasional,1,mobile
6720,arjun.gupta.45e0bf,arjun.gupta.45e0bf@trendlytics.io,Arjun,Gupta,2026-08-21 20:58:21.924496,luxury,0,mobile
6721,riya.banerjee.c3dca6,riya.banerjee.c3dca6@trendlytics.io,Riya,Banerjee,2026-08-16 20:58:21.924496,trendsetter,1,tablet
6722,kabir.kapoor.b116dd,kabir.kapoor.b116dd@trendlytics.io,Kabir,Kapoor,2026-07-31 20:58:21.924496,trendsetter,0,mobile
6723,pooja.verma.6a24fd,pooja.verma.6a24fd@trendlytics.io,Pooja,Verma,2026-08-18 20:58:21.924496,occasional,1,mobile
6724,tanvi.singh.7cbf1c,tanvi.singh.7cbf1c@trendlytics.io,Tanvi,Singh,2026-08-01 20:58:21.924496,trendsetter,1,desktop
6725,karan.gupta.18e10a,karan.gupta.18e10a@trendlytics.io,Karan,Gupta,2026-08-03 20:58:21.924496,luxury,0,desktop
6726,rohan.gupta.8ddf9b,rohan.gupta.8ddf9b@trendlytics.io,Rohan,Gupta,2026-08-16 20:58:21.924496,budget,0,mobile
6727,kabir.iyer.c61193,kabir.iyer.c61193@trendlytics.io,Kabir,Iyer,2026-08-23 20:58:21.924496,occasional,0,mobile
6728,sneha.sen.b74fbb,sneha.sen.b74fbb@trendlytics.io,Sneha,Sen,2026-08-14 20:58:21.924496,budget,1,mobile
6729,ananya.singh.9ac3cd,ananya.singh.9ac3cd@trendlytics.io,Ananya,Singh,2026-08-11 20:58:21.924496,occasional,1,mobile
6730,rohan.nair.0f42cd,rohan.nair.0f42cd@trendlytics.io,Rohan,Nair,2026-08-15 20:58:21.924496,budget,1,mobile
6731,sneha.sen.e6f920,sneha.sen.e6f920@trendlytics.io,Sneha,Sen,2026-07-30 20:58:21.924496,budget,0,mobile
6732,meera.das.6fbb54,meera.das.6fbb54@trendlytics.io,Meera,Das,2026-08-12 20:58:21.924496,luxury,0,mobile
6733,vikram.patel.745c36,vikram.patel.745c36@trendlytics.io,Vikram,Patel,2026-08-16 20:58:21.924496,budget,1,mobile
6734,ananya.chopra.c9da65,ananya.chopra.c9da65@trendlytics.io,Ananya,Chopra,2026-08-12 20:58:21.924496,budget,0,desktop
6735,aarav.banerjee.983ff0,aarav.banerjee.983ff0@trendlytics.io,Aarav,Banerjee,2026-08-08 20:58:21.924496,occasional,0,mobile
6736,karan.chopra.ef18a1,karan.chopra.ef18a1@trendlytics.io,Karan,Chopra,2026-08-03 20:58:21.924496,occasional,0,mobile
6737,rohan.banerjee.37d31f,rohan.banerjee.37d31f@trendlytics.io,Rohan,Banerjee,2026-08-23 20:58:21.924496,budget,1,desktop
6738,sneha.nair.4d633b,sneha.nair.4d633b@trendlytics.io,Sneha,Nair,2026-08-26 20:58:21.924496,trendsetter,1,mobile
6739,priya.joshi.6d4bc3,priya.joshi.6d4bc3@trendlytics.io,Priya,Joshi,2026-08-21 20:58:21.924496,luxury,0,desktop
6740,arjun.mehta.c456dd,arjun.mehta.c456dd@trendlytics.io,Arjun,Mehta,2026-08-23 20:58:21.924496,luxury,0,desktop
6741,karan.joshi.4518b3,karan.joshi.4518b3@trendlytics.io,Karan,Joshi,2026-08-18 20:58:21.924496,occasional,0,mobile
6742,vikram.iyer.20860e,vikram.iyer.20860e@trendlytics.io,Vikram,Iyer,2026-08-24 20:58:21.924496,luxury,1,mobile
6743,rahul.singh.b9083b,rahul.singh.b9083b@trendlytics.io,Rahul,Singh,2026-08-19 20:58:21.924496,budget,1,mobile
6744,aditya.banerjee.16a6b8,aditya.banerjee.16a6b8@trendlytics.io,Aditya,Banerjee,2026-08-01 20:58:21.924496,trendsetter,1,mobile
6745,pooja.verma.e3fe6f,pooja.verma.e3fe6f@trendlytics.io,Pooja,Verma,2026-08-09 20:58:21.924496,trendsetter,1,tablet
6746,sneha.nair.69afc3,sneha.nair.69afc3@trendlytics.io,Sneha,Nair,2026-08-05 20:58:21.924496,luxury,1,mobile
6747,karan.reddy.d8fcf5,karan.reddy.d8fcf5@trendlytics.io,Karan,Reddy,2026-08-25 20:58:21.924496,luxury,0,desktop
6748,sneha.sen.abc18d,sneha.sen.abc18d@trendlytics.io,Sneha,Sen,2026-08-08 20:58:21.924496,trendsetter,0,desktop
6749,kabir.gupta.10fc3f,kabir.gupta.10fc3f@trendlytics.io,Kabir,Gupta,2026-07-31 20:58:21.924496,occasional,0,mobile
6750,neha.sen.0d6209,neha.sen.0d6209@trendlytics.io,Neha,Sen,2026-08-20 20:58:21.924496,occasional,0,desktop
6751,arjun.banerjee.a6615f,arjun.banerjee.a6615f@trendlytics.io,Arjun,Banerjee,2026-08-12 20:58:21.924496,occasional,1,desktop
6752,arjun.sharma.81242f,arjun.sharma.81242f@trendlytics.io,Arjun,Sharma,2026-08-06 20:58:21.924496,luxury,0,mobile
6753,aarav.gupta.8310c8,aarav.gupta.8310c8@trendlytics.io,Aarav,Gupta,2026-08-25 20:58:21.924496,budget,0,mobile
6754,neha.gupta.fbaf1e,neha.gupta.fbaf1e@trendlytics.io,Neha,Gupta,2026-08-09 20:58:21.924496,trendsetter,0,mobile
6755,vikram.gupta.f0f7be,vikram.gupta.f0f7be@trendlytics.io,Vikram,Gupta,2026-08-25 20:58:21.924496,occasional,0,mobile
6756,ananya.singh.287400,ananya.singh.287400@trendlytics.io,Ananya,Singh,2026-08-23 20:58:21.924496,budget,1,mobile
6757,pooja.nair.f212c6,pooja.nair.f212c6@trendlytics.io,Pooja,Nair,2026-07-31 20:58:21.924496,trendsetter,1,mobile
6758,karan.sen.776bd5,karan.sen.776bd5@trendlytics.io,Karan,Sen,2026-08-15 20:58:21.924496,budget,0,mobile
6759,sneha.singh.2ab67e,sneha.singh.2ab67e@trendlytics.io,Sneha,Singh,2026-08-09 20:58:21.924496,luxury,0,mobile
6760,karan.singh.621e42,karan.singh.621e42@trendlytics.io,Karan,Singh,2026-08-22 20:58:21.924496,budget,1,mobile
6761,rahul.chopra.0b99ff,rahul.chopra.0b99ff@trendlytics.io,Rahul,Chopra,2026-08-02 20:58:21.924496,budget,1,desktop
6762,aarav.kapoor.028d77,aarav.kapoor.028d77@trendlytics.io,Aarav,Kapoor,2026-08-21 20:58:21.924496,budget,1,mobile
6763,riya.patel.d1efd4,riya.patel.d1efd4@trendlytics.io,Riya,Patel,2026-08-01 20:58:21.924496,trendsetter,0,desktop
6764,karan.kapoor.57027e,karan.kapoor.57027e@trendlytics.io,Karan,Kapoor,2026-08-29 20:58:21.924496,trendsetter,0,mobile
6765,vikram.singh.93cd33,vikram.singh.93cd33@trendlytics.io,Vikram,Singh,2026-08-04 20:58:21.924496,budget,1,mobile
6766,meera.joshi.fa930b,meera.joshi.fa930b@trendlytics.io,Meera,Joshi,2026-08-08 20:58:21.924496,trendsetter,0,mobile
6767,meera.das.c4c23c,meera.das.c4c23c@trendlytics.io,Meera,Das,2026-08-16 20:58:21.924496,occasional,1,mobile
6768,aditya.iyer.4c9ed2,aditya.iyer.4c9ed2@trendlytics.io,Aditya,Iyer,2026-08-08 20:58:21.924496,luxury,0,mobile
6769,aarav.das.2bf743,aarav.das.2bf743@trendlytics.io,Aarav,Das,2026-07-30 20:58:21.924496,luxury,0,mobile
6770,pooja.mehta.35127e,pooja.mehta.35127e@trendlytics.io,Pooja,Mehta,2026-08-13 20:58:21.924496,budget,0,mobile
6771,arjun.chopra.0b4d79,arjun.chopra.0b4d79@trendlytics.io,Arjun,Chopra,2026-08-02 20:58:21.924496,occasional,1,desktop
6772,arjun.sen.ebeafd,arjun.sen.ebeafd@trendlytics.io,Arjun,Sen,2026-08-25 20:58:21.924496,occasional,0,tablet
6773,ananya.verma.879e51,ananya.verma.879e51@trendlytics.io,Ananya,Verma,2026-08-23 20:58:21.924496,occasional,0,mobile
6774,neha.verma.746f7b,neha.verma.746f7b@trendlytics.io,Neha,Verma,2026-08-22 20:58:21.924496,budget,0,mobile
6775,ananya.patel.7fbd93,ananya.patel.7fbd93@trendlytics.io,Ananya,Patel,2026-08-02 20:58:21.924496,trendsetter,0,mobile
6776,aarav.singh.02e27e,aarav.singh.02e27e@trendlytics.io,Aarav,Singh,2026-08-17 20:58:21.924496,occasional,1,tablet
6777,vikram.mehta.8b4a91,vikram.mehta.8b4a91@trendlytics.io,Vikram,Mehta,2026-08-29 20:58:21.924496,luxury,1,mobile
6778,arjun.singh.8200c6,arjun.singh.8200c6@trendlytics.io,Arjun,Singh,2026-08-09 20:58:21.924496,occasional,0,mobile
6779,riya.verma.40ed8a,riya.verma.40ed8a@trendlytics.io,Riya,Verma,2026-08-23 20:58:21.924496,occasional,0,desktop
6780,kabir.banerjee.327689,kabir.banerjee.327689@trendlytics.io,Kabir,Banerjee,2026-08-07 20:58:21.924496,occasional,1,desktop
6781,arjun.sen.ec4100,arjun.sen.ec4100@trendlytics.io,Arjun,Sen,2026-08-13 20:58:21.924496,luxury,0,mobile
6782,kabir.banerjee.0cef3c,kabir.banerjee.0cef3c@trendlytics.io,Kabir,Banerjee,2026-08-24 20:58:21.924496,budget,0,mobile
6783,neha.sen.a1eaa7,neha.sen.a1eaa7@trendlytics.io,Neha,Sen,2026-08-10 20:58:21.924496,luxury,1,desktop
6784,rahul.gupta.54ac44,rahul.gupta.54ac44@trendlytics.io,Rahul,Gupta,2026-08-22 20:58:21.924496,budget,0,mobile
6785,riya.verma.20db7a,riya.verma.20db7a@trendlytics.io,Riya,Verma,2026-08-21 20:58:21.924496,luxury,1,mobile
6786,kabir.das.1250ef,kabir.das.1250ef@trendlytics.io,Kabir,Das,2026-08-24 20:58:21.924496,occasional,0,mobile
6787,rahul.kapoor.82cd02,rahul.kapoor.82cd02@trendlytics.io,Rahul,Kapoor,2026-08-03 20:58:21.924496,luxury,1,mobile
6788,karan.patel.3255bf,karan.patel.3255bf@trendlytics.io,Karan,Patel,2026-08-09 20:58:21.924496,budget,0,desktop
6789,rohan.reddy.779d03,rohan.reddy.779d03@trendlytics.io,Rohan,Reddy,2026-08-29 20:58:21.924496,budget,0,mobile
6790,ananya.singh.8b45f4,ananya.singh.8b45f4@trendlytics.io,Ananya,Singh,2026-08-28 20:58:21.924496,luxury,1,desktop
6791,aditya.chopra.490ff2,aditya.chopra.490ff2@trendlytics.io,Aditya,Chopra,2026-08-25 20:58:21.924496,occasional,0,mobile
6792,vikram.nair.d84464,vikram.nair.d84464@trendlytics.io,Vikram,Nair,2026-08-19 20:58:21.924496,luxury,0,desktop
6793,tanvi.gupta.fd3ff0,tanvi.gupta.fd3ff0@trendlytics.io,Tanvi,Gupta,2026-08-11 20:58:21.924496,budget,0,tablet
6794,kabir.sharma.d601cf,kabir.sharma.d601cf@trendlytics.io,Kabir,Sharma,2026-08-26 20:58:21.924496,luxury,0,mobile
6795,priya.reddy.463e48,priya.reddy.463e48@trendlytics.io,Priya,Reddy,2026-08-16 20:58:21.924496,luxury,0,desktop
6796,rahul.joshi.3c1909,rahul.joshi.3c1909@trendlytics.io,Rahul,Joshi,2026-08-02 20:58:21.924496,trendsetter,1,mobile
6797,meera.kapoor.a45c37,meera.kapoor.a45c37@trendlytics.io,Meera,Kapoor,2026-08-10 20:58:21.924496,budget,0,mobile
6798,tanvi.iyer.545441,tanvi.iyer.545441@trendlytics.io,Tanvi,Iyer,2026-08-14 20:58:21.924496,trendsetter,1,desktop
6799,meera.sen.1b293b,meera.sen.1b293b@trendlytics.io,Meera,Sen,2026-08-12 20:58:21.924496,luxury,1,mobile
6800,vikram.sharma.bcb285,vikram.sharma.bcb285@trendlytics.io,Vikram,Sharma,2026-08-29 20:58:21.924496,trendsetter,0,mobile
6801,neha.das.21b3ed,neha.das.21b3ed@trendlytics.io,Neha,Das,2026-08-13 20:58:21.924496,occasional,1,mobile
6802,tanvi.iyer.89a331,tanvi.iyer.89a331@trendlytics.io,Tanvi,Iyer,2026-08-13 20:58:21.924496,budget,0,mobile
6803,aditya.reddy.9c13a8,aditya.reddy.9c13a8@trendlytics.io,Aditya,Reddy,2026-08-15 20:58:21.924496,occasional,0,mobile
6804,neha.mehta.3d2bfd,neha.mehta.3d2bfd@trendlytics.io,Neha,Mehta,2026-08-18 20:58:21.924496,budget,0,mobile
6805,aarav.joshi.9a406a,aarav.joshi.9a406a@trendlytics.io,Aarav,Joshi,2026-08-26 20:58:21.924496,luxury,1,mobile
6806,rohan.banerjee.c59e87,rohan.banerjee.c59e87@trendlytics.io,Rohan,Banerjee,2026-08-10 20:58:21.924496,occasional,0,desktop
6807,vikram.gupta.9f8fd4,vikram.gupta.9f8fd4@trendlytics.io,Vikram,Gupta,2026-08-11 20:58:21.924496,occasional,0,mobile
6808,pooja.banerjee.9f16cd,pooja.banerjee.9f16cd@trendlytics.io,Pooja,Banerjee,2026-08-17 20:58:21.924496,occasional,0,desktop
6809,meera.sharma.011370,meera.sharma.011370@trendlytics.io,Meera,Sharma,2026-08-07 20:58:21.924496,trendsetter,0,mobile
6810,kabir.reddy.aeef0a,kabir.reddy.aeef0a@trendlytics.io,Kabir,Reddy,2026-08-06 20:58:21.924496,occasional,1,mobile
6811,arjun.iyer.4f32cc,arjun.iyer.4f32cc@trendlytics.io,Arjun,Iyer,2026-08-18 20:58:21.924496,budget,0,mobile
6812,karan.mehta.26f52e,karan.mehta.26f52e@trendlytics.io,Karan,Mehta,2026-08-23 20:58:21.924496,occasional,1,mobile
6813,kabir.banerjee.54a391,kabir.banerjee.54a391@trendlytics.io,Kabir,Banerjee,2026-08-04 20:58:21.924496,budget,0,desktop
6814,arjun.chopra.bc95bb,arjun.chopra.bc95bb@trendlytics.io,Arjun,Chopra,2026-08-02 20:58:21.924496,trendsetter,1,mobile
6815,meera.sen.702fdf,meera.sen.702fdf@trendlytics.io,Meera,Sen,2026-08-02 20:58:21.924496,occasional,1,mobile
6816,karan.kapoor.9069a1,karan.kapoor.9069a1@trendlytics.io,Karan,Kapoor,2026-08-11 20:58:21.924496,occasional,1,mobile
6817,vikram.joshi.9947de,vikram.joshi.9947de@trendlytics.io,Vikram,Joshi,2026-08-02 20:58:21.924496,trendsetter,0,desktop
6818,sneha.mehta.f6ac8b,sneha.mehta.f6ac8b@trendlytics.io,Sneha,Mehta,2026-08-08 20:58:21.924496,occasional,1,desktop
6819,meera.reddy.214a27,meera.reddy.214a27@trendlytics.io,Meera,Reddy,2026-08-28 20:58:21.924496,trendsetter,1,mobile
6820,vikram.reddy.52d0a0,vikram.reddy.52d0a0@trendlytics.io,Vikram,Reddy,2026-08-06 20:58:21.924496,luxury,0,mobile
6821,kabir.patel.fa1543,kabir.patel.fa1543@trendlytics.io,Kabir,Patel,2026-08-08 20:58:21.924496,budget,1,desktop
6822,riya.patel.d6514b,riya.patel.d6514b@trendlytics.io,Riya,Patel,2026-08-09 20:58:21.924496,trendsetter,1,mobile
6823,rohan.chopra.48c098,rohan.chopra.48c098@trendlytics.io,Rohan,Chopra,2026-08-26 20:58:21.924496,occasional,0,mobile
6824,aarav.nair.b855a3,aarav.nair.b855a3@trendlytics.io,Aarav,Nair,2026-08-28 20:58:21.924496,trendsetter,0,desktop
6825,kabir.singh.f8a802,kabir.singh.f8a802@trendlytics.io,Kabir,Singh,2026-08-26 20:58:21.924496,budget,1,desktop
6826,karan.mehta.08c121,karan.mehta.08c121@trendlytics.io,Karan,Mehta,2026-08-02 20:58:21.924496,trendsetter,0,desktop
6827,vikram.sharma.13b283,vikram.sharma.13b283@trendlytics.io,Vikram,Sharma,2026-08-18 20:58:21.924496,trendsetter,0,mobile
6828,tanvi.nair.1dde9f,tanvi.nair.1dde9f@trendlytics.io,Tanvi,Nair,2026-08-05 20:58:21.924496,budget,0,mobile
6829,karan.sharma.800fbe,karan.sharma.800fbe@trendlytics.io,Karan,Sharma,2026-08-24 20:58:21.924496,budget,0,mobile
6830,kabir.singh.8a775a,kabir.singh.8a775a@trendlytics.io,Kabir,Singh,2026-08-14 20:58:21.924496,occasional,1,desktop
6831,kabir.gupta.d08e31,kabir.gupta.d08e31@trendlytics.io,Kabir,Gupta,2026-08-19 20:58:21.924496,occasional,1,mobile
6832,kabir.verma.c1ebf6,kabir.verma.c1ebf6@trendlytics.io,Kabir,Verma,2026-08-01 20:58:21.924496,trendsetter,1,mobile
6833,tanvi.mehta.20b3aa,tanvi.mehta.20b3aa@trendlytics.io,Tanvi,Mehta,2026-08-18 20:58:21.924496,budget,0,mobile
6834,karan.singh.23ab21,karan.singh.23ab21@trendlytics.io,Karan,Singh,2026-08-16 20:58:21.924496,trendsetter,1,mobile
6835,tanvi.sharma.29ff54,tanvi.sharma.29ff54@trendlytics.io,Tanvi,Sharma,2026-08-26 20:58:21.924496,occasional,0,mobile
6836,meera.sharma.927b2b,meera.sharma.927b2b@trendlytics.io,Meera,Sharma,2026-08-28 20:58:21.924496,trendsetter,0,desktop
6837,aarav.singh.843475,aarav.singh.843475@trendlytics.io,Aarav,Singh,2026-08-19 20:58:21.924496,budget,0,mobile
6838,aarav.banerjee.29f69c,aarav.banerjee.29f69c@trendlytics.io,Aarav,Banerjee,2026-08-28 20:58:21.924496,trendsetter,1,mobile
6839,aarav.nair.3da524,aarav.nair.3da524@trendlytics.io,Aarav,Nair,2026-08-06 20:58:21.924496,occasional,0,mobile
6840,priya.verma.f10403,priya.verma.f10403@trendlytics.io,Priya,Verma,2026-08-07 20:58:21.924496,luxury,1,desktop
6841,vikram.mehta.ca73d0,vikram.mehta.ca73d0@trendlytics.io,Vikram,Mehta,2026-08-16 20:58:21.924496,occasional,1,mobile
6842,rohan.sharma.2709a9,rohan.sharma.2709a9@trendlytics.io,Rohan,Sharma,2026-08-29 20:58:21.924496,trendsetter,0,mobile
6843,rohan.sen.979020,rohan.sen.979020@trendlytics.io,Rohan,Sen,2026-07-31 20:58:21.924496,budget,1,mobile
6844,karan.sharma.fa2620,karan.sharma.fa2620@trendlytics.io,Karan,Sharma,2026-08-26 20:58:21.924496,luxury,0,mobile
6845,arjun.iyer.91640e,arjun.iyer.91640e@trendlytics.io,Arjun,Iyer,2026-08-15 20:58:21.924496,trendsetter,0,mobile
6846,kabir.nair.2a15e5,kabir.nair.2a15e5@trendlytics.io,Kabir,Nair,2026-08-11 20:58:21.924496,occasional,0,desktop
6847,vikram.patel.5b2cca,vikram.patel.5b2cca@trendlytics.io,Vikram,Patel,2026-08-10 20:58:21.924496,luxury,0,desktop
6848,aditya.das.6d96b1,aditya.das.6d96b1@trendlytics.io,Aditya,Das,2026-08-28 20:58:21.924496,occasional,1,desktop
6849,vikram.verma.23cb8e,vikram.verma.23cb8e@trendlytics.io,Vikram,Verma,2026-08-14 20:58:21.924496,trendsetter,0,tablet
6850,arjun.sharma.79e2af,arjun.sharma.79e2af@trendlytics.io,Arjun,Sharma,2026-08-24 20:58:21.924496,luxury,1,tablet
6851,neha.sharma.437565,neha.sharma.437565@trendlytics.io,Neha,Sharma,2026-08-01 20:58:21.924496,occasional,1,desktop
6852,tanvi.iyer.fec459,tanvi.iyer.fec459@trendlytics.io,Tanvi,Iyer,2026-08-29 20:58:21.924496,occasional,0,mobile
6853,riya.patel.cbf2fe,riya.patel.cbf2fe@trendlytics.io,Riya,Patel,2026-08-13 20:58:21.924496,budget,1,desktop
6854,neha.iyer.58c401,neha.iyer.58c401@trendlytics.io,Neha,Iyer,2026-08-16 20:58:21.924496,trendsetter,1,mobile
6855,rahul.patel.863fdd,rahul.patel.863fdd@trendlytics.io,Rahul,Patel,2026-08-29 20:58:21.924496,trendsetter,0,mobile
6856,ananya.singh.2bf11d,ananya.singh.2bf11d@trendlytics.io,Ananya,Singh,2026-08-16 20:58:21.924496,trendsetter,1,desktop
6857,tanvi.gupta.558b44,tanvi.gupta.558b44@trendlytics.io,Tanvi,Gupta,2026-08-18 20:58:21.924496,budget,1,mobile
6858,aarav.iyer.95c7b1,aarav.iyer.95c7b1@trendlytics.io,Aarav,Iyer,2026-08-14 20:58:21.924496,luxury,0,mobile
6859,arjun.sharma.812ba7,arjun.sharma.812ba7@trendlytics.io,Arjun,Sharma,2026-08-04 20:58:21.924496,trendsetter,0,mobile
6860,sneha.das.29c240,sneha.das.29c240@trendlytics.io,Sneha,Das,2026-08-24 20:58:21.924496,occasional,0,desktop
6861,riya.verma.e9b324,riya.verma.e9b324@trendlytics.io,Riya,Verma,2026-08-19 20:58:21.924496,occasional,1,mobile
6862,karan.verma.aad31c,karan.verma.aad31c@trendlytics.io,Karan,Verma,2026-08-25 20:58:21.924496,budget,0,desktop
6863,rohan.banerjee.a04a8f,rohan.banerjee.a04a8f@trendlytics.io,Rohan,Banerjee,2026-08-08 20:58:21.924496,trendsetter,1,mobile
6864,arjun.verma.94c0fe,arjun.verma.94c0fe@trendlytics.io,Arjun,Verma,2026-07-31 20:58:21.924496,luxury,1,desktop
6865,kabir.iyer.5b0345,kabir.iyer.5b0345@trendlytics.io,Kabir,Iyer,2026-08-12 20:58:21.924496,budget,0,mobile
6866,riya.chopra.faadaf,riya.chopra.faadaf@trendlytics.io,Riya,Chopra,2026-08-01 20:58:21.924496,occasional,0,mobile
6867,rohan.banerjee.30dbc4,rohan.banerjee.30dbc4@trendlytics.io,Rohan,Banerjee,2026-08-20 20:58:21.924496,budget,0,mobile
6868,neha.iyer.b5698e,neha.iyer.b5698e@trendlytics.io,Neha,Iyer,2026-08-12 20:58:21.924496,trendsetter,0,mobile
6869,sneha.sen.206978,sneha.sen.206978@trendlytics.io,Sneha,Sen,2026-08-20 20:58:21.924496,trendsetter,0,mobile
6870,aditya.singh.e54733,aditya.singh.e54733@trendlytics.io,Aditya,Singh,2026-08-12 20:58:21.924496,occasional,1,desktop
6871,ananya.reddy.19b18f,ananya.reddy.19b18f@trendlytics.io,Ananya,Reddy,2026-08-19 20:58:21.924496,budget,0,mobile
6872,priya.chopra.7adb48,priya.chopra.7adb48@trendlytics.io,Priya,Chopra,2026-08-09 20:58:21.924496,luxury,0,mobile
6873,neha.mehta.199272,neha.mehta.199272@trendlytics.io,Neha,Mehta,2026-07-30 20:58:21.924496,trendsetter,0,desktop
6874,aarav.verma.a46c9b,aarav.verma.a46c9b@trendlytics.io,Aarav,Verma,2026-08-02 20:58:21.924496,luxury,0,mobile
6875,tanvi.das.f32fc7,tanvi.das.f32fc7@trendlytics.io,Tanvi,Das,2026-08-23 20:58:21.924496,occasional,1,mobile
6876,neha.chopra.0ff674,neha.chopra.0ff674@trendlytics.io,Neha,Chopra,2026-08-07 20:58:21.924496,luxury,1,mobile
6877,ananya.reddy.c272d5,ananya.reddy.c272d5@trendlytics.io,Ananya,Reddy,2026-08-16 20:58:21.924496,budget,0,desktop
6878,kabir.reddy.1113f1,kabir.reddy.1113f1@trendlytics.io,Kabir,Reddy,2026-08-21 20:58:21.924496,occasional,0,mobile
6879,vikram.nair.d4339c,vikram.nair.d4339c@trendlytics.io,Vikram,Nair,2026-08-13 20:58:21.924496,trendsetter,1,mobile
6880,kabir.iyer.a262dd,kabir.iyer.a262dd@trendlytics.io,Kabir,Iyer,2026-08-25 20:58:21.924496,occasional,0,desktop
6881,karan.mehta.50585f,karan.mehta.50585f@trendlytics.io,Karan,Mehta,2026-08-05 20:58:21.924496,luxury,0,mobile
6882,neha.mehta.4a8c87,neha.mehta.4a8c87@trendlytics.io,Neha,Mehta,2026-08-10 20:58:21.924496,budget,0,mobile
6883,aarav.singh.f47548,aarav.singh.f47548@trendlytics.io,Aarav,Singh,2026-08-20 20:58:21.924496,luxury,1,mobile
6884,riya.sen.8312a2,riya.sen.8312a2@trendlytics.io,Riya,Sen,2026-08-16 20:58:21.924496,trendsetter,1,mobile
6885,arjun.mehta.ca694a,arjun.mehta.ca694a@trendlytics.io,Arjun,Mehta,2026-08-23 20:58:21.924496,occasional,1,mobile
6886,ananya.chopra.44c6c1,ananya.chopra.44c6c1@trendlytics.io,Ananya,Chopra,2026-08-16 20:58:21.924496,budget,1,tablet
6887,meera.gupta.1f8262,meera.gupta.1f8262@trendlytics.io,Meera,Gupta,2026-08-25 20:58:21.924496,luxury,0,desktop
6888,vikram.das.0e7ee9,vikram.das.0e7ee9@trendlytics.io,Vikram,Das,2026-08-08 20:58:21.924496,occasional,1,desktop
6889,aditya.sharma.1ea082,aditya.sharma.1ea082@trendlytics.io,Aditya,Sharma,2026-07-31 20:58:21.924496,trendsetter,0,mobile
6890,sneha.verma.ef1fdb,sneha.verma.ef1fdb@trendlytics.io,Sneha,Verma,2026-08-15 20:58:21.924496,luxury,0,mobile
6891,sneha.iyer.7abf32,sneha.iyer.7abf32@trendlytics.io,Sneha,Iyer,2026-08-25 20:58:21.924496,trendsetter,1,mobile
6892,aarav.singh.0c3bec,aarav.singh.0c3bec@trendlytics.io,Aarav,Singh,2026-08-29 20:58:21.924496,luxury,1,mobile
6893,rahul.mehta.6b745d,rahul.mehta.6b745d@trendlytics.io,Rahul,Mehta,2026-08-13 20:58:21.924496,occasional,0,mobile
6894,sneha.singh.391dbf,sneha.singh.391dbf@trendlytics.io,Sneha,Singh,2026-08-09 20:58:21.924496,budget,1,mobile
6895,priya.verma.e62547,priya.verma.e62547@trendlytics.io,Priya,Verma,2026-08-16 20:58:21.924496,luxury,1,mobile
6896,pooja.banerjee.d1eedb,pooja.banerjee.d1eedb@trendlytics.io,Pooja,Banerjee,2026-08-19 20:58:21.924496,trendsetter,0,desktop
6897,aarav.singh.067677,aarav.singh.067677@trendlytics.io,Aarav,Singh,2026-08-17 20:58:21.924496,luxury,0,mobile
6898,neha.banerjee.8eb0ab,neha.banerjee.8eb0ab@trendlytics.io,Neha,Banerjee,2026-07-30 20:58:21.924496,occasional,1,mobile
6899,pooja.nair.f13c09,pooja.nair.f13c09@trendlytics.io,Pooja,Nair,2026-08-25 20:58:21.924496,luxury,0,mobile
6900,rohan.joshi.6d0a5e,rohan.joshi.6d0a5e@trendlytics.io,Rohan,Joshi,2026-08-11 20:58:21.924496,trendsetter,0,mobile
6901,vikram.das.adb559,vikram.das.adb559@trendlytics.io,Vikram,Das,2026-08-25 20:58:21.924496,occasional,0,mobile
6902,rahul.das.625ba2,rahul.das.625ba2@trendlytics.io,Rahul,Das,2026-08-14 20:58:21.924496,budget,1,desktop
6903,pooja.chopra.4369f1,pooja.chopra.4369f1@trendlytics.io,Pooja,Chopra,2026-08-04 20:58:21.924496,occasional,1,mobile
6904,rahul.gupta.30b17d,rahul.gupta.30b17d@trendlytics.io,Rahul,Gupta,2026-08-18 20:58:21.924496,budget,1,mobile
6905,karan.iyer.d257d5,karan.iyer.d257d5@trendlytics.io,Karan,Iyer,2026-08-24 20:58:21.924496,trendsetter,0,mobile
6906,tanvi.singh.a0ff66,tanvi.singh.a0ff66@trendlytics.io,Tanvi,Singh,2026-08-29 20:58:21.924496,luxury,0,mobile
6907,riya.iyer.ffadf2,riya.iyer.ffadf2@trendlytics.io,Riya,Iyer,2026-08-18 20:58:21.924496,budget,1,mobile
6908,pooja.joshi.538fc3,pooja.joshi.538fc3@trendlytics.io,Pooja,Joshi,2026-08-24 20:58:21.924496,trendsetter,0,desktop
6909,neha.verma.ce2287,neha.verma.ce2287@trendlytics.io,Neha,Verma,2026-08-25 20:58:21.924496,trendsetter,0,desktop
6910,karan.kapoor.4c6920,karan.kapoor.4c6920@trendlytics.io,Karan,Kapoor,2026-08-18 20:58:21.924496,budget,0,mobile
6911,vikram.mehta.49bb56,vikram.mehta.49bb56@trendlytics.io,Vikram,Mehta,2026-08-01 20:58:21.924496,trendsetter,0,mobile
6912,neha.verma.af6128,neha.verma.af6128@trendlytics.io,Neha,Verma,2026-08-06 20:58:21.924496,occasional,0,mobile
6913,sneha.nair.d460f9,sneha.nair.d460f9@trendlytics.io,Sneha,Nair,2026-08-21 20:58:21.924496,occasional,0,mobile
6914,meera.kapoor.7a7a68,meera.kapoor.7a7a68@trendlytics.io,Meera,Kapoor,2026-08-17 20:58:21.924496,budget,0,mobile
6915,rahul.chopra.15ad5f,rahul.chopra.15ad5f@trendlytics.io,Rahul,Chopra,2026-08-22 20:58:21.924496,budget,0,mobile
6916,sneha.patel.e03870,sneha.patel.e03870@trendlytics.io,Sneha,Patel,2026-08-13 20:58:21.924496,trendsetter,0,tablet
6917,pooja.reddy.ab840e,pooja.reddy.ab840e@trendlytics.io,Pooja,Reddy,2026-08-27 20:58:21.924496,occasional,0,mobile
6918,riya.singh.36df1e,riya.singh.36df1e@trendlytics.io,Riya,Singh,2026-08-04 20:58:21.924496,occasional,0,desktop
6919,karan.reddy.16e3ee,karan.reddy.16e3ee@trendlytics.io,Karan,Reddy,2026-08-16 20:58:21.924496,trendsetter,1,mobile
6920,aditya.chopra.50074a,aditya.chopra.50074a@trendlytics.io,Aditya,Chopra,2026-08-22 20:58:21.924496,budget,0,mobile
6921,neha.verma.ccbc00,neha.verma.ccbc00@trendlytics.io,Neha,Verma,2026-08-21 20:58:21.924496,trendsetter,1,desktop
6922,rohan.reddy.771f56,rohan.reddy.771f56@trendlytics.io,Rohan,Reddy,2026-08-05 20:58:21.924496,occasional,0,desktop
6923,neha.singh.f655c2,neha.singh.f655c2@trendlytics.io,Neha,Singh,2026-08-19 20:58:21.924496,budget,0,desktop
6924,vikram.sen.3ffe55,vikram.sen.3ffe55@trendlytics.io,Vikram,Sen,2026-08-18 20:58:21.924496,luxury,1,desktop
6925,rohan.sen.5f6d8f,rohan.sen.5f6d8f@trendlytics.io,Rohan,Sen,2026-08-02 20:58:21.924496,budget,1,mobile
6926,priya.joshi.e5dc1b,priya.joshi.e5dc1b@trendlytics.io,Priya,Joshi,2026-08-18 20:58:21.924496,occasional,0,mobile
6927,karan.joshi.734f37,karan.joshi.734f37@trendlytics.io,Karan,Joshi,2026-08-23 20:58:21.924496,luxury,0,desktop
6928,sneha.das.bc53cd,sneha.das.bc53cd@trendlytics.io,Sneha,Das,2026-08-02 20:58:21.924496,luxury,1,desktop
6929,kabir.sharma.2014c7,kabir.sharma.2014c7@trendlytics.io,Kabir,Sharma,2026-08-02 20:58:21.924496,trendsetter,0,mobile
6930,neha.sharma.3a9902,neha.sharma.3a9902@trendlytics.io,Neha,Sharma,2026-08-28 20:58:21.924496,budget,0,mobile
6931,kabir.chopra.c8855b,kabir.chopra.c8855b@trendlytics.io,Kabir,Chopra,2026-08-10 20:58:21.924496,budget,1,mobile
6932,rohan.verma.3a45b4,rohan.verma.3a45b4@trendlytics.io,Rohan,Verma,2026-08-08 20:58:21.924496,trendsetter,0,mobile
6933,arjun.iyer.bcf022,arjun.iyer.bcf022@trendlytics.io,Arjun,Iyer,2026-08-03 20:58:21.924496,trendsetter,1,mobile
6934,pooja.joshi.0d8344,pooja.joshi.0d8344@trendlytics.io,Pooja,Joshi,2026-08-29 20:58:21.924496,occasional,1,desktop
6935,vikram.iyer.c6b748,vikram.iyer.c6b748@trendlytics.io,Vikram,Iyer,2026-07-30 20:58:21.924496,occasional,0,desktop
6936,vikram.chopra.1d9284,vikram.chopra.1d9284@trendlytics.io,Vikram,Chopra,2026-08-24 20:58:21.924496,occasional,1,mobile
6937,ananya.iyer.7d6235,ananya.iyer.7d6235@trendlytics.io,Ananya,Iyer,2026-08-21 20:58:21.924496,budget,0,mobile
6938,karan.mehta.682ea9,karan.mehta.682ea9@trendlytics.io,Karan,Mehta,2026-08-20 20:58:21.924496,luxury,0,desktop
6939,karan.mehta.d4f933,karan.mehta.d4f933@trendlytics.io,Karan,Mehta,2026-08-01 20:58:21.924496,trendsetter,1,desktop
6940,rahul.banerjee.69839c,rahul.banerjee.69839c@trendlytics.io,Rahul,Banerjee,2026-08-07 20:58:21.924496,trendsetter,1,mobile
6941,riya.sen.1d7e13,riya.sen.1d7e13@trendlytics.io,Riya,Sen,2026-08-21 20:58:21.924496,occasional,0,mobile
6942,ananya.gupta.1ce155,ananya.gupta.1ce155@trendlytics.io,Ananya,Gupta,2026-08-23 20:58:21.924496,budget,0,mobile
6943,tanvi.sen.a9b2df,tanvi.sen.a9b2df@trendlytics.io,Tanvi,Sen,2026-08-22 20:58:21.924496,trendsetter,0,mobile
6944,neha.sharma.de2126,neha.sharma.de2126@trendlytics.io,Neha,Sharma,2026-08-09 20:58:21.924496,trendsetter,1,mobile
6945,rohan.reddy.2a11cb,rohan.reddy.2a11cb@trendlytics.io,Rohan,Reddy,2026-08-22 20:58:21.924496,occasional,0,mobile
6946,tanvi.banerjee.3347ac,tanvi.banerjee.3347ac@trendlytics.io,Tanvi,Banerjee,2026-08-28 20:58:21.924496,luxury,1,desktop
6947,sneha.chopra.f7d56f,sneha.chopra.f7d56f@trendlytics.io,Sneha,Chopra,2026-08-27 20:58:21.924496,budget,1,mobile
6948,sneha.joshi.f4c13a,sneha.joshi.f4c13a@trendlytics.io,Sneha,Joshi,2026-08-11 20:58:21.924496,budget,1,mobile
6949,tanvi.patel.5df521,tanvi.patel.5df521@trendlytics.io,Tanvi,Patel,2026-08-20 20:58:21.924496,trendsetter,1,desktop
6950,neha.sen.87f196,neha.sen.87f196@trendlytics.io,Neha,Sen,2026-08-02 20:58:21.924496,budget,0,desktop
6951,pooja.chopra.140fcc,pooja.chopra.140fcc@trendlytics.io,Pooja,Chopra,2026-08-04 20:58:21.924496,luxury,0,mobile
6952,rahul.joshi.6905b7,rahul.joshi.6905b7@trendlytics.io,Rahul,Joshi,2026-07-31 20:58:21.924496,trendsetter,1,mobile
6953,aarav.joshi.0017b2,aarav.joshi.0017b2@trendlytics.io,Aarav,Joshi,2026-08-02 20:58:21.924496,budget,1,mobile
6954,priya.verma.41a100,priya.verma.41a100@trendlytics.io,Priya,Verma,2026-07-31 20:58:21.924496,occasional,1,mobile
6955,vikram.banerjee.230510,vikram.banerjee.230510@trendlytics.io,Vikram,Banerjee,2026-08-02 20:58:21.924496,trendsetter,0,mobile
6956,rahul.chopra.12864e,rahul.chopra.12864e@trendlytics.io,Rahul,Chopra,2026-08-04 20:58:21.924496,budget,0,mobile
6957,tanvi.reddy.b13adf,tanvi.reddy.b13adf@trendlytics.io,Tanvi,Reddy,2026-08-19 20:58:21.924496,occasional,0,mobile
6958,sneha.reddy.e8bac9,sneha.reddy.e8bac9@trendlytics.io,Sneha,Reddy,2026-08-06 20:58:21.924496,occasional,1,mobile
6959,aditya.nair.11b46e,aditya.nair.11b46e@trendlytics.io,Aditya,Nair,2026-08-25 20:58:21.924496,budget,1,desktop
6960,arjun.gupta.29276e,arjun.gupta.29276e@trendlytics.io,Arjun,Gupta,2026-08-04 20:58:21.924496,luxury,0,mobile
6961,sneha.kapoor.ec31a1,sneha.kapoor.ec31a1@trendlytics.io,Sneha,Kapoor,2026-08-27 20:58:21.924496,occasional,0,mobile
6962,priya.kapoor.7e578a,priya.kapoor.7e578a@trendlytics.io,Priya,Kapoor,2026-08-10 20:58:21.924496,luxury,0,mobile
6963,priya.sharma.ca2569,priya.sharma.ca2569@trendlytics.io,Priya,Sharma,2026-08-19 20:58:21.924496,budget,0,mobile
6964,tanvi.singh.3b9bad,tanvi.singh.3b9bad@trendlytics.io,Tanvi,Singh,2026-07-31 20:58:21.924496,budget,1,mobile
6965,neha.singh.7841d7,neha.singh.7841d7@trendlytics.io,Neha,Singh,2026-08-11 20:58:21.924496,budget,1,mobile
6966,priya.nair.f20744,priya.nair.f20744@trendlytics.io,Priya,Nair,2026-08-27 20:58:21.924496,luxury,1,desktop
6967,neha.das.e75dbb,neha.das.e75dbb@trendlytics.io,Neha,Das,2026-08-14 20:58:21.924496,budget,1,mobile
6968,meera.chopra.b3fde7,meera.chopra.b3fde7@trendlytics.io,Meera,Chopra,2026-08-05 20:58:21.924496,occasional,0,mobile
6969,meera.singh.94459e,meera.singh.94459e@trendlytics.io,Meera,Singh,2026-08-22 20:58:21.924496,budget,0,mobile
6970,kabir.sharma.7a945f,kabir.sharma.7a945f@trendlytics.io,Kabir,Sharma,2026-08-05 20:58:21.924496,trendsetter,1,mobile
6971,riya.banerjee.746d4b,riya.banerjee.746d4b@trendlytics.io,Riya,Banerjee,2026-08-05 20:58:21.924496,trendsetter,1,tablet
6972,sneha.chopra.3f9916,sneha.chopra.3f9916@trendlytics.io,Sneha,Chopra,2026-08-19 20:58:21.924496,budget,1,mobile
6973,karan.patel.a16a71,karan.patel.a16a71@trendlytics.io,Karan,Patel,2026-08-26 20:58:21.924496,trendsetter,0,mobile
6974,ananya.patel.c58c54,ananya.patel.c58c54@trendlytics.io,Ananya,Patel,2026-07-31 20:58:21.924496,trendsetter,0,mobile
6975,meera.verma.569f50,meera.verma.569f50@trendlytics.io,Meera,Verma,2026-08-14 20:58:21.924496,luxury,0,mobile
6976,ananya.banerjee.3ed652,ananya.banerjee.3ed652@trendlytics.io,Ananya,Banerjee,2026-08-03 20:58:21.924496,luxury,1,desktop
6977,karan.patel.9b339a,karan.patel.9b339a@trendlytics.io,Karan,Patel,2026-08-10 20:58:21.924496,occasional,0,desktop
6978,rahul.verma.e61444,rahul.verma.e61444@trendlytics.io,Rahul,Verma,2026-08-08 20:58:21.924496,trendsetter,0,mobile
6979,pooja.verma.374b92,pooja.verma.374b92@trendlytics.io,Pooja,Verma,2026-08-21 20:58:21.924496,luxury,0,mobile
6980,riya.singh.f89651,riya.singh.f89651@trendlytics.io,Riya,Singh,2026-08-17 20:58:21.924496,trendsetter,0,desktop
6981,neha.singh.0b47ff,neha.singh.0b47ff@trendlytics.io,Neha,Singh,2026-08-07 20:58:21.924496,trendsetter,0,mobile
6982,aditya.patel.4d6f9a,aditya.patel.4d6f9a@trendlytics.io,Aditya,Patel,2026-08-05 20:58:21.924496,occasional,1,mobile
6983,aditya.verma.790c6a,aditya.verma.790c6a@trendlytics.io,Aditya,Verma,2026-08-27 20:58:21.924496,budget,0,desktop
6984,tanvi.das.56663b,tanvi.das.56663b@trendlytics.io,Tanvi,Das,2026-08-29 20:58:21.924496,luxury,0,tablet
6985,vikram.banerjee.839f70,vikram.banerjee.839f70@trendlytics.io,Vikram,Banerjee,2026-08-21 20:58:21.924496,luxury,1,tablet
6986,aarav.iyer.029eda,aarav.iyer.029eda@trendlytics.io,Aarav,Iyer,2026-08-03 20:58:21.924496,trendsetter,0,mobile
6987,tanvi.das.237d7c,tanvi.das.237d7c@trendlytics.io,Tanvi,Das,2026-08-09 20:58:21.924496,budget,0,mobile
6988,tanvi.sharma.693940,tanvi.sharma.693940@trendlytics.io,Tanvi,Sharma,2026-08-08 20:58:21.924496,trendsetter,0,mobile
6989,priya.patel.bb666d,priya.patel.bb666d@trendlytics.io,Priya,Patel,2026-08-29 20:58:21.924496,budget,1,mobile
6990,ananya.banerjee.e761f4,ananya.banerjee.e761f4@trendlytics.io,Ananya,Banerjee,2026-08-25 20:58:21.924496,luxury,0,mobile
6991,arjun.sen.8defb1,arjun.sen.8defb1@trendlytics.io,Arjun,Sen,2026-08-08 20:58:21.924496,luxury,1,desktop
6992,ananya.joshi.02ac00,ananya.joshi.02ac00@trendlytics.io,Ananya,Joshi,2026-08-09 20:58:21.924496,occasional,1,desktop
6993,arjun.gupta.0c4948,arjun.gupta.0c4948@trendlytics.io,Arjun,Gupta,2026-08-05 20:58:21.924496,luxury,0,mobile
6994,arjun.reddy.e5cb1e,arjun.reddy.e5cb1e@trendlytics.io,Arjun,Reddy,2026-08-26 20:58:21.924496,luxury,1,mobile
6995,neha.gupta.b1305a,neha.gupta.b1305a@trendlytics.io,Neha,Gupta,2026-08-28 20:58:21.924496,luxury,0,mobile
6996,meera.nair.b22c21,meera.nair.b22c21@trendlytics.io,Meera,Nair,2026-07-30 20:58:21.924496,occasional,0,desktop
6997,karan.verma.94d683,karan.verma.94d683@trendlytics.io,Karan,Verma,2026-08-13 20:58:21.924496,luxury,1,mobile
6998,ananya.reddy.31176d,ananya.reddy.31176d@trendlytics.io,Ananya,Reddy,2026-08-26 20:58:21.924496,budget,0,mobile
6999,aditya.patel.e7393d,aditya.patel.e7393d@trendlytics.io,Aditya,Patel,2026-08-28 20:58:21.924496,luxury,0,mobile
7000,riya.sen.c6dadc,riya.sen.c6dadc@trendlytics.io,Riya,Sen,2026-08-08 20:58:21.924496,trendsetter,1,mobile
7001,meera.reddy.e2ceed,meera.reddy.e2ceed@trendlytics.io,Meera,Reddy,2026-08-02 20:58:21.924496,budget,0,desktop
7002,neha.nair.4b9f77,neha.nair.4b9f77@trendlytics.io,Neha,Nair,2026-08-29 20:58:21.924496,occasional,1,mobile
7003,aditya.reddy.150349,aditya.reddy.150349@trendlytics.io,Aditya,Reddy,2026-08-03 20:58:21.924496,budget,0,mobile
7004,riya.iyer.dfb027,riya.iyer.dfb027@trendlytics.io,Riya,Iyer,2026-08-29 20:58:21.924496,occasional,0,mobile
7005,kabir.iyer.8ad74e,kabir.iyer.8ad74e@trendlytics.io,Kabir,Iyer,2026-08-22 20:58:21.924496,occasional,1,mobile
7006,neha.chopra.9219f2,neha.chopra.9219f2@trendlytics.io,Neha,Chopra,2026-08-08 20:58:21.924496,trendsetter,0,mobile
7007,neha.kapoor.a122d7,neha.kapoor.a122d7@trendlytics.io,Neha,Kapoor,2026-08-26 20:58:21.924496,trendsetter,0,mobile
7008,priya.gupta.eed73a,priya.gupta.eed73a@trendlytics.io,Priya,Gupta,2026-08-22 20:58:21.924496,luxury,0,mobile
7009,kabir.singh.71d1a8,kabir.singh.71d1a8@trendlytics.io,Kabir,Singh,2026-08-02 20:58:21.924496,trendsetter,1,mobile
7010,rahul.reddy.da1dbb,rahul.reddy.da1dbb@trendlytics.io,Rahul,Reddy,2026-08-29 20:58:21.924496,budget,0,desktop
7011,ananya.chopra.f8dbbe,ananya.chopra.f8dbbe@trendlytics.io,Ananya,Chopra,2026-08-16 20:58:21.924496,budget,0,mobile
7012,priya.nair.2a40fc,priya.nair.2a40fc@trendlytics.io,Priya,Nair,2026-08-19 20:58:21.924496,luxury,0,desktop
7013,rahul.gupta.79d814,rahul.gupta.79d814@trendlytics.io,Rahul,Gupta,2026-08-02 20:58:21.924496,occasional,1,mobile
7014,aditya.nair.c095c9,aditya.nair.c095c9@trendlytics.io,Aditya,Nair,2026-08-26 20:58:21.924496,budget,1,mobile
7015,rahul.sharma.09c714,rahul.sharma.09c714@trendlytics.io,Rahul,Sharma,2026-08-08 20:58:21.924496,luxury,0,desktop
7016,sneha.sharma.51a0d3,sneha.sharma.51a0d3@trendlytics.io,Sneha,Sharma,2026-08-10 20:58:21.924496,luxury,0,mobile
7017,karan.joshi.039257,karan.joshi.039257@trendlytics.io,Karan,Joshi,2026-08-03 20:58:21.924496,trendsetter,0,mobile
7018,karan.sen.778ff6,karan.sen.778ff6@trendlytics.io,Karan,Sen,2026-08-25 20:58:21.924496,luxury,1,mobile
7019,sneha.verma.7f3c90,sneha.verma.7f3c90@trendlytics.io,Sneha,Verma,2026-08-04 20:58:21.924496,occasional,0,mobile
7020,meera.sharma.9d776e,meera.sharma.9d776e@trendlytics.io,Meera,Sharma,2026-08-26 20:58:21.924496,budget,0,desktop
7021,rohan.sen.4e660a,rohan.sen.4e660a@trendlytics.io,Rohan,Sen,2026-08-25 20:58:21.924496,occasional,1,mobile
7022,rohan.patel.214b42,rohan.patel.214b42@trendlytics.io,Rohan,Patel,2026-08-04 20:58:21.924496,luxury,0,mobile
7023,arjun.sharma.4d6b70,arjun.sharma.4d6b70@trendlytics.io,Arjun,Sharma,2026-08-05 20:58:21.924496,occasional,1,tablet
7024,aditya.sharma.87691e,aditya.sharma.87691e@trendlytics.io,Aditya,Sharma,2026-08-02 20:58:21.924496,budget,1,mobile
7025,ananya.das.60c85f,ananya.das.60c85f@trendlytics.io,Ananya,Das,2026-08-08 20:58:21.924496,luxury,0,desktop
7026,riya.banerjee.b0e8b1,riya.banerjee.b0e8b1@trendlytics.io,Riya,Banerjee,2026-08-24 20:58:21.924496,luxury,1,mobile
7027,ananya.sharma.1d71de,ananya.sharma.1d71de@trendlytics.io,Ananya,Sharma,2026-08-17 20:58:21.924496,luxury,0,mobile
7028,karan.nair.b3a49f,karan.nair.b3a49f@trendlytics.io,Karan,Nair,2026-08-19 20:58:21.924496,trendsetter,0,desktop
7029,kabir.sharma.f55525,kabir.sharma.f55525@trendlytics.io,Kabir,Sharma,2026-08-17 20:58:21.924496,budget,0,tablet
7030,pooja.gupta.a68590,pooja.gupta.a68590@trendlytics.io,Pooja,Gupta,2026-08-17 20:58:21.924496,trendsetter,0,mobile
7031,vikram.joshi.92bfcd,vikram.joshi.92bfcd@trendlytics.io,Vikram,Joshi,2026-08-09 20:58:21.924496,luxury,1,desktop
7032,arjun.mehta.2ac1c6,arjun.mehta.2ac1c6@trendlytics.io,Arjun,Mehta,2026-08-12 20:58:21.924496,budget,1,mobile
7033,tanvi.sharma.90d114,tanvi.sharma.90d114@trendlytics.io,Tanvi,Sharma,2026-08-22 20:58:21.924496,budget,0,desktop
7034,riya.patel.e3037e,riya.patel.e3037e@trendlytics.io,Riya,Patel,2026-08-27 20:58:21.924496,budget,0,mobile
7035,aditya.patel.322784,aditya.patel.322784@trendlytics.io,Aditya,Patel,2026-08-11 20:58:21.924496,luxury,0,mobile
7036,neha.reddy.926190,neha.reddy.926190@trendlytics.io,Neha,Reddy,2026-08-16 20:58:21.924496,budget,1,mobile
7037,rohan.singh.07a76a,rohan.singh.07a76a@trendlytics.io,Rohan,Singh,2026-08-03 20:58:21.924496,trendsetter,0,desktop
7038,aditya.banerjee.7e2aff,aditya.banerjee.7e2aff@trendlytics.io,Aditya,Banerjee,2026-08-09 20:58:21.924496,trendsetter,0,desktop
7039,neha.verma.c86548,neha.verma.c86548@trendlytics.io,Neha,Verma,2026-08-06 20:58:21.924496,occasional,1,desktop
7040,meera.kapoor.d3abc2,meera.kapoor.d3abc2@trendlytics.io,Meera,Kapoor,2026-07-30 20:58:21.924496,trendsetter,1,desktop
7041,meera.reddy.ac34fb,meera.reddy.ac34fb@trendlytics.io,Meera,Reddy,2026-08-04 20:58:21.924496,trendsetter,0,desktop
7042,riya.joshi.994751,riya.joshi.994751@trendlytics.io,Riya,Joshi,2026-08-05 20:58:21.924496,occasional,1,mobile
7043,pooja.das.d4b5b8,pooja.das.d4b5b8@trendlytics.io,Pooja,Das,2026-08-11 20:58:21.924496,budget,0,mobile
7044,aarav.verma.07c0dd,aarav.verma.07c0dd@trendlytics.io,Aarav,Verma,2026-08-11 20:58:21.924496,budget,1,mobile
7045,tanvi.patel.2ace9a,tanvi.patel.2ace9a@trendlytics.io,Tanvi,Patel,2026-08-14 20:58:21.924496,luxury,1,mobile
7046,rohan.singh.df898c,rohan.singh.df898c@trendlytics.io,Rohan,Singh,2026-08-25 20:58:21.924496,luxury,0,mobile
7047,vikram.chopra.00cb0f,vikram.chopra.00cb0f@trendlytics.io,Vikram,Chopra,2026-08-27 20:58:21.924496,budget,1,mobile
7048,aarav.joshi.05f14e,aarav.joshi.05f14e@trendlytics.io,Aarav,Joshi,2026-08-23 20:58:21.924496,budget,0,desktop
7049,riya.iyer.87bc89,riya.iyer.87bc89@trendlytics.io,Riya,Iyer,2026-08-29 20:58:21.924496,occasional,0,desktop
7050,pooja.patel.cc812f,pooja.patel.cc812f@trendlytics.io,Pooja,Patel,2026-08-15 20:58:21.924496,trendsetter,1,desktop
7051,rohan.mehta.a20540,rohan.mehta.a20540@trendlytics.io,Rohan,Mehta,2026-08-04 20:58:21.924496,trendsetter,1,mobile
7052,arjun.kapoor.a9eea1,arjun.kapoor.a9eea1@trendlytics.io,Arjun,Kapoor,2026-08-10 20:58:21.924496,luxury,1,mobile
7053,sneha.joshi.99d2cc,sneha.joshi.99d2cc@trendlytics.io,Sneha,Joshi,2026-08-08 20:58:21.924496,luxury,0,desktop
7054,rohan.mehta.58cc75,rohan.mehta.58cc75@trendlytics.io,Rohan,Mehta,2026-08-04 20:58:21.924496,budget,0,mobile
7055,riya.kapoor.558acf,riya.kapoor.558acf@trendlytics.io,Riya,Kapoor,2026-08-07 20:58:21.924496,occasional,1,mobile
7056,neha.verma.f647dd,neha.verma.f647dd@trendlytics.io,Neha,Verma,2026-08-26 20:58:21.924496,trendsetter,0,mobile
7057,pooja.joshi.252ef8,pooja.joshi.252ef8@trendlytics.io,Pooja,Joshi,2026-08-12 20:58:21.924496,luxury,1,desktop
7058,priya.reddy.a31f49,priya.reddy.a31f49@trendlytics.io,Priya,Reddy,2026-08-01 20:58:21.924496,occasional,1,desktop
7059,pooja.sen.3e9f01,pooja.sen.3e9f01@trendlytics.io,Pooja,Sen,2026-08-25 20:58:21.924496,luxury,1,mobile
7060,ananya.sharma.9eab02,ananya.sharma.9eab02@trendlytics.io,Ananya,Sharma,2026-08-10 20:58:21.924496,luxury,1,mobile
7061,vikram.sharma.c7c302,vikram.sharma.c7c302@trendlytics.io,Vikram,Sharma,2026-08-22 20:58:21.924496,luxury,0,mobile
7062,priya.kapoor.3959ba,priya.kapoor.3959ba@trendlytics.io,Priya,Kapoor,2026-08-04 20:58:21.924496,trendsetter,0,mobile
7063,aarav.reddy.ead49d,aarav.reddy.ead49d@trendlytics.io,Aarav,Reddy,2026-08-05 20:58:21.924496,occasional,1,desktop
7064,rahul.das.35360a,rahul.das.35360a@trendlytics.io,Rahul,Das,2026-07-30 20:58:21.924496,luxury,0,desktop
7065,meera.sharma.cc8a0d,meera.sharma.cc8a0d@trendlytics.io,Meera,Sharma,2026-08-11 20:58:21.924496,luxury,0,mobile
7066,kabir.kapoor.68220e,kabir.kapoor.68220e@trendlytics.io,Kabir,Kapoor,2026-08-13 20:58:21.924496,luxury,0,desktop
7067,ananya.chopra.9a82b3,ananya.chopra.9a82b3@trendlytics.io,Ananya,Chopra,2026-08-14 20:58:21.924496,occasional,0,mobile
7068,riya.sen.1cefdc,riya.sen.1cefdc@trendlytics.io,Riya,Sen,2026-08-17 20:58:21.924496,budget,0,desktop
7069,ananya.sharma.b5a86f,ananya.sharma.b5a86f@trendlytics.io,Ananya,Sharma,2026-08-10 20:58:21.924496,budget,0,desktop
7070,meera.sen.02a892,meera.sen.02a892@trendlytics.io,Meera,Sen,2026-08-05 20:58:21.924496,trendsetter,1,desktop
7071,rohan.kapoor.a701b1,rohan.kapoor.a701b1@trendlytics.io,Rohan,Kapoor,2026-07-31 20:58:21.924496,trendsetter,0,mobile
7072,arjun.kapoor.6f6b7f,arjun.kapoor.6f6b7f@trendlytics.io,Arjun,Kapoor,2026-08-18 20:58:21.924496,trendsetter,1,mobile
7073,vikram.sen.adc95a,vikram.sen.adc95a@trendlytics.io,Vikram,Sen,2026-08-14 20:58:21.924496,budget,1,mobile
7074,ananya.das.8dd956,ananya.das.8dd956@trendlytics.io,Ananya,Das,2026-08-14 20:58:21.924496,occasional,0,desktop
7075,arjun.nair.1dc47c,arjun.nair.1dc47c@trendlytics.io,Arjun,Nair,2026-08-06 20:58:21.924496,luxury,0,mobile
7076,arjun.sen.3156b5,arjun.sen.3156b5@trendlytics.io,Arjun,Sen,2026-08-14 20:58:21.924496,luxury,1,mobile
7077,sneha.singh.61a604,sneha.singh.61a604@trendlytics.io,Sneha,Singh,2026-08-15 20:58:21.924496,budget,1,desktop
7078,karan.iyer.61b7f4,karan.iyer.61b7f4@trendlytics.io,Karan,Iyer,2026-08-23 20:58:21.924496,budget,1,mobile
7079,tanvi.joshi.766a32,tanvi.joshi.766a32@trendlytics.io,Tanvi,Joshi,2026-08-24 20:58:21.924496,occasional,0,mobile
7080,pooja.sen.b7ad7a,pooja.sen.b7ad7a@trendlytics.io,Pooja,Sen,2026-08-19 20:58:21.924496,budget,0,mobile
7081,tanvi.sen.f49b6d,tanvi.sen.f49b6d@trendlytics.io,Tanvi,Sen,2026-08-04 20:58:21.924496,occasional,0,mobile
7082,neha.iyer.0926d0,neha.iyer.0926d0@trendlytics.io,Neha,Iyer,2026-08-16 20:58:21.924496,occasional,0,mobile
7083,aarav.singh.2082ee,aarav.singh.2082ee@trendlytics.io,Aarav,Singh,2026-08-19 20:58:21.924496,occasional,1,mobile
7084,tanvi.gupta.d4dd75,tanvi.gupta.d4dd75@trendlytics.io,Tanvi,Gupta,2026-08-12 20:58:21.924496,budget,0,mobile
7085,riya.verma.ed339c,riya.verma.ed339c@trendlytics.io,Riya,Verma,2026-08-28 20:58:21.924496,luxury,1,mobile
7086,aarav.kapoor.6cf41f,aarav.kapoor.6cf41f@trendlytics.io,Aarav,Kapoor,2026-08-16 20:58:21.924496,occasional,0,desktop
7087,neha.reddy.b65e0a,neha.reddy.b65e0a@trendlytics.io,Neha,Reddy,2026-08-08 20:58:21.924496,trendsetter,1,mobile
7088,riya.patel.7a8162,riya.patel.7a8162@trendlytics.io,Riya,Patel,2026-08-03 20:58:21.924496,occasional,1,desktop
7089,sneha.reddy.fd4841,sneha.reddy.fd4841@trendlytics.io,Sneha,Reddy,2026-08-02 20:58:21.924496,budget,0,mobile
7090,priya.nair.bbf793,priya.nair.bbf793@trendlytics.io,Priya,Nair,2026-08-19 20:58:21.924496,trendsetter,0,desktop
7091,priya.reddy.fbb165,priya.reddy.fbb165@trendlytics.io,Priya,Reddy,2026-08-26 20:58:21.924496,occasional,1,mobile
7092,karan.banerjee.36b594,karan.banerjee.36b594@trendlytics.io,Karan,Banerjee,2026-08-23 20:58:21.924496,luxury,0,mobile
7093,ananya.nair.1bba44,ananya.nair.1bba44@trendlytics.io,Ananya,Nair,2026-08-15 20:58:21.924496,occasional,0,mobile
7094,sneha.sharma.be7ac4,sneha.sharma.be7ac4@trendlytics.io,Sneha,Sharma,2026-08-16 20:58:21.924496,luxury,1,desktop
7095,pooja.nair.48cad8,pooja.nair.48cad8@trendlytics.io,Pooja,Nair,2026-08-11 20:58:21.924496,trendsetter,1,mobile
7096,sneha.verma.0f7129,sneha.verma.0f7129@trendlytics.io,Sneha,Verma,2026-08-25 20:58:21.924496,luxury,0,desktop
7097,aarav.das.d3a5f0,aarav.das.d3a5f0@trendlytics.io,Aarav,Das,2026-08-18 20:58:21.924496,occasional,0,desktop
7098,tanvi.gupta.7257b6,tanvi.gupta.7257b6@trendlytics.io,Tanvi,Gupta,2026-08-20 20:58:21.924496,occasional,0,mobile
7099,aarav.gupta.3f8906,aarav.gupta.3f8906@trendlytics.io,Aarav,Gupta,2026-08-21 20:58:21.924496,luxury,1,mobile
7100,tanvi.singh.d416a1,tanvi.singh.d416a1@trendlytics.io,Tanvi,Singh,2026-08-11 20:58:21.924496,trendsetter,1,desktop
7101,neha.reddy.1aed05,neha.reddy.1aed05@trendlytics.io,Neha,Reddy,2026-08-22 20:58:21.924496,occasional,0,mobile
7102,ananya.reddy.540f8b,ananya.reddy.540f8b@trendlytics.io,Ananya,Reddy,2026-08-12 20:58:21.924496,luxury,1,desktop
7103,aarav.reddy.c91651,aarav.reddy.c91651@trendlytics.io,Aarav,Reddy,2026-08-01 20:58:21.924496,budget,0,mobile
7104,vikram.gupta.026934,vikram.gupta.026934@trendlytics.io,Vikram,Gupta,2026-08-08 20:58:21.924496,budget,0,mobile
7105,kabir.singh.e8d7c4,kabir.singh.e8d7c4@trendlytics.io,Kabir,Singh,2026-08-21 20:58:21.924496,budget,0,desktop
7106,aditya.mehta.ae80d8,aditya.mehta.ae80d8@trendlytics.io,Aditya,Mehta,2026-08-02 20:58:21.924496,budget,1,desktop
7107,pooja.reddy.19cb35,pooja.reddy.19cb35@trendlytics.io,Pooja,Reddy,2026-08-27 20:58:21.924496,luxury,0,desktop
7108,karan.sen.abd87d,karan.sen.abd87d@trendlytics.io,Karan,Sen,2026-08-26 20:58:21.924496,trendsetter,1,mobile
7109,aditya.joshi.d5c31c,aditya.joshi.d5c31c@trendlytics.io,Aditya,Joshi,2026-08-04 20:58:21.924496,budget,0,mobile
7110,meera.sharma.a95ebf,meera.sharma.a95ebf@trendlytics.io,Meera,Sharma,2026-08-17 20:58:21.924496,budget,1,mobile
7111,karan.nair.e97dc6,karan.nair.e97dc6@trendlytics.io,Karan,Nair,2026-08-13 20:58:21.924496,luxury,0,mobile
7112,priya.patel.823591,priya.patel.823591@trendlytics.io,Priya,Patel,2026-08-21 20:58:21.924496,luxury,0,mobile
7113,rahul.nair.e6e6ff,rahul.nair.e6e6ff@trendlytics.io,Rahul,Nair,2026-08-24 20:58:21.924496,trendsetter,1,mobile
7114,aditya.gupta.f05445,aditya.gupta.f05445@trendlytics.io,Aditya,Gupta,2026-08-04 20:58:21.924496,budget,1,desktop
7115,rohan.singh.f9d661,rohan.singh.f9d661@trendlytics.io,Rohan,Singh,2026-08-17 20:58:21.924496,occasional,1,desktop
7116,priya.sharma.6cf7e8,priya.sharma.6cf7e8@trendlytics.io,Priya,Sharma,2026-08-08 20:58:21.924496,budget,1,mobile
7117,rahul.das.33cfc5,rahul.das.33cfc5@trendlytics.io,Rahul,Das,2026-08-19 20:58:21.924496,trendsetter,0,mobile
7118,rahul.das.cd6ad3,rahul.das.cd6ad3@trendlytics.io,Rahul,Das,2026-08-19 20:58:21.924496,occasional,1,mobile
7119,sneha.kapoor.9f399f,sneha.kapoor.9f399f@trendlytics.io,Sneha,Kapoor,2026-08-14 20:58:21.924496,occasional,0,mobile
7120,rohan.singh.670126,rohan.singh.670126@trendlytics.io,Rohan,Singh,2026-08-24 20:58:21.924496,budget,0,desktop
7121,rohan.iyer.e88119,rohan.iyer.e88119@trendlytics.io,Rohan,Iyer,2026-08-29 20:58:21.924496,luxury,1,mobile
7122,arjun.patel.c74d40,arjun.patel.c74d40@trendlytics.io,Arjun,Patel,2026-08-17 20:58:21.924496,trendsetter,1,desktop
7123,aarav.mehta.aed21c,aarav.mehta.aed21c@trendlytics.io,Aarav,Mehta,2026-08-28 20:58:21.924496,trendsetter,1,desktop
7124,priya.mehta.85bc64,priya.mehta.85bc64@trendlytics.io,Priya,Mehta,2026-08-17 20:58:21.924496,luxury,0,desktop
7125,vikram.kapoor.4b8be9,vikram.kapoor.4b8be9@trendlytics.io,Vikram,Kapoor,2026-07-30 20:58:21.924496,occasional,0,mobile
7126,aditya.reddy.5dae77,aditya.reddy.5dae77@trendlytics.io,Aditya,Reddy,2026-08-18 20:58:21.924496,occasional,0,desktop
7127,karan.patel.08042d,karan.patel.08042d@trendlytics.io,Karan,Patel,2026-08-29 20:58:21.924496,trendsetter,0,tablet
7128,rohan.joshi.b87891,rohan.joshi.b87891@trendlytics.io,Rohan,Joshi,2026-08-12 20:58:21.924496,luxury,1,desktop
7129,sneha.kapoor.0be640,sneha.kapoor.0be640@trendlytics.io,Sneha,Kapoor,2026-08-22 20:58:21.924496,occasional,0,mobile
7130,aditya.reddy.56e103,aditya.reddy.56e103@trendlytics.io,Aditya,Reddy,2026-08-21 20:58:21.924496,occasional,0,mobile
7131,kabir.verma.b2a05b,kabir.verma.b2a05b@trendlytics.io,Kabir,Verma,2026-08-18 20:58:21.924496,trendsetter,1,mobile
7132,sneha.sen.4085c4,sneha.sen.4085c4@trendlytics.io,Sneha,Sen,2026-08-20 20:58:21.924496,trendsetter,0,desktop
7133,aarav.iyer.2b27c8,aarav.iyer.2b27c8@trendlytics.io,Aarav,Iyer,2026-08-14 20:58:21.924496,occasional,1,mobile
7134,kabir.verma.6ae3e3,kabir.verma.6ae3e3@trendlytics.io,Kabir,Verma,2026-08-24 20:58:21.924496,trendsetter,0,mobile
7135,rahul.gupta.a415b1,rahul.gupta.a415b1@trendlytics.io,Rahul,Gupta,2026-08-26 20:58:21.924496,luxury,1,mobile
7136,vikram.joshi.53e7f6,vikram.joshi.53e7f6@trendlytics.io,Vikram,Joshi,2026-08-28 20:58:21.924496,budget,1,mobile
7137,sneha.reddy.a830cb,sneha.reddy.a830cb@trendlytics.io,Sneha,Reddy,2026-08-02 20:58:21.924496,budget,1,desktop
7138,arjun.banerjee.45da43,arjun.banerjee.45da43@trendlytics.io,Arjun,Banerjee,2026-08-23 20:58:21.924496,luxury,0,mobile
7139,sneha.singh.3d80d4,sneha.singh.3d80d4@trendlytics.io,Sneha,Singh,2026-08-02 20:58:21.924496,occasional,0,mobile
7140,aarav.joshi.7b341a,aarav.joshi.7b341a@trendlytics.io,Aarav,Joshi,2026-08-07 20:58:21.924496,occasional,0,mobile
7141,sneha.iyer.982c2a,sneha.iyer.982c2a@trendlytics.io,Sneha,Iyer,2026-08-21 20:58:21.924496,occasional,0,mobile
7142,aditya.chopra.7b6811,aditya.chopra.7b6811@trendlytics.io,Aditya,Chopra,2026-08-20 20:58:21.924496,luxury,1,mobile
7143,ananya.nair.82e89e,ananya.nair.82e89e@trendlytics.io,Ananya,Nair,2026-08-02 20:58:21.924496,budget,0,mobile
7144,priya.singh.5ad731,priya.singh.5ad731@trendlytics.io,Priya,Singh,2026-08-24 20:58:21.924496,occasional,0,mobile
7145,rohan.das.e4c82d,rohan.das.e4c82d@trendlytics.io,Rohan,Das,2026-08-14 20:58:21.924496,luxury,1,mobile
7146,sneha.chopra.d4ba6c,sneha.chopra.d4ba6c@trendlytics.io,Sneha,Chopra,2026-08-08 20:58:21.924496,occasional,1,mobile
7147,sneha.reddy.f10ff7,sneha.reddy.f10ff7@trendlytics.io,Sneha,Reddy,2026-08-29 20:58:21.924496,occasional,0,desktop
7148,sneha.nair.663d41,sneha.nair.663d41@trendlytics.io,Sneha,Nair,2026-08-16 20:58:21.924496,luxury,1,mobile
7149,tanvi.das.8df575,tanvi.das.8df575@trendlytics.io,Tanvi,Das,2026-08-11 20:58:21.924496,trendsetter,1,tablet
7150,sneha.gupta.8e86d7,sneha.gupta.8e86d7@trendlytics.io,Sneha,Gupta,2026-08-02 20:58:21.924496,budget,1,mobile
7151,tanvi.verma.317573,tanvi.verma.317573@trendlytics.io,Tanvi,Verma,2026-08-21 20:58:21.924496,occasional,0,mobile
7152,priya.patel.7bba13,priya.patel.7bba13@trendlytics.io,Priya,Patel,2026-08-27 20:58:21.924496,budget,0,mobile
7153,karan.das.1248e4,karan.das.1248e4@trendlytics.io,Karan,Das,2026-08-02 20:58:21.924496,budget,1,mobile
7154,meera.sen.e492f4,meera.sen.e492f4@trendlytics.io,Meera,Sen,2026-08-15 20:58:21.924496,luxury,0,mobile
7155,aarav.nair.ba2b9b,aarav.nair.ba2b9b@trendlytics.io,Aarav,Nair,2026-08-02 20:58:21.924496,luxury,0,mobile
7156,vikram.gupta.5b1814,vikram.gupta.5b1814@trendlytics.io,Vikram,Gupta,2026-08-20 20:58:21.924496,budget,1,mobile
7157,arjun.verma.cc7ff0,arjun.verma.cc7ff0@trendlytics.io,Arjun,Verma,2026-08-03 20:58:21.924496,trendsetter,1,desktop
7158,riya.sen.e1400c,riya.sen.e1400c@trendlytics.io,Riya,Sen,2026-08-28 20:58:21.924496,trendsetter,0,mobile
7159,rahul.gupta.3808fc,rahul.gupta.3808fc@trendlytics.io,Rahul,Gupta,2026-08-13 20:58:21.924496,luxury,1,desktop
7160,tanvi.banerjee.38c5c9,tanvi.banerjee.38c5c9@trendlytics.io,Tanvi,Banerjee,2026-08-01 20:58:21.924496,trendsetter,0,mobile
7161,tanvi.reddy.025eff,tanvi.reddy.025eff@trendlytics.io,Tanvi,Reddy,2026-08-09 20:58:21.924496,budget,0,mobile
7162,karan.sharma.7ecfd6,karan.sharma.7ecfd6@trendlytics.io,Karan,Sharma,2026-08-27 20:58:21.924496,occasional,0,desktop
7163,riya.mehta.d6416b,riya.mehta.d6416b@trendlytics.io,Riya,Mehta,2026-08-14 20:58:21.924496,budget,1,mobile
7164,aditya.sen.ef23d1,aditya.sen.ef23d1@trendlytics.io,Aditya,Sen,2026-08-15 20:58:21.924496,budget,1,desktop
7165,riya.nair.5c7327,riya.nair.5c7327@trendlytics.io,Riya,Nair,2026-08-14 20:58:21.924496,budget,1,desktop
7166,tanvi.gupta.3534e1,tanvi.gupta.3534e1@trendlytics.io,Tanvi,Gupta,2026-08-14 20:58:21.924496,trendsetter,0,mobile
7167,karan.mehta.6149f5,karan.mehta.6149f5@trendlytics.io,Karan,Mehta,2026-08-05 20:58:21.924496,budget,0,mobile
7168,pooja.gupta.23433f,pooja.gupta.23433f@trendlytics.io,Pooja,Gupta,2026-08-11 20:58:21.924496,trendsetter,1,mobile
7169,meera.iyer.c94245,meera.iyer.c94245@trendlytics.io,Meera,Iyer,2026-08-26 20:58:21.924496,budget,0,mobile
7170,aditya.sen.e15c12,aditya.sen.e15c12@trendlytics.io,Aditya,Sen,2026-08-06 20:58:21.924496,occasional,0,mobile
7171,pooja.nair.0a9f49,pooja.nair.0a9f49@trendlytics.io,Pooja,Nair,2026-08-27 20:58:21.924496,luxury,1,mobile
7172,karan.banerjee.43e23d,karan.banerjee.43e23d@trendlytics.io,Karan,Banerjee,2026-08-03 20:58:21.924496,luxury,0,desktop
7173,priya.kapoor.59794f,priya.kapoor.59794f@trendlytics.io,Priya,Kapoor,2026-08-24 20:58:21.924496,budget,0,desktop
7174,tanvi.banerjee.bdd669,tanvi.banerjee.bdd669@trendlytics.io,Tanvi,Banerjee,2026-08-21 20:58:21.924496,budget,0,mobile
7175,sneha.sen.ef9c5b,sneha.sen.ef9c5b@trendlytics.io,Sneha,Sen,2026-08-01 20:58:21.924496,trendsetter,0,mobile
7176,arjun.das.40f5c3,arjun.das.40f5c3@trendlytics.io,Arjun,Das,2026-08-29 20:58:21.924496,luxury,0,desktop
7177,neha.gupta.bcb968,neha.gupta.bcb968@trendlytics.io,Neha,Gupta,2026-08-05 20:58:21.924496,luxury,0,mobile
7178,tanvi.singh.8ec045,tanvi.singh.8ec045@trendlytics.io,Tanvi,Singh,2026-08-16 20:58:21.924496,budget,0,desktop
7179,vikram.patel.2a0a55,vikram.patel.2a0a55@trendlytics.io,Vikram,Patel,2026-08-25 20:58:21.924496,luxury,0,mobile
7180,riya.singh.f341d8,riya.singh.f341d8@trendlytics.io,Riya,Singh,2026-07-31 20:58:21.924496,budget,0,desktop
7181,priya.singh.78f2bb,priya.singh.78f2bb@trendlytics.io,Priya,Singh,2026-08-16 20:58:21.924496,occasional,0,mobile
7182,vikram.sharma.319ff7,vikram.sharma.319ff7@trendlytics.io,Vikram,Sharma,2026-08-06 20:58:21.924496,trendsetter,0,mobile
7183,sneha.das.f89c57,sneha.das.f89c57@trendlytics.io,Sneha,Das,2026-08-05 20:58:21.924496,trendsetter,1,desktop
7184,pooja.sharma.f7797d,pooja.sharma.f7797d@trendlytics.io,Pooja,Sharma,2026-08-21 20:58:21.924496,trendsetter,0,tablet
7185,priya.joshi.b7c7b0,priya.joshi.b7c7b0@trendlytics.io,Priya,Joshi,2026-08-27 20:58:21.924496,budget,1,desktop
7186,arjun.singh.d66ba8,arjun.singh.d66ba8@trendlytics.io,Arjun,Singh,2026-08-27 20:58:21.924496,trendsetter,0,mobile
7187,aditya.kapoor.508226,aditya.kapoor.508226@trendlytics.io,Aditya,Kapoor,2026-08-01 20:58:21.924496,trendsetter,0,mobile
7188,arjun.mehta.a16805,arjun.mehta.a16805@trendlytics.io,Arjun,Mehta,2026-08-18 20:58:21.924496,occasional,0,desktop
7189,vikram.sen.355bb0,vikram.sen.355bb0@trendlytics.io,Vikram,Sen,2026-08-26 20:58:21.924496,luxury,0,desktop
7190,arjun.singh.6dad5c,arjun.singh.6dad5c@trendlytics.io,Arjun,Singh,2026-08-14 20:58:21.924496,luxury,0,mobile
7191,kabir.singh.18a0fa,kabir.singh.18a0fa@trendlytics.io,Kabir,Singh,2026-08-19 20:58:21.924496,trendsetter,1,mobile
7192,arjun.gupta.9a595f,arjun.gupta.9a595f@trendlytics.io,Arjun,Gupta,2026-08-25 20:58:21.924496,budget,0,desktop
7193,rohan.reddy.d1b78f,rohan.reddy.d1b78f@trendlytics.io,Rohan,Reddy,2026-07-31 20:58:21.924496,budget,1,mobile
7194,aditya.chopra.094dbf,aditya.chopra.094dbf@trendlytics.io,Aditya,Chopra,2026-08-18 20:58:21.924496,budget,1,mobile
7195,arjun.nair.409d0b,arjun.nair.409d0b@trendlytics.io,Arjun,Nair,2026-08-14 20:58:21.924496,budget,0,desktop
7196,sneha.mehta.15d16d,sneha.mehta.15d16d@trendlytics.io,Sneha,Mehta,2026-08-17 20:58:21.924496,trendsetter,0,mobile
7197,vikram.mehta.08226f,vikram.mehta.08226f@trendlytics.io,Vikram,Mehta,2026-08-26 20:58:21.924496,occasional,0,mobile
7198,ananya.banerjee.f98da9,ananya.banerjee.f98da9@trendlytics.io,Ananya,Banerjee,2026-08-10 20:58:21.924496,luxury,1,mobile
7199,tanvi.singh.de1349,tanvi.singh.de1349@trendlytics.io,Tanvi,Singh,2026-08-14 20:58:21.924496,occasional,0,mobile
7200,rohan.nair.efa0b6,rohan.nair.efa0b6@trendlytics.io,Rohan,Nair,2026-08-13 20:58:21.924496,trendsetter,1,desktop
7201,riya.das.ef7374,riya.das.ef7374@trendlytics.io,Riya,Das,2026-08-01 20:58:21.924496,occasional,1,desktop
7202,ananya.das.f56c94,ananya.das.f56c94@trendlytics.io,Ananya,Das,2026-08-14 20:58:21.924496,trendsetter,0,mobile
7203,karan.sharma.17f571,karan.sharma.17f571@trendlytics.io,Karan,Sharma,2026-08-29 20:58:21.924496,occasional,0,mobile
7204,neha.reddy.f1910f,neha.reddy.f1910f@trendlytics.io,Neha,Reddy,2026-08-15 20:58:21.924496,occasional,0,tablet
7205,rahul.gupta.b0f90c,rahul.gupta.b0f90c@trendlytics.io,Rahul,Gupta,2026-08-18 20:58:21.924496,trendsetter,0,mobile
7206,vikram.gupta.144421,vikram.gupta.144421@trendlytics.io,Vikram,Gupta,2026-08-07 20:58:21.924496,trendsetter,0,mobile
7207,arjun.banerjee.cabb9f,arjun.banerjee.cabb9f@trendlytics.io,Arjun,Banerjee,2026-08-09 20:58:21.924496,luxury,0,mobile
7208,riya.singh.b639ae,riya.singh.b639ae@trendlytics.io,Riya,Singh,2026-08-02 20:58:21.924496,budget,1,mobile
7209,priya.mehta.743009,priya.mehta.743009@trendlytics.io,Priya,Mehta,2026-08-24 20:58:21.924496,occasional,1,mobile
7210,meera.iyer.ce7054,meera.iyer.ce7054@trendlytics.io,Meera,Iyer,2026-08-12 20:58:21.924496,occasional,1,desktop
7211,pooja.iyer.22bd28,pooja.iyer.22bd28@trendlytics.io,Pooja,Iyer,2026-08-08 20:58:21.924496,budget,0,mobile
7212,priya.patel.59cc8e,priya.patel.59cc8e@trendlytics.io,Priya,Patel,2026-08-07 20:58:21.924496,trendsetter,0,desktop
7213,arjun.gupta.c945ab,arjun.gupta.c945ab@trendlytics.io,Arjun,Gupta,2026-08-17 20:58:21.924496,occasional,0,mobile
7214,tanvi.das.f59a88,tanvi.das.f59a88@trendlytics.io,Tanvi,Das,2026-08-12 20:58:21.924496,trendsetter,0,mobile
7215,tanvi.nair.a3709b,tanvi.nair.a3709b@trendlytics.io,Tanvi,Nair,2026-08-07 20:58:21.924496,luxury,1,tablet
7216,priya.iyer.fd347b,priya.iyer.fd347b@trendlytics.io,Priya,Iyer,2026-08-03 20:58:21.924496,trendsetter,1,mobile
7217,arjun.chopra.178b76,arjun.chopra.178b76@trendlytics.io,Arjun,Chopra,2026-08-13 20:58:21.924496,occasional,1,desktop
7218,neha.singh.cef11c,neha.singh.cef11c@trendlytics.io,Neha,Singh,2026-08-29 20:58:21.924496,luxury,1,desktop
7219,rohan.kapoor.d819cc,rohan.kapoor.d819cc@trendlytics.io,Rohan,Kapoor,2026-08-17 20:58:21.924496,luxury,0,desktop
7220,ananya.reddy.c1b87e,ananya.reddy.c1b87e@trendlytics.io,Ananya,Reddy,2026-08-29 20:58:21.924496,trendsetter,1,mobile
7221,sneha.patel.cbe89b,sneha.patel.cbe89b@trendlytics.io,Sneha,Patel,2026-08-16 20:58:21.924496,budget,0,mobile
7222,rahul.reddy.f70fae,rahul.reddy.f70fae@trendlytics.io,Rahul,Reddy,2026-08-07 20:58:21.924496,luxury,0,desktop
7223,arjun.chopra.6cd613,arjun.chopra.6cd613@trendlytics.io,Arjun,Chopra,2026-08-02 20:58:21.924496,budget,0,desktop
7224,riya.das.11dced,riya.das.11dced@trendlytics.io,Riya,Das,2026-08-16 20:58:21.924496,budget,0,mobile
7225,neha.mehta.4007aa,neha.mehta.4007aa@trendlytics.io,Neha,Mehta,2026-08-08 20:58:21.924496,luxury,1,desktop
7226,priya.chopra.7856aa,priya.chopra.7856aa@trendlytics.io,Priya,Chopra,2026-08-26 20:58:21.924496,occasional,1,mobile
7227,sneha.chopra.fa643d,sneha.chopra.fa643d@trendlytics.io,Sneha,Chopra,2026-08-04 20:58:21.924496,trendsetter,0,mobile
7228,sneha.nair.0c28c1,sneha.nair.0c28c1@trendlytics.io,Sneha,Nair,2026-08-26 20:58:21.924496,trendsetter,1,desktop
7229,pooja.patel.1f9756,pooja.patel.1f9756@trendlytics.io,Pooja,Patel,2026-08-04 20:58:21.924496,trendsetter,1,mobile
7230,rahul.sen.c7151e,rahul.sen.c7151e@trendlytics.io,Rahul,Sen,2026-08-25 20:58:21.924496,budget,0,desktop
7231,kabir.iyer.67b118,kabir.iyer.67b118@trendlytics.io,Kabir,Iyer,2026-08-23 20:58:21.924496,occasional,1,mobile
7232,pooja.iyer.eed52a,pooja.iyer.eed52a@trendlytics.io,Pooja,Iyer,2026-08-01 20:58:21.924496,budget,1,mobile
7233,priya.banerjee.54b950,priya.banerjee.54b950@trendlytics.io,Priya,Banerjee,2026-08-18 20:58:21.924496,budget,0,tablet
7234,aditya.singh.4c8464,aditya.singh.4c8464@trendlytics.io,Aditya,Singh,2026-08-27 20:58:21.924496,budget,1,mobile
7235,aarav.chopra.15d8af,aarav.chopra.15d8af@trendlytics.io,Aarav,Chopra,2026-08-07 20:58:21.924496,trendsetter,1,desktop
7236,kabir.kapoor.22a843,kabir.kapoor.22a843@trendlytics.io,Kabir,Kapoor,2026-08-09 20:58:21.924496,budget,1,tablet
7237,aarav.reddy.e12394,aarav.reddy.e12394@trendlytics.io,Aarav,Reddy,2026-08-15 20:58:21.924496,luxury,0,mobile
7238,pooja.patel.486032,pooja.patel.486032@trendlytics.io,Pooja,Patel,2026-08-26 20:58:21.924496,luxury,0,desktop
7239,pooja.sen.7c1b18,pooja.sen.7c1b18@trendlytics.io,Pooja,Sen,2026-08-07 20:58:21.924496,luxury,0,mobile
7240,meera.nair.29bfbe,meera.nair.29bfbe@trendlytics.io,Meera,Nair,2026-08-26 20:58:21.924496,trendsetter,0,desktop
7241,neha.mehta.27fdbc,neha.mehta.27fdbc@trendlytics.io,Neha,Mehta,2026-08-04 20:58:21.924496,budget,0,mobile
7242,meera.kapoor.6d5825,meera.kapoor.6d5825@trendlytics.io,Meera,Kapoor,2026-08-18 20:58:21.924496,occasional,0,mobile
7243,tanvi.banerjee.673031,tanvi.banerjee.673031@trendlytics.io,Tanvi,Banerjee,2026-08-19 20:58:21.924496,trendsetter,1,desktop
7244,tanvi.das.4bbfc5,tanvi.das.4bbfc5@trendlytics.io,Tanvi,Das,2026-08-02 20:58:21.924496,trendsetter,0,desktop
7245,aarav.singh.e2b634,aarav.singh.e2b634@trendlytics.io,Aarav,Singh,2026-08-08 20:58:21.924496,occasional,0,mobile
7246,pooja.chopra.d8b059,pooja.chopra.d8b059@trendlytics.io,Pooja,Chopra,2026-08-27 20:58:21.924496,occasional,1,mobile
7247,kabir.singh.577f1a,kabir.singh.577f1a@trendlytics.io,Kabir,Singh,2026-08-29 20:58:21.924496,trendsetter,1,mobile
7248,arjun.joshi.412585,arjun.joshi.412585@trendlytics.io,Arjun,Joshi,2026-08-07 20:58:21.924496,budget,1,mobile
7249,karan.verma.c78571,karan.verma.c78571@trendlytics.io,Karan,Verma,2026-08-21 20:58:21.924496,occasional,1,mobile
7250,karan.mehta.e6ca35,karan.mehta.e6ca35@trendlytics.io,Karan,Mehta,2026-08-13 20:58:21.924496,luxury,0,desktop
7251,riya.joshi.b206e4,riya.joshi.b206e4@trendlytics.io,Riya,Joshi,2026-08-22 20:58:21.924496,budget,1,desktop
7252,meera.singh.5d4424,meera.singh.5d4424@trendlytics.io,Meera,Singh,2026-08-13 20:58:21.924496,occasional,0,mobile
7253,tanvi.kapoor.8c8a06,tanvi.kapoor.8c8a06@trendlytics.io,Tanvi,Kapoor,2026-08-26 20:58:21.924496,budget,1,desktop
7254,rohan.das.0fe03a,rohan.das.0fe03a@trendlytics.io,Rohan,Das,2026-08-19 20:58:21.924496,budget,0,mobile
7255,priya.chopra.1eadc6,priya.chopra.1eadc6@trendlytics.io,Priya,Chopra,2026-08-22 20:58:21.924496,occasional,0,mobile
7256,kabir.gupta.9fd2ce,kabir.gupta.9fd2ce@trendlytics.io,Kabir,Gupta,2026-08-24 20:58:21.924496,occasional,0,desktop
7257,ananya.joshi.52d146,ananya.joshi.52d146@trendlytics.io,Ananya,Joshi,2026-07-31 20:58:21.924496,occasional,0,desktop
7258,tanvi.nair.0520f3,tanvi.nair.0520f3@trendlytics.io,Tanvi,Nair,2026-08-21 20:58:21.924496,luxury,0,mobile
7259,priya.joshi.6aaee1,priya.joshi.6aaee1@trendlytics.io,Priya,Joshi,2026-08-12 20:58:21.924496,occasional,0,desktop
7260,pooja.joshi.dac664,pooja.joshi.dac664@trendlytics.io,Pooja,Joshi,2026-08-03 20:58:21.924496,budget,1,mobile
7261,rahul.joshi.f304b3,rahul.joshi.f304b3@trendlytics.io,Rahul,Joshi,2026-08-06 20:58:21.924496,trendsetter,1,desktop
7262,rahul.mehta.f6ca4c,rahul.mehta.f6ca4c@trendlytics.io,Rahul,Mehta,2026-08-06 20:58:21.924496,occasional,0,mobile
7263,arjun.das.7c5640,arjun.das.7c5640@trendlytics.io,Arjun,Das,2026-08-24 20:58:21.924496,budget,1,desktop
7264,sneha.sharma.8c7d5c,sneha.sharma.8c7d5c@trendlytics.io,Sneha,Sharma,2026-08-07 20:58:21.924496,occasional,1,mobile
7265,tanvi.das.d4d429,tanvi.das.d4d429@trendlytics.io,Tanvi,Das,2026-08-19 20:58:21.924496,occasional,1,mobile
7266,ananya.sen.0cfea5,ananya.sen.0cfea5@trendlytics.io,Ananya,Sen,2026-07-30 20:58:21.924496,budget,0,mobile
7267,priya.mehta.fbda96,priya.mehta.fbda96@trendlytics.io,Priya,Mehta,2026-08-14 20:58:21.924496,occasional,1,mobile
7268,tanvi.iyer.f53eb4,tanvi.iyer.f53eb4@trendlytics.io,Tanvi,Iyer,2026-08-29 20:58:21.924496,luxury,1,desktop
7269,ananya.gupta.d09668,ananya.gupta.d09668@trendlytics.io,Ananya,Gupta,2026-08-28 20:58:21.924496,luxury,1,mobile
7270,tanvi.das.56dfd0,tanvi.das.56dfd0@trendlytics.io,Tanvi,Das,2026-08-02 20:58:21.924496,occasional,1,desktop
7271,priya.mehta.f4348e,priya.mehta.f4348e@trendlytics.io,Priya,Mehta,2026-08-26 20:58:21.924496,luxury,0,mobile
7272,karan.das.e80182,karan.das.e80182@trendlytics.io,Karan,Das,2026-08-29 20:58:21.924496,trendsetter,1,desktop
7273,sneha.sen.28944b,sneha.sen.28944b@trendlytics.io,Sneha,Sen,2026-08-20 20:58:21.924496,luxury,1,mobile
7274,rahul.banerjee.f2142d,rahul.banerjee.f2142d@trendlytics.io,Rahul,Banerjee,2026-07-31 20:58:21.924496,luxury,0,mobile
7275,sneha.das.82e2ad,sneha.das.82e2ad@trendlytics.io,Sneha,Das,2026-08-19 20:58:21.924496,occasional,1,mobile
7276,pooja.nair.830633,pooja.nair.830633@trendlytics.io,Pooja,Nair,2026-08-12 20:58:21.924496,luxury,1,mobile
7277,neha.iyer.a2af75,neha.iyer.a2af75@trendlytics.io,Neha,Iyer,2026-08-19 20:58:21.924496,luxury,1,mobile
7278,karan.gupta.98955e,karan.gupta.98955e@trendlytics.io,Karan,Gupta,2026-08-22 20:58:21.924496,trendsetter,0,mobile
7279,pooja.joshi.39fe29,pooja.joshi.39fe29@trendlytics.io,Pooja,Joshi,2026-08-16 20:58:21.924496,luxury,0,mobile
7280,rahul.kapoor.7d9fcc,rahul.kapoor.7d9fcc@trendlytics.io,Rahul,Kapoor,2026-08-27 20:58:21.924496,occasional,0,mobile
7281,rahul.sen.11dd58,rahul.sen.11dd58@trendlytics.io,Rahul,Sen,2026-08-20 20:58:21.924496,budget,0,mobile
7282,riya.reddy.6efb9c,riya.reddy.6efb9c@trendlytics.io,Riya,Reddy,2026-07-31 20:58:21.924496,occasional,0,tablet
7283,pooja.nair.398487,pooja.nair.398487@trendlytics.io,Pooja,Nair,2026-08-14 20:58:21.924496,budget,0,desktop
7284,aarav.sen.819620,aarav.sen.819620@trendlytics.io,Aarav,Sen,2026-08-17 20:58:21.924496,trendsetter,0,mobile
7285,sneha.chopra.0b64d3,sneha.chopra.0b64d3@trendlytics.io,Sneha,Chopra,2026-08-17 20:58:21.924496,trendsetter,0,desktop
7286,arjun.chopra.2658bb,arjun.chopra.2658bb@trendlytics.io,Arjun,Chopra,2026-08-25 20:58:21.924496,occasional,1,mobile
7287,pooja.verma.b629ff,pooja.verma.b629ff@trendlytics.io,Pooja,Verma,2026-08-17 20:58:21.924496,luxury,1,mobile
7288,ananya.singh.2e230a,ananya.singh.2e230a@trendlytics.io,Ananya,Singh,2026-08-21 20:58:21.924496,luxury,0,desktop
7289,sneha.verma.c7fee1,sneha.verma.c7fee1@trendlytics.io,Sneha,Verma,2026-08-07 20:58:21.924496,occasional,1,mobile
7290,karan.chopra.11df78,karan.chopra.11df78@trendlytics.io,Karan,Chopra,2026-07-31 20:58:21.924496,occasional,0,mobile
7291,vikram.chopra.26d2a7,vikram.chopra.26d2a7@trendlytics.io,Vikram,Chopra,2026-07-31 20:58:21.924496,budget,1,mobile
7292,meera.banerjee.d6fcc3,meera.banerjee.d6fcc3@trendlytics.io,Meera,Banerjee,2026-08-24 20:58:21.924496,occasional,0,mobile
7293,riya.iyer.7e0cb0,riya.iyer.7e0cb0@trendlytics.io,Riya,Iyer,2026-08-20 20:58:21.924496,budget,1,mobile
7294,rahul.mehta.bb5824,rahul.mehta.bb5824@trendlytics.io,Rahul,Mehta,2026-07-30 20:58:21.924496,budget,1,mobile
7295,karan.singh.b3a283,karan.singh.b3a283@trendlytics.io,Karan,Singh,2026-08-22 20:58:21.924496,occasional,1,mobile
7296,rahul.gupta.a5e9e2,rahul.gupta.a5e9e2@trendlytics.io,Rahul,Gupta,2026-08-19 20:58:21.924496,budget,0,mobile
7297,arjun.sharma.98a871,arjun.sharma.98a871@trendlytics.io,Arjun,Sharma,2026-08-24 20:58:21.924496,trendsetter,0,mobile
7298,priya.iyer.76aa65,priya.iyer.76aa65@trendlytics.io,Priya,Iyer,2026-08-24 20:58:21.924496,trendsetter,1,mobile
7299,ananya.nair.ac90da,ananya.nair.ac90da@trendlytics.io,Ananya,Nair,2026-08-20 20:58:21.924496,budget,1,desktop
7300,kabir.gupta.01cf50,kabir.gupta.01cf50@trendlytics.io,Kabir,Gupta,2026-08-17 20:58:21.924496,budget,0,desktop
7301,ananya.verma.531dde,ananya.verma.531dde@trendlytics.io,Ananya,Verma,2026-08-11 20:58:21.924496,luxury,0,desktop
7302,kabir.verma.ecf9db,kabir.verma.ecf9db@trendlytics.io,Kabir,Verma,2026-07-31 20:58:21.924496,occasional,1,mobile
7303,pooja.gupta.74cab2,pooja.gupta.74cab2@trendlytics.io,Pooja,Gupta,2026-07-30 20:58:21.924496,budget,0,mobile
7304,aditya.sharma.5e8d25,aditya.sharma.5e8d25@trendlytics.io,Aditya,Sharma,2026-08-28 20:58:21.924496,occasional,1,mobile
7305,meera.banerjee.00638f,meera.banerjee.00638f@trendlytics.io,Meera,Banerjee,2026-08-14 20:58:21.924496,trendsetter,1,mobile
7306,rohan.iyer.4c2df6,rohan.iyer.4c2df6@trendlytics.io,Rohan,Iyer,2026-08-28 20:58:21.924496,trendsetter,0,mobile
7307,rahul.nair.400b70,rahul.nair.400b70@trendlytics.io,Rahul,Nair,2026-08-12 20:58:21.924496,occasional,1,mobile
7308,vikram.nair.5a26fe,vikram.nair.5a26fe@trendlytics.io,Vikram,Nair,2026-08-18 20:58:21.924496,occasional,1,mobile
7309,aarav.sharma.0e41f7,aarav.sharma.0e41f7@trendlytics.io,Aarav,Sharma,2026-08-19 20:58:21.924496,luxury,0,mobile
7310,tanvi.kapoor.195b71,tanvi.kapoor.195b71@trendlytics.io,Tanvi,Kapoor,2026-08-21 20:58:21.924496,budget,0,mobile
7311,rohan.sen.d4edb8,rohan.sen.d4edb8@trendlytics.io,Rohan,Sen,2026-08-10 20:58:21.924496,budget,1,desktop
7312,tanvi.chopra.9d2631,tanvi.chopra.9d2631@trendlytics.io,Tanvi,Chopra,2026-08-10 20:58:21.924496,occasional,0,mobile
7313,ananya.sharma.a648a7,ananya.sharma.a648a7@trendlytics.io,Ananya,Sharma,2026-08-17 20:58:21.924496,luxury,1,desktop
7314,ananya.mehta.330b9e,ananya.mehta.330b9e@trendlytics.io,Ananya,Mehta,2026-08-06 20:58:21.924496,luxury,0,desktop
7315,arjun.mehta.004e5d,arjun.mehta.004e5d@trendlytics.io,Arjun,Mehta,2026-08-02 20:58:21.924496,luxury,1,mobile
7316,riya.patel.1f7bfc,riya.patel.1f7bfc@trendlytics.io,Riya,Patel,2026-08-01 20:58:21.924496,budget,1,mobile
7317,neha.joshi.9cd6a1,neha.joshi.9cd6a1@trendlytics.io,Neha,Joshi,2026-07-30 20:58:21.924496,occasional,0,mobile
7318,priya.sharma.778ae0,priya.sharma.778ae0@trendlytics.io,Priya,Sharma,2026-08-28 20:58:21.924496,trendsetter,0,mobile
7319,meera.verma.203712,meera.verma.203712@trendlytics.io,Meera,Verma,2026-08-03 20:58:21.924496,trendsetter,1,mobile
7320,aditya.gupta.3e8e73,aditya.gupta.3e8e73@trendlytics.io,Aditya,Gupta,2026-08-24 20:58:21.924496,occasional,0,mobile
7321,aarav.reddy.f8e091,aarav.reddy.f8e091@trendlytics.io,Aarav,Reddy,2026-08-01 20:58:21.924496,budget,1,mobile
7322,aarav.das.d747b9,aarav.das.d747b9@trendlytics.io,Aarav,Das,2026-08-24 20:58:21.924496,budget,0,mobile
7323,aditya.das.eef179,aditya.das.eef179@trendlytics.io,Aditya,Das,2026-08-11 20:58:21.924496,luxury,1,mobile
7324,rahul.das.c8d7ba,rahul.das.c8d7ba@trendlytics.io,Rahul,Das,2026-08-25 20:58:21.924496,luxury,0,mobile
7325,sneha.nair.c37c9a,sneha.nair.c37c9a@trendlytics.io,Sneha,Nair,2026-08-06 20:58:21.924496,luxury,1,desktop
7326,rahul.verma.15f17d,rahul.verma.15f17d@trendlytics.io,Rahul,Verma,2026-08-04 20:58:21.924496,luxury,0,desktop
7327,aditya.iyer.f17d87,aditya.iyer.f17d87@trendlytics.io,Aditya,Iyer,2026-08-16 20:58:21.924496,luxury,0,mobile
7328,neha.singh.6e86d5,neha.singh.6e86d5@trendlytics.io,Neha,Singh,2026-08-22 20:58:21.924496,trendsetter,0,desktop
7329,tanvi.nair.7302b7,tanvi.nair.7302b7@trendlytics.io,Tanvi,Nair,2026-08-03 20:58:21.924496,luxury,0,mobile
7330,rahul.iyer.f4641b,rahul.iyer.f4641b@trendlytics.io,Rahul,Iyer,2026-08-02 20:58:21.924496,trendsetter,1,mobile
7331,aditya.iyer.9a8669,aditya.iyer.9a8669@trendlytics.io,Aditya,Iyer,2026-08-10 20:58:21.924496,luxury,0,desktop
7332,arjun.singh.d47c4b,arjun.singh.d47c4b@trendlytics.io,Arjun,Singh,2026-08-03 20:58:21.924496,luxury,0,mobile
7333,karan.sharma.c9e062,karan.sharma.c9e062@trendlytics.io,Karan,Sharma,2026-08-29 20:58:21.924496,luxury,0,mobile
7334,riya.sen.9a413a,riya.sen.9a413a@trendlytics.io,Riya,Sen,2026-08-26 20:58:21.924496,occasional,1,mobile
7335,sneha.kapoor.41e210,sneha.kapoor.41e210@trendlytics.io,Sneha,Kapoor,2026-08-25 20:58:21.924496,trendsetter,0,desktop
7336,vikram.gupta.e2117d,vikram.gupta.e2117d@trendlytics.io,Vikram,Gupta,2026-08-04 20:58:21.924496,luxury,0,desktop
7337,arjun.joshi.fefe59,arjun.joshi.fefe59@trendlytics.io,Arjun,Joshi,2026-08-25 20:58:21.924496,trendsetter,1,mobile
7338,ananya.iyer.ae2d9e,ananya.iyer.ae2d9e@trendlytics.io,Ananya,Iyer,2026-08-19 20:58:21.924496,trendsetter,0,mobile
7339,riya.nair.66997d,riya.nair.66997d@trendlytics.io,Riya,Nair,2026-07-31 20:58:21.924496,luxury,1,mobile
7340,kabir.kapoor.cdc218,kabir.kapoor.cdc218@trendlytics.io,Kabir,Kapoor,2026-08-11 20:58:21.924496,budget,0,mobile
7341,meera.das.6f7413,meera.das.6f7413@trendlytics.io,Meera,Das,2026-08-01 20:58:21.924496,trendsetter,0,mobile
7342,aditya.nair.ba44db,aditya.nair.ba44db@trendlytics.io,Aditya,Nair,2026-08-27 20:58:21.924496,trendsetter,0,mobile
7343,karan.sharma.1c1f2a,karan.sharma.1c1f2a@trendlytics.io,Karan,Sharma,2026-08-05 20:58:21.924496,occasional,0,mobile
7344,tanvi.singh.fc46d3,tanvi.singh.fc46d3@trendlytics.io,Tanvi,Singh,2026-07-30 20:58:21.924496,trendsetter,0,tablet
7345,karan.sen.762462,karan.sen.762462@trendlytics.io,Karan,Sen,2026-08-25 20:58:21.924496,trendsetter,0,mobile
7346,sneha.das.cd8480,sneha.das.cd8480@trendlytics.io,Sneha,Das,2026-08-05 20:58:21.924496,budget,0,mobile
7347,riya.singh.24e8b7,riya.singh.24e8b7@trendlytics.io,Riya,Singh,2026-08-19 20:58:21.924496,luxury,0,mobile
7348,karan.banerjee.d38907,karan.banerjee.d38907@trendlytics.io,Karan,Banerjee,2026-08-17 20:58:21.924496,trendsetter,1,mobile
7349,vikram.sharma.ac97d3,vikram.sharma.ac97d3@trendlytics.io,Vikram,Sharma,2026-08-28 20:58:21.924496,trendsetter,0,mobile
7350,meera.singh.1c28bf,meera.singh.1c28bf@trendlytics.io,Meera,Singh,2026-08-01 20:58:21.924496,luxury,0,mobile
7351,aarav.kapoor.bb522f,aarav.kapoor.bb522f@trendlytics.io,Aarav,Kapoor,2026-08-07 20:58:21.924496,trendsetter,1,mobile
7352,karan.sharma.0c23dc,karan.sharma.0c23dc@trendlytics.io,Karan,Sharma,2026-08-29 20:58:21.924496,occasional,0,mobile
7353,tanvi.reddy.6f1282,tanvi.reddy.6f1282@trendlytics.io,Tanvi,Reddy,2026-08-25 20:58:21.924496,budget,1,desktop
7354,pooja.singh.93b05f,pooja.singh.93b05f@trendlytics.io,Pooja,Singh,2026-08-14 20:58:21.924496,occasional,0,mobile
7355,meera.nair.2fd87b,meera.nair.2fd87b@trendlytics.io,Meera,Nair,2026-08-29 20:58:21.924496,trendsetter,0,mobile
7356,neha.kapoor.5cb074,neha.kapoor.5cb074@trendlytics.io,Neha,Kapoor,2026-08-13 20:58:21.924496,occasional,1,mobile
7357,arjun.joshi.d9694c,arjun.joshi.d9694c@trendlytics.io,Arjun,Joshi,2026-08-09 20:58:21.924496,occasional,1,tablet
7358,vikram.sharma.c3d646,vikram.sharma.c3d646@trendlytics.io,Vikram,Sharma,2026-08-09 20:58:21.924496,trendsetter,0,mobile
7359,meera.banerjee.a2e822,meera.banerjee.a2e822@trendlytics.io,Meera,Banerjee,2026-08-18 20:58:21.924496,occasional,0,mobile
7360,aditya.patel.8cb389,aditya.patel.8cb389@trendlytics.io,Aditya,Patel,2026-08-13 20:58:21.924496,budget,0,desktop
7361,meera.verma.65596c,meera.verma.65596c@trendlytics.io,Meera,Verma,2026-08-25 20:58:21.924496,occasional,0,mobile
7362,arjun.sen.8051d5,arjun.sen.8051d5@trendlytics.io,Arjun,Sen,2026-08-20 20:58:21.924496,luxury,0,mobile
7363,riya.gupta.2876b2,riya.gupta.2876b2@trendlytics.io,Riya,Gupta,2026-08-29 20:58:21.924496,budget,0,mobile
7364,kabir.chopra.39dbe2,kabir.chopra.39dbe2@trendlytics.io,Kabir,Chopra,2026-08-05 20:58:21.924496,trendsetter,1,mobile
7365,priya.kapoor.7e9de8,priya.kapoor.7e9de8@trendlytics.io,Priya,Kapoor,2026-08-10 20:58:21.924496,budget,0,mobile
7366,pooja.kapoor.85fb02,pooja.kapoor.85fb02@trendlytics.io,Pooja,Kapoor,2026-08-21 20:58:21.924496,occasional,0,desktop
7367,neha.iyer.3c4041,neha.iyer.3c4041@trendlytics.io,Neha,Iyer,2026-08-06 20:58:21.924496,trendsetter,0,mobile
7368,vikram.joshi.dec1e0,vikram.joshi.dec1e0@trendlytics.io,Vikram,Joshi,2026-08-21 20:58:21.924496,budget,0,mobile
7369,vikram.kapoor.6260b5,vikram.kapoor.6260b5@trendlytics.io,Vikram,Kapoor,2026-08-02 20:58:21.924496,budget,0,mobile
7370,karan.chopra.fd46e8,karan.chopra.fd46e8@trendlytics.io,Karan,Chopra,2026-08-16 20:58:21.924496,occasional,1,mobile
7371,aarav.patel.4cb504,aarav.patel.4cb504@trendlytics.io,Aarav,Patel,2026-08-28 20:58:21.924496,occasional,0,desktop
7372,rohan.singh.4d44da,rohan.singh.4d44da@trendlytics.io,Rohan,Singh,2026-08-13 20:58:21.924496,budget,0,mobile
7373,neha.gupta.20b2ba,neha.gupta.20b2ba@trendlytics.io,Neha,Gupta,2026-08-10 20:58:21.924496,luxury,1,mobile
7374,priya.reddy.5c9b53,priya.reddy.5c9b53@trendlytics.io,Priya,Reddy,2026-08-16 20:58:21.924496,occasional,1,mobile
7375,kabir.sharma.55f0f7,kabir.sharma.55f0f7@trendlytics.io,Kabir,Sharma,2026-08-03 20:58:21.924496,luxury,0,mobile
7376,neha.kapoor.c09e8c,neha.kapoor.c09e8c@trendlytics.io,Neha,Kapoor,2026-08-17 20:58:21.924496,luxury,0,desktop
7377,kabir.mehta.dd3a90,kabir.mehta.dd3a90@trendlytics.io,Kabir,Mehta,2026-08-24 20:58:21.924496,budget,0,desktop
7378,rohan.kapoor.b7a516,rohan.kapoor.b7a516@trendlytics.io,Rohan,Kapoor,2026-08-12 20:58:21.924496,occasional,1,desktop
7379,rohan.nair.5b008e,rohan.nair.5b008e@trendlytics.io,Rohan,Nair,2026-08-19 20:58:21.924496,trendsetter,1,mobile
7380,arjun.iyer.46a091,arjun.iyer.46a091@trendlytics.io,Arjun,Iyer,2026-08-03 20:58:21.924496,occasional,1,desktop
7381,kabir.nair.b4da23,kabir.nair.b4da23@trendlytics.io,Kabir,Nair,2026-08-25 20:58:21.924496,occasional,1,mobile
7382,kabir.iyer.df03d3,kabir.iyer.df03d3@trendlytics.io,Kabir,Iyer,2026-08-06 20:58:21.924496,budget,0,tablet
7383,sneha.banerjee.d880dd,sneha.banerjee.d880dd@trendlytics.io,Sneha,Banerjee,2026-08-29 20:58:21.924496,occasional,1,mobile
7384,priya.sen.9a5706,priya.sen.9a5706@trendlytics.io,Priya,Sen,2026-08-12 20:58:21.924496,luxury,0,mobile
7385,karan.joshi.49188f,karan.joshi.49188f@trendlytics.io,Karan,Joshi,2026-08-16 20:58:21.924496,luxury,1,mobile
7386,karan.sen.6d0a57,karan.sen.6d0a57@trendlytics.io,Karan,Sen,2026-08-02 20:58:21.924496,trendsetter,1,mobile
7387,rahul.banerjee.e38078,rahul.banerjee.e38078@trendlytics.io,Rahul,Banerjee,2026-08-19 20:58:21.924496,occasional,0,mobile
7388,pooja.kapoor.9badbd,pooja.kapoor.9badbd@trendlytics.io,Pooja,Kapoor,2026-08-22 20:58:21.924496,luxury,0,desktop
7389,tanvi.reddy.c3e401,tanvi.reddy.c3e401@trendlytics.io,Tanvi,Reddy,2026-08-10 20:58:21.924496,luxury,1,desktop
7390,neha.gupta.562071,neha.gupta.562071@trendlytics.io,Neha,Gupta,2026-08-23 20:58:21.924496,budget,1,tablet
7391,karan.mehta.034ab0,karan.mehta.034ab0@trendlytics.io,Karan,Mehta,2026-08-10 20:58:21.924496,occasional,0,tablet
7392,neha.sharma.505647,neha.sharma.505647@trendlytics.io,Neha,Sharma,2026-08-18 20:58:21.924496,trendsetter,0,mobile
7393,aarav.joshi.3468cb,aarav.joshi.3468cb@trendlytics.io,Aarav,Joshi,2026-08-07 20:58:21.924496,budget,1,mobile
7394,vikram.iyer.836334,vikram.iyer.836334@trendlytics.io,Vikram,Iyer,2026-08-11 20:58:21.924496,luxury,1,desktop
7395,kabir.mehta.a2edc6,kabir.mehta.a2edc6@trendlytics.io,Kabir,Mehta,2026-08-23 20:58:21.924496,trendsetter,0,mobile
7396,arjun.das.bad335,arjun.das.bad335@trendlytics.io,Arjun,Das,2026-08-01 20:58:21.924496,occasional,0,mobile
7397,neha.chopra.3ef80e,neha.chopra.3ef80e@trendlytics.io,Neha,Chopra,2026-08-02 20:58:21.924496,luxury,0,mobile
7398,sneha.gupta.d79dcb,sneha.gupta.d79dcb@trendlytics.io,Sneha,Gupta,2026-08-03 20:58:21.924496,trendsetter,1,desktop
7399,sneha.kapoor.33de7d,sneha.kapoor.33de7d@trendlytics.io,Sneha,Kapoor,2026-08-28 20:58:21.924496,luxury,0,mobile
7400,priya.chopra.d57614,priya.chopra.d57614@trendlytics.io,Priya,Chopra,2026-08-21 20:58:21.924496,budget,1,mobile
7401,tanvi.joshi.54ada3,tanvi.joshi.54ada3@trendlytics.io,Tanvi,Joshi,2026-08-26 20:58:21.924496,occasional,0,mobile
7402,sneha.patel.b28831,sneha.patel.b28831@trendlytics.io,Sneha,Patel,2026-07-31 20:58:21.924496,luxury,1,mobile
7403,neha.patel.06c5f8,neha.patel.06c5f8@trendlytics.io,Neha,Patel,2026-08-16 20:58:21.924496,occasional,1,mobile
7404,sneha.banerjee.815617,sneha.banerjee.815617@trendlytics.io,Sneha,Banerjee,2026-08-15 20:58:21.924496,luxury,1,mobile
7405,tanvi.nair.45ff70,tanvi.nair.45ff70@trendlytics.io,Tanvi,Nair,2026-08-19 20:58:21.924496,occasional,0,mobile
7406,meera.kapoor.a97274,meera.kapoor.a97274@trendlytics.io,Meera,Kapoor,2026-08-08 20:58:21.924496,budget,0,mobile
7407,kabir.sharma.4f3181,kabir.sharma.4f3181@trendlytics.io,Kabir,Sharma,2026-08-05 20:58:21.924496,budget,0,desktop
7408,meera.iyer.4208c6,meera.iyer.4208c6@trendlytics.io,Meera,Iyer,2026-08-15 20:58:21.924496,luxury,1,mobile
7409,pooja.nair.ce65ae,pooja.nair.ce65ae@trendlytics.io,Pooja,Nair,2026-08-01 20:58:21.924496,luxury,0,desktop
7410,meera.kapoor.7567cb,meera.kapoor.7567cb@trendlytics.io,Meera,Kapoor,2026-08-15 20:58:21.924496,occasional,0,mobile
7411,neha.banerjee.db4c51,neha.banerjee.db4c51@trendlytics.io,Neha,Banerjee,2026-08-03 20:58:21.924496,luxury,1,mobile
7412,tanvi.chopra.1488c9,tanvi.chopra.1488c9@trendlytics.io,Tanvi,Chopra,2026-08-15 20:58:21.924496,occasional,1,mobile
7413,kabir.kapoor.e090e3,kabir.kapoor.e090e3@trendlytics.io,Kabir,Kapoor,2026-08-20 20:58:21.924496,occasional,1,desktop
7414,vikram.patel.814948,vikram.patel.814948@trendlytics.io,Vikram,Patel,2026-08-11 20:58:21.924496,occasional,1,mobile
7415,arjun.verma.0286bb,arjun.verma.0286bb@trendlytics.io,Arjun,Verma,2026-08-29 20:58:21.924496,occasional,0,desktop
7416,karan.sen.a4e273,karan.sen.a4e273@trendlytics.io,Karan,Sen,2026-08-23 20:58:21.924496,occasional,1,mobile
7417,ananya.verma.442951,ananya.verma.442951@trendlytics.io,Ananya,Verma,2026-08-07 20:58:21.924496,luxury,0,mobile
7418,karan.gupta.215f4b,karan.gupta.215f4b@trendlytics.io,Karan,Gupta,2026-08-03 20:58:21.924496,occasional,1,desktop
7419,aarav.kapoor.cb5104,aarav.kapoor.cb5104@trendlytics.io,Aarav,Kapoor,2026-08-29 20:58:21.924496,trendsetter,0,desktop
7420,tanvi.sen.6cd4a3,tanvi.sen.6cd4a3@trendlytics.io,Tanvi,Sen,2026-08-08 20:58:21.924496,trendsetter,0,mobile
7421,meera.reddy.009361,meera.reddy.009361@trendlytics.io,Meera,Reddy,2026-08-29 20:58:21.924496,occasional,1,mobile
7422,aditya.patel.d3cb51,aditya.patel.d3cb51@trendlytics.io,Aditya,Patel,2026-08-21 20:58:21.924496,trendsetter,1,desktop
7423,aarav.joshi.3e06f5,aarav.joshi.3e06f5@trendlytics.io,Aarav,Joshi,2026-08-03 20:58:21.924496,luxury,1,tablet
7424,priya.banerjee.5bdf37,priya.banerjee.5bdf37@trendlytics.io,Priya,Banerjee,2026-08-24 20:58:21.924496,budget,1,mobile
7425,aarav.iyer.f09edf,aarav.iyer.f09edf@trendlytics.io,Aarav,Iyer,2026-08-24 20:58:21.924496,luxury,1,mobile
7426,karan.gupta.fa6c1d,karan.gupta.fa6c1d@trendlytics.io,Karan,Gupta,2026-08-04 20:58:21.924496,trendsetter,0,mobile
7427,meera.patel.4bc4e9,meera.patel.4bc4e9@trendlytics.io,Meera,Patel,2026-08-10 20:58:21.924496,luxury,1,desktop
7428,meera.verma.e1d399,meera.verma.e1d399@trendlytics.io,Meera,Verma,2026-08-23 20:58:21.924496,occasional,0,desktop
7429,kabir.iyer.99faa1,kabir.iyer.99faa1@trendlytics.io,Kabir,Iyer,2026-08-05 20:58:21.924496,occasional,1,mobile
7430,ananya.chopra.2a93bd,ananya.chopra.2a93bd@trendlytics.io,Ananya,Chopra,2026-08-10 20:58:21.924496,occasional,0,desktop
7431,sneha.mehta.5dfd2a,sneha.mehta.5dfd2a@trendlytics.io,Sneha,Mehta,2026-08-05 20:58:21.924496,budget,0,desktop
7432,karan.joshi.b90e03,karan.joshi.b90e03@trendlytics.io,Karan,Joshi,2026-08-18 20:58:21.924496,trendsetter,1,mobile
7433,pooja.kapoor.d93732,pooja.kapoor.d93732@trendlytics.io,Pooja,Kapoor,2026-07-31 20:58:21.924496,budget,1,desktop
7434,riya.mehta.608516,riya.mehta.608516@trendlytics.io,Riya,Mehta,2026-08-25 20:58:21.924496,occasional,1,mobile
7435,arjun.nair.d0bd7d,arjun.nair.d0bd7d@trendlytics.io,Arjun,Nair,2026-08-16 20:58:21.924496,occasional,1,desktop
7436,neha.iyer.0e824a,neha.iyer.0e824a@trendlytics.io,Neha,Iyer,2026-08-27 20:58:21.924496,trendsetter,0,mobile
7437,tanvi.gupta.5ea082,tanvi.gupta.5ea082@trendlytics.io,Tanvi,Gupta,2026-08-22 20:58:21.924496,budget,1,mobile
7438,meera.sharma.4cd960,meera.sharma.4cd960@trendlytics.io,Meera,Sharma,2026-08-22 20:58:21.924496,budget,1,desktop
7439,kabir.singh.9afede,kabir.singh.9afede@trendlytics.io,Kabir,Singh,2026-08-09 20:58:21.924496,occasional,1,mobile
7440,kabir.mehta.86c219,kabir.mehta.86c219@trendlytics.io,Kabir,Mehta,2026-08-18 20:58:21.924496,trendsetter,1,desktop
7441,karan.iyer.e5f20f,karan.iyer.e5f20f@trendlytics.io,Karan,Iyer,2026-08-07 20:58:21.924496,luxury,0,mobile
7442,sneha.das.a9082f,sneha.das.a9082f@trendlytics.io,Sneha,Das,2026-07-30 20:58:21.924496,occasional,1,mobile
7443,ananya.verma.8ce9c8,ananya.verma.8ce9c8@trendlytics.io,Ananya,Verma,2026-08-02 20:58:21.924496,occasional,1,mobile
7444,aarav.singh.f40547,aarav.singh.f40547@trendlytics.io,Aarav,Singh,2026-08-25 20:58:21.924496,occasional,0,mobile
7445,vikram.iyer.325c12,vikram.iyer.325c12@trendlytics.io,Vikram,Iyer,2026-07-31 20:58:21.924496,luxury,0,mobile
7446,arjun.gupta.834ec1,arjun.gupta.834ec1@trendlytics.io,Arjun,Gupta,2026-08-03 20:58:21.924496,budget,0,desktop
7447,vikram.joshi.766230,vikram.joshi.766230@trendlytics.io,Vikram,Joshi,2026-08-08 20:58:21.924496,luxury,0,desktop
7448,vikram.sharma.921e56,vikram.sharma.921e56@trendlytics.io,Vikram,Sharma,2026-08-11 20:58:21.924496,occasional,0,desktop
7449,aditya.mehta.7dd5bb,aditya.mehta.7dd5bb@trendlytics.io,Aditya,Mehta,2026-08-19 20:58:21.924496,trendsetter,0,tablet
7450,pooja.banerjee.895526,pooja.banerjee.895526@trendlytics.io,Pooja,Banerjee,2026-08-20 20:58:21.924496,trendsetter,1,mobile
7451,riya.das.ef61dc,riya.das.ef61dc@trendlytics.io,Riya,Das,2026-08-20 20:58:21.924496,luxury,1,desktop
7452,rahul.patel.edfec5,rahul.patel.edfec5@trendlytics.io,Rahul,Patel,2026-08-06 20:58:21.924496,luxury,0,tablet
7453,karan.mehta.e49b60,karan.mehta.e49b60@trendlytics.io,Karan,Mehta,2026-08-15 20:58:21.924496,budget,1,desktop
7454,rahul.chopra.0d1ad8,rahul.chopra.0d1ad8@trendlytics.io,Rahul,Chopra,2026-08-18 20:58:21.924496,trendsetter,1,mobile
7455,vikram.sen.3381c0,vikram.sen.3381c0@trendlytics.io,Vikram,Sen,2026-08-17 20:58:21.924496,luxury,1,desktop
7456,pooja.nair.113a89,pooja.nair.113a89@trendlytics.io,Pooja,Nair,2026-08-02 20:58:21.924496,occasional,1,tablet
7457,vikram.nair.b2dcd9,vikram.nair.b2dcd9@trendlytics.io,Vikram,Nair,2026-08-18 20:58:21.924496,trendsetter,0,mobile
7458,pooja.reddy.e915be,pooja.reddy.e915be@trendlytics.io,Pooja,Reddy,2026-07-30 20:58:21.924496,occasional,1,mobile
7459,tanvi.iyer.30ca38,tanvi.iyer.30ca38@trendlytics.io,Tanvi,Iyer,2026-08-22 20:58:21.924496,occasional,1,mobile
7460,neha.sharma.39006e,neha.sharma.39006e@trendlytics.io,Neha,Sharma,2026-08-27 20:58:21.924496,luxury,1,desktop
7461,aarav.chopra.0242bb,aarav.chopra.0242bb@trendlytics.io,Aarav,Chopra,2026-07-31 20:58:21.924496,trendsetter,0,desktop
7462,tanvi.sen.561f6b,tanvi.sen.561f6b@trendlytics.io,Tanvi,Sen,2026-08-23 20:58:21.924496,budget,0,mobile
7463,rohan.gupta.d2e81f,rohan.gupta.d2e81f@trendlytics.io,Rohan,Gupta,2026-08-12 20:58:21.924496,budget,0,tablet
7464,arjun.das.b41ba0,arjun.das.b41ba0@trendlytics.io,Arjun,Das,2026-08-04 20:58:21.924496,occasional,0,tablet
7465,riya.gupta.7d2591,riya.gupta.7d2591@trendlytics.io,Riya,Gupta,2026-08-03 20:58:21.924496,luxury,1,mobile
7466,kabir.patel.127689,kabir.patel.127689@trendlytics.io,Kabir,Patel,2026-07-31 20:58:21.924496,luxury,0,mobile
7467,meera.banerjee.b5c66f,meera.banerjee.b5c66f@trendlytics.io,Meera,Banerjee,2026-08-27 20:58:21.924496,luxury,0,mobile
7468,aarav.chopra.4c5fca,aarav.chopra.4c5fca@trendlytics.io,Aarav,Chopra,2026-08-27 20:58:21.924496,occasional,0,mobile
7469,rohan.banerjee.2feab8,rohan.banerjee.2feab8@trendlytics.io,Rohan,Banerjee,2026-08-06 20:58:21.924496,budget,1,mobile
7470,aditya.reddy.209c85,aditya.reddy.209c85@trendlytics.io,Aditya,Reddy,2026-08-15 20:58:21.924496,budget,0,desktop
7471,meera.singh.70b699,meera.singh.70b699@trendlytics.io,Meera,Singh,2026-08-04 20:58:21.924496,budget,1,desktop
7472,karan.joshi.c49e45,karan.joshi.c49e45@trendlytics.io,Karan,Joshi,2026-08-21 20:58:21.924496,occasional,1,mobile
7473,neha.banerjee.1d78e9,neha.banerjee.1d78e9@trendlytics.io,Neha,Banerjee,2026-08-13 20:58:21.924496,luxury,1,mobile
7474,vikram.iyer.fae970,vikram.iyer.fae970@trendlytics.io,Vikram,Iyer,2026-08-11 20:58:21.924496,luxury,1,mobile
7475,rahul.singh.c4007b,rahul.singh.c4007b@trendlytics.io,Rahul,Singh,2026-08-15 20:58:21.924496,budget,0,mobile
7476,arjun.sharma.623dd4,arjun.sharma.623dd4@trendlytics.io,Arjun,Sharma,2026-08-19 20:58:21.924496,budget,1,desktop
7477,kabir.gupta.cd4a80,kabir.gupta.cd4a80@trendlytics.io,Kabir,Gupta,2026-08-20 20:58:21.924496,luxury,0,desktop
7478,pooja.reddy.a86208,pooja.reddy.a86208@trendlytics.io,Pooja,Reddy,2026-08-23 20:58:21.924496,occasional,0,desktop
7479,meera.kapoor.496548,meera.kapoor.496548@trendlytics.io,Meera,Kapoor,2026-08-28 20:58:21.924496,occasional,1,mobile
7480,ananya.sen.472477,ananya.sen.472477@trendlytics.io,Ananya,Sen,2026-08-15 20:58:21.924496,luxury,1,mobile
7481,neha.sharma.909035,neha.sharma.909035@trendlytics.io,Neha,Sharma,2026-08-20 20:58:21.924496,budget,1,mobile
7482,karan.mehta.466475,karan.mehta.466475@trendlytics.io,Karan,Mehta,2026-08-27 20:58:21.924496,budget,1,mobile
7483,kabir.sharma.5c0315,kabir.sharma.5c0315@trendlytics.io,Kabir,Sharma,2026-08-22 20:58:21.924496,luxury,0,mobile
7484,arjun.verma.900082,arjun.verma.900082@trendlytics.io,Arjun,Verma,2026-08-16 20:58:21.924496,luxury,1,mobile
7485,sneha.nair.23f4d4,sneha.nair.23f4d4@trendlytics.io,Sneha,Nair,2026-08-15 20:58:21.924496,budget,1,mobile
7486,aarav.chopra.7c28da,aarav.chopra.7c28da@trendlytics.io,Aarav,Chopra,2026-08-12 20:58:21.924496,budget,0,desktop
7487,meera.kapoor.5bdd8c,meera.kapoor.5bdd8c@trendlytics.io,Meera,Kapoor,2026-08-28 20:58:21.924496,budget,1,mobile
7488,arjun.singh.c95829,arjun.singh.c95829@trendlytics.io,Arjun,Singh,2026-08-15 20:58:21.924496,budget,1,mobile
7489,neha.singh.36fcfe,neha.singh.36fcfe@trendlytics.io,Neha,Singh,2026-08-02 20:58:21.924496,luxury,0,desktop
7490,priya.patel.39e142,priya.patel.39e142@trendlytics.io,Priya,Patel,2026-08-27 20:58:21.924496,budget,0,mobile
7491,sneha.banerjee.1a4d60,sneha.banerjee.1a4d60@trendlytics.io,Sneha,Banerjee,2026-08-03 20:58:21.924496,trendsetter,1,mobile
7492,ananya.banerjee.f92305,ananya.banerjee.f92305@trendlytics.io,Ananya,Banerjee,2026-08-07 20:58:21.924496,occasional,1,mobile
7493,arjun.mehta.d8e0ac,arjun.mehta.d8e0ac@trendlytics.io,Arjun,Mehta,2026-08-14 20:58:21.924496,budget,0,desktop
7494,arjun.nair.ce58d3,arjun.nair.ce58d3@trendlytics.io,Arjun,Nair,2026-08-25 20:58:21.924496,luxury,1,desktop
7495,sneha.gupta.55d2a3,sneha.gupta.55d2a3@trendlytics.io,Sneha,Gupta,2026-08-20 20:58:21.924496,luxury,1,mobile
7496,rahul.verma.f84c45,rahul.verma.f84c45@trendlytics.io,Rahul,Verma,2026-08-02 20:58:21.924496,occasional,1,mobile
7497,rohan.joshi.5b112b,rohan.joshi.5b112b@trendlytics.io,Rohan,Joshi,2026-08-03 20:58:21.924496,luxury,1,desktop
7498,pooja.nair.64fa61,pooja.nair.64fa61@trendlytics.io,Pooja,Nair,2026-08-12 20:58:21.924496,occasional,1,desktop
7499,arjun.sharma.506eaf,arjun.sharma.506eaf@trendlytics.io,Arjun,Sharma,2026-08-02 20:58:21.924496,occasional,1,mobile
7500,arjun.kapoor.50bff1,arjun.kapoor.50bff1@trendlytics.io,Arjun,Kapoor,2026-08-10 20:58:21.924496,budget,0,mobile
7501,ananya.singh.f1eab3,ananya.singh.f1eab3@trendlytics.io,Ananya,Singh,2026-08-24 20:58:21.924496,occasional,1,mobile
7502,ananya.singh.d25f49,ananya.singh.d25f49@trendlytics.io,Ananya,Singh,2026-08-02 20:58:21.924496,occasional,0,desktop
7503,meera.banerjee.0a0a35,meera.banerjee.0a0a35@trendlytics.io,Meera,Banerjee,2026-08-16 20:58:21.924496,trendsetter,0,mobile
7504,arjun.verma.245243,arjun.verma.245243@trendlytics.io,Arjun,Verma,2026-08-28 20:58:21.924496,occasional,0,desktop
7505,neha.kapoor.f40258,neha.kapoor.f40258@trendlytics.io,Neha,Kapoor,2026-08-29 20:58:21.924496,occasional,1,mobile
7506,vikram.banerjee.43f994,vikram.banerjee.43f994@trendlytics.io,Vikram,Banerjee,2026-08-12 20:58:21.924496,occasional,0,mobile
7507,aarav.banerjee.44ea79,aarav.banerjee.44ea79@trendlytics.io,Aarav,Banerjee,2026-08-17 20:58:21.924496,budget,0,desktop
7508,vikram.joshi.92003b,vikram.joshi.92003b@trendlytics.io,Vikram,Joshi,2026-08-22 20:58:21.924496,trendsetter,1,desktop
7509,neha.mehta.60bb76,neha.mehta.60bb76@trendlytics.io,Neha,Mehta,2026-08-28 20:58:21.924496,occasional,0,mobile
7510,rohan.patel.98cee8,rohan.patel.98cee8@trendlytics.io,Rohan,Patel,2026-08-07 20:58:21.924496,budget,1,desktop
7511,rohan.sharma.777c9f,rohan.sharma.777c9f@trendlytics.io,Rohan,Sharma,2026-08-09 20:58:21.924496,budget,1,mobile
7512,arjun.kapoor.c3789c,arjun.kapoor.c3789c@trendlytics.io,Arjun,Kapoor,2026-08-09 20:58:21.924496,trendsetter,0,mobile
7513,priya.gupta.8ad1bf,priya.gupta.8ad1bf@trendlytics.io,Priya,Gupta,2026-08-04 20:58:21.924496,trendsetter,1,desktop
7514,tanvi.chopra.050c4b,tanvi.chopra.050c4b@trendlytics.io,Tanvi,Chopra,2026-08-03 20:58:21.924496,budget,1,desktop
7515,aarav.kapoor.2900ed,aarav.kapoor.2900ed@trendlytics.io,Aarav,Kapoor,2026-08-19 20:58:21.924496,budget,1,mobile
7516,tanvi.sharma.2486df,tanvi.sharma.2486df@trendlytics.io,Tanvi,Sharma,2026-08-06 20:58:21.924496,trendsetter,1,mobile
7517,aditya.patel.a2db12,aditya.patel.a2db12@trendlytics.io,Aditya,Patel,2026-08-19 20:58:21.924496,trendsetter,0,mobile
7518,aarav.das.0707f5,aarav.das.0707f5@trendlytics.io,Aarav,Das,2026-07-30 20:58:21.924496,trendsetter,0,mobile
7519,karan.das.afcf96,karan.das.afcf96@trendlytics.io,Karan,Das,2026-08-27 20:58:21.924496,occasional,0,desktop
7520,aarav.chopra.b2907f,aarav.chopra.b2907f@trendlytics.io,Aarav,Chopra,2026-08-22 20:58:21.924496,budget,0,mobile
7521,rohan.sharma.c574d9,rohan.sharma.c574d9@trendlytics.io,Rohan,Sharma,2026-08-14 20:58:21.924496,luxury,1,mobile
7522,arjun.iyer.262a31,arjun.iyer.262a31@trendlytics.io,Arjun,Iyer,2026-08-26 20:58:21.924496,budget,1,mobile
7523,sneha.verma.6e8c0f,sneha.verma.6e8c0f@trendlytics.io,Sneha,Verma,2026-08-22 20:58:21.924496,luxury,0,mobile
7524,aarav.das.d3febc,aarav.das.d3febc@trendlytics.io,Aarav,Das,2026-08-19 20:58:21.924496,luxury,0,mobile
7525,riya.iyer.54993a,riya.iyer.54993a@trendlytics.io,Riya,Iyer,2026-08-25 20:58:21.924496,budget,0,mobile
7526,pooja.gupta.fd245c,pooja.gupta.fd245c@trendlytics.io,Pooja,Gupta,2026-08-25 20:58:21.924496,luxury,0,mobile
7527,vikram.singh.301070,vikram.singh.301070@trendlytics.io,Vikram,Singh,2026-08-25 20:58:21.924496,budget,1,mobile
7528,pooja.reddy.719b46,pooja.reddy.719b46@trendlytics.io,Pooja,Reddy,2026-08-23 20:58:21.924496,luxury,0,desktop
7529,vikram.joshi.3baf17,vikram.joshi.3baf17@trendlytics.io,Vikram,Joshi,2026-08-11 20:58:21.924496,trendsetter,0,mobile
7530,pooja.joshi.763899,pooja.joshi.763899@trendlytics.io,Pooja,Joshi,2026-08-20 20:58:21.924496,luxury,1,desktop
7531,pooja.kapoor.914974,pooja.kapoor.914974@trendlytics.io,Pooja,Kapoor,2026-08-29 20:58:21.924496,trendsetter,0,mobile
7532,aarav.patel.86cef3,aarav.patel.86cef3@trendlytics.io,Aarav,Patel,2026-08-23 20:58:21.924496,budget,0,mobile
7533,meera.sen.9b2a31,meera.sen.9b2a31@trendlytics.io,Meera,Sen,2026-08-03 20:58:21.924496,budget,0,desktop
7534,sneha.sen.cb60da,sneha.sen.cb60da@trendlytics.io,Sneha,Sen,2026-08-10 20:58:21.924496,occasional,0,desktop
7535,tanvi.gupta.07f2e7,tanvi.gupta.07f2e7@trendlytics.io,Tanvi,Gupta,2026-08-06 20:58:21.924496,trendsetter,1,mobile
7536,tanvi.reddy.3342be,tanvi.reddy.3342be@trendlytics.io,Tanvi,Reddy,2026-08-17 20:58:21.924496,occasional,0,mobile
7537,kabir.mehta.1bf2f6,kabir.mehta.1bf2f6@trendlytics.io,Kabir,Mehta,2026-08-26 20:58:21.924496,luxury,1,mobile
7538,meera.banerjee.bfec09,meera.banerjee.bfec09@trendlytics.io,Meera,Banerjee,2026-08-13 20:58:21.924496,budget,1,mobile
7539,tanvi.das.485a7b,tanvi.das.485a7b@trendlytics.io,Tanvi,Das,2026-08-07 20:58:21.924496,occasional,0,mobile
7540,neha.joshi.ebe25e,neha.joshi.ebe25e@trendlytics.io,Neha,Joshi,2026-07-30 20:58:21.924496,luxury,0,desktop
7541,kabir.gupta.8a37bd,kabir.gupta.8a37bd@trendlytics.io,Kabir,Gupta,2026-08-26 20:58:21.924496,budget,1,desktop
7542,pooja.patel.e10d09,pooja.patel.e10d09@trendlytics.io,Pooja,Patel,2026-08-02 20:58:21.924496,luxury,1,mobile
7543,neha.gupta.ccf9c7,neha.gupta.ccf9c7@trendlytics.io,Neha,Gupta,2026-08-03 20:58:21.924496,trendsetter,1,mobile
7544,tanvi.iyer.bb6487,tanvi.iyer.bb6487@trendlytics.io,Tanvi,Iyer,2026-07-31 20:58:21.924496,occasional,0,tablet
7545,rahul.kapoor.b78e40,rahul.kapoor.b78e40@trendlytics.io,Rahul,Kapoor,2026-08-03 20:58:21.924496,luxury,0,mobile
7546,ananya.patel.e09117,ananya.patel.e09117@trendlytics.io,Ananya,Patel,2026-08-17 20:58:21.924496,trendsetter,1,tablet
7547,karan.nair.8158cd,karan.nair.8158cd@trendlytics.io,Karan,Nair,2026-08-04 20:58:21.924496,trendsetter,1,desktop
7548,rahul.verma.5d2574,rahul.verma.5d2574@trendlytics.io,Rahul,Verma,2026-08-21 20:58:21.924496,trendsetter,1,tablet
7549,aditya.banerjee.86e14c,aditya.banerjee.86e14c@trendlytics.io,Aditya,Banerjee,2026-08-14 20:58:21.924496,trendsetter,1,desktop
7550,arjun.iyer.ab96d2,arjun.iyer.ab96d2@trendlytics.io,Arjun,Iyer,2026-07-31 20:58:21.924496,occasional,0,mobile
7551,meera.mehta.829beb,meera.mehta.829beb@trendlytics.io,Meera,Mehta,2026-08-15 20:58:21.924496,budget,1,desktop
7552,arjun.patel.48f7d4,arjun.patel.48f7d4@trendlytics.io,Arjun,Patel,2026-08-13 20:58:21.924496,occasional,0,mobile
7553,aditya.iyer.e89273,aditya.iyer.e89273@trendlytics.io,Aditya,Iyer,2026-08-16 20:58:21.924496,trendsetter,1,desktop
7554,sneha.joshi.db2394,sneha.joshi.db2394@trendlytics.io,Sneha,Joshi,2026-08-08 20:58:21.924496,luxury,1,desktop
7555,priya.das.c93d2f,priya.das.c93d2f@trendlytics.io,Priya,Das,2026-08-15 20:58:21.924496,trendsetter,0,mobile
7556,neha.das.3a3d51,neha.das.3a3d51@trendlytics.io,Neha,Das,2026-08-08 20:58:21.924496,luxury,0,mobile
7557,karan.iyer.a11440,karan.iyer.a11440@trendlytics.io,Karan,Iyer,2026-08-24 20:58:21.924496,luxury,1,mobile
7558,arjun.chopra.7eaa8d,arjun.chopra.7eaa8d@trendlytics.io,Arjun,Chopra,2026-07-30 20:58:21.924496,budget,1,mobile
7559,aditya.nair.1333e9,aditya.nair.1333e9@trendlytics.io,Aditya,Nair,2026-08-29 20:58:21.924496,luxury,1,mobile
7560,sneha.das.b114ef,sneha.das.b114ef@trendlytics.io,Sneha,Das,2026-08-03 20:58:21.924496,budget,0,mobile
7561,pooja.gupta.43d796,pooja.gupta.43d796@trendlytics.io,Pooja,Gupta,2026-08-25 20:58:21.924496,budget,0,mobile
7562,vikram.das.16515e,vikram.das.16515e@trendlytics.io,Vikram,Das,2026-08-24 20:58:21.924496,luxury,0,desktop
7563,ananya.reddy.1239db,ananya.reddy.1239db@trendlytics.io,Ananya,Reddy,2026-08-16 20:58:21.924496,occasional,1,mobile
7564,ananya.iyer.2cbce9,ananya.iyer.2cbce9@trendlytics.io,Ananya,Iyer,2026-08-24 20:58:21.924496,trendsetter,0,desktop
7565,sneha.joshi.5ea9d9,sneha.joshi.5ea9d9@trendlytics.io,Sneha,Joshi,2026-08-16 20:58:21.924496,occasional,0,mobile
7566,aarav.reddy.58e36e,aarav.reddy.58e36e@trendlytics.io,Aarav,Reddy,2026-08-08 20:58:21.924496,trendsetter,0,tablet
7567,priya.das.ccdac1,priya.das.ccdac1@trendlytics.io,Priya,Das,2026-08-07 20:58:21.924496,occasional,1,tablet
7568,sneha.banerjee.8d4cf2,sneha.banerjee.8d4cf2@trendlytics.io,Sneha,Banerjee,2026-08-23 20:58:21.924496,budget,1,mobile
7569,pooja.banerjee.a1505c,pooja.banerjee.a1505c@trendlytics.io,Pooja,Banerjee,2026-08-10 20:58:21.924496,trendsetter,1,mobile
7570,arjun.patel.89552a,arjun.patel.89552a@trendlytics.io,Arjun,Patel,2026-08-07 20:58:21.924496,luxury,1,desktop
7571,meera.sen.8d914b,meera.sen.8d914b@trendlytics.io,Meera,Sen,2026-08-23 20:58:21.924496,occasional,1,desktop
7572,aditya.sen.3b86ae,aditya.sen.3b86ae@trendlytics.io,Aditya,Sen,2026-08-08 20:58:21.924496,occasional,0,mobile
7573,karan.joshi.982053,karan.joshi.982053@trendlytics.io,Karan,Joshi,2026-08-12 20:58:21.924496,occasional,0,desktop
7574,aarav.das.76cf2b,aarav.das.76cf2b@trendlytics.io,Aarav,Das,2026-08-25 20:58:21.924496,budget,1,tablet
7575,ananya.mehta.c306a8,ananya.mehta.c306a8@trendlytics.io,Ananya,Mehta,2026-08-16 20:58:21.924496,occasional,0,mobile
7576,karan.nair.ebeb52,karan.nair.ebeb52@trendlytics.io,Karan,Nair,2026-08-16 20:58:21.924496,luxury,0,mobile
7577,meera.mehta.5fecab,meera.mehta.5fecab@trendlytics.io,Meera,Mehta,2026-08-14 20:58:21.924496,luxury,1,mobile
7578,karan.sen.5168c5,karan.sen.5168c5@trendlytics.io,Karan,Sen,2026-08-11 20:58:21.924496,occasional,1,mobile
7579,rohan.banerjee.903bd4,rohan.banerjee.903bd4@trendlytics.io,Rohan,Banerjee,2026-08-05 20:58:21.924496,occasional,0,mobile
7580,sneha.chopra.1fa9a4,sneha.chopra.1fa9a4@trendlytics.io,Sneha,Chopra,2026-08-27 20:58:21.924496,budget,0,mobile
7581,kabir.mehta.4f1e5e,kabir.mehta.4f1e5e@trendlytics.io,Kabir,Mehta,2026-08-25 20:58:21.924496,trendsetter,1,desktop
7582,ananya.gupta.3594b1,ananya.gupta.3594b1@trendlytics.io,Ananya,Gupta,2026-08-17 20:58:21.924496,luxury,1,mobile
7583,karan.sharma.9ed3ec,karan.sharma.9ed3ec@trendlytics.io,Karan,Sharma,2026-08-10 20:58:21.924496,trendsetter,1,mobile
7584,meera.reddy.9e64b3,meera.reddy.9e64b3@trendlytics.io,Meera,Reddy,2026-08-08 20:58:21.924496,budget,0,tablet
7585,vikram.das.399e55,vikram.das.399e55@trendlytics.io,Vikram,Das,2026-08-06 20:58:21.924496,occasional,0,mobile
7586,kabir.verma.b783a3,kabir.verma.b783a3@trendlytics.io,Kabir,Verma,2026-08-05 20:58:21.924496,luxury,1,mobile
7587,vikram.verma.fb7d79,vikram.verma.fb7d79@trendlytics.io,Vikram,Verma,2026-08-10 20:58:21.924496,occasional,0,mobile
7588,tanvi.das.4e5b48,tanvi.das.4e5b48@trendlytics.io,Tanvi,Das,2026-08-23 20:58:21.924496,trendsetter,1,mobile
7589,rahul.nair.d997e2,rahul.nair.d997e2@trendlytics.io,Rahul,Nair,2026-08-02 20:58:21.924496,budget,0,mobile
7590,riya.banerjee.bd19a1,riya.banerjee.bd19a1@trendlytics.io,Riya,Banerjee,2026-08-29 20:58:21.924496,budget,0,mobile
7591,aarav.sen.eb439b,aarav.sen.eb439b@trendlytics.io,Aarav,Sen,2026-08-11 20:58:21.924496,budget,1,mobile
7592,vikram.chopra.9366b3,vikram.chopra.9366b3@trendlytics.io,Vikram,Chopra,2026-08-29 20:58:21.924496,budget,1,desktop
7593,priya.singh.893d43,priya.singh.893d43@trendlytics.io,Priya,Singh,2026-08-24 20:58:21.924496,budget,0,mobile
7594,kabir.banerjee.32d4ec,kabir.banerjee.32d4ec@trendlytics.io,Kabir,Banerjee,2026-08-01 20:58:21.924496,luxury,1,mobile
7595,sneha.verma.b7e0a1,sneha.verma.b7e0a1@trendlytics.io,Sneha,Verma,2026-07-31 20:58:21.924496,budget,1,desktop
7596,riya.banerjee.e58b3e,riya.banerjee.e58b3e@trendlytics.io,Riya,Banerjee,2026-08-01 20:58:21.924496,occasional,0,desktop
7597,pooja.sen.c5dbee,pooja.sen.c5dbee@trendlytics.io,Pooja,Sen,2026-08-10 20:58:21.924496,trendsetter,0,desktop
7598,tanvi.nair.04bd5e,tanvi.nair.04bd5e@trendlytics.io,Tanvi,Nair,2026-08-10 20:58:21.924496,budget,0,mobile
7599,rahul.iyer.3df152,rahul.iyer.3df152@trendlytics.io,Rahul,Iyer,2026-08-15 20:58:21.924496,trendsetter,1,mobile
7600,karan.singh.233f0e,karan.singh.233f0e@trendlytics.io,Karan,Singh,2026-08-17 20:58:21.924496,luxury,0,mobile
7601,ananya.patel.ef5289,ananya.patel.ef5289@trendlytics.io,Ananya,Patel,2026-08-13 20:58:21.924496,trendsetter,0,mobile
7602,pooja.gupta.4a65fa,pooja.gupta.4a65fa@trendlytics.io,Pooja,Gupta,2026-08-18 20:58:21.924496,trendsetter,0,mobile
7603,priya.reddy.46a63b,priya.reddy.46a63b@trendlytics.io,Priya,Reddy,2026-08-24 20:58:21.924496,occasional,0,mobile
7604,aarav.gupta.392694,aarav.gupta.392694@trendlytics.io,Aarav,Gupta,2026-07-31 20:58:21.924496,luxury,0,desktop
7605,riya.gupta.e16a11,riya.gupta.e16a11@trendlytics.io,Riya,Gupta,2026-08-17 20:58:21.924496,trendsetter,0,desktop
7606,aarav.singh.3cf434,aarav.singh.3cf434@trendlytics.io,Aarav,Singh,2026-08-14 20:58:21.924496,occasional,1,mobile
7607,priya.kapoor.4ec9cb,priya.kapoor.4ec9cb@trendlytics.io,Priya,Kapoor,2026-08-06 20:58:21.924496,occasional,0,desktop
7608,rohan.das.9684be,rohan.das.9684be@trendlytics.io,Rohan,Das,2026-08-22 20:58:21.924496,trendsetter,1,tablet
7609,karan.singh.05bb2f,karan.singh.05bb2f@trendlytics.io,Karan,Singh,2026-08-12 20:58:21.924496,trendsetter,0,mobile
7610,tanvi.iyer.b17f4e,tanvi.iyer.b17f4e@trendlytics.io,Tanvi,Iyer,2026-08-08 20:58:21.924496,occasional,1,desktop
7611,neha.patel.43c370,neha.patel.43c370@trendlytics.io,Neha,Patel,2026-08-03 20:58:21.924496,budget,0,mobile
7612,vikram.das.fa15a1,vikram.das.fa15a1@trendlytics.io,Vikram,Das,2026-08-17 20:58:21.924496,occasional,1,mobile
7613,meera.mehta.724d0b,meera.mehta.724d0b@trendlytics.io,Meera,Mehta,2026-08-19 20:58:21.924496,budget,1,mobile
7614,meera.iyer.b84a66,meera.iyer.b84a66@trendlytics.io,Meera,Iyer,2026-07-30 20:58:21.924496,budget,0,mobile
7615,meera.chopra.ad411e,meera.chopra.ad411e@trendlytics.io,Meera,Chopra,2026-08-27 20:58:21.924496,luxury,0,mobile
7616,sneha.iyer.ade0ad,sneha.iyer.ade0ad@trendlytics.io,Sneha,Iyer,2026-08-14 20:58:21.924496,budget,1,mobile
7617,tanvi.chopra.5c5311,tanvi.chopra.5c5311@trendlytics.io,Tanvi,Chopra,2026-08-12 20:58:21.924496,luxury,1,mobile
7618,aarav.banerjee.f7d60a,aarav.banerjee.f7d60a@trendlytics.io,Aarav,Banerjee,2026-08-21 20:58:21.924496,occasional,0,desktop
7619,meera.verma.b1005e,meera.verma.b1005e@trendlytics.io,Meera,Verma,2026-08-13 20:58:21.924496,budget,1,mobile
7620,vikram.mehta.e2b25b,vikram.mehta.e2b25b@trendlytics.io,Vikram,Mehta,2026-08-11 20:58:21.924496,occasional,0,desktop
7621,meera.verma.9ca752,meera.verma.9ca752@trendlytics.io,Meera,Verma,2026-08-07 20:58:21.924496,budget,1,desktop
7622,vikram.reddy.088174,vikram.reddy.088174@trendlytics.io,Vikram,Reddy,2026-08-02 20:58:21.924496,occasional,1,mobile
7623,pooja.joshi.78274b,pooja.joshi.78274b@trendlytics.io,Pooja,Joshi,2026-08-20 20:58:21.924496,luxury,0,desktop
7624,aditya.joshi.384fb5,aditya.joshi.384fb5@trendlytics.io,Aditya,Joshi,2026-08-15 20:58:21.924496,trendsetter,0,mobile
7625,kabir.verma.9348fe,kabir.verma.9348fe@trendlytics.io,Kabir,Verma,2026-08-28 20:58:21.924496,luxury,1,tablet
7626,karan.verma.095a86,karan.verma.095a86@trendlytics.io,Karan,Verma,2026-08-19 20:58:21.924496,budget,1,mobile
7627,kabir.das.2a321b,kabir.das.2a321b@trendlytics.io,Kabir,Das,2026-07-31 20:58:21.924496,luxury,0,mobile
7628,priya.das.2326d3,priya.das.2326d3@trendlytics.io,Priya,Das,2026-08-04 20:58:21.924496,luxury,1,desktop
7629,aditya.sen.ee9c59,aditya.sen.ee9c59@trendlytics.io,Aditya,Sen,2026-08-04 20:58:21.924496,trendsetter,1,desktop
7630,pooja.iyer.7d1d83,pooja.iyer.7d1d83@trendlytics.io,Pooja,Iyer,2026-08-14 20:58:21.924496,budget,0,mobile
7631,meera.gupta.55020f,meera.gupta.55020f@trendlytics.io,Meera,Gupta,2026-08-18 20:58:21.924496,occasional,0,mobile
7632,aditya.das.6116a8,aditya.das.6116a8@trendlytics.io,Aditya,Das,2026-08-06 20:58:21.924496,budget,0,mobile
7633,karan.sharma.93f1b2,karan.sharma.93f1b2@trendlytics.io,Karan,Sharma,2026-07-31 20:58:21.924496,luxury,1,mobile
7634,arjun.kapoor.f903ec,arjun.kapoor.f903ec@trendlytics.io,Arjun,Kapoor,2026-08-29 20:58:21.924496,trendsetter,1,mobile
7635,priya.reddy.a4ac75,priya.reddy.a4ac75@trendlytics.io,Priya,Reddy,2026-08-09 20:58:21.924496,trendsetter,1,mobile
7636,priya.chopra.e6c246,priya.chopra.e6c246@trendlytics.io,Priya,Chopra,2026-08-25 20:58:21.924496,trendsetter,0,mobile
7637,rohan.verma.540f8c,rohan.verma.540f8c@trendlytics.io,Rohan,Verma,2026-08-26 20:58:21.924496,occasional,1,desktop
7638,karan.nair.9864a7,karan.nair.9864a7@trendlytics.io,Karan,Nair,2026-08-06 20:58:21.924496,luxury,1,tablet
7639,tanvi.iyer.cf332c,tanvi.iyer.cf332c@trendlytics.io,Tanvi,Iyer,2026-08-04 20:58:21.924496,trendsetter,1,mobile
7640,vikram.iyer.4242f9,vikram.iyer.4242f9@trendlytics.io,Vikram,Iyer,2026-08-22 20:58:21.924496,occasional,0,mobile
7641,tanvi.banerjee.9d8314,tanvi.banerjee.9d8314@trendlytics.io,Tanvi,Banerjee,2026-08-13 20:58:21.924496,trendsetter,1,desktop
7642,pooja.mehta.34e3ca,pooja.mehta.34e3ca@trendlytics.io,Pooja,Mehta,2026-08-08 20:58:21.924496,occasional,0,mobile
7643,sneha.mehta.696316,sneha.mehta.696316@trendlytics.io,Sneha,Mehta,2026-08-20 20:58:21.924496,budget,1,desktop
7644,priya.patel.54b327,priya.patel.54b327@trendlytics.io,Priya,Patel,2026-08-17 20:58:21.924496,trendsetter,0,mobile
7645,sneha.patel.93e5b3,sneha.patel.93e5b3@trendlytics.io,Sneha,Patel,2026-08-28 20:58:21.924496,occasional,0,mobile
7646,kabir.sharma.616b5c,kabir.sharma.616b5c@trendlytics.io,Kabir,Sharma,2026-08-13 20:58:21.924496,occasional,0,desktop
7647,rahul.joshi.a13016,rahul.joshi.a13016@trendlytics.io,Rahul,Joshi,2026-08-29 20:58:21.924496,occasional,1,mobile
7648,pooja.das.360a7d,pooja.das.360a7d@trendlytics.io,Pooja,Das,2026-08-26 20:58:21.924496,luxury,1,mobile
7649,sneha.banerjee.4c1b3d,sneha.banerjee.4c1b3d@trendlytics.io,Sneha,Banerjee,2026-08-07 20:58:21.924496,occasional,1,mobile
7650,sneha.singh.2fb8bd,sneha.singh.2fb8bd@trendlytics.io,Sneha,Singh,2026-07-30 20:58:21.924496,trendsetter,0,mobile
7651,vikram.patel.dfbd72,vikram.patel.dfbd72@trendlytics.io,Vikram,Patel,2026-08-27 20:58:21.924496,luxury,0,mobile
7652,kabir.joshi.912cc4,kabir.joshi.912cc4@trendlytics.io,Kabir,Joshi,2026-07-31 20:58:21.924496,occasional,0,mobile
7653,ananya.nair.19bc66,ananya.nair.19bc66@trendlytics.io,Ananya,Nair,2026-08-20 20:58:21.924496,trendsetter,0,mobile
7654,neha.sen.5c5581,neha.sen.5c5581@trendlytics.io,Neha,Sen,2026-08-28 20:58:21.924496,occasional,0,mobile
7655,tanvi.sharma.83e399,tanvi.sharma.83e399@trendlytics.io,Tanvi,Sharma,2026-08-27 20:58:21.924496,luxury,1,tablet
7656,aarav.das.66b6b3,aarav.das.66b6b3@trendlytics.io,Aarav,Das,2026-08-02 20:58:21.924496,luxury,0,tablet
7657,neha.nair.98a4b8,neha.nair.98a4b8@trendlytics.io,Neha,Nair,2026-08-15 20:58:21.924496,trendsetter,1,mobile
7658,vikram.das.1b4f1b,vikram.das.1b4f1b@trendlytics.io,Vikram,Das,2026-08-23 20:58:21.924496,trendsetter,1,mobile
7659,sneha.mehta.b9cee9,sneha.mehta.b9cee9@trendlytics.io,Sneha,Mehta,2026-08-14 20:58:21.924496,luxury,0,mobile
7660,meera.iyer.2eafcb,meera.iyer.2eafcb@trendlytics.io,Meera,Iyer,2026-08-15 20:58:21.924496,luxury,0,desktop
7661,sneha.sen.7a5385,sneha.sen.7a5385@trendlytics.io,Sneha,Sen,2026-08-18 20:58:21.924496,budget,1,mobile
7662,rahul.sharma.65d52d,rahul.sharma.65d52d@trendlytics.io,Rahul,Sharma,2026-07-30 20:58:21.924496,occasional,1,mobile
7663,priya.joshi.bdf2af,priya.joshi.bdf2af@trendlytics.io,Priya,Joshi,2026-08-11 20:58:21.924496,occasional,1,mobile
7664,aarav.nair.f3f862,aarav.nair.f3f862@trendlytics.io,Aarav,Nair,2026-07-30 20:58:21.924496,budget,0,mobile
7665,rohan.mehta.ebe64e,rohan.mehta.ebe64e@trendlytics.io,Rohan,Mehta,2026-08-13 20:58:21.924496,luxury,1,mobile
7666,rahul.sen.2901a2,rahul.sen.2901a2@trendlytics.io,Rahul,Sen,2026-08-24 20:58:21.924496,luxury,0,desktop
7667,riya.banerjee.1f78d5,riya.banerjee.1f78d5@trendlytics.io,Riya,Banerjee,2026-08-14 20:58:21.924496,luxury,0,mobile
7668,neha.das.cc0b13,neha.das.cc0b13@trendlytics.io,Neha,Das,2026-08-18 20:58:21.924496,occasional,0,mobile
7669,tanvi.sen.7fefe5,tanvi.sen.7fefe5@trendlytics.io,Tanvi,Sen,2026-07-30 20:58:21.924496,luxury,0,mobile
7670,kabir.sharma.198323,kabir.sharma.198323@trendlytics.io,Kabir,Sharma,2026-07-30 20:58:21.924496,budget,0,mobile
7671,pooja.iyer.4b2c17,pooja.iyer.4b2c17@trendlytics.io,Pooja,Iyer,2026-08-06 20:58:21.924496,occasional,0,desktop
7672,neha.kapoor.7ab8d7,neha.kapoor.7ab8d7@trendlytics.io,Neha,Kapoor,2026-08-20 20:58:21.924496,luxury,0,mobile
7673,sneha.sen.6d6eca,sneha.sen.6d6eca@trendlytics.io,Sneha,Sen,2026-08-12 20:58:21.924496,luxury,0,mobile
7674,riya.iyer.6b5727,riya.iyer.6b5727@trendlytics.io,Riya,Iyer,2026-08-05 20:58:21.924496,luxury,0,desktop
7675,ananya.iyer.68c8c0,ananya.iyer.68c8c0@trendlytics.io,Ananya,Iyer,2026-08-04 20:58:21.924496,budget,0,desktop
7676,aarav.patel.d278e7,aarav.patel.d278e7@trendlytics.io,Aarav,Patel,2026-08-09 20:58:21.924496,occasional,1,mobile
7677,aarav.patel.aa8cbf,aarav.patel.aa8cbf@trendlytics.io,Aarav,Patel,2026-08-29 20:58:21.924496,luxury,1,mobile
7678,arjun.mehta.e2dcaa,arjun.mehta.e2dcaa@trendlytics.io,Arjun,Mehta,2026-08-03 20:58:21.924496,trendsetter,1,mobile
7679,neha.verma.da3bb9,neha.verma.da3bb9@trendlytics.io,Neha,Verma,2026-08-16 20:58:21.924496,trendsetter,0,desktop
7680,priya.sen.738752,priya.sen.738752@trendlytics.io,Priya,Sen,2026-08-13 20:58:21.924496,luxury,1,desktop
7681,sneha.nair.ec8739,sneha.nair.ec8739@trendlytics.io,Sneha,Nair,2026-08-22 20:58:21.924496,trendsetter,0,tablet
7682,aditya.sharma.81ea94,aditya.sharma.81ea94@trendlytics.io,Aditya,Sharma,2026-08-16 20:58:21.924496,budget,0,mobile
7683,aditya.reddy.ffbe3c,aditya.reddy.ffbe3c@trendlytics.io,Aditya,Reddy,2026-08-04 20:58:21.924496,budget,0,mobile
7684,aarav.reddy.14b0c8,aarav.reddy.14b0c8@trendlytics.io,Aarav,Reddy,2026-08-03 20:58:21.924496,budget,0,mobile
7685,sneha.sen.d506e9,sneha.sen.d506e9@trendlytics.io,Sneha,Sen,2026-08-07 20:58:21.924496,occasional,1,mobile
7686,priya.sharma.e0f3fe,priya.sharma.e0f3fe@trendlytics.io,Priya,Sharma,2026-08-22 20:58:21.924496,luxury,1,desktop
7687,arjun.kapoor.e84fa6,arjun.kapoor.e84fa6@trendlytics.io,Arjun,Kapoor,2026-08-14 20:58:21.924496,luxury,0,mobile
7688,aarav.nair.f5d144,aarav.nair.f5d144@trendlytics.io,Aarav,Nair,2026-08-11 20:58:21.924496,occasional,0,mobile
7689,rohan.gupta.46dfd5,rohan.gupta.46dfd5@trendlytics.io,Rohan,Gupta,2026-08-29 20:58:21.924496,trendsetter,1,desktop
7690,pooja.reddy.b5ead3,pooja.reddy.b5ead3@trendlytics.io,Pooja,Reddy,2026-08-10 20:58:21.924496,luxury,1,mobile
7691,karan.nair.3d2931,karan.nair.3d2931@trendlytics.io,Karan,Nair,2026-08-05 20:58:21.924496,budget,0,desktop
7692,tanvi.reddy.e5b69c,tanvi.reddy.e5b69c@trendlytics.io,Tanvi,Reddy,2026-07-31 20:58:21.924496,trendsetter,0,mobile
7693,meera.sen.c9dac2,meera.sen.c9dac2@trendlytics.io,Meera,Sen,2026-08-29 20:58:21.924496,luxury,1,desktop
7694,arjun.patel.1a20b1,arjun.patel.1a20b1@trendlytics.io,Arjun,Patel,2026-08-10 20:58:21.924496,luxury,1,mobile
7695,arjun.nair.289f1f,arjun.nair.289f1f@trendlytics.io,Arjun,Nair,2026-08-18 20:58:21.924496,luxury,0,mobile
7696,rahul.reddy.e49da7,rahul.reddy.e49da7@trendlytics.io,Rahul,Reddy,2026-08-05 20:58:21.924496,budget,0,desktop
7697,karan.kapoor.255f32,karan.kapoor.255f32@trendlytics.io,Karan,Kapoor,2026-08-08 20:58:21.924496,occasional,0,mobile
7698,vikram.sen.9f6a8a,vikram.sen.9f6a8a@trendlytics.io,Vikram,Sen,2026-08-26 20:58:21.924496,trendsetter,0,mobile
7699,tanvi.iyer.1b96f0,tanvi.iyer.1b96f0@trendlytics.io,Tanvi,Iyer,2026-08-28 20:58:21.924496,occasional,0,desktop
7700,sneha.banerjee.5c1f01,sneha.banerjee.5c1f01@trendlytics.io,Sneha,Banerjee,2026-08-20 20:58:21.924496,occasional,1,mobile
7701,riya.singh.8367d6,riya.singh.8367d6@trendlytics.io,Riya,Singh,2026-08-27 20:58:21.924496,occasional,0,mobile
7702,aarav.sen.0646af,aarav.sen.0646af@trendlytics.io,Aarav,Sen,2026-08-29 20:58:21.924496,luxury,1,mobile
7703,neha.mehta.ee5965,neha.mehta.ee5965@trendlytics.io,Neha,Mehta,2026-08-24 20:58:21.924496,luxury,1,mobile
7704,aditya.patel.a391f7,aditya.patel.a391f7@trendlytics.io,Aditya,Patel,2026-08-24 20:58:21.924496,occasional,0,mobile
7705,rahul.chopra.e2a9f7,rahul.chopra.e2a9f7@trendlytics.io,Rahul,Chopra,2026-08-20 20:58:21.924496,luxury,0,mobile
7706,karan.kapoor.011b9c,karan.kapoor.011b9c@trendlytics.io,Karan,Kapoor,2026-08-24 20:58:21.924496,budget,0,desktop
7707,karan.verma.4e6784,karan.verma.4e6784@trendlytics.io,Karan,Verma,2026-08-13 20:58:21.924496,occasional,0,mobile
7708,vikram.kapoor.e07444,vikram.kapoor.e07444@trendlytics.io,Vikram,Kapoor,2026-08-06 20:58:21.924496,luxury,1,desktop
7709,sneha.banerjee.da4271,sneha.banerjee.da4271@trendlytics.io,Sneha,Banerjee,2026-08-07 20:58:21.924496,luxury,1,mobile
7710,sneha.joshi.6f2f0f,sneha.joshi.6f2f0f@trendlytics.io,Sneha,Joshi,2026-08-07 20:58:21.924496,trendsetter,0,desktop
7711,aarav.reddy.d4c5fa,aarav.reddy.d4c5fa@trendlytics.io,Aarav,Reddy,2026-08-15 20:58:21.924496,luxury,0,desktop
7712,arjun.patel.e64a58,arjun.patel.e64a58@trendlytics.io,Arjun,Patel,2026-08-10 20:58:21.924496,trendsetter,0,mobile
7713,priya.chopra.4868c8,priya.chopra.4868c8@trendlytics.io,Priya,Chopra,2026-08-06 20:58:21.924496,trendsetter,1,mobile
7714,tanvi.joshi.f12a1a,tanvi.joshi.f12a1a@trendlytics.io,Tanvi,Joshi,2026-08-14 20:58:21.924496,luxury,0,mobile
7715,priya.das.94f1f2,priya.das.94f1f2@trendlytics.io,Priya,Das,2026-08-23 20:58:21.924496,luxury,0,mobile
7716,tanvi.sen.6fb46c,tanvi.sen.6fb46c@trendlytics.io,Tanvi,Sen,2026-08-22 20:58:21.924496,luxury,1,desktop
7717,ananya.banerjee.5148b7,ananya.banerjee.5148b7@trendlytics.io,Ananya,Banerjee,2026-08-22 20:58:21.924496,trendsetter,1,desktop
7718,tanvi.joshi.e128d6,tanvi.joshi.e128d6@trendlytics.io,Tanvi,Joshi,2026-08-09 20:58:21.924496,budget,0,desktop
7719,aditya.sen.f720cb,aditya.sen.f720cb@trendlytics.io,Aditya,Sen,2026-08-26 20:58:21.924496,budget,0,desktop
7720,neha.chopra.4cbc2f,neha.chopra.4cbc2f@trendlytics.io,Neha,Chopra,2026-08-27 20:58:21.924496,trendsetter,0,mobile
7721,aarav.iyer.eb8188,aarav.iyer.eb8188@trendlytics.io,Aarav,Iyer,2026-08-02 20:58:21.924496,occasional,0,mobile
7722,karan.mehta.74018a,karan.mehta.74018a@trendlytics.io,Karan,Mehta,2026-08-23 20:58:21.924496,occasional,0,mobile
7723,neha.kapoor.bbf964,neha.kapoor.bbf964@trendlytics.io,Neha,Kapoor,2026-08-15 20:58:21.924496,occasional,1,mobile
7724,ananya.patel.c9571f,ananya.patel.c9571f@trendlytics.io,Ananya,Patel,2026-08-03 20:58:21.924496,luxury,0,desktop
7725,priya.gupta.850f4a,priya.gupta.850f4a@trendlytics.io,Priya,Gupta,2026-08-05 20:58:21.924496,trendsetter,0,tablet
7726,sneha.banerjee.ac5878,sneha.banerjee.ac5878@trendlytics.io,Sneha,Banerjee,2026-08-20 20:58:21.924496,trendsetter,1,mobile
7727,arjun.verma.ccc875,arjun.verma.ccc875@trendlytics.io,Arjun,Verma,2026-08-29 20:58:21.924496,trendsetter,0,mobile
7728,neha.chopra.efeab6,neha.chopra.efeab6@trendlytics.io,Neha,Chopra,2026-08-29 20:58:21.924496,trendsetter,0,desktop
7729,rahul.reddy.ba548b,rahul.reddy.ba548b@trendlytics.io,Rahul,Reddy,2026-07-30 20:58:21.924496,budget,0,tablet
7730,pooja.joshi.c5abd2,pooja.joshi.c5abd2@trendlytics.io,Pooja,Joshi,2026-08-22 20:58:21.924496,budget,0,mobile
7731,tanvi.iyer.5873aa,tanvi.iyer.5873aa@trendlytics.io,Tanvi,Iyer,2026-08-04 20:58:21.924496,occasional,1,mobile
7732,arjun.sharma.5d6d96,arjun.sharma.5d6d96@trendlytics.io,Arjun,Sharma,2026-08-28 20:58:21.924496,budget,0,desktop
7733,arjun.singh.60580e,arjun.singh.60580e@trendlytics.io,Arjun,Singh,2026-08-28 20:58:21.924496,trendsetter,0,desktop
7734,aditya.nair.571dfe,aditya.nair.571dfe@trendlytics.io,Aditya,Nair,2026-08-16 20:58:21.924496,budget,0,mobile
7735,sneha.kapoor.6079a7,sneha.kapoor.6079a7@trendlytics.io,Sneha,Kapoor,2026-08-01 20:58:21.924496,luxury,0,mobile
7736,arjun.gupta.848eee,arjun.gupta.848eee@trendlytics.io,Arjun,Gupta,2026-08-28 20:58:21.924496,budget,0,mobile
7737,vikram.mehta.251844,vikram.mehta.251844@trendlytics.io,Vikram,Mehta,2026-08-03 20:58:21.924496,trendsetter,0,mobile
7738,tanvi.sharma.ff4622,tanvi.sharma.ff4622@trendlytics.io,Tanvi,Sharma,2026-08-07 20:58:21.924496,trendsetter,0,mobile
7739,ananya.sharma.a1bbe1,ananya.sharma.a1bbe1@trendlytics.io,Ananya,Sharma,2026-08-05 20:58:21.924496,luxury,1,mobile
7740,aditya.chopra.b5605d,aditya.chopra.b5605d@trendlytics.io,Aditya,Chopra,2026-08-08 20:58:21.924496,occasional,0,desktop
7741,neha.nair.47ddaf,neha.nair.47ddaf@trendlytics.io,Neha,Nair,2026-08-09 20:58:21.924496,occasional,1,mobile
7742,vikram.kapoor.53709a,vikram.kapoor.53709a@trendlytics.io,Vikram,Kapoor,2026-08-23 20:58:21.924496,occasional,1,mobile
7743,ananya.gupta.1207e9,ananya.gupta.1207e9@trendlytics.io,Ananya,Gupta,2026-08-28 20:58:21.924496,budget,0,mobile
7744,kabir.sharma.eff69e,kabir.sharma.eff69e@trendlytics.io,Kabir,Sharma,2026-08-22 20:58:21.924496,occasional,0,mobile
7745,pooja.iyer.f1f9be,pooja.iyer.f1f9be@trendlytics.io,Pooja,Iyer,2026-08-07 20:58:21.924496,budget,1,mobile
7746,aarav.kapoor.6f6c06,aarav.kapoor.6f6c06@trendlytics.io,Aarav,Kapoor,2026-08-04 20:58:21.924496,trendsetter,1,desktop
7747,tanvi.reddy.0c4489,tanvi.reddy.0c4489@trendlytics.io,Tanvi,Reddy,2026-08-14 20:58:21.924496,occasional,0,mobile
7748,kabir.singh.6aa0f5,kabir.singh.6aa0f5@trendlytics.io,Kabir,Singh,2026-08-29 20:58:21.924496,budget,1,desktop
7749,rohan.joshi.ffebe9,rohan.joshi.ffebe9@trendlytics.io,Rohan,Joshi,2026-08-17 20:58:21.924496,budget,0,mobile
7750,priya.das.6cb404,priya.das.6cb404@trendlytics.io,Priya,Das,2026-08-13 20:58:21.924496,occasional,1,mobile
7751,kabir.patel.7aee78,kabir.patel.7aee78@trendlytics.io,Kabir,Patel,2026-08-18 20:58:21.924496,budget,0,mobile
7752,pooja.joshi.f69eec,pooja.joshi.f69eec@trendlytics.io,Pooja,Joshi,2026-08-07 20:58:21.924496,occasional,0,mobile
7753,tanvi.joshi.8c5bad,tanvi.joshi.8c5bad@trendlytics.io,Tanvi,Joshi,2026-08-19 20:58:21.924496,luxury,1,mobile
7754,ananya.patel.4c6ec3,ananya.patel.4c6ec3@trendlytics.io,Ananya,Patel,2026-08-10 20:58:21.924496,occasional,0,desktop
7755,arjun.singh.722b95,arjun.singh.722b95@trendlytics.io,Arjun,Singh,2026-08-17 20:58:21.924496,luxury,1,mobile
7756,aarav.gupta.61531c,aarav.gupta.61531c@trendlytics.io,Aarav,Gupta,2026-08-28 20:58:21.924496,occasional,0,desktop
7757,rohan.iyer.1778d7,rohan.iyer.1778d7@trendlytics.io,Rohan,Iyer,2026-08-15 20:58:21.924496,luxury,1,mobile
7758,sneha.iyer.41499b,sneha.iyer.41499b@trendlytics.io,Sneha,Iyer,2026-08-16 20:58:21.924496,budget,0,desktop
7759,rahul.patel.c99a80,rahul.patel.c99a80@trendlytics.io,Rahul,Patel,2026-08-05 20:58:21.924496,luxury,1,mobile
7760,riya.joshi.926eb9,riya.joshi.926eb9@trendlytics.io,Riya,Joshi,2026-08-25 20:58:21.924496,trendsetter,0,mobile
7761,priya.banerjee.871156,priya.banerjee.871156@trendlytics.io,Priya,Banerjee,2026-08-04 20:58:21.924496,trendsetter,0,mobile
7762,arjun.das.59bcf1,arjun.das.59bcf1@trendlytics.io,Arjun,Das,2026-08-14 20:58:21.924496,luxury,1,mobile
7763,pooja.singh.7d7d8d,pooja.singh.7d7d8d@trendlytics.io,Pooja,Singh,2026-08-18 20:58:21.924496,trendsetter,0,mobile
7764,kabir.das.18ea93,kabir.das.18ea93@trendlytics.io,Kabir,Das,2026-08-24 20:58:21.924496,trendsetter,0,desktop
7765,kabir.joshi.e2eced,kabir.joshi.e2eced@trendlytics.io,Kabir,Joshi,2026-08-04 20:58:21.924496,luxury,1,mobile
7766,karan.chopra.d3b18e,karan.chopra.d3b18e@trendlytics.io,Karan,Chopra,2026-08-02 20:58:21.924496,trendsetter,1,mobile
7767,meera.verma.5db686,meera.verma.5db686@trendlytics.io,Meera,Verma,2026-08-27 20:58:21.924496,occasional,0,desktop
7768,rahul.das.8fa9ba,rahul.das.8fa9ba@trendlytics.io,Rahul,Das,2026-08-22 20:58:21.924496,budget,1,mobile
7769,sneha.sen.bc13ff,sneha.sen.bc13ff@trendlytics.io,Sneha,Sen,2026-08-19 20:58:21.924496,budget,0,mobile
7770,sneha.joshi.fd170c,sneha.joshi.fd170c@trendlytics.io,Sneha,Joshi,2026-08-10 20:58:21.924496,luxury,1,mobile
7771,meera.banerjee.58124a,meera.banerjee.58124a@trendlytics.io,Meera,Banerjee,2026-08-22 20:58:21.924496,luxury,0,tablet
7772,pooja.sharma.e6978e,pooja.sharma.e6978e@trendlytics.io,Pooja,Sharma,2026-08-08 20:58:21.924496,occasional,1,mobile
7773,riya.chopra.49ba96,riya.chopra.49ba96@trendlytics.io,Riya,Chopra,2026-08-17 20:58:21.924496,luxury,1,mobile
7774,priya.das.a89dd5,priya.das.a89dd5@trendlytics.io,Priya,Das,2026-08-17 20:58:21.924496,trendsetter,0,mobile
7775,vikram.verma.0fb005,vikram.verma.0fb005@trendlytics.io,Vikram,Verma,2026-08-06 20:58:21.924496,trendsetter,1,desktop
7776,meera.reddy.d942e4,meera.reddy.d942e4@trendlytics.io,Meera,Reddy,2026-08-07 20:58:21.924496,luxury,1,mobile
7777,riya.singh.e433cc,riya.singh.e433cc@trendlytics.io,Riya,Singh,2026-08-15 20:58:21.924496,budget,1,desktop
7778,vikram.patel.17ead2,vikram.patel.17ead2@trendlytics.io,Vikram,Patel,2026-08-25 20:58:21.924496,occasional,1,mobile
7779,arjun.verma.c0f588,arjun.verma.c0f588@trendlytics.io,Arjun,Verma,2026-08-15 20:58:21.924496,luxury,0,mobile
7780,aditya.nair.edf7ee,aditya.nair.edf7ee@trendlytics.io,Aditya,Nair,2026-08-29 20:58:21.924496,luxury,1,desktop
7781,vikram.banerjee.2f3adc,vikram.banerjee.2f3adc@trendlytics.io,Vikram,Banerjee,2026-08-26 20:58:21.924496,luxury,1,mobile
7782,riya.sharma.4054a6,riya.sharma.4054a6@trendlytics.io,Riya,Sharma,2026-08-03 20:58:21.924496,budget,1,mobile
7783,riya.banerjee.7178b0,riya.banerjee.7178b0@trendlytics.io,Riya,Banerjee,2026-08-06 20:58:21.924496,trendsetter,0,mobile
7784,tanvi.banerjee.41f523,tanvi.banerjee.41f523@trendlytics.io,Tanvi,Banerjee,2026-08-04 20:58:21.924496,trendsetter,0,desktop
7785,tanvi.verma.d35cfd,tanvi.verma.d35cfd@trendlytics.io,Tanvi,Verma,2026-08-16 20:58:21.924496,budget,0,desktop
7786,kabir.iyer.f15da1,kabir.iyer.f15da1@trendlytics.io,Kabir,Iyer,2026-08-11 20:58:21.924496,luxury,0,desktop
7787,kabir.gupta.482bfe,kabir.gupta.482bfe@trendlytics.io,Kabir,Gupta,2026-08-17 20:58:21.924496,budget,1,desktop
7788,aditya.joshi.1b6d5d,aditya.joshi.1b6d5d@trendlytics.io,Aditya,Joshi,2026-08-15 20:58:21.924496,occasional,1,mobile
7789,aditya.sen.871eba,aditya.sen.871eba@trendlytics.io,Aditya,Sen,2026-08-22 20:58:21.924496,budget,1,mobile
7790,rahul.chopra.61d268,rahul.chopra.61d268@trendlytics.io,Rahul,Chopra,2026-08-27 20:58:21.924496,trendsetter,0,mobile
7791,tanvi.iyer.1928c8,tanvi.iyer.1928c8@trendlytics.io,Tanvi,Iyer,2026-08-22 20:58:21.924496,trendsetter,1,mobile
7792,riya.iyer.cae04e,riya.iyer.cae04e@trendlytics.io,Riya,Iyer,2026-07-30 20:58:21.924496,budget,0,desktop
7793,neha.joshi.612dbb,neha.joshi.612dbb@trendlytics.io,Neha,Joshi,2026-08-08 20:58:21.924496,budget,1,mobile
7794,sneha.gupta.a4583e,sneha.gupta.a4583e@trendlytics.io,Sneha,Gupta,2026-08-03 20:58:21.924496,occasional,0,desktop
7795,aditya.singh.447824,aditya.singh.447824@trendlytics.io,Aditya,Singh,2026-08-21 20:58:21.924496,luxury,0,mobile
7796,meera.joshi.2c2122,meera.joshi.2c2122@trendlytics.io,Meera,Joshi,2026-08-07 20:58:21.924496,luxury,0,mobile
7797,aditya.sharma.5ae54f,aditya.sharma.5ae54f@trendlytics.io,Aditya,Sharma,2026-07-31 20:58:21.924496,luxury,0,mobile
7798,rohan.singh.c96bad,rohan.singh.c96bad@trendlytics.io,Rohan,Singh,2026-08-02 20:58:21.924496,budget,1,desktop
7799,aarav.joshi.e20d3c,aarav.joshi.e20d3c@trendlytics.io,Aarav,Joshi,2026-08-21 20:58:21.924496,budget,1,desktop
7800,neha.nair.cb807e,neha.nair.cb807e@trendlytics.io,Neha,Nair,2026-08-19 20:58:21.924496,luxury,0,desktop
7801,vikram.verma.c0edce,vikram.verma.c0edce@trendlytics.io,Vikram,Verma,2026-08-24 20:58:21.924496,occasional,1,mobile
7802,rohan.gupta.06acbf,rohan.gupta.06acbf@trendlytics.io,Rohan,Gupta,2026-08-22 20:58:21.924496,budget,0,mobile
7803,neha.banerjee.5d47a4,neha.banerjee.5d47a4@trendlytics.io,Neha,Banerjee,2026-08-08 20:58:21.924496,occasional,1,mobile
7804,sneha.kapoor.e55859,sneha.kapoor.e55859@trendlytics.io,Sneha,Kapoor,2026-08-19 20:58:21.924496,budget,1,desktop
7805,karan.kapoor.6c95b1,karan.kapoor.6c95b1@trendlytics.io,Karan,Kapoor,2026-08-28 20:58:21.924496,budget,0,mobile
7806,riya.banerjee.288177,riya.banerjee.288177@trendlytics.io,Riya,Banerjee,2026-08-24 20:58:21.924496,trendsetter,1,mobile
7807,rohan.iyer.6bd2dc,rohan.iyer.6bd2dc@trendlytics.io,Rohan,Iyer,2026-08-28 20:58:21.924496,luxury,0,mobile
7808,aditya.sharma.041058,aditya.sharma.041058@trendlytics.io,Aditya,Sharma,2026-08-02 20:58:21.924496,occasional,0,mobile
7809,ananya.singh.016c85,ananya.singh.016c85@trendlytics.io,Ananya,Singh,2026-08-12 20:58:21.924496,occasional,1,mobile
7810,riya.iyer.6914bc,riya.iyer.6914bc@trendlytics.io,Riya,Iyer,2026-08-26 20:58:21.924496,occasional,0,mobile
7811,kabir.banerjee.2b7d52,kabir.banerjee.2b7d52@trendlytics.io,Kabir,Banerjee,2026-08-21 20:58:21.924496,budget,0,tablet
7812,rohan.singh.cc2f66,rohan.singh.cc2f66@trendlytics.io,Rohan,Singh,2026-08-10 20:58:21.924496,trendsetter,0,mobile
7813,aarav.joshi.bfc6e8,aarav.joshi.bfc6e8@trendlytics.io,Aarav,Joshi,2026-08-02 20:58:21.924496,budget,1,desktop
7814,aarav.banerjee.951ab3,aarav.banerjee.951ab3@trendlytics.io,Aarav,Banerjee,2026-08-17 20:58:21.924496,trendsetter,0,desktop
7815,aarav.gupta.5435b6,aarav.gupta.5435b6@trendlytics.io,Aarav,Gupta,2026-08-27 20:58:21.924496,occasional,0,desktop
7816,karan.mehta.696b52,karan.mehta.696b52@trendlytics.io,Karan,Mehta,2026-08-07 20:58:21.924496,occasional,0,desktop
7817,tanvi.reddy.c209b9,tanvi.reddy.c209b9@trendlytics.io,Tanvi,Reddy,2026-08-26 20:58:21.924496,luxury,0,mobile
7818,neha.kapoor.2b572d,neha.kapoor.2b572d@trendlytics.io,Neha,Kapoor,2026-08-21 20:58:21.924496,budget,1,tablet
7819,rahul.verma.535454,rahul.verma.535454@trendlytics.io,Rahul,Verma,2026-08-16 20:58:21.924496,trendsetter,1,mobile
7820,arjun.nair.78472e,arjun.nair.78472e@trendlytics.io,Arjun,Nair,2026-08-24 20:58:21.924496,luxury,0,desktop
7821,riya.banerjee.fedb3b,riya.banerjee.fedb3b@trendlytics.io,Riya,Banerjee,2026-08-29 20:58:21.924496,luxury,0,mobile
7822,neha.verma.0ba01a,neha.verma.0ba01a@trendlytics.io,Neha,Verma,2026-08-22 20:58:21.924496,occasional,0,mobile
7823,tanvi.reddy.4853c7,tanvi.reddy.4853c7@trendlytics.io,Tanvi,Reddy,2026-08-16 20:58:21.924496,occasional,0,mobile
7824,riya.iyer.e16648,riya.iyer.e16648@trendlytics.io,Riya,Iyer,2026-07-31 20:58:21.924496,trendsetter,0,mobile
7825,rahul.banerjee.a49821,rahul.banerjee.a49821@trendlytics.io,Rahul,Banerjee,2026-08-14 20:58:21.924496,budget,1,desktop
7826,riya.joshi.c25784,riya.joshi.c25784@trendlytics.io,Riya,Joshi,2026-08-02 20:58:21.924496,luxury,0,desktop
7827,riya.chopra.1a7490,riya.chopra.1a7490@trendlytics.io,Riya,Chopra,2026-08-12 20:58:21.924496,luxury,1,mobile
7828,riya.banerjee.7e18c2,riya.banerjee.7e18c2@trendlytics.io,Riya,Banerjee,2026-08-11 20:58:21.924496,occasional,1,mobile
7829,rohan.joshi.10e11f,rohan.joshi.10e11f@trendlytics.io,Rohan,Joshi,2026-07-30 20:58:21.924496,occasional,1,mobile
7830,riya.reddy.bef1c6,riya.reddy.bef1c6@trendlytics.io,Riya,Reddy,2026-08-05 20:58:21.924496,trendsetter,1,mobile
7831,ananya.mehta.00ca99,ananya.mehta.00ca99@trendlytics.io,Ananya,Mehta,2026-08-02 20:58:21.924496,trendsetter,1,mobile
7832,rohan.sen.3f96ca,rohan.sen.3f96ca@trendlytics.io,Rohan,Sen,2026-08-02 20:58:21.924496,occasional,0,tablet
7833,rahul.singh.35a103,rahul.singh.35a103@trendlytics.io,Rahul,Singh,2026-08-11 20:58:21.924496,trendsetter,1,mobile
7834,priya.gupta.d54ada,priya.gupta.d54ada@trendlytics.io,Priya,Gupta,2026-08-19 20:58:21.924496,occasional,0,desktop
7835,kabir.reddy.bef693,kabir.reddy.bef693@trendlytics.io,Kabir,Reddy,2026-08-15 20:58:21.924496,trendsetter,1,mobile
7836,tanvi.gupta.65e4c5,tanvi.gupta.65e4c5@trendlytics.io,Tanvi,Gupta,2026-08-08 20:58:21.924496,budget,1,mobile
7837,rohan.reddy.eddb54,rohan.reddy.eddb54@trendlytics.io,Rohan,Reddy,2026-08-01 20:58:21.924496,budget,0,mobile
7838,tanvi.banerjee.e44c13,tanvi.banerjee.e44c13@trendlytics.io,Tanvi,Banerjee,2026-08-17 20:58:21.924496,budget,0,mobile
7839,rohan.reddy.4a2e0e,rohan.reddy.4a2e0e@trendlytics.io,Rohan,Reddy,2026-08-16 20:58:21.924496,trendsetter,0,desktop
7840,aditya.singh.f5b246,aditya.singh.f5b246@trendlytics.io,Aditya,Singh,2026-08-20 20:58:21.924496,occasional,1,mobile
7841,rahul.gupta.03a3d9,rahul.gupta.03a3d9@trendlytics.io,Rahul,Gupta,2026-08-16 20:58:21.924496,luxury,1,mobile
7842,riya.sharma.fa4bf2,riya.sharma.fa4bf2@trendlytics.io,Riya,Sharma,2026-08-28 20:58:21.924496,occasional,1,tablet
7843,rohan.singh.6ddf53,rohan.singh.6ddf53@trendlytics.io,Rohan,Singh,2026-08-04 20:58:21.924496,budget,1,mobile
7844,pooja.sen.f85187,pooja.sen.f85187@trendlytics.io,Pooja,Sen,2026-08-04 20:58:21.924496,budget,0,desktop
7845,aditya.chopra.3b78c2,aditya.chopra.3b78c2@trendlytics.io,Aditya,Chopra,2026-08-13 20:58:21.924496,budget,0,mobile
7846,tanvi.joshi.fafeb1,tanvi.joshi.fafeb1@trendlytics.io,Tanvi,Joshi,2026-08-21 20:58:21.924496,trendsetter,0,desktop
7847,sneha.iyer.45b4aa,sneha.iyer.45b4aa@trendlytics.io,Sneha,Iyer,2026-08-23 20:58:21.924496,luxury,1,mobile
7848,riya.singh.749fe3,riya.singh.749fe3@trendlytics.io,Riya,Singh,2026-08-11 20:58:21.924496,budget,0,mobile
7849,pooja.reddy.0ff873,pooja.reddy.0ff873@trendlytics.io,Pooja,Reddy,2026-08-15 20:58:21.924496,occasional,1,mobile
7850,priya.mehta.ac12ab,priya.mehta.ac12ab@trendlytics.io,Priya,Mehta,2026-08-10 20:58:21.924496,occasional,1,mobile
7851,karan.chopra.3193b9,karan.chopra.3193b9@trendlytics.io,Karan,Chopra,2026-08-16 20:58:21.924496,budget,0,desktop
7852,aditya.das.dd38e7,aditya.das.dd38e7@trendlytics.io,Aditya,Das,2026-08-12 20:58:21.924496,budget,1,mobile
7853,priya.iyer.df561d,priya.iyer.df561d@trendlytics.io,Priya,Iyer,2026-08-08 20:58:21.924496,occasional,0,desktop
7854,tanvi.reddy.08fd03,tanvi.reddy.08fd03@trendlytics.io,Tanvi,Reddy,2026-08-01 20:58:21.924496,occasional,1,mobile
7855,rahul.chopra.3be752,rahul.chopra.3be752@trendlytics.io,Rahul,Chopra,2026-08-13 20:58:21.924496,occasional,1,mobile
7856,rohan.mehta.51df67,rohan.mehta.51df67@trendlytics.io,Rohan,Mehta,2026-08-01 20:58:21.924496,occasional,0,mobile
7857,kabir.singh.72ed7a,kabir.singh.72ed7a@trendlytics.io,Kabir,Singh,2026-07-31 20:58:21.924496,occasional,0,desktop
7858,ananya.verma.b16198,ananya.verma.b16198@trendlytics.io,Ananya,Verma,2026-08-07 20:58:21.924496,trendsetter,0,desktop
7859,riya.mehta.878a9f,riya.mehta.878a9f@trendlytics.io,Riya,Mehta,2026-08-16 20:58:21.924496,trendsetter,1,desktop
7860,pooja.nair.6c6d7d,pooja.nair.6c6d7d@trendlytics.io,Pooja,Nair,2026-08-03 20:58:21.924496,occasional,0,tablet
7861,sneha.mehta.efef09,sneha.mehta.efef09@trendlytics.io,Sneha,Mehta,2026-08-20 20:58:21.924496,occasional,1,mobile
7862,vikram.gupta.daf685,vikram.gupta.daf685@trendlytics.io,Vikram,Gupta,2026-08-22 20:58:21.924496,luxury,0,desktop
7863,karan.gupta.701d15,karan.gupta.701d15@trendlytics.io,Karan,Gupta,2026-08-11 20:58:21.924496,occasional,1,mobile
7864,sneha.patel.303dd3,sneha.patel.303dd3@trendlytics.io,Sneha,Patel,2026-08-26 20:58:21.924496,occasional,1,mobile
7865,pooja.singh.79b90f,pooja.singh.79b90f@trendlytics.io,Pooja,Singh,2026-08-25 20:58:21.924496,trendsetter,0,mobile
7866,pooja.sen.2231ce,pooja.sen.2231ce@trendlytics.io,Pooja,Sen,2026-07-31 20:58:21.924496,luxury,0,tablet
7867,riya.banerjee.b84c8c,riya.banerjee.b84c8c@trendlytics.io,Riya,Banerjee,2026-08-05 20:58:21.924496,occasional,0,desktop
7868,rohan.nair.4176af,rohan.nair.4176af@trendlytics.io,Rohan,Nair,2026-08-11 20:58:21.924496,budget,0,tablet
7869,rohan.sen.ab9cd3,rohan.sen.ab9cd3@trendlytics.io,Rohan,Sen,2026-08-25 20:58:21.924496,occasional,0,mobile
7870,sneha.mehta.11588c,sneha.mehta.11588c@trendlytics.io,Sneha,Mehta,2026-08-12 20:58:21.924496,trendsetter,1,mobile
7871,rohan.mehta.d3a5a9,rohan.mehta.d3a5a9@trendlytics.io,Rohan,Mehta,2026-08-15 20:58:21.924496,budget,0,mobile
7872,arjun.das.a45b4d,arjun.das.a45b4d@trendlytics.io,Arjun,Das,2026-08-01 20:58:21.924496,budget,1,mobile
7873,neha.patel.59dd3d,neha.patel.59dd3d@trendlytics.io,Neha,Patel,2026-08-04 20:58:21.924496,luxury,0,mobile
7874,aarav.joshi.1033a7,aarav.joshi.1033a7@trendlytics.io,Aarav,Joshi,2026-08-10 20:58:21.924496,budget,0,mobile
7875,arjun.joshi.5c940f,arjun.joshi.5c940f@trendlytics.io,Arjun,Joshi,2026-08-14 20:58:21.924496,occasional,0,mobile
7876,ananya.iyer.4ec540,ananya.iyer.4ec540@trendlytics.io,Ananya,Iyer,2026-08-15 20:58:21.924496,occasional,1,mobile
7877,aarav.sen.bb8cac,aarav.sen.bb8cac@trendlytics.io,Aarav,Sen,2026-08-17 20:58:21.924496,occasional,1,desktop
7878,rahul.singh.a4d9c6,rahul.singh.a4d9c6@trendlytics.io,Rahul,Singh,2026-08-18 20:58:21.924496,trendsetter,1,desktop
7879,arjun.sen.ee4e97,arjun.sen.ee4e97@trendlytics.io,Arjun,Sen,2026-08-19 20:58:21.924496,luxury,1,desktop
7880,pooja.banerjee.5cc09e,pooja.banerjee.5cc09e@trendlytics.io,Pooja,Banerjee,2026-07-30 20:58:21.924496,luxury,1,tablet
7881,kabir.patel.506f43,kabir.patel.506f43@trendlytics.io,Kabir,Patel,2026-08-15 20:58:21.924496,occasional,0,mobile
7882,aditya.sharma.530c16,aditya.sharma.530c16@trendlytics.io,Aditya,Sharma,2026-08-06 20:58:21.924496,trendsetter,1,mobile
7883,ananya.gupta.84c7a7,ananya.gupta.84c7a7@trendlytics.io,Ananya,Gupta,2026-08-28 20:58:21.924496,luxury,0,desktop
7884,rahul.verma.a0ce32,rahul.verma.a0ce32@trendlytics.io,Rahul,Verma,2026-08-03 20:58:21.924496,budget,0,tablet
7885,priya.das.3ef9e2,priya.das.3ef9e2@trendlytics.io,Priya,Das,2026-08-29 20:58:21.924496,trendsetter,0,mobile
7886,kabir.iyer.1af83f,kabir.iyer.1af83f@trendlytics.io,Kabir,Iyer,2026-08-22 20:58:21.924496,budget,0,mobile
7887,kabir.patel.7fd343,kabir.patel.7fd343@trendlytics.io,Kabir,Patel,2026-08-14 20:58:21.924496,budget,0,mobile
7888,aarav.patel.98e5cb,aarav.patel.98e5cb@trendlytics.io,Aarav,Patel,2026-08-06 20:58:21.924496,trendsetter,1,desktop
7889,aarav.verma.119463,aarav.verma.119463@trendlytics.io,Aarav,Verma,2026-08-23 20:58:21.924496,occasional,0,desktop
7890,pooja.nair.c601f3,pooja.nair.c601f3@trendlytics.io,Pooja,Nair,2026-07-31 20:58:21.924496,budget,0,desktop
7891,riya.kapoor.9fbaa3,riya.kapoor.9fbaa3@trendlytics.io,Riya,Kapoor,2026-08-15 20:58:21.924496,luxury,1,desktop
7892,ananya.joshi.b2480b,ananya.joshi.b2480b@trendlytics.io,Ananya,Joshi,2026-08-22 20:58:21.924496,occasional,1,mobile
7893,ananya.verma.a66e8e,ananya.verma.a66e8e@trendlytics.io,Ananya,Verma,2026-08-07 20:58:21.924496,occasional,0,mobile
7894,vikram.kapoor.6347a2,vikram.kapoor.6347a2@trendlytics.io,Vikram,Kapoor,2026-08-24 20:58:21.924496,budget,0,mobile
7895,riya.chopra.68177f,riya.chopra.68177f@trendlytics.io,Riya,Chopra,2026-08-27 20:58:21.924496,occasional,0,tablet
7896,priya.singh.31c4e4,priya.singh.31c4e4@trendlytics.io,Priya,Singh,2026-08-08 20:58:21.924496,budget,0,mobile
7897,aarav.singh.6888a5,aarav.singh.6888a5@trendlytics.io,Aarav,Singh,2026-08-25 20:58:21.924496,luxury,0,mobile
7898,karan.banerjee.5056a2,karan.banerjee.5056a2@trendlytics.io,Karan,Banerjee,2026-08-21 20:58:21.924496,luxury,0,mobile
7899,vikram.nair.43544b,vikram.nair.43544b@trendlytics.io,Vikram,Nair,2026-08-13 20:58:21.924496,trendsetter,1,desktop
7900,karan.kapoor.289e78,karan.kapoor.289e78@trendlytics.io,Karan,Kapoor,2026-08-15 20:58:21.924496,trendsetter,0,tablet
7901,sneha.das.53a692,sneha.das.53a692@trendlytics.io,Sneha,Das,2026-08-07 20:58:21.924496,occasional,1,tablet
7902,vikram.chopra.13e846,vikram.chopra.13e846@trendlytics.io,Vikram,Chopra,2026-08-07 20:58:21.924496,budget,0,mobile
7903,meera.verma.55a390,meera.verma.55a390@trendlytics.io,Meera,Verma,2026-08-11 20:58:21.924496,budget,0,mobile
7904,neha.kapoor.909a6b,neha.kapoor.909a6b@trendlytics.io,Neha,Kapoor,2026-08-17 20:58:21.924496,trendsetter,0,desktop
7905,rohan.chopra.ddbcc1,rohan.chopra.ddbcc1@trendlytics.io,Rohan,Chopra,2026-08-03 20:58:21.924496,luxury,0,desktop
7906,aarav.das.50bd0b,aarav.das.50bd0b@trendlytics.io,Aarav,Das,2026-08-17 20:58:21.924496,trendsetter,0,desktop
7907,riya.banerjee.0eb6e8,riya.banerjee.0eb6e8@trendlytics.io,Riya,Banerjee,2026-08-25 20:58:21.924496,budget,0,desktop
7908,vikram.nair.02ce9a,vikram.nair.02ce9a@trendlytics.io,Vikram,Nair,2026-08-05 20:58:21.924496,luxury,0,mobile
7909,pooja.verma.8c1af1,pooja.verma.8c1af1@trendlytics.io,Pooja,Verma,2026-08-10 20:58:21.924496,occasional,0,mobile
7910,rahul.mehta.1c3e5b,rahul.mehta.1c3e5b@trendlytics.io,Rahul,Mehta,2026-08-25 20:58:21.924496,occasional,0,desktop
7911,pooja.verma.779c2e,pooja.verma.779c2e@trendlytics.io,Pooja,Verma,2026-08-16 20:58:21.924496,occasional,0,mobile
7912,aditya.reddy.865c47,aditya.reddy.865c47@trendlytics.io,Aditya,Reddy,2026-08-10 20:58:21.924496,trendsetter,0,mobile
7913,rohan.chopra.ef7825,rohan.chopra.ef7825@trendlytics.io,Rohan,Chopra,2026-08-18 20:58:21.924496,trendsetter,0,mobile
7914,sneha.mehta.6f9fae,sneha.mehta.6f9fae@trendlytics.io,Sneha,Mehta,2026-08-16 20:58:21.924496,budget,1,mobile
7915,karan.nair.2b6530,karan.nair.2b6530@trendlytics.io,Karan,Nair,2026-08-17 20:58:21.924496,luxury,1,mobile
7916,rohan.chopra.ec50d9,rohan.chopra.ec50d9@trendlytics.io,Rohan,Chopra,2026-08-29 20:58:21.924496,luxury,1,desktop
7917,priya.patel.471adf,priya.patel.471adf@trendlytics.io,Priya,Patel,2026-08-16 20:58:21.924496,budget,0,desktop
7918,neha.patel.41b75e,neha.patel.41b75e@trendlytics.io,Neha,Patel,2026-08-07 20:58:21.924496,budget,0,mobile
7919,priya.singh.6721b3,priya.singh.6721b3@trendlytics.io,Priya,Singh,2026-08-05 20:58:21.924496,trendsetter,1,mobile
7920,priya.mehta.289b8c,priya.mehta.289b8c@trendlytics.io,Priya,Mehta,2026-07-31 20:58:21.924496,luxury,0,desktop
7921,neha.joshi.cc4c94,neha.joshi.cc4c94@trendlytics.io,Neha,Joshi,2026-08-25 20:58:21.924496,budget,0,desktop
7922,riya.gupta.2dcedc,riya.gupta.2dcedc@trendlytics.io,Riya,Gupta,2026-08-05 20:58:21.924496,occasional,0,mobile
7923,vikram.mehta.724b78,vikram.mehta.724b78@trendlytics.io,Vikram,Mehta,2026-08-23 20:58:21.924496,trendsetter,0,mobile
7924,rohan.singh.e79c40,rohan.singh.e79c40@trendlytics.io,Rohan,Singh,2026-08-19 20:58:21.924496,luxury,1,desktop
7925,karan.patel.030d10,karan.patel.030d10@trendlytics.io,Karan,Patel,2026-08-24 20:58:21.924496,luxury,1,mobile
7926,pooja.patel.e8f85d,pooja.patel.e8f85d@trendlytics.io,Pooja,Patel,2026-08-12 20:58:21.924496,luxury,0,mobile
7927,rohan.kapoor.33fd4d,rohan.kapoor.33fd4d@trendlytics.io,Rohan,Kapoor,2026-08-25 20:58:21.924496,luxury,0,mobile
7928,aarav.reddy.35865c,aarav.reddy.35865c@trendlytics.io,Aarav,Reddy,2026-08-07 20:58:21.924496,luxury,0,mobile
7929,rahul.verma.86238a,rahul.verma.86238a@trendlytics.io,Rahul,Verma,2026-08-13 20:58:21.924496,occasional,1,desktop
7930,pooja.das.d66bcb,pooja.das.d66bcb@trendlytics.io,Pooja,Das,2026-08-11 20:58:21.924496,luxury,1,mobile
7931,pooja.reddy.cf0667,pooja.reddy.cf0667@trendlytics.io,Pooja,Reddy,2026-08-08 20:58:21.924496,budget,0,desktop
7932,aarav.sharma.8eca18,aarav.sharma.8eca18@trendlytics.io,Aarav,Sharma,2026-08-05 20:58:21.924496,occasional,0,mobile
7933,tanvi.iyer.6cce2e,tanvi.iyer.6cce2e@trendlytics.io,Tanvi,Iyer,2026-08-22 20:58:21.924496,budget,1,desktop
7934,rahul.das.ced781,rahul.das.ced781@trendlytics.io,Rahul,Das,2026-08-19 20:58:21.924496,occasional,0,mobile
7935,rahul.sen.a03d2f,rahul.sen.a03d2f@trendlytics.io,Rahul,Sen,2026-08-19 20:58:21.924496,budget,0,mobile
7936,riya.gupta.5795ac,riya.gupta.5795ac@trendlytics.io,Riya,Gupta,2026-08-12 20:58:21.924496,luxury,0,mobile
7937,ananya.sen.c4ce7d,ananya.sen.c4ce7d@trendlytics.io,Ananya,Sen,2026-08-12 20:58:21.924496,occasional,0,mobile
7938,aditya.das.e0d9bd,aditya.das.e0d9bd@trendlytics.io,Aditya,Das,2026-08-01 20:58:21.924496,luxury,0,mobile
7939,ananya.kapoor.45f646,ananya.kapoor.45f646@trendlytics.io,Ananya,Kapoor,2026-08-19 20:58:21.924496,luxury,0,mobile
7940,sneha.nair.783e84,sneha.nair.783e84@trendlytics.io,Sneha,Nair,2026-08-10 20:58:21.924496,budget,1,mobile
7941,sneha.reddy.f7d070,sneha.reddy.f7d070@trendlytics.io,Sneha,Reddy,2026-08-19 20:58:21.924496,luxury,0,desktop
7942,neha.banerjee.b899cf,neha.banerjee.b899cf@trendlytics.io,Neha,Banerjee,2026-08-22 20:58:21.924496,budget,0,mobile
7943,kabir.verma.240c9c,kabir.verma.240c9c@trendlytics.io,Kabir,Verma,2026-08-12 20:58:21.924496,budget,0,mobile
7944,ananya.sharma.781d47,ananya.sharma.781d47@trendlytics.io,Ananya,Sharma,2026-08-21 20:58:21.924496,trendsetter,0,mobile
7945,pooja.das.eb0936,pooja.das.eb0936@trendlytics.io,Pooja,Das,2026-08-17 20:58:21.924496,budget,1,desktop
7946,riya.singh.9578a7,riya.singh.9578a7@trendlytics.io,Riya,Singh,2026-08-11 20:58:21.924496,budget,0,desktop
7947,sneha.mehta.68ba8a,sneha.mehta.68ba8a@trendlytics.io,Sneha,Mehta,2026-08-06 20:58:21.924496,luxury,1,mobile
7948,vikram.gupta.fc1ed6,vikram.gupta.fc1ed6@trendlytics.io,Vikram,Gupta,2026-08-04 20:58:21.924496,budget,0,mobile
7949,sneha.reddy.f71dfd,sneha.reddy.f71dfd@trendlytics.io,Sneha,Reddy,2026-08-05 20:58:21.924496,luxury,0,mobile
7950,aarav.reddy.8250d1,aarav.reddy.8250d1@trendlytics.io,Aarav,Reddy,2026-08-18 20:58:21.924496,occasional,1,mobile
7951,ananya.singh.81419e,ananya.singh.81419e@trendlytics.io,Ananya,Singh,2026-08-09 20:58:21.924496,budget,1,desktop
7952,tanvi.nair.0ae034,tanvi.nair.0ae034@trendlytics.io,Tanvi,Nair,2026-08-15 20:58:21.924496,luxury,1,mobile
7953,riya.singh.d8b687,riya.singh.d8b687@trendlytics.io,Riya,Singh,2026-08-09 20:58:21.924496,budget,1,desktop
7954,kabir.gupta.136b97,kabir.gupta.136b97@trendlytics.io,Kabir,Gupta,2026-07-31 20:58:21.924496,occasional,0,mobile
7955,ananya.reddy.e3f988,ananya.reddy.e3f988@trendlytics.io,Ananya,Reddy,2026-08-16 20:58:21.924496,occasional,0,mobile
7956,neha.chopra.53d283,neha.chopra.53d283@trendlytics.io,Neha,Chopra,2026-08-14 20:58:21.924496,budget,1,mobile
7957,rohan.reddy.1d1eb0,rohan.reddy.1d1eb0@trendlytics.io,Rohan,Reddy,2026-08-20 20:58:21.924496,trendsetter,1,mobile
7958,ananya.sen.5663ab,ananya.sen.5663ab@trendlytics.io,Ananya,Sen,2026-08-15 20:58:21.924496,trendsetter,1,mobile
7959,ananya.kapoor.24e381,ananya.kapoor.24e381@trendlytics.io,Ananya,Kapoor,2026-08-29 20:58:21.924496,occasional,1,desktop
7960,aarav.nair.99327b,aarav.nair.99327b@trendlytics.io,Aarav,Nair,2026-07-31 20:58:21.924496,luxury,1,mobile
7961,kabir.patel.c03b02,kabir.patel.c03b02@trendlytics.io,Kabir,Patel,2026-08-28 20:58:21.924496,luxury,1,mobile
7962,rohan.joshi.406d3e,rohan.joshi.406d3e@trendlytics.io,Rohan,Joshi,2026-08-17 20:58:21.924496,occasional,1,mobile
7963,aditya.iyer.3de838,aditya.iyer.3de838@trendlytics.io,Aditya,Iyer,2026-08-14 20:58:21.924496,budget,0,mobile
7964,neha.kapoor.ae4f30,neha.kapoor.ae4f30@trendlytics.io,Neha,Kapoor,2026-08-22 20:58:21.924496,occasional,0,mobile
7965,meera.iyer.03bbf0,meera.iyer.03bbf0@trendlytics.io,Meera,Iyer,2026-08-18 20:58:21.924496,budget,0,mobile
7966,aditya.sen.5de28c,aditya.sen.5de28c@trendlytics.io,Aditya,Sen,2026-08-16 20:58:21.924496,budget,1,mobile
7967,kabir.kapoor.7b4b6e,kabir.kapoor.7b4b6e@trendlytics.io,Kabir,Kapoor,2026-08-06 20:58:21.924496,occasional,0,mobile
7968,riya.singh.5bc03a,riya.singh.5bc03a@trendlytics.io,Riya,Singh,2026-08-06 20:58:21.924496,occasional,0,mobile
7969,neha.kapoor.a02ec2,neha.kapoor.a02ec2@trendlytics.io,Neha,Kapoor,2026-08-09 20:58:21.924496,luxury,0,desktop
7970,tanvi.patel.f853ed,tanvi.patel.f853ed@trendlytics.io,Tanvi,Patel,2026-08-05 20:58:21.924496,occasional,0,mobile
7971,aarav.mehta.c953bd,aarav.mehta.c953bd@trendlytics.io,Aarav,Mehta,2026-08-22 20:58:21.924496,trendsetter,0,desktop
7972,karan.nair.54017a,karan.nair.54017a@trendlytics.io,Karan,Nair,2026-08-15 20:58:21.924496,occasional,1,mobile
7973,riya.iyer.d7515b,riya.iyer.d7515b@trendlytics.io,Riya,Iyer,2026-08-11 20:58:21.924496,trendsetter,0,desktop
7974,arjun.sharma.b1a1e0,arjun.sharma.b1a1e0@trendlytics.io,Arjun,Sharma,2026-08-06 20:58:21.924496,occasional,0,mobile
7975,pooja.kapoor.26d294,pooja.kapoor.26d294@trendlytics.io,Pooja,Kapoor,2026-08-23 20:58:21.924496,budget,0,mobile
7976,tanvi.gupta.ddcc9f,tanvi.gupta.ddcc9f@trendlytics.io,Tanvi,Gupta,2026-08-01 20:58:21.924496,luxury,0,desktop
7977,arjun.joshi.a7a7f5,arjun.joshi.a7a7f5@trendlytics.io,Arjun,Joshi,2026-08-03 20:58:21.924496,budget,0,mobile
7978,karan.banerjee.53c7eb,karan.banerjee.53c7eb@trendlytics.io,Karan,Banerjee,2026-08-14 20:58:21.924496,luxury,0,mobile
7979,kabir.joshi.54b038,kabir.joshi.54b038@trendlytics.io,Kabir,Joshi,2026-08-28 20:58:21.924496,luxury,1,desktop
7980,ananya.verma.479dcf,ananya.verma.479dcf@trendlytics.io,Ananya,Verma,2026-08-28 20:58:21.924496,trendsetter,1,tablet
7981,aditya.singh.3ab428,aditya.singh.3ab428@trendlytics.io,Aditya,Singh,2026-08-08 20:58:21.924496,occasional,1,mobile
7982,ananya.sen.1d678b,ananya.sen.1d678b@trendlytics.io,Ananya,Sen,2026-08-17 20:58:21.924496,trendsetter,0,mobile
7983,ananya.joshi.ba2def,ananya.joshi.ba2def@trendlytics.io,Ananya,Joshi,2026-08-16 20:58:21.924496,occasional,1,mobile
7984,pooja.mehta.eebc4d,pooja.mehta.eebc4d@trendlytics.io,Pooja,Mehta,2026-08-08 20:58:21.924496,luxury,0,desktop
7985,ananya.banerjee.d98c03,ananya.banerjee.d98c03@trendlytics.io,Ananya,Banerjee,2026-08-01 20:58:21.924496,budget,1,mobile
7986,rahul.reddy.17ddcf,rahul.reddy.17ddcf@trendlytics.io,Rahul,Reddy,2026-08-26 20:58:21.924496,budget,0,mobile
7987,riya.das.2c9882,riya.das.2c9882@trendlytics.io,Riya,Das,2026-07-31 20:58:21.924496,occasional,1,mobile
7988,arjun.gupta.bf754b,arjun.gupta.bf754b@trendlytics.io,Arjun,Gupta,2026-08-29 20:58:21.924496,budget,0,mobile
7989,kabir.banerjee.a419d2,kabir.banerjee.a419d2@trendlytics.io,Kabir,Banerjee,2026-08-09 20:58:21.924496,budget,1,desktop
7990,ananya.patel.bc9e9d,ananya.patel.bc9e9d@trendlytics.io,Ananya,Patel,2026-08-22 20:58:21.924496,budget,0,mobile
7991,arjun.banerjee.555afc,arjun.banerjee.555afc@trendlytics.io,Arjun,Banerjee,2026-08-16 20:58:21.924496,luxury,0,desktop
7992,kabir.joshi.eda498,kabir.joshi.eda498@trendlytics.io,Kabir,Joshi,2026-08-25 20:58:21.924496,budget,1,mobile
7993,sneha.reddy.475420,sneha.reddy.475420@trendlytics.io,Sneha,Reddy,2026-08-24 20:58:21.924496,budget,1,mobile
7994,arjun.kapoor.e17931,arjun.kapoor.e17931@trendlytics.io,Arjun,Kapoor,2026-07-31 20:58:21.924496,budget,1,mobile
7995,rahul.sharma.d83cb4,rahul.sharma.d83cb4@trendlytics.io,Rahul,Sharma,2026-08-13 20:58:21.924496,budget,1,desktop
7996,ananya.mehta.295174,ananya.mehta.295174@trendlytics.io,Ananya,Mehta,2026-08-29 20:58:21.924496,occasional,0,mobile
7997,riya.patel.7dd116,riya.patel.7dd116@trendlytics.io,Riya,Patel,2026-08-15 20:58:21.924496,budget,0,mobile
7998,pooja.joshi.22123d,pooja.joshi.22123d@trendlytics.io,Pooja,Joshi,2026-08-29 20:58:21.924496,luxury,0,mobile
7999,rohan.patel.a1a06c,rohan.patel.a1a06c@trendlytics.io,Rohan,Patel,2026-08-23 20:58:21.924496,luxury,0,mobile
8000,aditya.chopra.2611ec,aditya.chopra.2611ec@trendlytics.io,Aditya,Chopra,2026-08-13 20:58:21.924496,luxury,1,mobile
8001,kabir.verma.1a3c2a,kabir.verma.1a3c2a@trendlytics.io,Kabir,Verma,2026-08-04 20:58:21.924496,occasional,0,desktop
8002,rahul.kapoor.c3ff97,rahul.kapoor.c3ff97@trendlytics.io,Rahul,Kapoor,2026-08-01 20:58:21.924496,occasional,1,mobile
8003,aditya.mehta.85044a,aditya.mehta.85044a@trendlytics.io,Aditya,Mehta,2026-08-02 20:58:21.924496,budget,1,desktop
8004,tanvi.nair.6a284e,tanvi.nair.6a284e@trendlytics.io,Tanvi,Nair,2026-08-02 20:58:21.924496,luxury,1,mobile
8005,aarav.sharma.083fbf,aarav.sharma.083fbf@trendlytics.io,Aarav,Sharma,2026-08-07 20:58:21.924496,occasional,0,mobile
8006,ananya.banerjee.c17211,ananya.banerjee.c17211@trendlytics.io,Ananya,Banerjee,2026-08-19 20:58:21.924496,trendsetter,0,mobile
8007,meera.verma.eb5f53,meera.verma.eb5f53@trendlytics.io,Meera,Verma,2026-08-14 20:58:21.924496,budget,1,mobile
8008,arjun.reddy.2de152,arjun.reddy.2de152@trendlytics.io,Arjun,Reddy,2026-08-06 20:58:21.924496,occasional,0,mobile
8009,rahul.chopra.0cb3c1,rahul.chopra.0cb3c1@trendlytics.io,Rahul,Chopra,2026-08-16 20:58:21.924496,budget,0,mobile
8010,kabir.gupta.00b1ed,kabir.gupta.00b1ed@trendlytics.io,Kabir,Gupta,2026-08-29 20:58:21.924496,luxury,0,mobile
8011,kabir.singh.2fe08f,kabir.singh.2fe08f@trendlytics.io,Kabir,Singh,2026-08-22 20:58:21.924496,budget,0,mobile
8012,priya.gupta.e2b45e,priya.gupta.e2b45e@trendlytics.io,Priya,Gupta,2026-08-25 20:58:21.924496,luxury,1,desktop
8013,vikram.iyer.5acde2,vikram.iyer.5acde2@trendlytics.io,Vikram,Iyer,2026-08-16 20:58:21.924496,budget,1,desktop
8014,ananya.sharma.b40218,ananya.sharma.b40218@trendlytics.io,Ananya,Sharma,2026-08-27 20:58:21.924496,trendsetter,0,mobile
8015,priya.joshi.27fe6b,priya.joshi.27fe6b@trendlytics.io,Priya,Joshi,2026-08-29 20:58:21.924496,budget,0,mobile
8016,aarav.mehta.1121c8,aarav.mehta.1121c8@trendlytics.io,Aarav,Mehta,2026-08-02 20:58:21.924496,occasional,1,desktop
8017,vikram.kapoor.55860b,vikram.kapoor.55860b@trendlytics.io,Vikram,Kapoor,2026-08-08 20:58:21.924496,trendsetter,1,tablet
8018,kabir.banerjee.5104c0,kabir.banerjee.5104c0@trendlytics.io,Kabir,Banerjee,2026-08-04 20:58:21.924496,budget,0,mobile
8019,priya.reddy.d67f47,priya.reddy.d67f47@trendlytics.io,Priya,Reddy,2026-08-13 20:58:21.924496,occasional,0,mobile
8020,pooja.banerjee.6d6b69,pooja.banerjee.6d6b69@trendlytics.io,Pooja,Banerjee,2026-08-24 20:58:21.924496,occasional,0,desktop
8021,tanvi.reddy.d39d8b,tanvi.reddy.d39d8b@trendlytics.io,Tanvi,Reddy,2026-08-03 20:58:21.924496,luxury,1,mobile
8022,rahul.reddy.a0bfe7,rahul.reddy.a0bfe7@trendlytics.io,Rahul,Reddy,2026-08-04 20:58:21.924496,occasional,1,desktop
8023,vikram.nair.ef4670,vikram.nair.ef4670@trendlytics.io,Vikram,Nair,2026-07-31 20:58:21.924496,trendsetter,0,mobile
8024,aarav.gupta.9c37c6,aarav.gupta.9c37c6@trendlytics.io,Aarav,Gupta,2026-08-17 20:58:21.924496,trendsetter,1,mobile
8025,tanvi.chopra.c0b2d6,tanvi.chopra.c0b2d6@trendlytics.io,Tanvi,Chopra,2026-08-03 20:58:21.924496,occasional,0,desktop
8026,tanvi.singh.9050ea,tanvi.singh.9050ea@trendlytics.io,Tanvi,Singh,2026-08-21 20:58:21.924496,trendsetter,0,mobile
8027,priya.iyer.e46285,priya.iyer.e46285@trendlytics.io,Priya,Iyer,2026-08-20 20:58:21.924496,occasional,1,mobile
8028,rahul.sharma.5d9d34,rahul.sharma.5d9d34@trendlytics.io,Rahul,Sharma,2026-08-14 20:58:21.924496,occasional,0,desktop
8029,aditya.das.4c2a00,aditya.das.4c2a00@trendlytics.io,Aditya,Das,2026-08-15 20:58:21.924496,budget,1,mobile
8030,sneha.kapoor.8261dc,sneha.kapoor.8261dc@trendlytics.io,Sneha,Kapoor,2026-07-30 20:58:21.924496,budget,0,desktop
8031,vikram.mehta.28816a,vikram.mehta.28816a@trendlytics.io,Vikram,Mehta,2026-08-17 20:58:21.924496,trendsetter,0,desktop
8032,pooja.reddy.1a028f,pooja.reddy.1a028f@trendlytics.io,Pooja,Reddy,2026-08-23 20:58:21.924496,luxury,0,mobile
8033,riya.banerjee.552af0,riya.banerjee.552af0@trendlytics.io,Riya,Banerjee,2026-08-16 20:58:21.924496,budget,1,mobile
8034,ananya.banerjee.4b057a,ananya.banerjee.4b057a@trendlytics.io,Ananya,Banerjee,2026-08-13 20:58:21.924496,luxury,0,mobile
8035,kabir.iyer.eab6ee,kabir.iyer.eab6ee@trendlytics.io,Kabir,Iyer,2026-08-08 20:58:21.924496,trendsetter,0,desktop
8036,kabir.patel.34f514,kabir.patel.34f514@trendlytics.io,Kabir,Patel,2026-08-02 20:58:21.924496,occasional,1,desktop
8037,aarav.patel.271019,aarav.patel.271019@trendlytics.io,Aarav,Patel,2026-08-09 20:58:21.924496,budget,0,mobile
8038,aarav.iyer.61a5ea,aarav.iyer.61a5ea@trendlytics.io,Aarav,Iyer,2026-08-28 20:58:21.924496,budget,0,mobile
8039,aditya.singh.4f0a15,aditya.singh.4f0a15@trendlytics.io,Aditya,Singh,2026-08-20 20:58:21.924496,occasional,1,mobile
8040,pooja.sharma.f32a7a,pooja.sharma.f32a7a@trendlytics.io,Pooja,Sharma,2026-07-30 20:58:21.924496,luxury,1,desktop
8041,riya.patel.8c25c8,riya.patel.8c25c8@trendlytics.io,Riya,Patel,2026-07-30 20:58:21.924496,trendsetter,0,desktop
8042,arjun.joshi.022a50,arjun.joshi.022a50@trendlytics.io,Arjun,Joshi,2026-08-19 20:58:21.924496,budget,0,mobile
8043,arjun.nair.4ee3c0,arjun.nair.4ee3c0@trendlytics.io,Arjun,Nair,2026-08-29 20:58:21.924496,trendsetter,1,mobile
8044,rahul.verma.34ac04,rahul.verma.34ac04@trendlytics.io,Rahul,Verma,2026-08-04 20:58:21.924496,budget,0,tablet
8045,arjun.chopra.abbe01,arjun.chopra.abbe01@trendlytics.io,Arjun,Chopra,2026-08-10 20:58:21.924496,occasional,0,mobile
8046,aarav.iyer.6530c5,aarav.iyer.6530c5@trendlytics.io,Aarav,Iyer,2026-07-30 20:58:21.924496,budget,1,desktop
8047,rahul.nair.f6f84a,rahul.nair.f6f84a@trendlytics.io,Rahul,Nair,2026-08-15 20:58:21.924496,budget,1,desktop
8048,arjun.singh.2c6692,arjun.singh.2c6692@trendlytics.io,Arjun,Singh,2026-08-01 20:58:21.924496,trendsetter,1,mobile
8049,priya.chopra.9c36f4,priya.chopra.9c36f4@trendlytics.io,Priya,Chopra,2026-08-18 20:58:21.924496,luxury,0,desktop
8050,riya.nair.2ae0a2,riya.nair.2ae0a2@trendlytics.io,Riya,Nair,2026-08-08 20:58:21.924496,budget,1,mobile
8051,rohan.nair.87a4d0,rohan.nair.87a4d0@trendlytics.io,Rohan,Nair,2026-08-23 20:58:21.924496,occasional,0,desktop
8052,tanvi.gupta.4dbe37,tanvi.gupta.4dbe37@trendlytics.io,Tanvi,Gupta,2026-08-08 20:58:21.924496,occasional,1,mobile
8053,aditya.joshi.9edeaf,aditya.joshi.9edeaf@trendlytics.io,Aditya,Joshi,2026-08-04 20:58:21.924496,budget,0,mobile
8054,sneha.singh.203a63,sneha.singh.203a63@trendlytics.io,Sneha,Singh,2026-08-04 20:58:21.924496,budget,1,desktop
8055,rahul.joshi.7b13e7,rahul.joshi.7b13e7@trendlytics.io,Rahul,Joshi,2026-08-16 20:58:21.924496,luxury,1,desktop
8056,sneha.sen.ac2800,sneha.sen.ac2800@trendlytics.io,Sneha,Sen,2026-08-25 20:58:21.924496,budget,1,desktop
8057,neha.das.3fb651,neha.das.3fb651@trendlytics.io,Neha,Das,2026-08-08 20:58:21.924496,luxury,1,desktop
8058,meera.reddy.8c72e1,meera.reddy.8c72e1@trendlytics.io,Meera,Reddy,2026-07-30 20:58:21.924496,luxury,0,mobile
8059,rohan.chopra.b05901,rohan.chopra.b05901@trendlytics.io,Rohan,Chopra,2026-08-05 20:58:21.924496,trendsetter,0,mobile
8060,rahul.sen.eeb764,rahul.sen.eeb764@trendlytics.io,Rahul,Sen,2026-08-26 20:58:21.924496,budget,1,desktop
8061,ananya.gupta.a20581,ananya.gupta.a20581@trendlytics.io,Ananya,Gupta,2026-07-31 20:58:21.924496,occasional,0,mobile
8062,rahul.sharma.ec9e86,rahul.sharma.ec9e86@trendlytics.io,Rahul,Sharma,2026-08-12 20:58:21.924496,luxury,1,mobile
8063,priya.sen.bdbd67,priya.sen.bdbd67@trendlytics.io,Priya,Sen,2026-08-09 20:58:21.924496,budget,0,mobile
8064,riya.sharma.2ab805,riya.sharma.2ab805@trendlytics.io,Riya,Sharma,2026-08-22 20:58:21.924496,trendsetter,0,mobile
8065,rohan.banerjee.f68521,rohan.banerjee.f68521@trendlytics.io,Rohan,Banerjee,2026-08-24 20:58:21.924496,luxury,0,mobile
8066,aditya.patel.d4662c,aditya.patel.d4662c@trendlytics.io,Aditya,Patel,2026-08-24 20:58:21.924496,budget,1,mobile
8067,kabir.nair.8fe5ba,kabir.nair.8fe5ba@trendlytics.io,Kabir,Nair,2026-08-28 20:58:21.924496,trendsetter,0,desktop
8068,rahul.joshi.21432a,rahul.joshi.21432a@trendlytics.io,Rahul,Joshi,2026-08-16 20:58:21.924496,budget,0,tablet
8069,kabir.iyer.4981da,kabir.iyer.4981da@trendlytics.io,Kabir,Iyer,2026-08-17 20:58:21.924496,luxury,1,mobile
8070,arjun.das.e672ff,arjun.das.e672ff@trendlytics.io,Arjun,Das,2026-08-15 20:58:21.924496,luxury,0,desktop
8071,vikram.nair.6227b8,vikram.nair.6227b8@trendlytics.io,Vikram,Nair,2026-08-03 20:58:21.924496,occasional,0,mobile
8072,rahul.nair.4a066e,rahul.nair.4a066e@trendlytics.io,Rahul,Nair,2026-08-23 20:58:21.924496,trendsetter,0,mobile
8073,pooja.chopra.12cebd,pooja.chopra.12cebd@trendlytics.io,Pooja,Chopra,2026-08-03 20:58:21.924496,budget,0,mobile
8074,ananya.sharma.06be1d,ananya.sharma.06be1d@trendlytics.io,Ananya,Sharma,2026-08-13 20:58:21.924496,luxury,1,mobile
8075,riya.banerjee.1f234a,riya.banerjee.1f234a@trendlytics.io,Riya,Banerjee,2026-08-06 20:58:21.924496,luxury,0,desktop
8076,priya.gupta.e1a650,priya.gupta.e1a650@trendlytics.io,Priya,Gupta,2026-08-06 20:58:21.924496,luxury,0,desktop
8077,aditya.joshi.07ebe6,aditya.joshi.07ebe6@trendlytics.io,Aditya,Joshi,2026-08-04 20:58:21.924496,occasional,1,desktop
8078,neha.nair.d0a025,neha.nair.d0a025@trendlytics.io,Neha,Nair,2026-08-03 20:58:21.924496,trendsetter,0,mobile
8079,neha.mehta.86eb6a,neha.mehta.86eb6a@trendlytics.io,Neha,Mehta,2026-08-18 20:58:21.924496,budget,0,mobile
8080,pooja.gupta.0c6019,pooja.gupta.0c6019@trendlytics.io,Pooja,Gupta,2026-08-08 20:58:21.924496,occasional,1,mobile
8081,kabir.iyer.0c03a6,kabir.iyer.0c03a6@trendlytics.io,Kabir,Iyer,2026-08-21 20:58:21.924496,luxury,1,desktop
8082,sneha.sharma.3a99f7,sneha.sharma.3a99f7@trendlytics.io,Sneha,Sharma,2026-08-04 20:58:21.924496,luxury,0,tablet
8083,rahul.gupta.ffaf85,rahul.gupta.ffaf85@trendlytics.io,Rahul,Gupta,2026-08-29 20:58:21.924496,trendsetter,0,mobile
8084,riya.singh.eb6c23,riya.singh.eb6c23@trendlytics.io,Riya,Singh,2026-07-30 20:58:21.924496,occasional,0,desktop
8085,priya.joshi.8ce258,priya.joshi.8ce258@trendlytics.io,Priya,Joshi,2026-08-02 20:58:21.924496,trendsetter,0,desktop
8086,rahul.patel.d8ab1d,rahul.patel.d8ab1d@trendlytics.io,Rahul,Patel,2026-08-08 20:58:21.924496,occasional,0,mobile
8087,karan.sharma.2d71bc,karan.sharma.2d71bc@trendlytics.io,Karan,Sharma,2026-08-26 20:58:21.924496,trendsetter,0,mobile
8088,karan.verma.a35218,karan.verma.a35218@trendlytics.io,Karan,Verma,2026-08-09 20:58:21.924496,occasional,1,mobile
8089,ananya.mehta.7bc2b8,ananya.mehta.7bc2b8@trendlytics.io,Ananya,Mehta,2026-08-14 20:58:21.924496,budget,0,tablet
8090,tanvi.kapoor.95f91b,tanvi.kapoor.95f91b@trendlytics.io,Tanvi,Kapoor,2026-08-21 20:58:21.924496,trendsetter,1,desktop
8091,kabir.verma.324091,kabir.verma.324091@trendlytics.io,Kabir,Verma,2026-07-31 20:58:21.924496,budget,1,mobile
8092,sneha.mehta.84249a,sneha.mehta.84249a@trendlytics.io,Sneha,Mehta,2026-08-17 20:58:21.924496,occasional,0,mobile
8093,sneha.nair.416efe,sneha.nair.416efe@trendlytics.io,Sneha,Nair,2026-08-06 20:58:21.924496,occasional,0,mobile
8094,ananya.mehta.b2b668,ananya.mehta.b2b668@trendlytics.io,Ananya,Mehta,2026-08-17 20:58:21.924496,occasional,1,mobile
8095,arjun.banerjee.0aa2c5,arjun.banerjee.0aa2c5@trendlytics.io,Arjun,Banerjee,2026-08-19 20:58:21.924496,luxury,1,mobile
8096,priya.sharma.cc989f,priya.sharma.cc989f@trendlytics.io,Priya,Sharma,2026-08-08 20:58:21.924496,occasional,0,desktop
8097,kabir.gupta.8a1f96,kabir.gupta.8a1f96@trendlytics.io,Kabir,Gupta,2026-08-13 20:58:21.924496,occasional,0,desktop
8098,aarav.das.e99135,aarav.das.e99135@trendlytics.io,Aarav,Das,2026-08-28 20:58:21.924496,budget,1,mobile
8099,aditya.kapoor.9ed732,aditya.kapoor.9ed732@trendlytics.io,Aditya,Kapoor,2026-08-29 20:58:21.924496,budget,0,desktop
8100,kabir.joshi.e96a41,kabir.joshi.e96a41@trendlytics.io,Kabir,Joshi,2026-08-25 20:58:21.924496,budget,1,mobile
8101,meera.banerjee.b14fe2,meera.banerjee.b14fe2@trendlytics.io,Meera,Banerjee,2026-08-28 20:58:21.924496,occasional,0,mobile
8102,meera.gupta.9f9617,meera.gupta.9f9617@trendlytics.io,Meera,Gupta,2026-08-24 20:58:21.924496,budget,1,mobile
8103,ananya.joshi.5e9a7f,ananya.joshi.5e9a7f@trendlytics.io,Ananya,Joshi,2026-08-07 20:58:21.924496,luxury,1,mobile
8104,ananya.reddy.e1b7f0,ananya.reddy.e1b7f0@trendlytics.io,Ananya,Reddy,2026-08-12 20:58:21.924496,budget,0,mobile
8105,priya.iyer.6f54be,priya.iyer.6f54be@trendlytics.io,Priya,Iyer,2026-08-27 20:58:21.924496,luxury,0,mobile
8106,sneha.sharma.a2bca3,sneha.sharma.a2bca3@trendlytics.io,Sneha,Sharma,2026-08-22 20:58:21.924496,budget,0,desktop
8107,rohan.singh.33a099,rohan.singh.33a099@trendlytics.io,Rohan,Singh,2026-08-21 20:58:21.924496,budget,0,mobile
8108,meera.verma.efaa2b,meera.verma.efaa2b@trendlytics.io,Meera,Verma,2026-07-31 20:58:21.924496,luxury,1,mobile
8109,pooja.reddy.a127e4,pooja.reddy.a127e4@trendlytics.io,Pooja,Reddy,2026-07-31 20:58:21.924496,luxury,1,desktop
8110,tanvi.chopra.5fe9e9,tanvi.chopra.5fe9e9@trendlytics.io,Tanvi,Chopra,2026-08-21 20:58:21.924496,budget,0,mobile
8111,kabir.kapoor.c8d33d,kabir.kapoor.c8d33d@trendlytics.io,Kabir,Kapoor,2026-08-22 20:58:21.924496,luxury,1,desktop
8112,pooja.nair.f3518c,pooja.nair.f3518c@trendlytics.io,Pooja,Nair,2026-08-04 20:58:21.924496,trendsetter,0,mobile
8113,karan.banerjee.c3061b,karan.banerjee.c3061b@trendlytics.io,Karan,Banerjee,2026-08-20 20:58:21.924496,trendsetter,0,desktop
8114,sneha.patel.6a60d7,sneha.patel.6a60d7@trendlytics.io,Sneha,Patel,2026-08-09 20:58:21.924496,budget,0,desktop
8115,aarav.das.84c6f1,aarav.das.84c6f1@trendlytics.io,Aarav,Das,2026-08-07 20:58:21.924496,luxury,1,desktop
8116,aditya.sharma.431fd5,aditya.sharma.431fd5@trendlytics.io,Aditya,Sharma,2026-08-03 20:58:21.924496,occasional,0,mobile
8117,aarav.iyer.4635de,aarav.iyer.4635de@trendlytics.io,Aarav,Iyer,2026-08-04 20:58:21.924496,trendsetter,0,desktop
8118,ananya.patel.e32f96,ananya.patel.e32f96@trendlytics.io,Ananya,Patel,2026-08-24 20:58:21.924496,budget,0,mobile
8119,rohan.singh.f31e3a,rohan.singh.f31e3a@trendlytics.io,Rohan,Singh,2026-08-02 20:58:21.924496,occasional,0,mobile
8120,neha.banerjee.842cc3,neha.banerjee.842cc3@trendlytics.io,Neha,Banerjee,2026-08-05 20:58:21.924496,occasional,0,mobile
8121,pooja.sharma.eb03e2,pooja.sharma.eb03e2@trendlytics.io,Pooja,Sharma,2026-08-12 20:58:21.924496,occasional,0,mobile
8122,tanvi.joshi.94a84c,tanvi.joshi.94a84c@trendlytics.io,Tanvi,Joshi,2026-08-02 20:58:21.924496,trendsetter,0,mobile
8123,tanvi.singh.18fe81,tanvi.singh.18fe81@trendlytics.io,Tanvi,Singh,2026-08-26 20:58:21.924496,trendsetter,0,mobile
8124,arjun.verma.03eaed,arjun.verma.03eaed@trendlytics.io,Arjun,Verma,2026-08-16 20:58:21.924496,luxury,0,desktop
8125,aarav.gupta.59463e,aarav.gupta.59463e@trendlytics.io,Aarav,Gupta,2026-08-02 20:58:21.924496,trendsetter,0,mobile
8126,pooja.joshi.62b259,pooja.joshi.62b259@trendlytics.io,Pooja,Joshi,2026-08-23 20:58:21.924496,luxury,0,desktop
8127,karan.singh.f68126,karan.singh.f68126@trendlytics.io,Karan,Singh,2026-08-06 20:58:21.924496,luxury,1,desktop
8128,pooja.sen.ea6a5e,pooja.sen.ea6a5e@trendlytics.io,Pooja,Sen,2026-08-04 20:58:21.924496,occasional,1,desktop
8129,priya.reddy.1a5810,priya.reddy.1a5810@trendlytics.io,Priya,Reddy,2026-08-11 20:58:21.924496,budget,0,mobile
8130,tanvi.reddy.63a402,tanvi.reddy.63a402@trendlytics.io,Tanvi,Reddy,2026-08-12 20:58:21.924496,budget,0,desktop
8131,sneha.reddy.609cff,sneha.reddy.609cff@trendlytics.io,Sneha,Reddy,2026-08-19 20:58:21.924496,luxury,1,mobile
8132,sneha.sharma.74919d,sneha.sharma.74919d@trendlytics.io,Sneha,Sharma,2026-08-13 20:58:21.924496,luxury,0,mobile
8133,sneha.joshi.94d1b1,sneha.joshi.94d1b1@trendlytics.io,Sneha,Joshi,2026-08-21 20:58:21.924496,occasional,0,mobile
8134,meera.kapoor.381024,meera.kapoor.381024@trendlytics.io,Meera,Kapoor,2026-08-23 20:58:21.924496,occasional,1,mobile
8135,arjun.reddy.0ed75b,arjun.reddy.0ed75b@trendlytics.io,Arjun,Reddy,2026-08-07 20:58:21.924496,budget,0,mobile
8136,kabir.singh.61ebd7,kabir.singh.61ebd7@trendlytics.io,Kabir,Singh,2026-08-10 20:58:21.924496,budget,0,mobile
8137,priya.mehta.814c1c,priya.mehta.814c1c@trendlytics.io,Priya,Mehta,2026-08-25 20:58:21.924496,luxury,0,desktop
8138,meera.joshi.f07689,meera.joshi.f07689@trendlytics.io,Meera,Joshi,2026-08-17 20:58:21.924496,budget,0,mobile
8139,vikram.das.4b3cf4,vikram.das.4b3cf4@trendlytics.io,Vikram,Das,2026-08-20 20:58:21.924496,trendsetter,0,desktop
8140,karan.nair.8808f3,karan.nair.8808f3@trendlytics.io,Karan,Nair,2026-07-31 20:58:21.924496,budget,0,tablet
8141,aarav.singh.dc87bd,aarav.singh.dc87bd@trendlytics.io,Aarav,Singh,2026-08-18 20:58:21.924496,trendsetter,1,mobile
8142,neha.gupta.5b6c32,neha.gupta.5b6c32@trendlytics.io,Neha,Gupta,2026-08-10 20:58:21.924496,luxury,0,mobile
8143,vikram.patel.cb4bef,vikram.patel.cb4bef@trendlytics.io,Vikram,Patel,2026-08-05 20:58:21.924496,budget,0,mobile
8144,tanvi.iyer.da3d26,tanvi.iyer.da3d26@trendlytics.io,Tanvi,Iyer,2026-08-22 20:58:21.924496,occasional,0,mobile
8145,arjun.sharma.fe6038,arjun.sharma.fe6038@trendlytics.io,Arjun,Sharma,2026-08-29 20:58:21.924496,budget,0,mobile
8146,aarav.sen.68f5bd,aarav.sen.68f5bd@trendlytics.io,Aarav,Sen,2026-08-07 20:58:21.924496,budget,1,mobile
8147,rahul.sen.f29e74,rahul.sen.f29e74@trendlytics.io,Rahul,Sen,2026-08-10 20:58:21.924496,trendsetter,0,desktop
8148,aarav.nair.cd397a,aarav.nair.cd397a@trendlytics.io,Aarav,Nair,2026-08-05 20:58:21.924496,trendsetter,0,mobile
8149,vikram.mehta.d3462a,vikram.mehta.d3462a@trendlytics.io,Vikram,Mehta,2026-08-11 20:58:21.924496,budget,0,mobile
8150,aditya.patel.b79670,aditya.patel.b79670@trendlytics.io,Aditya,Patel,2026-08-14 20:58:21.924496,trendsetter,1,mobile
8151,pooja.singh.cddb02,pooja.singh.cddb02@trendlytics.io,Pooja,Singh,2026-08-20 20:58:21.924496,budget,0,mobile
8152,priya.singh.03152a,priya.singh.03152a@trendlytics.io,Priya,Singh,2026-08-08 20:58:21.924496,luxury,1,mobile
8153,aditya.iyer.75d76c,aditya.iyer.75d76c@trendlytics.io,Aditya,Iyer,2026-08-10 20:58:21.924496,luxury,0,desktop
8154,sneha.sen.9d8a59,sneha.sen.9d8a59@trendlytics.io,Sneha,Sen,2026-08-09 20:58:21.924496,occasional,0,tablet
8155,karan.singh.3fd061,karan.singh.3fd061@trendlytics.io,Karan,Singh,2026-08-01 20:58:21.924496,occasional,1,mobile
8156,ananya.banerjee.98a2a5,ananya.banerjee.98a2a5@trendlytics.io,Ananya,Banerjee,2026-08-13 20:58:21.924496,luxury,1,mobile
8157,meera.sen.d13ec2,meera.sen.d13ec2@trendlytics.io,Meera,Sen,2026-07-31 20:58:21.924496,budget,0,desktop
8158,kabir.sharma.5a0590,kabir.sharma.5a0590@trendlytics.io,Kabir,Sharma,2026-08-20 20:58:21.924496,luxury,1,mobile
8159,meera.sen.52d096,meera.sen.52d096@trendlytics.io,Meera,Sen,2026-07-30 20:58:21.924496,occasional,1,mobile
8160,meera.chopra.7bc20d,meera.chopra.7bc20d@trendlytics.io,Meera,Chopra,2026-08-20 20:58:21.924496,occasional,1,mobile
8161,aarav.gupta.1f7776,aarav.gupta.1f7776@trendlytics.io,Aarav,Gupta,2026-08-13 20:58:21.924496,trendsetter,1,mobile
8162,karan.chopra.9d12ef,karan.chopra.9d12ef@trendlytics.io,Karan,Chopra,2026-08-13 20:58:21.924496,trendsetter,1,desktop
8163,pooja.banerjee.1f0b3a,pooja.banerjee.1f0b3a@trendlytics.io,Pooja,Banerjee,2026-08-28 20:58:21.924496,trendsetter,0,mobile
8164,karan.singh.9f4493,karan.singh.9f4493@trendlytics.io,Karan,Singh,2026-08-04 20:58:21.924496,trendsetter,0,mobile
8165,sneha.mehta.22b398,sneha.mehta.22b398@trendlytics.io,Sneha,Mehta,2026-08-15 20:58:21.924496,budget,0,mobile
8166,kabir.kapoor.1531ec,kabir.kapoor.1531ec@trendlytics.io,Kabir,Kapoor,2026-08-15 20:58:21.924496,trendsetter,0,desktop
8167,rohan.sen.426f2a,rohan.sen.426f2a@trendlytics.io,Rohan,Sen,2026-08-12 20:58:21.924496,trendsetter,1,mobile
8168,ananya.singh.6a0c8e,ananya.singh.6a0c8e@trendlytics.io,Ananya,Singh,2026-08-21 20:58:21.924496,luxury,0,mobile
8169,karan.verma.0acc2c,karan.verma.0acc2c@trendlytics.io,Karan,Verma,2026-08-16 20:58:21.924496,luxury,0,mobile
8170,tanvi.joshi.e4cf07,tanvi.joshi.e4cf07@trendlytics.io,Tanvi,Joshi,2026-08-09 20:58:21.924496,occasional,0,desktop
8171,vikram.chopra.10b8c9,vikram.chopra.10b8c9@trendlytics.io,Vikram,Chopra,2026-08-20 20:58:21.924496,occasional,1,mobile
8172,meera.das.c56d35,meera.das.c56d35@trendlytics.io,Meera,Das,2026-08-05 20:58:21.924496,luxury,1,mobile
8173,aarav.das.c99242,aarav.das.c99242@trendlytics.io,Aarav,Das,2026-08-26 20:58:21.924496,luxury,0,mobile
8174,riya.das.2cddc6,riya.das.2cddc6@trendlytics.io,Riya,Das,2026-08-27 20:58:21.924496,luxury,0,mobile
8175,vikram.banerjee.14dff1,vikram.banerjee.14dff1@trendlytics.io,Vikram,Banerjee,2026-08-25 20:58:21.924496,budget,1,mobile
8176,neha.sen.90299c,neha.sen.90299c@trendlytics.io,Neha,Sen,2026-08-12 20:58:21.924496,budget,0,mobile
8177,aditya.das.e80c1c,aditya.das.e80c1c@trendlytics.io,Aditya,Das,2026-07-30 20:58:21.924496,luxury,1,mobile
8178,pooja.chopra.ce25d4,pooja.chopra.ce25d4@trendlytics.io,Pooja,Chopra,2026-08-09 20:58:21.924496,trendsetter,0,tablet
8179,rohan.chopra.88115d,rohan.chopra.88115d@trendlytics.io,Rohan,Chopra,2026-08-28 20:58:21.924496,occasional,0,mobile
8180,kabir.iyer.bcb7bb,kabir.iyer.bcb7bb@trendlytics.io,Kabir,Iyer,2026-08-03 20:58:21.924496,budget,0,mobile
8181,priya.chopra.2bbc36,priya.chopra.2bbc36@trendlytics.io,Priya,Chopra,2026-08-15 20:58:21.924496,luxury,1,mobile
8182,arjun.singh.8b7038,arjun.singh.8b7038@trendlytics.io,Arjun,Singh,2026-08-09 20:58:21.924496,budget,1,desktop
8183,riya.patel.cec134,riya.patel.cec134@trendlytics.io,Riya,Patel,2026-08-28 20:58:21.924496,budget,0,mobile
8184,rahul.iyer.3aee9f,rahul.iyer.3aee9f@trendlytics.io,Rahul,Iyer,2026-07-31 20:58:21.924496,budget,0,mobile
8185,aarav.mehta.af1221,aarav.mehta.af1221@trendlytics.io,Aarav,Mehta,2026-08-21 20:58:21.924496,luxury,1,tablet
8186,rohan.patel.a4adc1,rohan.patel.a4adc1@trendlytics.io,Rohan,Patel,2026-08-04 20:58:21.924496,budget,1,desktop
8187,rohan.iyer.ac11ef,rohan.iyer.ac11ef@trendlytics.io,Rohan,Iyer,2026-08-16 20:58:21.924496,luxury,0,mobile
8188,ananya.patel.a061df,ananya.patel.a061df@trendlytics.io,Ananya,Patel,2026-08-14 20:58:21.924496,trendsetter,1,desktop
8189,aditya.singh.aa6d02,aditya.singh.aa6d02@trendlytics.io,Aditya,Singh,2026-08-28 20:58:21.924496,luxury,0,mobile
8190,pooja.reddy.852deb,pooja.reddy.852deb@trendlytics.io,Pooja,Reddy,2026-08-19 20:58:21.924496,occasional,0,desktop
8191,kabir.patel.15e49f,kabir.patel.15e49f@trendlytics.io,Kabir,Patel,2026-08-25 20:58:21.924496,occasional,0,desktop
8192,aarav.das.25118f,aarav.das.25118f@trendlytics.io,Aarav,Das,2026-08-22 20:58:21.924496,budget,0,mobile
8193,sneha.gupta.9fb56e,sneha.gupta.9fb56e@trendlytics.io,Sneha,Gupta,2026-08-11 20:58:21.924496,budget,1,desktop
8194,sneha.nair.48f589,sneha.nair.48f589@trendlytics.io,Sneha,Nair,2026-08-15 20:58:21.924496,occasional,0,mobile
8195,neha.patel.4a08a8,neha.patel.4a08a8@trendlytics.io,Neha,Patel,2026-08-02 20:58:21.924496,occasional,1,mobile
8196,sneha.gupta.9fdb59,sneha.gupta.9fdb59@trendlytics.io,Sneha,Gupta,2026-08-04 20:58:21.924496,budget,0,mobile
8197,riya.patel.e90759,riya.patel.e90759@trendlytics.io,Riya,Patel,2026-08-14 20:58:21.924496,trendsetter,0,tablet
8198,pooja.banerjee.c1ab67,pooja.banerjee.c1ab67@trendlytics.io,Pooja,Banerjee,2026-08-04 20:58:21.924496,trendsetter,0,mobile
8199,arjun.banerjee.9c4138,arjun.banerjee.9c4138@trendlytics.io,Arjun,Banerjee,2026-08-28 20:58:21.924496,occasional,1,mobile
8200,sneha.kapoor.179704,sneha.kapoor.179704@trendlytics.io,Sneha,Kapoor,2026-08-22 20:58:21.924496,budget,0,mobile
8201,tanvi.kapoor.bbd370,tanvi.kapoor.bbd370@trendlytics.io,Tanvi,Kapoor,2026-08-01 20:58:21.924496,occasional,1,mobile
8202,rohan.iyer.ea78ec,rohan.iyer.ea78ec@trendlytics.io,Rohan,Iyer,2026-08-22 20:58:21.924496,occasional,1,mobile
8203,sneha.kapoor.903039,sneha.kapoor.903039@trendlytics.io,Sneha,Kapoor,2026-08-10 20:58:21.924496,occasional,1,mobile
8204,karan.reddy.9bcb2e,karan.reddy.9bcb2e@trendlytics.io,Karan,Reddy,2026-08-02 20:58:21.924496,trendsetter,0,mobile
8205,riya.reddy.e7b322,riya.reddy.e7b322@trendlytics.io,Riya,Reddy,2026-08-03 20:58:21.924496,budget,1,desktop
8206,rahul.iyer.03132a,rahul.iyer.03132a@trendlytics.io,Rahul,Iyer,2026-08-03 20:58:21.924496,occasional,0,mobile
8207,ananya.mehta.8e2384,ananya.mehta.8e2384@trendlytics.io,Ananya,Mehta,2026-08-17 20:58:21.924496,trendsetter,1,mobile
8208,meera.mehta.63cd0d,meera.mehta.63cd0d@trendlytics.io,Meera,Mehta,2026-08-13 20:58:21.924496,luxury,1,desktop
8209,arjun.nair.14ba53,arjun.nair.14ba53@trendlytics.io,Arjun,Nair,2026-08-29 20:58:21.924496,luxury,0,tablet
8210,neha.sen.64cb7d,neha.sen.64cb7d@trendlytics.io,Neha,Sen,2026-08-24 20:58:21.924496,trendsetter,1,desktop
8211,meera.banerjee.e6e877,meera.banerjee.e6e877@trendlytics.io,Meera,Banerjee,2026-08-12 20:58:21.924496,trendsetter,1,desktop
8212,tanvi.joshi.d41000,tanvi.joshi.d41000@trendlytics.io,Tanvi,Joshi,2026-08-24 20:58:21.924496,trendsetter,1,mobile
8213,pooja.reddy.c6e98f,pooja.reddy.c6e98f@trendlytics.io,Pooja,Reddy,2026-08-02 20:58:21.924496,occasional,0,mobile
8214,aditya.nair.084080,aditya.nair.084080@trendlytics.io,Aditya,Nair,2026-08-09 20:58:21.924496,budget,1,desktop
8215,riya.sharma.43b068,riya.sharma.43b068@trendlytics.io,Riya,Sharma,2026-08-08 20:58:21.924496,budget,1,desktop
8216,neha.gupta.618373,neha.gupta.618373@trendlytics.io,Neha,Gupta,2026-08-20 20:58:21.924496,budget,0,mobile
8217,rahul.reddy.cf5009,rahul.reddy.cf5009@trendlytics.io,Rahul,Reddy,2026-08-05 20:58:21.924496,budget,1,mobile
8218,neha.sen.5f20ef,neha.sen.5f20ef@trendlytics.io,Neha,Sen,2026-08-24 20:58:21.924496,trendsetter,0,mobile
8219,meera.sharma.74d695,meera.sharma.74d695@trendlytics.io,Meera,Sharma,2026-08-16 20:58:21.924496,occasional,0,mobile
8220,ananya.banerjee.33aa4d,ananya.banerjee.33aa4d@trendlytics.io,Ananya,Banerjee,2026-08-04 20:58:21.924496,trendsetter,1,mobile
8221,priya.singh.a119c5,priya.singh.a119c5@trendlytics.io,Priya,Singh,2026-08-17 20:58:21.924496,luxury,0,desktop
8222,arjun.das.71bdb6,arjun.das.71bdb6@trendlytics.io,Arjun,Das,2026-08-21 20:58:21.924496,occasional,0,mobile
8223,arjun.iyer.cafa14,arjun.iyer.cafa14@trendlytics.io,Arjun,Iyer,2026-08-26 20:58:21.924496,budget,0,mobile
8224,riya.gupta.993b79,riya.gupta.993b79@trendlytics.io,Riya,Gupta,2026-07-30 20:58:21.924496,luxury,0,desktop
8225,karan.chopra.d76100,karan.chopra.d76100@trendlytics.io,Karan,Chopra,2026-08-13 20:58:21.924496,trendsetter,0,desktop
8226,aditya.patel.ed47bc,aditya.patel.ed47bc@trendlytics.io,Aditya,Patel,2026-08-11 20:58:21.924496,trendsetter,1,mobile
8227,rohan.nair.dd799c,rohan.nair.dd799c@trendlytics.io,Rohan,Nair,2026-08-28 20:58:21.924496,occasional,0,mobile
8228,aarav.gupta.4005e7,aarav.gupta.4005e7@trendlytics.io,Aarav,Gupta,2026-08-20 20:58:21.924496,occasional,0,desktop
8229,rohan.verma.e08c0a,rohan.verma.e08c0a@trendlytics.io,Rohan,Verma,2026-08-01 20:58:21.924496,occasional,0,mobile
8230,tanvi.mehta.579847,tanvi.mehta.579847@trendlytics.io,Tanvi,Mehta,2026-07-30 20:58:21.924496,budget,0,mobile
8231,vikram.mehta.3054b5,vikram.mehta.3054b5@trendlytics.io,Vikram,Mehta,2026-08-29 20:58:21.924496,budget,0,mobile
8232,rahul.sen.cf42e8,rahul.sen.cf42e8@trendlytics.io,Rahul,Sen,2026-08-12 20:58:21.924496,budget,0,desktop
8233,tanvi.joshi.fd15e4,tanvi.joshi.fd15e4@trendlytics.io,Tanvi,Joshi,2026-08-20 20:58:21.924496,budget,0,desktop
8234,riya.singh.ac69a7,riya.singh.ac69a7@trendlytics.io,Riya,Singh,2026-08-21 20:58:21.924496,occasional,0,mobile
8235,meera.iyer.241f12,meera.iyer.241f12@trendlytics.io,Meera,Iyer,2026-08-15 20:58:21.924496,occasional,0,mobile
8236,aditya.nair.b0afe8,aditya.nair.b0afe8@trendlytics.io,Aditya,Nair,2026-08-29 20:58:21.924496,luxury,0,mobile
8237,karan.mehta.435423,karan.mehta.435423@trendlytics.io,Karan,Mehta,2026-08-12 20:58:21.924496,occasional,1,mobile
8238,riya.joshi.22c3bc,riya.joshi.22c3bc@trendlytics.io,Riya,Joshi,2026-08-04 20:58:21.924496,budget,0,mobile
8239,rohan.gupta.97f5b0,rohan.gupta.97f5b0@trendlytics.io,Rohan,Gupta,2026-08-07 20:58:21.924496,budget,0,desktop
8240,aarav.iyer.78282e,aarav.iyer.78282e@trendlytics.io,Aarav,Iyer,2026-08-07 20:58:21.924496,trendsetter,1,desktop
8241,ananya.kapoor.7a58f9,ananya.kapoor.7a58f9@trendlytics.io,Ananya,Kapoor,2026-08-03 20:58:21.924496,budget,1,desktop
8242,vikram.sen.f890b0,vikram.sen.f890b0@trendlytics.io,Vikram,Sen,2026-08-26 20:58:21.924496,occasional,0,mobile
8243,priya.chopra.ee6c5d,priya.chopra.ee6c5d@trendlytics.io,Priya,Chopra,2026-08-15 20:58:21.924496,budget,1,mobile
8244,priya.patel.b470ef,priya.patel.b470ef@trendlytics.io,Priya,Patel,2026-08-04 20:58:21.924496,budget,1,mobile
8245,pooja.gupta.3b43ce,pooja.gupta.3b43ce@trendlytics.io,Pooja,Gupta,2026-08-16 20:58:21.924496,luxury,0,desktop
8246,rohan.gupta.dfa7d2,rohan.gupta.dfa7d2@trendlytics.io,Rohan,Gupta,2026-08-26 20:58:21.924496,budget,1,desktop
8247,priya.singh.3bd2ca,priya.singh.3bd2ca@trendlytics.io,Priya,Singh,2026-08-27 20:58:21.924496,occasional,0,mobile
8248,riya.banerjee.8d546b,riya.banerjee.8d546b@trendlytics.io,Riya,Banerjee,2026-08-22 20:58:21.924496,luxury,0,mobile
8249,sneha.sharma.d82aad,sneha.sharma.d82aad@trendlytics.io,Sneha,Sharma,2026-08-20 20:58:21.924496,luxury,1,mobile
8250,priya.reddy.56eccd,priya.reddy.56eccd@trendlytics.io,Priya,Reddy,2026-08-17 20:58:21.924496,budget,1,mobile
8251,aditya.verma.e9f990,aditya.verma.e9f990@trendlytics.io,Aditya,Verma,2026-08-23 20:58:21.924496,occasional,0,mobile
8252,vikram.gupta.6ca44a,vikram.gupta.6ca44a@trendlytics.io,Vikram,Gupta,2026-08-16 20:58:21.924496,luxury,0,mobile
8253,vikram.das.20916f,vikram.das.20916f@trendlytics.io,Vikram,Das,2026-08-13 20:58:21.924496,luxury,1,mobile
8254,riya.joshi.a0132c,riya.joshi.a0132c@trendlytics.io,Riya,Joshi,2026-08-02 20:58:21.924496,budget,1,mobile
8255,aarav.reddy.52ee71,aarav.reddy.52ee71@trendlytics.io,Aarav,Reddy,2026-08-29 20:58:21.924496,budget,0,mobile
8256,arjun.patel.af3f5a,arjun.patel.af3f5a@trendlytics.io,Arjun,Patel,2026-07-31 20:58:21.924496,luxury,0,mobile
8257,sneha.sen.5b7a77,sneha.sen.5b7a77@trendlytics.io,Sneha,Sen,2026-08-22 20:58:21.924496,occasional,0,desktop
8258,riya.patel.07d81d,riya.patel.07d81d@trendlytics.io,Riya,Patel,2026-07-31 20:58:21.924496,budget,1,mobile
8259,priya.kapoor.2ba76b,priya.kapoor.2ba76b@trendlytics.io,Priya,Kapoor,2026-08-09 20:58:21.924496,luxury,0,desktop
8260,riya.chopra.740da3,riya.chopra.740da3@trendlytics.io,Riya,Chopra,2026-08-26 20:58:21.924496,trendsetter,1,desktop
8261,sneha.das.aca171,sneha.das.aca171@trendlytics.io,Sneha,Das,2026-08-04 20:58:21.924496,budget,0,desktop
8262,aditya.gupta.cdb968,aditya.gupta.cdb968@trendlytics.io,Aditya,Gupta,2026-08-06 20:58:21.924496,luxury,1,desktop
8263,tanvi.singh.70b2e5,tanvi.singh.70b2e5@trendlytics.io,Tanvi,Singh,2026-08-27 20:58:21.924496,luxury,1,mobile
8264,riya.gupta.3a09ae,riya.gupta.3a09ae@trendlytics.io,Riya,Gupta,2026-08-08 20:58:21.924496,trendsetter,1,mobile
8265,rahul.banerjee.1edde8,rahul.banerjee.1edde8@trendlytics.io,Rahul,Banerjee,2026-08-01 20:58:21.924496,luxury,0,mobile
8266,pooja.banerjee.51afa0,pooja.banerjee.51afa0@trendlytics.io,Pooja,Banerjee,2026-08-20 20:58:21.924496,budget,1,mobile
8267,pooja.verma.6e09a8,pooja.verma.6e09a8@trendlytics.io,Pooja,Verma,2026-08-02 20:58:21.924496,budget,0,mobile
8268,kabir.sharma.694931,kabir.sharma.694931@trendlytics.io,Kabir,Sharma,2026-08-02 20:58:21.924496,trendsetter,0,desktop
8269,pooja.kapoor.c72ece,pooja.kapoor.c72ece@trendlytics.io,Pooja,Kapoor,2026-08-11 20:58:21.924496,luxury,0,mobile
8270,rohan.mehta.887297,rohan.mehta.887297@trendlytics.io,Rohan,Mehta,2026-08-03 20:58:21.924496,occasional,1,mobile
8271,meera.chopra.9a52d1,meera.chopra.9a52d1@trendlytics.io,Meera,Chopra,2026-08-29 20:58:21.924496,occasional,0,mobile
8272,aarav.chopra.d340e7,aarav.chopra.d340e7@trendlytics.io,Aarav,Chopra,2026-07-31 20:58:21.924496,trendsetter,1,mobile
8273,sneha.reddy.64e925,sneha.reddy.64e925@trendlytics.io,Sneha,Reddy,2026-08-07 20:58:21.924496,budget,1,mobile
8274,sneha.das.24966c,sneha.das.24966c@trendlytics.io,Sneha,Das,2026-08-19 20:58:21.924496,luxury,1,desktop
8275,meera.reddy.8c8f6a,meera.reddy.8c8f6a@trendlytics.io,Meera,Reddy,2026-08-20 20:58:21.924496,budget,1,mobile
8276,rahul.iyer.0a2930,rahul.iyer.0a2930@trendlytics.io,Rahul,Iyer,2026-08-19 20:58:21.924496,occasional,1,mobile
8277,arjun.verma.27be96,arjun.verma.27be96@trendlytics.io,Arjun,Verma,2026-08-08 20:58:21.924496,budget,0,desktop
8278,ananya.sen.803bf4,ananya.sen.803bf4@trendlytics.io,Ananya,Sen,2026-08-29 20:58:21.924496,budget,0,mobile
8279,ananya.banerjee.11f13b,ananya.banerjee.11f13b@trendlytics.io,Ananya,Banerjee,2026-08-27 20:58:21.924496,occasional,1,mobile
8280,vikram.iyer.132dbe,vikram.iyer.132dbe@trendlytics.io,Vikram,Iyer,2026-08-28 20:58:21.924496,trendsetter,0,mobile
8281,neha.mehta.f8eae7,neha.mehta.f8eae7@trendlytics.io,Neha,Mehta,2026-08-11 20:58:21.924496,trendsetter,0,mobile
8282,ananya.chopra.e6a01f,ananya.chopra.e6a01f@trendlytics.io,Ananya,Chopra,2026-08-08 20:58:21.924496,occasional,1,mobile
8283,priya.banerjee.082861,priya.banerjee.082861@trendlytics.io,Priya,Banerjee,2026-08-03 20:58:21.924496,luxury,0,mobile
8284,neha.mehta.24d3a8,neha.mehta.24d3a8@trendlytics.io,Neha,Mehta,2026-08-02 20:58:21.924496,trendsetter,1,mobile
8285,tanvi.kapoor.54643d,tanvi.kapoor.54643d@trendlytics.io,Tanvi,Kapoor,2026-08-29 20:58:21.924496,occasional,0,desktop
8286,tanvi.sen.107280,tanvi.sen.107280@trendlytics.io,Tanvi,Sen,2026-08-27 20:58:21.924496,occasional,0,mobile
8287,rahul.chopra.c4b359,rahul.chopra.c4b359@trendlytics.io,Rahul,Chopra,2026-08-01 20:58:21.924496,occasional,0,mobile
8288,neha.sharma.28c43e,neha.sharma.28c43e@trendlytics.io,Neha,Sharma,2026-08-03 20:58:21.924496,luxury,1,mobile
8289,priya.mehta.e0b187,priya.mehta.e0b187@trendlytics.io,Priya,Mehta,2026-08-04 20:58:21.924496,occasional,0,mobile
8290,ananya.chopra.7a67f5,ananya.chopra.7a67f5@trendlytics.io,Ananya,Chopra,2026-07-31 20:58:21.924496,trendsetter,1,mobile
8291,aditya.sen.2159be,aditya.sen.2159be@trendlytics.io,Aditya,Sen,2026-08-03 20:58:21.924496,trendsetter,1,mobile
8292,tanvi.mehta.60b79e,tanvi.mehta.60b79e@trendlytics.io,Tanvi,Mehta,2026-08-01 20:58:21.924496,luxury,0,tablet
8293,neha.nair.8aa7a8,neha.nair.8aa7a8@trendlytics.io,Neha,Nair,2026-08-27 20:58:21.924496,budget,1,mobile
8294,rohan.reddy.c9524e,rohan.reddy.c9524e@trendlytics.io,Rohan,Reddy,2026-08-26 20:58:21.924496,luxury,0,mobile
8295,neha.das.34f2b6,neha.das.34f2b6@trendlytics.io,Neha,Das,2026-08-13 20:58:21.924496,budget,1,mobile
8296,rahul.patel.fd07aa,rahul.patel.fd07aa@trendlytics.io,Rahul,Patel,2026-08-11 20:58:21.924496,budget,0,mobile
8297,aditya.gupta.ee0ef0,aditya.gupta.ee0ef0@trendlytics.io,Aditya,Gupta,2026-08-10 20:58:21.924496,occasional,1,mobile
8298,ananya.verma.ff716e,ananya.verma.ff716e@trendlytics.io,Ananya,Verma,2026-08-21 20:58:21.924496,occasional,0,mobile
8299,sneha.chopra.a1c641,sneha.chopra.a1c641@trendlytics.io,Sneha,Chopra,2026-08-24 20:58:21.924496,budget,0,mobile
8300,arjun.kapoor.3b5fe2,arjun.kapoor.3b5fe2@trendlytics.io,Arjun,Kapoor,2026-08-25 20:58:21.924496,trendsetter,1,desktop
8301,rohan.joshi.e8efa9,rohan.joshi.e8efa9@trendlytics.io,Rohan,Joshi,2026-08-02 20:58:21.924496,occasional,1,mobile
8302,meera.iyer.428761,meera.iyer.428761@trendlytics.io,Meera,Iyer,2026-08-12 20:58:21.924496,trendsetter,1,mobile
8303,riya.verma.184766,riya.verma.184766@trendlytics.io,Riya,Verma,2026-08-11 20:58:21.924496,budget,1,mobile
8304,sneha.verma.6dc847,sneha.verma.6dc847@trendlytics.io,Sneha,Verma,2026-08-23 20:58:21.924496,occasional,1,desktop
8305,meera.iyer.02867a,meera.iyer.02867a@trendlytics.io,Meera,Iyer,2026-08-06 20:58:21.924496,occasional,1,mobile
8306,karan.kapoor.f8748e,karan.kapoor.f8748e@trendlytics.io,Karan,Kapoor,2026-08-05 20:58:21.924496,occasional,0,mobile
8307,aditya.banerjee.18b7d0,aditya.banerjee.18b7d0@trendlytics.io,Aditya,Banerjee,2026-08-14 20:58:21.924496,trendsetter,0,mobile
8308,pooja.joshi.5f3dc5,pooja.joshi.5f3dc5@trendlytics.io,Pooja,Joshi,2026-08-10 20:58:21.924496,luxury,0,mobile
8309,karan.chopra.bc763b,karan.chopra.bc763b@trendlytics.io,Karan,Chopra,2026-08-12 20:58:21.924496,occasional,0,mobile
8310,riya.sen.51e9d2,riya.sen.51e9d2@trendlytics.io,Riya,Sen,2026-08-07 20:58:21.924496,luxury,0,mobile
8311,priya.kapoor.adf6a3,priya.kapoor.adf6a3@trendlytics.io,Priya,Kapoor,2026-08-10 20:58:21.924496,luxury,1,mobile
8312,kabir.verma.6c7a3e,kabir.verma.6c7a3e@trendlytics.io,Kabir,Verma,2026-08-06 20:58:21.924496,budget,1,tablet
8313,tanvi.sharma.1f0ec3,tanvi.sharma.1f0ec3@trendlytics.io,Tanvi,Sharma,2026-08-07 20:58:21.924496,luxury,0,mobile
8314,meera.das.5735b1,meera.das.5735b1@trendlytics.io,Meera,Das,2026-08-25 20:58:21.924496,trendsetter,0,mobile
8315,neha.singh.158fde,neha.singh.158fde@trendlytics.io,Neha,Singh,2026-08-27 20:58:21.924496,luxury,1,mobile
8316,pooja.banerjee.18324e,pooja.banerjee.18324e@trendlytics.io,Pooja,Banerjee,2026-07-30 20:58:21.924496,luxury,1,mobile
8317,tanvi.nair.049a35,tanvi.nair.049a35@trendlytics.io,Tanvi,Nair,2026-08-08 20:58:21.924496,luxury,0,mobile
8318,kabir.gupta.94bfde,kabir.gupta.94bfde@trendlytics.io,Kabir,Gupta,2026-08-07 20:58:21.924496,luxury,0,mobile
8319,ananya.kapoor.32c28f,ananya.kapoor.32c28f@trendlytics.io,Ananya,Kapoor,2026-08-07 20:58:21.924496,luxury,0,desktop
8320,pooja.joshi.963095,pooja.joshi.963095@trendlytics.io,Pooja,Joshi,2026-08-13 20:58:21.924496,budget,0,mobile
8321,aarav.verma.7e7e02,aarav.verma.7e7e02@trendlytics.io,Aarav,Verma,2026-08-17 20:58:21.924496,luxury,1,tablet
8322,sneha.sharma.5e70c7,sneha.sharma.5e70c7@trendlytics.io,Sneha,Sharma,2026-08-11 20:58:21.924496,trendsetter,1,desktop
8323,kabir.nair.478aff,kabir.nair.478aff@trendlytics.io,Kabir,Nair,2026-08-25 20:58:21.924496,luxury,1,mobile
8324,tanvi.banerjee.0effc7,tanvi.banerjee.0effc7@trendlytics.io,Tanvi,Banerjee,2026-08-11 20:58:21.924496,occasional,0,tablet
8325,pooja.verma.281f85,pooja.verma.281f85@trendlytics.io,Pooja,Verma,2026-07-31 20:58:21.924496,budget,1,desktop
8326,neha.sen.d61530,neha.sen.d61530@trendlytics.io,Neha,Sen,2026-08-20 20:58:21.924496,budget,0,mobile
8327,ananya.mehta.33ec62,ananya.mehta.33ec62@trendlytics.io,Ananya,Mehta,2026-08-12 20:58:21.924496,occasional,1,tablet
8328,rohan.reddy.68f951,rohan.reddy.68f951@trendlytics.io,Rohan,Reddy,2026-08-11 20:58:21.924496,trendsetter,0,mobile
8329,arjun.nair.c5e99c,arjun.nair.c5e99c@trendlytics.io,Arjun,Nair,2026-08-02 20:58:21.924496,budget,0,mobile
8330,vikram.banerjee.f94fa8,vikram.banerjee.f94fa8@trendlytics.io,Vikram,Banerjee,2026-08-03 20:58:21.924496,trendsetter,0,desktop
8331,rohan.iyer.c6ebdd,rohan.iyer.c6ebdd@trendlytics.io,Rohan,Iyer,2026-08-16 20:58:21.924496,occasional,1,mobile
8332,riya.joshi.611da3,riya.joshi.611da3@trendlytics.io,Riya,Joshi,2026-08-23 20:58:21.924496,luxury,0,desktop
8333,aarav.banerjee.ddd5bd,aarav.banerjee.ddd5bd@trendlytics.io,Aarav,Banerjee,2026-08-08 20:58:21.924496,occasional,0,mobile
8334,priya.nair.d541ed,priya.nair.d541ed@trendlytics.io,Priya,Nair,2026-08-07 20:58:21.924496,budget,1,mobile
8335,riya.patel.658f70,riya.patel.658f70@trendlytics.io,Riya,Patel,2026-08-24 20:58:21.924496,budget,0,mobile
8336,tanvi.verma.3ebe12,tanvi.verma.3ebe12@trendlytics.io,Tanvi,Verma,2026-08-29 20:58:21.924496,budget,1,mobile
8337,aditya.mehta.944a82,aditya.mehta.944a82@trendlytics.io,Aditya,Mehta,2026-08-07 20:58:21.924496,trendsetter,0,desktop
8338,tanvi.gupta.8035c3,tanvi.gupta.8035c3@trendlytics.io,Tanvi,Gupta,2026-08-25 20:58:21.924496,luxury,0,desktop
8339,riya.nair.41a9bb,riya.nair.41a9bb@trendlytics.io,Riya,Nair,2026-08-07 20:58:21.924496,occasional,0,desktop
8340,rohan.nair.561ae0,rohan.nair.561ae0@trendlytics.io,Rohan,Nair,2026-08-10 20:58:21.924496,budget,0,mobile
8341,aarav.mehta.b09fd8,aarav.mehta.b09fd8@trendlytics.io,Aarav,Mehta,2026-08-24 20:58:21.924496,budget,0,mobile
8342,aditya.verma.3fc0c5,aditya.verma.3fc0c5@trendlytics.io,Aditya,Verma,2026-08-11 20:58:21.924496,luxury,1,mobile
8343,aditya.mehta.b514aa,aditya.mehta.b514aa@trendlytics.io,Aditya,Mehta,2026-08-22 20:58:21.924496,budget,1,mobile
8344,vikram.patel.0a9339,vikram.patel.0a9339@trendlytics.io,Vikram,Patel,2026-08-23 20:58:21.924496,luxury,0,mobile
8345,aditya.reddy.cb73c4,aditya.reddy.cb73c4@trendlytics.io,Aditya,Reddy,2026-08-26 20:58:21.924496,trendsetter,0,mobile
8346,tanvi.joshi.3f79e2,tanvi.joshi.3f79e2@trendlytics.io,Tanvi,Joshi,2026-08-15 20:58:21.924496,budget,0,desktop
8347,ananya.mehta.5e17c0,ananya.mehta.5e17c0@trendlytics.io,Ananya,Mehta,2026-08-21 20:58:21.924496,budget,1,mobile
8348,meera.mehta.98f2e6,meera.mehta.98f2e6@trendlytics.io,Meera,Mehta,2026-08-07 20:58:21.924496,occasional,1,mobile
8349,neha.das.32b658,neha.das.32b658@trendlytics.io,Neha,Das,2026-08-05 20:58:21.924496,budget,0,mobile
8350,riya.mehta.03325a,riya.mehta.03325a@trendlytics.io,Riya,Mehta,2026-08-16 20:58:21.924496,budget,1,mobile
8351,ananya.singh.db1cae,ananya.singh.db1cae@trendlytics.io,Ananya,Singh,2026-08-13 20:58:21.924496,budget,1,desktop
8352,tanvi.singh.bfb2f0,tanvi.singh.bfb2f0@trendlytics.io,Tanvi,Singh,2026-08-24 20:58:21.924496,luxury,1,mobile
8353,arjun.verma.9b9e5d,arjun.verma.9b9e5d@trendlytics.io,Arjun,Verma,2026-08-24 20:58:21.924496,budget,1,desktop
8354,neha.sen.cc6086,neha.sen.cc6086@trendlytics.io,Neha,Sen,2026-08-27 20:58:21.924496,luxury,0,tablet
8355,pooja.reddy.afbbf7,pooja.reddy.afbbf7@trendlytics.io,Pooja,Reddy,2026-08-21 20:58:21.924496,luxury,0,mobile
8356,aditya.banerjee.ebe856,aditya.banerjee.ebe856@trendlytics.io,Aditya,Banerjee,2026-08-20 20:58:21.924496,occasional,0,mobile
8357,arjun.das.3fa921,arjun.das.3fa921@trendlytics.io,Arjun,Das,2026-08-27 20:58:21.924496,luxury,1,mobile
8358,vikram.nair.556283,vikram.nair.556283@trendlytics.io,Vikram,Nair,2026-08-14 20:58:21.924496,occasional,0,mobile
8359,sneha.singh.d5cae1,sneha.singh.d5cae1@trendlytics.io,Sneha,Singh,2026-08-02 20:58:21.924496,luxury,1,mobile
8360,aarav.mehta.319da3,aarav.mehta.319da3@trendlytics.io,Aarav,Mehta,2026-08-24 20:58:21.924496,occasional,0,mobile
8361,rohan.patel.7ed20c,rohan.patel.7ed20c@trendlytics.io,Rohan,Patel,2026-08-04 20:58:21.924496,budget,1,mobile
8362,pooja.sen.09f2e8,pooja.sen.09f2e8@trendlytics.io,Pooja,Sen,2026-08-13 20:58:21.924496,occasional,0,desktop
8363,rohan.joshi.8ea2d0,rohan.joshi.8ea2d0@trendlytics.io,Rohan,Joshi,2026-08-03 20:58:21.924496,trendsetter,1,mobile
8364,kabir.singh.a82203,kabir.singh.a82203@trendlytics.io,Kabir,Singh,2026-08-05 20:58:21.924496,occasional,1,desktop
8365,pooja.banerjee.255396,pooja.banerjee.255396@trendlytics.io,Pooja,Banerjee,2026-08-19 20:58:21.924496,budget,0,mobile
8366,kabir.joshi.53d118,kabir.joshi.53d118@trendlytics.io,Kabir,Joshi,2026-08-05 20:58:21.924496,budget,1,desktop
8367,sneha.chopra.fceb69,sneha.chopra.fceb69@trendlytics.io,Sneha,Chopra,2026-08-13 20:58:21.924496,budget,0,tablet
8368,ananya.iyer.c0efe6,ananya.iyer.c0efe6@trendlytics.io,Ananya,Iyer,2026-08-12 20:58:21.924496,luxury,0,mobile
8369,karan.verma.849ffb,karan.verma.849ffb@trendlytics.io,Karan,Verma,2026-07-30 20:58:21.924496,budget,1,mobile
8370,neha.joshi.f1366a,neha.joshi.f1366a@trendlytics.io,Neha,Joshi,2026-08-06 20:58:21.924496,budget,1,tablet
8371,tanvi.nair.915c39,tanvi.nair.915c39@trendlytics.io,Tanvi,Nair,2026-08-05 20:58:21.924496,occasional,0,mobile
8372,aditya.iyer.ff153a,aditya.iyer.ff153a@trendlytics.io,Aditya,Iyer,2026-08-27 20:58:21.924496,luxury,1,mobile
8373,vikram.gupta.f9aecb,vikram.gupta.f9aecb@trendlytics.io,Vikram,Gupta,2026-08-27 20:58:21.924496,occasional,0,tablet
8374,ananya.patel.244f6b,ananya.patel.244f6b@trendlytics.io,Ananya,Patel,2026-08-20 20:58:21.924496,trendsetter,1,mobile
8375,pooja.patel.575337,pooja.patel.575337@trendlytics.io,Pooja,Patel,2026-08-15 20:58:21.924496,budget,1,mobile
8376,tanvi.sharma.d30532,tanvi.sharma.d30532@trendlytics.io,Tanvi,Sharma,2026-08-24 20:58:21.924496,luxury,1,mobile
8377,rahul.singh.8b4ae2,rahul.singh.8b4ae2@trendlytics.io,Rahul,Singh,2026-08-24 20:58:21.924496,trendsetter,0,mobile
8378,meera.chopra.5e1685,meera.chopra.5e1685@trendlytics.io,Meera,Chopra,2026-08-04 20:58:21.924496,occasional,0,mobile
8379,sneha.joshi.eba7ba,sneha.joshi.eba7ba@trendlytics.io,Sneha,Joshi,2026-08-26 20:58:21.924496,budget,1,mobile
8380,tanvi.das.5431af,tanvi.das.5431af@trendlytics.io,Tanvi,Das,2026-08-25 20:58:21.924496,trendsetter,0,mobile
8381,aarav.patel.5715a5,aarav.patel.5715a5@trendlytics.io,Aarav,Patel,2026-08-27 20:58:21.924496,luxury,1,desktop
8382,sneha.chopra.83e463,sneha.chopra.83e463@trendlytics.io,Sneha,Chopra,2026-08-23 20:58:21.924496,luxury,1,mobile
8383,riya.iyer.548f3f,riya.iyer.548f3f@trendlytics.io,Riya,Iyer,2026-08-29 20:58:21.924496,budget,0,mobile
8384,neha.reddy.5fd136,neha.reddy.5fd136@trendlytics.io,Neha,Reddy,2026-07-31 20:58:21.924496,budget,0,desktop
8385,meera.verma.19e9fe,meera.verma.19e9fe@trendlytics.io,Meera,Verma,2026-08-19 20:58:21.924496,trendsetter,1,mobile
8386,karan.sen.dc7da7,karan.sen.dc7da7@trendlytics.io,Karan,Sen,2026-08-19 20:58:21.924496,occasional,0,mobile
8387,karan.mehta.21a556,karan.mehta.21a556@trendlytics.io,Karan,Mehta,2026-08-09 20:58:21.924496,occasional,1,desktop
8388,sneha.patel.4f61b6,sneha.patel.4f61b6@trendlytics.io,Sneha,Patel,2026-08-08 20:58:21.924496,luxury,0,mobile
8389,riya.banerjee.c57813,riya.banerjee.c57813@trendlytics.io,Riya,Banerjee,2026-08-07 20:58:21.924496,luxury,0,mobile
8390,aarav.iyer.500c89,aarav.iyer.500c89@trendlytics.io,Aarav,Iyer,2026-08-20 20:58:21.924496,luxury,0,mobile
8391,aarav.nair.40ddfa,aarav.nair.40ddfa@trendlytics.io,Aarav,Nair,2026-07-30 20:58:21.924496,luxury,1,mobile
8392,aarav.mehta.d2aa65,aarav.mehta.d2aa65@trendlytics.io,Aarav,Mehta,2026-08-04 20:58:21.924496,trendsetter,0,mobile
8393,rahul.das.8775ce,rahul.das.8775ce@trendlytics.io,Rahul,Das,2026-08-01 20:58:21.924496,luxury,1,desktop
8394,rohan.gupta.750262,rohan.gupta.750262@trendlytics.io,Rohan,Gupta,2026-08-03 20:58:21.924496,occasional,0,desktop
8395,vikram.reddy.8a57b3,vikram.reddy.8a57b3@trendlytics.io,Vikram,Reddy,2026-08-15 20:58:21.924496,trendsetter,0,mobile
8396,rohan.banerjee.235120,rohan.banerjee.235120@trendlytics.io,Rohan,Banerjee,2026-08-05 20:58:21.924496,trendsetter,0,mobile
8397,rahul.mehta.d06343,rahul.mehta.d06343@trendlytics.io,Rahul,Mehta,2026-08-14 20:58:21.924496,luxury,1,mobile
8398,ananya.das.8014d3,ananya.das.8014d3@trendlytics.io,Ananya,Das,2026-08-20 20:58:21.924496,trendsetter,0,mobile
8399,priya.joshi.b9a65a,priya.joshi.b9a65a@trendlytics.io,Priya,Joshi,2026-08-28 20:58:21.924496,trendsetter,0,mobile
8400,meera.nair.9019b5,meera.nair.9019b5@trendlytics.io,Meera,Nair,2026-08-27 20:58:21.924496,occasional,0,mobile
8401,aditya.mehta.4adf9d,aditya.mehta.4adf9d@trendlytics.io,Aditya,Mehta,2026-08-10 20:58:21.924496,occasional,1,mobile
8402,arjun.iyer.a8d2e4,arjun.iyer.a8d2e4@trendlytics.io,Arjun,Iyer,2026-08-09 20:58:21.924496,trendsetter,0,desktop
8403,riya.kapoor.0537fd,riya.kapoor.0537fd@trendlytics.io,Riya,Kapoor,2026-08-16 20:58:21.924496,occasional,1,mobile
8404,riya.banerjee.103a15,riya.banerjee.103a15@trendlytics.io,Riya,Banerjee,2026-08-20 20:58:21.924496,luxury,0,mobile
8405,rahul.joshi.c9388a,rahul.joshi.c9388a@trendlytics.io,Rahul,Joshi,2026-08-12 20:58:21.924496,trendsetter,0,mobile
8406,karan.singh.c2ebd8,karan.singh.c2ebd8@trendlytics.io,Karan,Singh,2026-08-09 20:58:21.924496,budget,0,tablet
8407,aditya.banerjee.bc14aa,aditya.banerjee.bc14aa@trendlytics.io,Aditya,Banerjee,2026-08-20 20:58:21.924496,occasional,1,mobile
8408,vikram.reddy.b627b7,vikram.reddy.b627b7@trendlytics.io,Vikram,Reddy,2026-08-18 20:58:21.924496,budget,0,desktop
8409,rohan.sharma.6c2d60,rohan.sharma.6c2d60@trendlytics.io,Rohan,Sharma,2026-08-11 20:58:21.924496,budget,0,mobile
8410,sneha.singh.787f17,sneha.singh.787f17@trendlytics.io,Sneha,Singh,2026-08-13 20:58:21.924496,occasional,1,mobile
8411,arjun.banerjee.2a0a1a,arjun.banerjee.2a0a1a@trendlytics.io,Arjun,Banerjee,2026-08-25 20:58:21.924496,budget,0,desktop
8412,priya.nair.56f7b4,priya.nair.56f7b4@trendlytics.io,Priya,Nair,2026-08-25 20:58:21.924496,budget,1,mobile
8413,tanvi.mehta.cec4dd,tanvi.mehta.cec4dd@trendlytics.io,Tanvi,Mehta,2026-08-17 20:58:21.924496,trendsetter,0,mobile
8414,sneha.sharma.5aa391,sneha.sharma.5aa391@trendlytics.io,Sneha,Sharma,2026-08-08 20:58:21.924496,trendsetter,0,mobile
8415,pooja.banerjee.f95607,pooja.banerjee.f95607@trendlytics.io,Pooja,Banerjee,2026-08-06 20:58:21.924496,occasional,0,mobile
8416,priya.kapoor.55c7d5,priya.kapoor.55c7d5@trendlytics.io,Priya,Kapoor,2026-08-02 20:58:21.924496,occasional,0,mobile
8417,kabir.sen.a10d8c,kabir.sen.a10d8c@trendlytics.io,Kabir,Sen,2026-08-24 20:58:21.924496,occasional,0,mobile
8418,aarav.patel.6f09ce,aarav.patel.6f09ce@trendlytics.io,Aarav,Patel,2026-08-06 20:58:21.924496,luxury,0,desktop
8419,tanvi.nair.15de4e,tanvi.nair.15de4e@trendlytics.io,Tanvi,Nair,2026-08-21 20:58:21.924496,budget,1,mobile
8420,karan.sen.e00d79,karan.sen.e00d79@trendlytics.io,Karan,Sen,2026-08-17 20:58:21.924496,occasional,1,mobile
8421,ananya.verma.2f377a,ananya.verma.2f377a@trendlytics.io,Ananya,Verma,2026-08-13 20:58:21.924496,luxury,0,desktop
8422,arjun.iyer.2be403,arjun.iyer.2be403@trendlytics.io,Arjun,Iyer,2026-08-05 20:58:21.924496,trendsetter,1,mobile
8423,arjun.mehta.97da04,arjun.mehta.97da04@trendlytics.io,Arjun,Mehta,2026-08-29 20:58:21.924496,occasional,0,mobile
8424,neha.reddy.1f298d,neha.reddy.1f298d@trendlytics.io,Neha,Reddy,2026-08-04 20:58:21.924496,occasional,0,mobile
8425,arjun.nair.8f1f2f,arjun.nair.8f1f2f@trendlytics.io,Arjun,Nair,2026-08-10 20:58:21.924496,luxury,1,mobile
8426,ananya.mehta.8e62b7,ananya.mehta.8e62b7@trendlytics.io,Ananya,Mehta,2026-08-10 20:58:21.924496,budget,0,mobile
8427,vikram.das.d68dda,vikram.das.d68dda@trendlytics.io,Vikram,Das,2026-08-26 20:58:21.924496,luxury,0,mobile
8428,priya.joshi.636e76,priya.joshi.636e76@trendlytics.io,Priya,Joshi,2026-08-06 20:58:21.924496,luxury,0,mobile
8429,karan.verma.aa0fc2,karan.verma.aa0fc2@trendlytics.io,Karan,Verma,2026-08-10 20:58:21.924496,luxury,1,desktop
8430,riya.reddy.9ff890,riya.reddy.9ff890@trendlytics.io,Riya,Reddy,2026-08-29 20:58:21.924496,budget,0,mobile
8431,pooja.reddy.8a698e,pooja.reddy.8a698e@trendlytics.io,Pooja,Reddy,2026-08-06 20:58:21.924496,occasional,0,desktop
8432,kabir.reddy.ee6000,kabir.reddy.ee6000@trendlytics.io,Kabir,Reddy,2026-08-13 20:58:21.924496,occasional,1,mobile
8433,karan.chopra.e4fefc,karan.chopra.e4fefc@trendlytics.io,Karan,Chopra,2026-08-11 20:58:21.924496,trendsetter,1,mobile
8434,rahul.iyer.945b38,rahul.iyer.945b38@trendlytics.io,Rahul,Iyer,2026-08-22 20:58:21.924496,budget,0,mobile
8435,rohan.singh.3930f7,rohan.singh.3930f7@trendlytics.io,Rohan,Singh,2026-08-03 20:58:21.924496,budget,0,desktop
8436,vikram.kapoor.17acbe,vikram.kapoor.17acbe@trendlytics.io,Vikram,Kapoor,2026-07-30 20:58:21.924496,occasional,1,mobile
8437,arjun.sharma.ead10e,arjun.sharma.ead10e@trendlytics.io,Arjun,Sharma,2026-08-27 20:58:21.924496,budget,0,desktop
8438,pooja.reddy.19e2a5,pooja.reddy.19e2a5@trendlytics.io,Pooja,Reddy,2026-08-07 20:58:21.924496,trendsetter,1,mobile
8439,riya.patel.aac6ad,riya.patel.aac6ad@trendlytics.io,Riya,Patel,2026-08-15 20:58:21.924496,trendsetter,0,desktop
8440,rahul.banerjee.683539,rahul.banerjee.683539@trendlytics.io,Rahul,Banerjee,2026-08-08 20:58:21.924496,budget,1,mobile
8441,pooja.patel.24ee5d,pooja.patel.24ee5d@trendlytics.io,Pooja,Patel,2026-08-13 20:58:21.924496,luxury,1,desktop
8442,vikram.kapoor.30f0d0,vikram.kapoor.30f0d0@trendlytics.io,Vikram,Kapoor,2026-08-27 20:58:21.924496,occasional,0,mobile
8443,kabir.patel.6974eb,kabir.patel.6974eb@trendlytics.io,Kabir,Patel,2026-08-27 20:58:21.924496,trendsetter,0,mobile
8444,karan.das.e6cf92,karan.das.e6cf92@trendlytics.io,Karan,Das,2026-08-26 20:58:21.924496,occasional,1,mobile
8445,pooja.nair.d0e9c1,pooja.nair.d0e9c1@trendlytics.io,Pooja,Nair,2026-08-05 20:58:21.924496,trendsetter,1,mobile
8446,meera.patel.a20f01,meera.patel.a20f01@trendlytics.io,Meera,Patel,2026-08-20 20:58:21.924496,luxury,1,mobile
8447,vikram.kapoor.47334e,vikram.kapoor.47334e@trendlytics.io,Vikram,Kapoor,2026-08-09 20:58:21.924496,luxury,1,mobile
8448,priya.das.af7e02,priya.das.af7e02@trendlytics.io,Priya,Das,2026-08-11 20:58:21.924496,budget,0,mobile
8449,vikram.reddy.6207bc,vikram.reddy.6207bc@trendlytics.io,Vikram,Reddy,2026-08-08 20:58:21.924496,occasional,1,mobile
8450,aditya.sen.1b9205,aditya.sen.1b9205@trendlytics.io,Aditya,Sen,2026-08-09 20:58:21.924496,luxury,0,mobile
8451,tanvi.iyer.14e000,tanvi.iyer.14e000@trendlytics.io,Tanvi,Iyer,2026-08-01 20:58:21.924496,luxury,0,mobile
8452,karan.sen.7d3e96,karan.sen.7d3e96@trendlytics.io,Karan,Sen,2026-08-27 20:58:21.924496,budget,0,mobile
8453,pooja.mehta.a26dbb,pooja.mehta.a26dbb@trendlytics.io,Pooja,Mehta,2026-08-28 20:58:21.924496,budget,0,mobile
8454,tanvi.gupta.975641,tanvi.gupta.975641@trendlytics.io,Tanvi,Gupta,2026-08-16 20:58:21.924496,luxury,1,mobile
8455,riya.das.226eb2,riya.das.226eb2@trendlytics.io,Riya,Das,2026-08-12 20:58:21.924496,budget,0,mobile
8456,sneha.chopra.63219c,sneha.chopra.63219c@trendlytics.io,Sneha,Chopra,2026-08-04 20:58:21.924496,luxury,1,desktop
8457,rohan.banerjee.bd1f58,rohan.banerjee.bd1f58@trendlytics.io,Rohan,Banerjee,2026-08-01 20:58:21.924496,occasional,0,mobile
8458,vikram.nair.00fd02,vikram.nair.00fd02@trendlytics.io,Vikram,Nair,2026-08-18 20:58:21.924496,trendsetter,0,desktop
8459,vikram.iyer.416473,vikram.iyer.416473@trendlytics.io,Vikram,Iyer,2026-08-05 20:58:21.924496,trendsetter,1,mobile
8460,rohan.patel.cb637a,rohan.patel.cb637a@trendlytics.io,Rohan,Patel,2026-08-09 20:58:21.924496,budget,0,mobile
8461,pooja.verma.3ceec6,pooja.verma.3ceec6@trendlytics.io,Pooja,Verma,2026-08-25 20:58:21.924496,luxury,0,mobile
8462,ananya.das.84dab0,ananya.das.84dab0@trendlytics.io,Ananya,Das,2026-08-17 20:58:21.924496,luxury,0,tablet
8463,arjun.mehta.f0afca,arjun.mehta.f0afca@trendlytics.io,Arjun,Mehta,2026-07-30 20:58:21.924496,budget,1,mobile
8464,aarav.reddy.4ecc5d,aarav.reddy.4ecc5d@trendlytics.io,Aarav,Reddy,2026-08-26 20:58:21.924496,trendsetter,1,mobile
8465,tanvi.iyer.a258c6,tanvi.iyer.a258c6@trendlytics.io,Tanvi,Iyer,2026-08-21 20:58:21.924496,trendsetter,0,desktop
8466,sneha.nair.0ac44a,sneha.nair.0ac44a@trendlytics.io,Sneha,Nair,2026-08-14 20:58:21.924496,budget,0,mobile
8467,priya.joshi.40967e,priya.joshi.40967e@trendlytics.io,Priya,Joshi,2026-08-18 20:58:21.924496,trendsetter,0,tablet
8468,rohan.mehta.6efd93,rohan.mehta.6efd93@trendlytics.io,Rohan,Mehta,2026-08-24 20:58:21.924496,luxury,0,mobile
8469,vikram.reddy.faae8e,vikram.reddy.faae8e@trendlytics.io,Vikram,Reddy,2026-08-23 20:58:21.924496,trendsetter,1,mobile
8470,karan.gupta.072740,karan.gupta.072740@trendlytics.io,Karan,Gupta,2026-08-07 20:58:21.924496,luxury,1,desktop
8471,aditya.chopra.e29461,aditya.chopra.e29461@trendlytics.io,Aditya,Chopra,2026-08-29 20:58:21.924496,luxury,1,desktop
8472,meera.das.566524,meera.das.566524@trendlytics.io,Meera,Das,2026-08-02 20:58:21.924496,occasional,0,desktop
8473,riya.nair.456690,riya.nair.456690@trendlytics.io,Riya,Nair,2026-08-17 20:58:21.924496,trendsetter,0,mobile
8474,karan.singh.7baab6,karan.singh.7baab6@trendlytics.io,Karan,Singh,2026-07-31 20:58:21.924496,trendsetter,0,mobile
8475,priya.reddy.f8f508,priya.reddy.f8f508@trendlytics.io,Priya,Reddy,2026-08-06 20:58:21.924496,trendsetter,0,mobile
8476,karan.patel.5c0f82,karan.patel.5c0f82@trendlytics.io,Karan,Patel,2026-08-15 20:58:21.924496,trendsetter,1,desktop
8477,aditya.chopra.7e5602,aditya.chopra.7e5602@trendlytics.io,Aditya,Chopra,2026-08-27 20:58:21.924496,occasional,1,desktop
8478,ananya.verma.41a629,ananya.verma.41a629@trendlytics.io,Ananya,Verma,2026-08-15 20:58:21.924496,trendsetter,0,mobile
8479,aditya.mehta.f37e32,aditya.mehta.f37e32@trendlytics.io,Aditya,Mehta,2026-08-22 20:58:21.924496,trendsetter,0,mobile
8480,arjun.gupta.ab26b3,arjun.gupta.ab26b3@trendlytics.io,Arjun,Gupta,2026-08-11 20:58:21.924496,budget,0,desktop
8481,rohan.verma.0ea641,rohan.verma.0ea641@trendlytics.io,Rohan,Verma,2026-08-17 20:58:21.924496,luxury,0,tablet
8482,pooja.singh.3b99c3,pooja.singh.3b99c3@trendlytics.io,Pooja,Singh,2026-07-30 20:58:21.924496,luxury,0,desktop
8483,rohan.gupta.4bdd22,rohan.gupta.4bdd22@trendlytics.io,Rohan,Gupta,2026-08-03 20:58:21.924496,trendsetter,0,mobile
8484,tanvi.sen.d6bfa6,tanvi.sen.d6bfa6@trendlytics.io,Tanvi,Sen,2026-08-18 20:58:21.924496,occasional,0,desktop
8485,meera.sharma.15794c,meera.sharma.15794c@trendlytics.io,Meera,Sharma,2026-08-20 20:58:21.924496,occasional,0,desktop
8486,pooja.das.585308,pooja.das.585308@trendlytics.io,Pooja,Das,2026-08-06 20:58:21.924496,trendsetter,0,desktop
8487,aditya.verma.a66ae1,aditya.verma.a66ae1@trendlytics.io,Aditya,Verma,2026-08-13 20:58:21.924496,trendsetter,0,mobile
8488,tanvi.reddy.319f25,tanvi.reddy.319f25@trendlytics.io,Tanvi,Reddy,2026-07-31 20:58:21.924496,occasional,0,mobile
8489,karan.chopra.06e9b9,karan.chopra.06e9b9@trendlytics.io,Karan,Chopra,2026-07-30 20:58:21.924496,trendsetter,0,mobile
8490,priya.verma.248195,priya.verma.248195@trendlytics.io,Priya,Verma,2026-08-17 20:58:21.924496,trendsetter,1,mobile
8491,vikram.sharma.ae06b5,vikram.sharma.ae06b5@trendlytics.io,Vikram,Sharma,2026-08-05 20:58:21.924496,luxury,1,mobile
8492,priya.gupta.8b277b,priya.gupta.8b277b@trendlytics.io,Priya,Gupta,2026-08-18 20:58:21.924496,trendsetter,0,desktop
8493,sneha.sen.ebd859,sneha.sen.ebd859@trendlytics.io,Sneha,Sen,2026-07-30 20:58:21.924496,budget,1,desktop
8494,priya.das.c65665,priya.das.c65665@trendlytics.io,Priya,Das,2026-08-18 20:58:21.924496,budget,0,mobile
8495,rahul.sen.9bab4a,rahul.sen.9bab4a@trendlytics.io,Rahul,Sen,2026-08-13 20:58:21.924496,luxury,0,desktop
8496,tanvi.sen.d77bbb,tanvi.sen.d77bbb@trendlytics.io,Tanvi,Sen,2026-08-01 20:58:21.924496,trendsetter,0,tablet
8497,arjun.chopra.c5fad1,arjun.chopra.c5fad1@trendlytics.io,Arjun,Chopra,2026-08-13 20:58:21.924496,luxury,0,desktop
8498,priya.reddy.40a0d6,priya.reddy.40a0d6@trendlytics.io,Priya,Reddy,2026-08-21 20:58:21.924496,luxury,1,mobile
8499,rahul.chopra.829eea,rahul.chopra.829eea@trendlytics.io,Rahul,Chopra,2026-07-31 20:58:21.924496,occasional,1,mobile
8500,meera.mehta.fb4fda,meera.mehta.fb4fda@trendlytics.io,Meera,Mehta,2026-08-13 20:58:21.924496,occasional,0,mobile
8501,vikram.kapoor.db65d0,vikram.kapoor.db65d0@trendlytics.io,Vikram,Kapoor,2026-08-25 20:58:21.924496,budget,1,desktop
8502,priya.das.f907c4,priya.das.f907c4@trendlytics.io,Priya,Das,2026-08-15 20:58:21.924496,trendsetter,1,desktop
8503,priya.patel.ae5cf0,priya.patel.ae5cf0@trendlytics.io,Priya,Patel,2026-08-02 20:58:21.924496,trendsetter,0,mobile
8504,rohan.iyer.197bef,rohan.iyer.197bef@trendlytics.io,Rohan,Iyer,2026-08-02 20:58:21.924496,luxury,1,mobile
8505,aditya.patel.756051,aditya.patel.756051@trendlytics.io,Aditya,Patel,2026-08-19 20:58:21.924496,trendsetter,1,mobile
8506,pooja.chopra.719645,pooja.chopra.719645@trendlytics.io,Pooja,Chopra,2026-08-24 20:58:21.924496,luxury,0,desktop
8507,arjun.sharma.7814f6,arjun.sharma.7814f6@trendlytics.io,Arjun,Sharma,2026-07-30 20:58:21.924496,luxury,1,desktop
8508,karan.mehta.3dba0b,karan.mehta.3dba0b@trendlytics.io,Karan,Mehta,2026-08-23 20:58:21.924496,luxury,1,mobile
8509,karan.banerjee.b9e832,karan.banerjee.b9e832@trendlytics.io,Karan,Banerjee,2026-08-03 20:58:21.924496,luxury,0,mobile
8510,ananya.chopra.048002,ananya.chopra.048002@trendlytics.io,Ananya,Chopra,2026-08-29 20:58:21.924496,budget,0,mobile
8511,karan.sharma.84e676,karan.sharma.84e676@trendlytics.io,Karan,Sharma,2026-08-02 20:58:21.924496,luxury,0,desktop
8512,neha.iyer.589440,neha.iyer.589440@trendlytics.io,Neha,Iyer,2026-08-04 20:58:21.924496,occasional,0,mobile
8513,aditya.das.89ddec,aditya.das.89ddec@trendlytics.io,Aditya,Das,2026-08-12 20:58:21.924496,luxury,0,desktop
8514,rohan.singh.7c24f8,rohan.singh.7c24f8@trendlytics.io,Rohan,Singh,2026-08-26 20:58:21.924496,occasional,0,mobile
8515,rohan.gupta.de4cfa,rohan.gupta.de4cfa@trendlytics.io,Rohan,Gupta,2026-08-06 20:58:21.924496,luxury,0,desktop
8516,rahul.verma.8baa9f,rahul.verma.8baa9f@trendlytics.io,Rahul,Verma,2026-08-26 20:58:21.924496,occasional,0,mobile
8517,meera.patel.0972d5,meera.patel.0972d5@trendlytics.io,Meera,Patel,2026-08-25 20:58:21.924496,luxury,1,mobile
8518,rohan.kapoor.ae26e8,rohan.kapoor.ae26e8@trendlytics.io,Rohan,Kapoor,2026-08-02 20:58:21.924496,luxury,1,desktop
8519,kabir.mehta.9dfe0f,kabir.mehta.9dfe0f@trendlytics.io,Kabir,Mehta,2026-08-21 20:58:21.924496,occasional,1,mobile
8520,kabir.verma.360ef3,kabir.verma.360ef3@trendlytics.io,Kabir,Verma,2026-08-26 20:58:21.924496,occasional,0,mobile
8521,kabir.das.815ef7,kabir.das.815ef7@trendlytics.io,Kabir,Das,2026-08-26 20:58:21.924496,trendsetter,0,mobile
8522,riya.sharma.c9db8f,riya.sharma.c9db8f@trendlytics.io,Riya,Sharma,2026-08-16 20:58:21.924496,luxury,0,mobile
8523,neha.gupta.0dd52c,neha.gupta.0dd52c@trendlytics.io,Neha,Gupta,2026-08-14 20:58:21.924496,occasional,1,mobile
8524,karan.singh.c37063,karan.singh.c37063@trendlytics.io,Karan,Singh,2026-08-23 20:58:21.924496,budget,0,mobile
8525,pooja.singh.669f04,pooja.singh.669f04@trendlytics.io,Pooja,Singh,2026-08-04 20:58:21.924496,budget,0,mobile
8526,arjun.kapoor.e3cef4,arjun.kapoor.e3cef4@trendlytics.io,Arjun,Kapoor,2026-08-17 20:58:21.924496,budget,0,mobile
8527,ananya.sharma.57130a,ananya.sharma.57130a@trendlytics.io,Ananya,Sharma,2026-08-20 20:58:21.924496,trendsetter,0,desktop
8528,arjun.patel.ef7aaa,arjun.patel.ef7aaa@trendlytics.io,Arjun,Patel,2026-08-17 20:58:21.924496,budget,0,mobile
8529,neha.verma.c4f862,neha.verma.c4f862@trendlytics.io,Neha,Verma,2026-08-14 20:58:21.924496,budget,0,tablet
8530,priya.sharma.ba9f8d,priya.sharma.ba9f8d@trendlytics.io,Priya,Sharma,2026-08-15 20:58:21.924496,occasional,0,mobile
8531,priya.sharma.54132d,priya.sharma.54132d@trendlytics.io,Priya,Sharma,2026-08-15 20:58:21.924496,budget,0,desktop
8532,meera.sen.91d6ce,meera.sen.91d6ce@trendlytics.io,Meera,Sen,2026-08-15 20:58:21.924496,trendsetter,0,mobile
8533,kabir.kapoor.26279a,kabir.kapoor.26279a@trendlytics.io,Kabir,Kapoor,2026-08-21 20:58:21.924496,occasional,0,mobile
8534,riya.mehta.1f4741,riya.mehta.1f4741@trendlytics.io,Riya,Mehta,2026-08-09 20:58:21.924496,budget,0,mobile
8535,tanvi.banerjee.30d186,tanvi.banerjee.30d186@trendlytics.io,Tanvi,Banerjee,2026-08-27 20:58:21.924496,trendsetter,1,desktop
8536,riya.iyer.dfcda6,riya.iyer.dfcda6@trendlytics.io,Riya,Iyer,2026-08-29 20:58:21.924496,occasional,1,desktop
8537,vikram.nair.a3d29d,vikram.nair.a3d29d@trendlytics.io,Vikram,Nair,2026-08-08 20:58:21.924496,budget,0,desktop
8538,sneha.patel.e95a00,sneha.patel.e95a00@trendlytics.io,Sneha,Patel,2026-08-16 20:58:21.924496,budget,1,mobile
8539,aditya.patel.867333,aditya.patel.867333@trendlytics.io,Aditya,Patel,2026-08-16 20:58:21.924496,budget,0,mobile
8540,priya.singh.b98acc,priya.singh.b98acc@trendlytics.io,Priya,Singh,2026-08-16 20:58:21.924496,budget,0,mobile
8541,rahul.nair.2eef0d,rahul.nair.2eef0d@trendlytics.io,Rahul,Nair,2026-08-08 20:58:21.924496,luxury,0,desktop
8542,rohan.kapoor.029855,rohan.kapoor.029855@trendlytics.io,Rohan,Kapoor,2026-08-09 20:58:21.924496,luxury,0,mobile
8543,kabir.sharma.6c9ccc,kabir.sharma.6c9ccc@trendlytics.io,Kabir,Sharma,2026-08-28 20:58:21.924496,luxury,1,mobile
8544,aarav.patel.30a581,aarav.patel.30a581@trendlytics.io,Aarav,Patel,2026-08-19 20:58:21.924496,luxury,1,mobile
8545,sneha.banerjee.0022c8,sneha.banerjee.0022c8@trendlytics.io,Sneha,Banerjee,2026-08-13 20:58:21.924496,budget,0,desktop
8546,meera.chopra.2f794e,meera.chopra.2f794e@trendlytics.io,Meera,Chopra,2026-08-13 20:58:21.924496,budget,0,desktop
8547,vikram.mehta.994b80,vikram.mehta.994b80@trendlytics.io,Vikram,Mehta,2026-08-09 20:58:21.924496,occasional,0,mobile
8548,sneha.verma.57770a,sneha.verma.57770a@trendlytics.io,Sneha,Verma,2026-08-28 20:58:21.924496,luxury,1,mobile
8549,rohan.sharma.e74f7e,rohan.sharma.e74f7e@trendlytics.io,Rohan,Sharma,2026-08-07 20:58:21.924496,occasional,1,mobile
8550,priya.patel.b87fe6,priya.patel.b87fe6@trendlytics.io,Priya,Patel,2026-08-12 20:58:21.924496,trendsetter,0,mobile
8551,rohan.mehta.baf783,rohan.mehta.baf783@trendlytics.io,Rohan,Mehta,2026-08-23 20:58:21.924496,trendsetter,1,tablet
8552,riya.iyer.d217dd,riya.iyer.d217dd@trendlytics.io,Riya,Iyer,2026-08-03 20:58:21.924496,luxury,1,mobile
8553,sneha.banerjee.73db59,sneha.banerjee.73db59@trendlytics.io,Sneha,Banerjee,2026-08-25 20:58:21.924496,occasional,0,mobile
8554,tanvi.nair.832b7e,tanvi.nair.832b7e@trendlytics.io,Tanvi,Nair,2026-08-05 20:58:21.924496,budget,1,desktop
8555,priya.mehta.18dd8b,priya.mehta.18dd8b@trendlytics.io,Priya,Mehta,2026-08-29 20:58:21.924496,occasional,0,mobile
8556,karan.kapoor.56ef42,karan.kapoor.56ef42@trendlytics.io,Karan,Kapoor,2026-08-04 20:58:21.924496,luxury,0,mobile
8557,vikram.verma.8068ca,vikram.verma.8068ca@trendlytics.io,Vikram,Verma,2026-08-11 20:58:21.924496,occasional,1,desktop
8558,aarav.mehta.31a8c0,aarav.mehta.31a8c0@trendlytics.io,Aarav,Mehta,2026-08-26 20:58:21.924496,budget,0,mobile
8559,pooja.sharma.52a094,pooja.sharma.52a094@trendlytics.io,Pooja,Sharma,2026-08-25 20:58:21.924496,luxury,0,mobile
8560,aditya.mehta.ea8dc7,aditya.mehta.ea8dc7@trendlytics.io,Aditya,Mehta,2026-08-09 20:58:21.924496,luxury,1,desktop
8561,rohan.iyer.38c933,rohan.iyer.38c933@trendlytics.io,Rohan,Iyer,2026-08-25 20:58:21.924496,luxury,1,mobile
8562,tanvi.das.361e2f,tanvi.das.361e2f@trendlytics.io,Tanvi,Das,2026-08-03 20:58:21.924496,occasional,1,tablet
8563,karan.chopra.d4c959,karan.chopra.d4c959@trendlytics.io,Karan,Chopra,2026-08-01 20:58:21.924496,trendsetter,1,desktop
8564,priya.sen.6870f6,priya.sen.6870f6@trendlytics.io,Priya,Sen,2026-08-27 20:58:21.924496,occasional,0,mobile
8565,aditya.patel.6d139a,aditya.patel.6d139a@trendlytics.io,Aditya,Patel,2026-08-07 20:58:21.924496,occasional,1,mobile
8566,arjun.sharma.61b093,arjun.sharma.61b093@trendlytics.io,Arjun,Sharma,2026-08-16 20:58:21.924496,occasional,1,tablet
8567,rahul.mehta.07a9c1,rahul.mehta.07a9c1@trendlytics.io,Rahul,Mehta,2026-08-15 20:58:21.924496,luxury,1,mobile
8568,aditya.nair.3b3861,aditya.nair.3b3861@trendlytics.io,Aditya,Nair,2026-07-30 20:58:21.924496,occasional,1,tablet
8569,sneha.das.856c73,sneha.das.856c73@trendlytics.io,Sneha,Das,2026-08-25 20:58:21.924496,budget,0,mobile
8570,riya.mehta.87bc55,riya.mehta.87bc55@trendlytics.io,Riya,Mehta,2026-08-24 20:58:21.924496,occasional,1,tablet
8571,rahul.sharma.e3d7b5,rahul.sharma.e3d7b5@trendlytics.io,Rahul,Sharma,2026-08-08 20:58:21.924496,trendsetter,1,mobile
8572,rahul.iyer.b388ed,rahul.iyer.b388ed@trendlytics.io,Rahul,Iyer,2026-08-23 20:58:21.924496,occasional,0,mobile
8573,arjun.chopra.c707d3,arjun.chopra.c707d3@trendlytics.io,Arjun,Chopra,2026-08-14 20:58:21.924496,budget,0,mobile
8574,rohan.mehta.c423e0,rohan.mehta.c423e0@trendlytics.io,Rohan,Mehta,2026-08-03 20:58:21.924496,occasional,1,desktop
8575,sneha.gupta.fd954f,sneha.gupta.fd954f@trendlytics.io,Sneha,Gupta,2026-08-08 20:58:21.924496,trendsetter,1,desktop
8576,arjun.patel.3b4948,arjun.patel.3b4948@trendlytics.io,Arjun,Patel,2026-07-31 20:58:21.924496,budget,0,desktop
8577,rohan.kapoor.246705,rohan.kapoor.246705@trendlytics.io,Rohan,Kapoor,2026-08-13 20:58:21.924496,occasional,1,mobile
8578,aarav.mehta.9fde17,aarav.mehta.9fde17@trendlytics.io,Aarav,Mehta,2026-08-14 20:58:21.924496,occasional,1,desktop
8579,meera.kapoor.23ac9d,meera.kapoor.23ac9d@trendlytics.io,Meera,Kapoor,2026-08-13 20:58:21.924496,occasional,0,mobile
8580,rohan.kapoor.e9ac33,rohan.kapoor.e9ac33@trendlytics.io,Rohan,Kapoor,2026-08-23 20:58:21.924496,occasional,1,mobile
8581,priya.nair.5d9b36,priya.nair.5d9b36@trendlytics.io,Priya,Nair,2026-08-21 20:58:21.924496,luxury,1,mobile
8582,riya.sharma.95436f,riya.sharma.95436f@trendlytics.io,Riya,Sharma,2026-07-30 20:58:21.924496,budget,0,mobile
8583,rahul.joshi.4b6973,rahul.joshi.4b6973@trendlytics.io,Rahul,Joshi,2026-08-25 20:58:21.924496,trendsetter,0,mobile
8584,aditya.iyer.06a2ef,aditya.iyer.06a2ef@trendlytics.io,Aditya,Iyer,2026-08-17 20:58:21.924496,occasional,1,desktop
8585,sneha.iyer.b49c15,sneha.iyer.b49c15@trendlytics.io,Sneha,Iyer,2026-08-18 20:58:21.924496,occasional,0,mobile
8586,riya.gupta.b5cac0,riya.gupta.b5cac0@trendlytics.io,Riya,Gupta,2026-08-03 20:58:21.924496,budget,1,desktop
8587,arjun.nair.248f7a,arjun.nair.248f7a@trendlytics.io,Arjun,Nair,2026-08-24 20:58:21.924496,occasional,0,mobile
8588,aditya.nair.90829d,aditya.nair.90829d@trendlytics.io,Aditya,Nair,2026-08-29 20:58:21.924496,trendsetter,0,mobile
8589,arjun.das.cfe464,arjun.das.cfe464@trendlytics.io,Arjun,Das,2026-08-17 20:58:21.924496,luxury,0,mobile
8590,neha.gupta.a4e351,neha.gupta.a4e351@trendlytics.io,Neha,Gupta,2026-08-28 20:58:21.924496,occasional,0,desktop
8591,arjun.joshi.cbbea5,arjun.joshi.cbbea5@trendlytics.io,Arjun,Joshi,2026-08-16 20:58:21.924496,budget,1,desktop
8592,priya.kapoor.453862,priya.kapoor.453862@trendlytics.io,Priya,Kapoor,2026-08-17 20:58:21.924496,trendsetter,0,desktop
8593,aarav.nair.d8d843,aarav.nair.d8d843@trendlytics.io,Aarav,Nair,2026-08-20 20:58:21.924496,trendsetter,1,tablet
8594,tanvi.joshi.3e65dd,tanvi.joshi.3e65dd@trendlytics.io,Tanvi,Joshi,2026-08-21 20:58:21.924496,luxury,0,mobile
8595,sneha.das.dcacaf,sneha.das.dcacaf@trendlytics.io,Sneha,Das,2026-08-11 20:58:21.924496,occasional,0,mobile
8596,rohan.singh.68e2ec,rohan.singh.68e2ec@trendlytics.io,Rohan,Singh,2026-08-03 20:58:21.924496,budget,0,mobile
8597,arjun.patel.ca362e,arjun.patel.ca362e@trendlytics.io,Arjun,Patel,2026-07-30 20:58:21.924496,luxury,0,mobile
8598,ananya.das.58f03d,ananya.das.58f03d@trendlytics.io,Ananya,Das,2026-08-16 20:58:21.924496,luxury,0,mobile
8599,neha.joshi.d2f34d,neha.joshi.d2f34d@trendlytics.io,Neha,Joshi,2026-07-30 20:58:21.924496,budget,1,mobile
8600,aarav.patel.6562d8,aarav.patel.6562d8@trendlytics.io,Aarav,Patel,2026-08-05 20:58:21.924496,trendsetter,1,mobile
8601,arjun.sharma.af2ace,arjun.sharma.af2ace@trendlytics.io,Arjun,Sharma,2026-08-13 20:58:21.924496,luxury,1,mobile
8602,riya.das.aaa246,riya.das.aaa246@trendlytics.io,Riya,Das,2026-08-19 20:58:21.924496,trendsetter,0,mobile
8603,kabir.das.c6e94c,kabir.das.c6e94c@trendlytics.io,Kabir,Das,2026-08-02 20:58:21.924496,trendsetter,0,desktop
8604,tanvi.verma.014920,tanvi.verma.014920@trendlytics.io,Tanvi,Verma,2026-08-17 20:58:21.924496,occasional,1,mobile
8605,pooja.kapoor.2e8a3c,pooja.kapoor.2e8a3c@trendlytics.io,Pooja,Kapoor,2026-08-19 20:58:21.924496,trendsetter,0,mobile
8606,ananya.singh.ac3176,ananya.singh.ac3176@trendlytics.io,Ananya,Singh,2026-08-15 20:58:21.924496,luxury,0,tablet
8607,aarav.verma.d66c62,aarav.verma.d66c62@trendlytics.io,Aarav,Verma,2026-08-09 20:58:21.924496,luxury,0,mobile
8608,karan.reddy.bd4fd4,karan.reddy.bd4fd4@trendlytics.io,Karan,Reddy,2026-08-20 20:58:21.924496,budget,0,mobile
8609,vikram.joshi.17e74d,vikram.joshi.17e74d@trendlytics.io,Vikram,Joshi,2026-08-23 20:58:21.924496,occasional,0,desktop
8610,tanvi.joshi.8054b5,tanvi.joshi.8054b5@trendlytics.io,Tanvi,Joshi,2026-08-24 20:58:21.924496,trendsetter,0,mobile
8611,aditya.gupta.b27420,aditya.gupta.b27420@trendlytics.io,Aditya,Gupta,2026-08-08 20:58:21.924496,luxury,0,mobile
8612,riya.kapoor.e80525,riya.kapoor.e80525@trendlytics.io,Riya,Kapoor,2026-08-09 20:58:21.924496,luxury,0,desktop
8613,aarav.sharma.dbe04b,aarav.sharma.dbe04b@trendlytics.io,Aarav,Sharma,2026-08-02 20:58:21.924496,luxury,0,mobile
8614,neha.kapoor.3c839b,neha.kapoor.3c839b@trendlytics.io,Neha,Kapoor,2026-08-10 20:58:21.924496,trendsetter,0,mobile
8615,rohan.sharma.cdf298,rohan.sharma.cdf298@trendlytics.io,Rohan,Sharma,2026-08-06 20:58:21.924496,trendsetter,0,mobile
8616,riya.nair.b79974,riya.nair.b79974@trendlytics.io,Riya,Nair,2026-08-28 20:58:21.924496,occasional,1,mobile
8617,pooja.chopra.86d681,pooja.chopra.86d681@trendlytics.io,Pooja,Chopra,2026-08-20 20:58:21.924496,budget,0,mobile
8618,aditya.sharma.aa31a6,aditya.sharma.aa31a6@trendlytics.io,Aditya,Sharma,2026-08-13 20:58:21.924496,trendsetter,1,mobile
8619,meera.reddy.565d6d,meera.reddy.565d6d@trendlytics.io,Meera,Reddy,2026-08-06 20:58:21.924496,occasional,0,mobile
8620,ananya.banerjee.445903,ananya.banerjee.445903@trendlytics.io,Ananya,Banerjee,2026-08-02 20:58:21.924496,budget,0,desktop
8621,aditya.nair.92906a,aditya.nair.92906a@trendlytics.io,Aditya,Nair,2026-08-14 20:58:21.924496,occasional,1,mobile
8622,sneha.reddy.253e07,sneha.reddy.253e07@trendlytics.io,Sneha,Reddy,2026-08-17 20:58:21.924496,budget,1,desktop
8623,vikram.reddy.1c3363,vikram.reddy.1c3363@trendlytics.io,Vikram,Reddy,2026-08-28 20:58:21.924496,occasional,0,mobile
8624,ananya.iyer.ae8460,ananya.iyer.ae8460@trendlytics.io,Ananya,Iyer,2026-08-20 20:58:21.924496,occasional,1,mobile
8625,riya.joshi.67d034,riya.joshi.67d034@trendlytics.io,Riya,Joshi,2026-08-02 20:58:21.924496,occasional,1,desktop
8626,rahul.das.21472d,rahul.das.21472d@trendlytics.io,Rahul,Das,2026-08-06 20:58:21.924496,budget,0,desktop
8627,aditya.joshi.a2993d,aditya.joshi.a2993d@trendlytics.io,Aditya,Joshi,2026-08-15 20:58:21.924496,trendsetter,0,mobile
8628,priya.chopra.c5d9ee,priya.chopra.c5d9ee@trendlytics.io,Priya,Chopra,2026-08-24 20:58:21.924496,budget,0,desktop
8629,tanvi.sharma.c0a367,tanvi.sharma.c0a367@trendlytics.io,Tanvi,Sharma,2026-08-12 20:58:21.924496,luxury,1,desktop
8630,neha.reddy.10d662,neha.reddy.10d662@trendlytics.io,Neha,Reddy,2026-08-15 20:58:21.924496,occasional,1,mobile
8631,tanvi.iyer.d29f4d,tanvi.iyer.d29f4d@trendlytics.io,Tanvi,Iyer,2026-08-16 20:58:21.924496,occasional,0,mobile
8632,ananya.reddy.bc5a16,ananya.reddy.bc5a16@trendlytics.io,Ananya,Reddy,2026-07-30 20:58:21.924496,budget,0,mobile
8633,pooja.patel.fe3960,pooja.patel.fe3960@trendlytics.io,Pooja,Patel,2026-07-30 20:58:21.924496,trendsetter,0,mobile
8634,tanvi.verma.e1e2f2,tanvi.verma.e1e2f2@trendlytics.io,Tanvi,Verma,2026-08-15 20:58:21.924496,occasional,1,desktop
8635,aditya.das.2a6c43,aditya.das.2a6c43@trendlytics.io,Aditya,Das,2026-08-09 20:58:21.924496,luxury,0,mobile
8636,priya.reddy.1a47c3,priya.reddy.1a47c3@trendlytics.io,Priya,Reddy,2026-08-17 20:58:21.924496,occasional,1,desktop
8637,aditya.joshi.450c0f,aditya.joshi.450c0f@trendlytics.io,Aditya,Joshi,2026-08-22 20:58:21.924496,budget,1,mobile
8638,rohan.iyer.993059,rohan.iyer.993059@trendlytics.io,Rohan,Iyer,2026-08-27 20:58:21.924496,luxury,0,mobile
8639,priya.nair.ca097d,priya.nair.ca097d@trendlytics.io,Priya,Nair,2026-08-20 20:58:21.924496,occasional,1,desktop
8640,arjun.sharma.d4a5d9,arjun.sharma.d4a5d9@trendlytics.io,Arjun,Sharma,2026-08-01 20:58:21.924496,occasional,0,mobile
8641,aditya.nair.4b68f5,aditya.nair.4b68f5@trendlytics.io,Aditya,Nair,2026-08-27 20:58:21.924496,trendsetter,1,desktop
8642,kabir.mehta.08d44c,kabir.mehta.08d44c@trendlytics.io,Kabir,Mehta,2026-08-02 20:58:21.924496,budget,1,mobile
8643,aarav.joshi.8e98b5,aarav.joshi.8e98b5@trendlytics.io,Aarav,Joshi,2026-08-20 20:58:21.924496,budget,1,mobile
8644,priya.joshi.c76f64,priya.joshi.c76f64@trendlytics.io,Priya,Joshi,2026-08-18 20:58:21.924496,budget,0,mobile
8645,riya.mehta.823cec,riya.mehta.823cec@trendlytics.io,Riya,Mehta,2026-08-11 20:58:21.924496,occasional,1,mobile
8646,ananya.reddy.1e07a1,ananya.reddy.1e07a1@trendlytics.io,Ananya,Reddy,2026-08-24 20:58:21.924496,luxury,0,mobile
8647,vikram.reddy.9fb1c3,vikram.reddy.9fb1c3@trendlytics.io,Vikram,Reddy,2026-08-24 20:58:21.924496,occasional,1,mobile
8648,ananya.sen.63ea79,ananya.sen.63ea79@trendlytics.io,Ananya,Sen,2026-08-28 20:58:21.924496,occasional,1,desktop
8649,neha.nair.1b8467,neha.nair.1b8467@trendlytics.io,Neha,Nair,2026-08-23 20:58:21.924496,budget,0,mobile
8650,kabir.sen.dbeb32,kabir.sen.dbeb32@trendlytics.io,Kabir,Sen,2026-08-29 20:58:21.924496,budget,1,mobile
8651,vikram.chopra.b861e0,vikram.chopra.b861e0@trendlytics.io,Vikram,Chopra,2026-08-23 20:58:21.924496,trendsetter,0,mobile
8652,karan.chopra.06ad15,karan.chopra.06ad15@trendlytics.io,Karan,Chopra,2026-07-31 20:58:21.924496,luxury,0,mobile
8653,vikram.nair.bce12b,vikram.nair.bce12b@trendlytics.io,Vikram,Nair,2026-08-18 20:58:21.924496,luxury,0,tablet
8654,neha.patel.7c97f8,neha.patel.7c97f8@trendlytics.io,Neha,Patel,2026-08-10 20:58:21.924496,luxury,1,mobile
8655,karan.gupta.13fd33,karan.gupta.13fd33@trendlytics.io,Karan,Gupta,2026-08-04 20:58:21.924496,budget,0,mobile
8656,arjun.mehta.031c4c,arjun.mehta.031c4c@trendlytics.io,Arjun,Mehta,2026-08-09 20:58:21.924496,luxury,0,desktop
8657,riya.chopra.8deeaa,riya.chopra.8deeaa@trendlytics.io,Riya,Chopra,2026-08-10 20:58:21.924496,budget,0,desktop
8658,ananya.joshi.c50114,ananya.joshi.c50114@trendlytics.io,Ananya,Joshi,2026-08-27 20:58:21.924496,occasional,1,mobile
8659,rahul.nair.94ae15,rahul.nair.94ae15@trendlytics.io,Rahul,Nair,2026-08-19 20:58:21.924496,luxury,1,desktop
8660,rohan.reddy.94f2a9,rohan.reddy.94f2a9@trendlytics.io,Rohan,Reddy,2026-08-11 20:58:21.924496,trendsetter,1,desktop
8661,pooja.patel.42148c,pooja.patel.42148c@trendlytics.io,Pooja,Patel,2026-08-05 20:58:21.924496,luxury,0,mobile
8662,pooja.reddy.54c612,pooja.reddy.54c612@trendlytics.io,Pooja,Reddy,2026-08-03 20:58:21.924496,luxury,0,desktop
8663,karan.sharma.860f3b,karan.sharma.860f3b@trendlytics.io,Karan,Sharma,2026-08-06 20:58:21.924496,budget,1,mobile
8664,rohan.singh.d86e10,rohan.singh.d86e10@trendlytics.io,Rohan,Singh,2026-08-19 20:58:21.924496,budget,0,desktop
8665,karan.joshi.6bb02b,karan.joshi.6bb02b@trendlytics.io,Karan,Joshi,2026-08-08 20:58:21.924496,occasional,0,mobile
8666,aditya.sharma.b27843,aditya.sharma.b27843@trendlytics.io,Aditya,Sharma,2026-08-17 20:58:21.924496,trendsetter,0,mobile
8667,tanvi.banerjee.75c846,tanvi.banerjee.75c846@trendlytics.io,Tanvi,Banerjee,2026-08-28 20:58:21.924496,luxury,1,mobile
8668,neha.reddy.077864,neha.reddy.077864@trendlytics.io,Neha,Reddy,2026-08-07 20:58:21.924496,occasional,0,mobile
8669,pooja.patel.ee34e5,pooja.patel.ee34e5@trendlytics.io,Pooja,Patel,2026-08-18 20:58:21.924496,occasional,0,mobile
8670,sneha.iyer.413182,sneha.iyer.413182@trendlytics.io,Sneha,Iyer,2026-08-06 20:58:21.924496,trendsetter,1,mobile
8671,vikram.gupta.fa038b,vikram.gupta.fa038b@trendlytics.io,Vikram,Gupta,2026-08-05 20:58:21.924496,trendsetter,0,desktop
8672,aditya.joshi.f70e51,aditya.joshi.f70e51@trendlytics.io,Aditya,Joshi,2026-08-03 20:58:21.924496,occasional,1,mobile
8673,meera.joshi.fdb9ff,meera.joshi.fdb9ff@trendlytics.io,Meera,Joshi,2026-08-09 20:58:21.924496,occasional,1,mobile
8674,karan.sharma.f0ec3b,karan.sharma.f0ec3b@trendlytics.io,Karan,Sharma,2026-08-02 20:58:21.924496,luxury,0,mobile
8675,priya.nair.b0172c,priya.nair.b0172c@trendlytics.io,Priya,Nair,2026-08-18 20:58:21.924496,budget,0,mobile
8676,aarav.sharma.231129,aarav.sharma.231129@trendlytics.io,Aarav,Sharma,2026-08-24 20:58:21.924496,trendsetter,0,desktop
8677,aarav.reddy.bb71aa,aarav.reddy.bb71aa@trendlytics.io,Aarav,Reddy,2026-07-30 20:58:21.924496,budget,0,mobile
8678,riya.sen.262001,riya.sen.262001@trendlytics.io,Riya,Sen,2026-07-31 20:58:21.924496,luxury,0,mobile
8679,riya.sen.58f5da,riya.sen.58f5da@trendlytics.io,Riya,Sen,2026-08-13 20:58:21.924496,luxury,1,mobile
8680,priya.reddy.7beafe,priya.reddy.7beafe@trendlytics.io,Priya,Reddy,2026-07-31 20:58:21.924496,budget,0,mobile
8681,kabir.patel.e77a45,kabir.patel.e77a45@trendlytics.io,Kabir,Patel,2026-07-30 20:58:21.924496,luxury,0,mobile
8682,rohan.kapoor.f859e7,rohan.kapoor.f859e7@trendlytics.io,Rohan,Kapoor,2026-08-27 20:58:21.924496,occasional,0,mobile
8683,karan.chopra.907dbd,karan.chopra.907dbd@trendlytics.io,Karan,Chopra,2026-08-24 20:58:21.924496,budget,0,mobile
8684,aarav.sharma.4155bf,aarav.sharma.4155bf@trendlytics.io,Aarav,Sharma,2026-07-30 20:58:21.924496,luxury,0,desktop
8685,rahul.sharma.592d4b,rahul.sharma.592d4b@trendlytics.io,Rahul,Sharma,2026-08-12 20:58:21.924496,budget,0,desktop
8686,aditya.verma.afc6d6,aditya.verma.afc6d6@trendlytics.io,Aditya,Verma,2026-08-24 20:58:21.924496,trendsetter,0,mobile
8687,karan.sen.c11e0e,karan.sen.c11e0e@trendlytics.io,Karan,Sen,2026-08-13 20:58:21.924496,occasional,0,desktop
8688,sneha.verma.13b75c,sneha.verma.13b75c@trendlytics.io,Sneha,Verma,2026-08-05 20:58:21.924496,occasional,0,mobile
8689,arjun.patel.32fcca,arjun.patel.32fcca@trendlytics.io,Arjun,Patel,2026-08-19 20:58:21.924496,occasional,0,desktop
8690,neha.sharma.d705a5,neha.sharma.d705a5@trendlytics.io,Neha,Sharma,2026-08-27 20:58:21.924496,occasional,0,mobile
8691,ananya.iyer.00941d,ananya.iyer.00941d@trendlytics.io,Ananya,Iyer,2026-08-24 20:58:21.924496,luxury,0,desktop
8692,priya.banerjee.22f453,priya.banerjee.22f453@trendlytics.io,Priya,Banerjee,2026-08-18 20:58:21.924496,luxury,0,mobile
8693,arjun.gupta.c67df2,arjun.gupta.c67df2@trendlytics.io,Arjun,Gupta,2026-08-09 20:58:21.924496,luxury,0,desktop
8694,neha.reddy.ae81fb,neha.reddy.ae81fb@trendlytics.io,Neha,Reddy,2026-08-20 20:58:21.924496,budget,0,mobile
8695,ananya.gupta.4e9a18,ananya.gupta.4e9a18@trendlytics.io,Ananya,Gupta,2026-08-02 20:58:21.924496,luxury,0,desktop
8696,vikram.banerjee.14f674,vikram.banerjee.14f674@trendlytics.io,Vikram,Banerjee,2026-08-27 20:58:21.924496,budget,0,tablet
8697,sneha.mehta.c4d425,sneha.mehta.c4d425@trendlytics.io,Sneha,Mehta,2026-08-03 20:58:21.924496,luxury,0,mobile
8698,arjun.das.f3622b,arjun.das.f3622b@trendlytics.io,Arjun,Das,2026-08-21 20:58:21.924496,luxury,0,mobile
8699,kabir.singh.380875,kabir.singh.380875@trendlytics.io,Kabir,Singh,2026-08-12 20:58:21.924496,luxury,0,mobile
8700,aarav.chopra.69b4d4,aarav.chopra.69b4d4@trendlytics.io,Aarav,Chopra,2026-08-05 20:58:21.924496,trendsetter,1,mobile
8701,ananya.das.b93353,ananya.das.b93353@trendlytics.io,Ananya,Das,2026-08-05 20:58:21.924496,trendsetter,0,mobile
8702,neha.chopra.4dcc21,neha.chopra.4dcc21@trendlytics.io,Neha,Chopra,2026-08-04 20:58:21.924496,trendsetter,1,tablet
8703,sneha.gupta.c51e22,sneha.gupta.c51e22@trendlytics.io,Sneha,Gupta,2026-08-17 20:58:21.924496,trendsetter,0,mobile
8704,aarav.banerjee.7bae16,aarav.banerjee.7bae16@trendlytics.io,Aarav,Banerjee,2026-08-13 20:58:21.924496,occasional,1,mobile
8705,vikram.banerjee.2276a4,vikram.banerjee.2276a4@trendlytics.io,Vikram,Banerjee,2026-08-17 20:58:21.924496,luxury,0,mobile
8706,arjun.reddy.ddb3bf,arjun.reddy.ddb3bf@trendlytics.io,Arjun,Reddy,2026-08-17 20:58:21.924496,occasional,1,mobile
8707,meera.banerjee.2f6791,meera.banerjee.2f6791@trendlytics.io,Meera,Banerjee,2026-08-02 20:58:21.924496,luxury,0,mobile
8708,ananya.iyer.0cbc1f,ananya.iyer.0cbc1f@trendlytics.io,Ananya,Iyer,2026-08-01 20:58:21.924496,trendsetter,1,mobile
8709,vikram.das.e4816f,vikram.das.e4816f@trendlytics.io,Vikram,Das,2026-08-06 20:58:21.924496,trendsetter,1,mobile
8710,priya.singh.34acb2,priya.singh.34acb2@trendlytics.io,Priya,Singh,2026-08-16 20:58:21.924496,trendsetter,0,mobile
8711,karan.patel.ccc065,karan.patel.ccc065@trendlytics.io,Karan,Patel,2026-08-09 20:58:21.924496,occasional,1,mobile
8712,pooja.gupta.8142a1,pooja.gupta.8142a1@trendlytics.io,Pooja,Gupta,2026-08-20 20:58:21.924496,occasional,1,desktop
8713,vikram.iyer.45c684,vikram.iyer.45c684@trendlytics.io,Vikram,Iyer,2026-07-30 20:58:21.924496,budget,1,mobile
8714,ananya.mehta.9226b0,ananya.mehta.9226b0@trendlytics.io,Ananya,Mehta,2026-08-22 20:58:21.924496,occasional,0,desktop
8715,meera.patel.b60a86,meera.patel.b60a86@trendlytics.io,Meera,Patel,2026-08-26 20:58:21.924496,budget,0,mobile
8716,aditya.mehta.4f30a8,aditya.mehta.4f30a8@trendlytics.io,Aditya,Mehta,2026-08-24 20:58:21.924496,luxury,1,mobile
8717,aarav.verma.4337b1,aarav.verma.4337b1@trendlytics.io,Aarav,Verma,2026-07-30 20:58:21.924496,budget,1,mobile
8718,ananya.singh.5e7072,ananya.singh.5e7072@trendlytics.io,Ananya,Singh,2026-08-14 20:58:21.924496,occasional,0,mobile
8719,neha.banerjee.315350,neha.banerjee.315350@trendlytics.io,Neha,Banerjee,2026-08-08 20:58:21.924496,trendsetter,0,mobile
8720,meera.gupta.480c78,meera.gupta.480c78@trendlytics.io,Meera,Gupta,2026-08-07 20:58:21.924496,budget,1,mobile
8721,tanvi.sen.72a766,tanvi.sen.72a766@trendlytics.io,Tanvi,Sen,2026-08-29 20:58:21.924496,luxury,1,desktop
8722,rahul.gupta.9cdb7a,rahul.gupta.9cdb7a@trendlytics.io,Rahul,Gupta,2026-08-01 20:58:21.924496,occasional,1,mobile
8723,sneha.singh.bd1777,sneha.singh.bd1777@trendlytics.io,Sneha,Singh,2026-08-08 20:58:21.924496,luxury,1,mobile
8724,neha.reddy.a50d7f,neha.reddy.a50d7f@trendlytics.io,Neha,Reddy,2026-07-30 20:58:21.924496,trendsetter,0,mobile
8725,priya.kapoor.b4e391,priya.kapoor.b4e391@trendlytics.io,Priya,Kapoor,2026-08-20 20:58:21.924496,trendsetter,1,mobile
8726,ananya.sharma.43f3f9,ananya.sharma.43f3f9@trendlytics.io,Ananya,Sharma,2026-08-26 20:58:21.924496,trendsetter,0,mobile
8727,pooja.reddy.c64aee,pooja.reddy.c64aee@trendlytics.io,Pooja,Reddy,2026-08-05 20:58:21.924496,luxury,0,mobile
8728,meera.patel.21fdbb,meera.patel.21fdbb@trendlytics.io,Meera,Patel,2026-08-19 20:58:21.924496,trendsetter,0,mobile
8729,sneha.gupta.8ee366,sneha.gupta.8ee366@trendlytics.io,Sneha,Gupta,2026-08-25 20:58:21.924496,occasional,0,mobile
8730,pooja.das.b046a6,pooja.das.b046a6@trendlytics.io,Pooja,Das,2026-08-05 20:58:21.924496,trendsetter,0,mobile
8731,pooja.iyer.c0773a,pooja.iyer.c0773a@trendlytics.io,Pooja,Iyer,2026-08-02 20:58:21.924496,trendsetter,1,mobile
8732,sneha.patel.8cf9fe,sneha.patel.8cf9fe@trendlytics.io,Sneha,Patel,2026-08-24 20:58:21.924496,budget,1,desktop
8733,sneha.das.99282a,sneha.das.99282a@trendlytics.io,Sneha,Das,2026-08-02 20:58:21.924496,occasional,0,mobile
8734,meera.das.ca7803,meera.das.ca7803@trendlytics.io,Meera,Das,2026-08-03 20:58:21.924496,trendsetter,1,desktop
8735,sneha.joshi.8bca3f,sneha.joshi.8bca3f@trendlytics.io,Sneha,Joshi,2026-08-08 20:58:21.924496,occasional,1,mobile
8736,priya.kapoor.944166,priya.kapoor.944166@trendlytics.io,Priya,Kapoor,2026-08-16 20:58:21.924496,trendsetter,0,mobile
8737,sneha.banerjee.15bc24,sneha.banerjee.15bc24@trendlytics.io,Sneha,Banerjee,2026-08-27 20:58:21.924496,luxury,1,desktop
8738,rohan.patel.c77b68,rohan.patel.c77b68@trendlytics.io,Rohan,Patel,2026-08-15 20:58:21.924496,luxury,0,desktop
8739,sneha.iyer.6cac53,sneha.iyer.6cac53@trendlytics.io,Sneha,Iyer,2026-08-11 20:58:21.924496,trendsetter,0,mobile
8740,arjun.singh.6acee1,arjun.singh.6acee1@trendlytics.io,Arjun,Singh,2026-08-26 20:58:21.924496,luxury,0,desktop
8741,aditya.patel.0fc285,aditya.patel.0fc285@trendlytics.io,Aditya,Patel,2026-08-06 20:58:21.924496,budget,0,mobile
8742,pooja.mehta.f7d172,pooja.mehta.f7d172@trendlytics.io,Pooja,Mehta,2026-08-15 20:58:21.924496,occasional,1,desktop
8743,ananya.iyer.992d4d,ananya.iyer.992d4d@trendlytics.io,Ananya,Iyer,2026-08-07 20:58:21.924496,occasional,0,mobile
8744,riya.patel.2bdaed,riya.patel.2bdaed@trendlytics.io,Riya,Patel,2026-08-24 20:58:21.924496,budget,0,mobile
8745,ananya.nair.23b326,ananya.nair.23b326@trendlytics.io,Ananya,Nair,2026-08-07 20:58:21.924496,occasional,0,mobile
8746,kabir.chopra.3f98d6,kabir.chopra.3f98d6@trendlytics.io,Kabir,Chopra,2026-08-16 20:58:21.924496,luxury,1,desktop
8747,priya.sen.7f329c,priya.sen.7f329c@trendlytics.io,Priya,Sen,2026-07-31 20:58:21.924496,budget,1,desktop
8748,tanvi.patel.d06d2c,tanvi.patel.d06d2c@trendlytics.io,Tanvi,Patel,2026-08-27 20:58:21.924496,occasional,0,mobile
8749,arjun.banerjee.528d19,arjun.banerjee.528d19@trendlytics.io,Arjun,Banerjee,2026-08-06 20:58:21.924496,trendsetter,1,mobile
8750,aarav.nair.b054a0,aarav.nair.b054a0@trendlytics.io,Aarav,Nair,2026-08-22 20:58:21.924496,luxury,0,desktop
8751,ananya.mehta.cffad2,ananya.mehta.cffad2@trendlytics.io,Ananya,Mehta,2026-08-15 20:58:21.924496,luxury,1,tablet
8752,tanvi.gupta.7b30bc,tanvi.gupta.7b30bc@trendlytics.io,Tanvi,Gupta,2026-07-31 20:58:21.924496,trendsetter,0,desktop
8753,sneha.verma.51c86a,sneha.verma.51c86a@trendlytics.io,Sneha,Verma,2026-08-16 20:58:21.924496,budget,0,mobile
8754,rahul.gupta.fefb73,rahul.gupta.fefb73@trendlytics.io,Rahul,Gupta,2026-08-26 20:58:21.924496,trendsetter,0,mobile
8755,arjun.iyer.c67e88,arjun.iyer.c67e88@trendlytics.io,Arjun,Iyer,2026-08-16 20:58:21.924496,luxury,0,desktop
8756,meera.das.1ae14b,meera.das.1ae14b@trendlytics.io,Meera,Das,2026-08-25 20:58:21.924496,budget,1,mobile
8757,rahul.iyer.e9fbf8,rahul.iyer.e9fbf8@trendlytics.io,Rahul,Iyer,2026-08-01 20:58:21.924496,luxury,1,mobile
8758,neha.joshi.06c466,neha.joshi.06c466@trendlytics.io,Neha,Joshi,2026-08-24 20:58:21.924496,occasional,1,desktop
8759,arjun.kapoor.8157c1,arjun.kapoor.8157c1@trendlytics.io,Arjun,Kapoor,2026-08-11 20:58:21.924496,trendsetter,0,mobile
8760,riya.reddy.0a8eab,riya.reddy.0a8eab@trendlytics.io,Riya,Reddy,2026-08-12 20:58:21.924496,luxury,0,tablet
8761,ananya.gupta.863ce8,ananya.gupta.863ce8@trendlytics.io,Ananya,Gupta,2026-08-01 20:58:21.924496,budget,1,mobile
8762,meera.verma.2f3cfa,meera.verma.2f3cfa@trendlytics.io,Meera,Verma,2026-08-23 20:58:21.924496,trendsetter,0,mobile
8763,riya.verma.f56332,riya.verma.f56332@trendlytics.io,Riya,Verma,2026-08-16 20:58:21.924496,trendsetter,1,mobile
8764,rohan.das.8df9b8,rohan.das.8df9b8@trendlytics.io,Rohan,Das,2026-08-11 20:58:21.924496,trendsetter,1,tablet
8765,sneha.chopra.422246,sneha.chopra.422246@trendlytics.io,Sneha,Chopra,2026-08-23 20:58:21.924496,trendsetter,0,mobile
8766,rohan.reddy.7ea361,rohan.reddy.7ea361@trendlytics.io,Rohan,Reddy,2026-08-03 20:58:21.924496,budget,0,desktop
8767,ananya.chopra.dcfae2,ananya.chopra.dcfae2@trendlytics.io,Ananya,Chopra,2026-08-25 20:58:21.924496,occasional,0,desktop
8768,tanvi.sen.81f52c,tanvi.sen.81f52c@trendlytics.io,Tanvi,Sen,2026-08-12 20:58:21.924496,occasional,1,desktop
8769,kabir.sharma.f621df,kabir.sharma.f621df@trendlytics.io,Kabir,Sharma,2026-08-07 20:58:21.924496,occasional,1,desktop
8770,meera.patel.06ab72,meera.patel.06ab72@trendlytics.io,Meera,Patel,2026-08-20 20:58:21.924496,budget,0,tablet
8771,rohan.nair.9eab82,rohan.nair.9eab82@trendlytics.io,Rohan,Nair,2026-08-14 20:58:21.924496,trendsetter,1,mobile
8772,tanvi.mehta.60eaba,tanvi.mehta.60eaba@trendlytics.io,Tanvi,Mehta,2026-08-27 20:58:21.924496,budget,0,desktop
8773,neha.gupta.67d406,neha.gupta.67d406@trendlytics.io,Neha,Gupta,2026-08-01 20:58:21.924496,trendsetter,0,mobile
8774,kabir.nair.618650,kabir.nair.618650@trendlytics.io,Kabir,Nair,2026-08-05 20:58:21.924496,trendsetter,0,mobile
8775,rohan.nair.5e2454,rohan.nair.5e2454@trendlytics.io,Rohan,Nair,2026-08-18 20:58:21.924496,occasional,0,desktop
8776,karan.kapoor.e8b27b,karan.kapoor.e8b27b@trendlytics.io,Karan,Kapoor,2026-08-08 20:58:21.924496,trendsetter,0,desktop
8777,aarav.gupta.ce5f4f,aarav.gupta.ce5f4f@trendlytics.io,Aarav,Gupta,2026-08-05 20:58:21.924496,luxury,0,desktop
8778,rahul.joshi.27ed3e,rahul.joshi.27ed3e@trendlytics.io,Rahul,Joshi,2026-08-12 20:58:21.924496,luxury,0,mobile
8779,ananya.joshi.c26d77,ananya.joshi.c26d77@trendlytics.io,Ananya,Joshi,2026-08-06 20:58:21.924496,trendsetter,0,mobile
8780,rohan.chopra.f64bac,rohan.chopra.f64bac@trendlytics.io,Rohan,Chopra,2026-08-08 20:58:21.924496,luxury,0,tablet
8781,priya.verma.c13a58,priya.verma.c13a58@trendlytics.io,Priya,Verma,2026-08-20 20:58:21.924496,budget,1,mobile
8782,rohan.chopra.f3aa44,rohan.chopra.f3aa44@trendlytics.io,Rohan,Chopra,2026-08-16 20:58:21.924496,luxury,0,mobile
8783,priya.mehta.a1f2e0,priya.mehta.a1f2e0@trendlytics.io,Priya,Mehta,2026-08-14 20:58:21.924496,budget,0,mobile
8784,arjun.banerjee.84e42c,arjun.banerjee.84e42c@trendlytics.io,Arjun,Banerjee,2026-08-22 20:58:21.924496,budget,1,desktop
8785,rahul.joshi.b0fae1,rahul.joshi.b0fae1@trendlytics.io,Rahul,Joshi,2026-08-11 20:58:21.924496,occasional,1,desktop
8786,priya.sen.883502,priya.sen.883502@trendlytics.io,Priya,Sen,2026-08-03 20:58:21.924496,budget,0,desktop
8787,ananya.reddy.b1783c,ananya.reddy.b1783c@trendlytics.io,Ananya,Reddy,2026-08-08 20:58:21.924496,occasional,0,desktop
8788,aarav.sen.8793b8,aarav.sen.8793b8@trendlytics.io,Aarav,Sen,2026-08-13 20:58:21.924496,luxury,0,mobile
8789,riya.das.7df5df,riya.das.7df5df@trendlytics.io,Riya,Das,2026-08-13 20:58:21.924496,luxury,1,mobile
8790,karan.joshi.e08a74,karan.joshi.e08a74@trendlytics.io,Karan,Joshi,2026-07-31 20:58:21.924496,luxury,1,desktop
8791,meera.sen.435d0a,meera.sen.435d0a@trendlytics.io,Meera,Sen,2026-08-06 20:58:21.924496,budget,0,mobile
8792,sneha.kapoor.b3e85b,sneha.kapoor.b3e85b@trendlytics.io,Sneha,Kapoor,2026-08-28 20:58:21.924496,budget,0,mobile
8793,aditya.das.348008,aditya.das.348008@trendlytics.io,Aditya,Das,2026-08-22 20:58:21.924496,luxury,0,mobile
8794,neha.sharma.79a000,neha.sharma.79a000@trendlytics.io,Neha,Sharma,2026-08-09 20:58:21.924496,luxury,0,mobile
8795,rahul.verma.3018c4,rahul.verma.3018c4@trendlytics.io,Rahul,Verma,2026-08-15 20:58:21.924496,trendsetter,0,mobile
8796,neha.banerjee.eef1d6,neha.banerjee.eef1d6@trendlytics.io,Neha,Banerjee,2026-08-06 20:58:21.924496,occasional,1,mobile
8797,aditya.verma.8f3f9c,aditya.verma.8f3f9c@trendlytics.io,Aditya,Verma,2026-07-31 20:58:21.924496,luxury,0,mobile
8798,aditya.iyer.7342e9,aditya.iyer.7342e9@trendlytics.io,Aditya,Iyer,2026-08-27 20:58:21.924496,occasional,1,mobile
8799,rahul.sen.6aaa80,rahul.sen.6aaa80@trendlytics.io,Rahul,Sen,2026-07-31 20:58:21.924496,luxury,0,desktop
8800,rohan.patel.25c6d5,rohan.patel.25c6d5@trendlytics.io,Rohan,Patel,2026-08-05 20:58:21.924496,occasional,1,mobile
8801,aarav.banerjee.151d64,aarav.banerjee.151d64@trendlytics.io,Aarav,Banerjee,2026-08-17 20:58:21.924496,trendsetter,0,desktop
8802,riya.sen.8bc3c2,riya.sen.8bc3c2@trendlytics.io,Riya,Sen,2026-08-02 20:58:21.924496,luxury,0,mobile
8803,kabir.verma.323a4c,kabir.verma.323a4c@trendlytics.io,Kabir,Verma,2026-08-14 20:58:21.924496,trendsetter,0,mobile
8804,meera.joshi.b55f3a,meera.joshi.b55f3a@trendlytics.io,Meera,Joshi,2026-08-09 20:58:21.924496,luxury,0,mobile
8805,tanvi.gupta.214c19,tanvi.gupta.214c19@trendlytics.io,Tanvi,Gupta,2026-08-21 20:58:21.924496,occasional,0,desktop
8806,karan.sen.e8b41c,karan.sen.e8b41c@trendlytics.io,Karan,Sen,2026-08-17 20:58:21.924496,luxury,0,mobile
8807,arjun.gupta.c1a9f9,arjun.gupta.c1a9f9@trendlytics.io,Arjun,Gupta,2026-08-05 20:58:21.924496,luxury,1,mobile
8808,vikram.mehta.9a9294,vikram.mehta.9a9294@trendlytics.io,Vikram,Mehta,2026-08-07 20:58:21.924496,occasional,0,mobile
8809,tanvi.sharma.34c4a6,tanvi.sharma.34c4a6@trendlytics.io,Tanvi,Sharma,2026-08-23 20:58:21.924496,trendsetter,1,tablet
8810,pooja.sharma.1f6a6b,pooja.sharma.1f6a6b@trendlytics.io,Pooja,Sharma,2026-08-06 20:58:21.924496,occasional,0,mobile
8811,priya.nair.6b31dd,priya.nair.6b31dd@trendlytics.io,Priya,Nair,2026-08-23 20:58:21.924496,trendsetter,1,desktop
8812,priya.das.2ea7b1,priya.das.2ea7b1@trendlytics.io,Priya,Das,2026-08-14 20:58:21.924496,trendsetter,1,mobile
8813,rahul.sen.5e7fb1,rahul.sen.5e7fb1@trendlytics.io,Rahul,Sen,2026-07-30 20:58:21.924496,luxury,0,desktop
8814,kabir.reddy.77e880,kabir.reddy.77e880@trendlytics.io,Kabir,Reddy,2026-08-16 20:58:21.924496,trendsetter,0,mobile
8815,kabir.chopra.c0c3bb,kabir.chopra.c0c3bb@trendlytics.io,Kabir,Chopra,2026-08-09 20:58:21.924496,budget,0,desktop
8816,aarav.singh.33e102,aarav.singh.33e102@trendlytics.io,Aarav,Singh,2026-08-11 20:58:21.924496,budget,0,mobile
8817,pooja.mehta.8f237c,pooja.mehta.8f237c@trendlytics.io,Pooja,Mehta,2026-08-22 20:58:21.924496,luxury,0,mobile
8818,arjun.patel.90b5fe,arjun.patel.90b5fe@trendlytics.io,Arjun,Patel,2026-08-27 20:58:21.924496,trendsetter,0,mobile
8819,riya.singh.c0ef2a,riya.singh.c0ef2a@trendlytics.io,Riya,Singh,2026-08-05 20:58:21.924496,occasional,1,tablet
8820,kabir.banerjee.26c514,kabir.banerjee.26c514@trendlytics.io,Kabir,Banerjee,2026-08-06 20:58:21.924496,occasional,0,mobile
8821,rohan.sen.bbe064,rohan.sen.bbe064@trendlytics.io,Rohan,Sen,2026-08-18 20:58:21.924496,budget,1,desktop
8822,rahul.sharma.06161c,rahul.sharma.06161c@trendlytics.io,Rahul,Sharma,2026-08-01 20:58:21.924496,trendsetter,0,mobile
8823,tanvi.patel.cf8fdd,tanvi.patel.cf8fdd@trendlytics.io,Tanvi,Patel,2026-08-12 20:58:21.924496,budget,1,desktop
8824,rohan.mehta.b7fd51,rohan.mehta.b7fd51@trendlytics.io,Rohan,Mehta,2026-08-04 20:58:21.924496,trendsetter,0,mobile
8825,priya.joshi.3447a5,priya.joshi.3447a5@trendlytics.io,Priya,Joshi,2026-08-22 20:58:21.924496,trendsetter,0,mobile
8826,tanvi.reddy.b0e859,tanvi.reddy.b0e859@trendlytics.io,Tanvi,Reddy,2026-08-28 20:58:21.924496,luxury,0,mobile
8827,arjun.iyer.947773,arjun.iyer.947773@trendlytics.io,Arjun,Iyer,2026-08-05 20:58:21.924496,budget,0,desktop
8828,priya.singh.9444e9,priya.singh.9444e9@trendlytics.io,Priya,Singh,2026-08-11 20:58:21.924496,budget,0,mobile
8829,arjun.sharma.c580b4,arjun.sharma.c580b4@trendlytics.io,Arjun,Sharma,2026-08-29 20:58:21.924496,luxury,0,mobile
8830,ananya.mehta.6e389e,ananya.mehta.6e389e@trendlytics.io,Ananya,Mehta,2026-08-10 20:58:21.924496,luxury,0,desktop
8831,aarav.mehta.c62dd2,aarav.mehta.c62dd2@trendlytics.io,Aarav,Mehta,2026-08-12 20:58:21.924496,trendsetter,1,desktop
8832,rohan.das.6b17ab,rohan.das.6b17ab@trendlytics.io,Rohan,Das,2026-08-19 20:58:21.924496,trendsetter,0,mobile
8833,neha.gupta.3c6ee4,neha.gupta.3c6ee4@trendlytics.io,Neha,Gupta,2026-08-04 20:58:21.924496,trendsetter,1,mobile
8834,sneha.mehta.c7e111,sneha.mehta.c7e111@trendlytics.io,Sneha,Mehta,2026-08-22 20:58:21.924496,trendsetter,0,mobile
8835,rahul.chopra.81b90a,rahul.chopra.81b90a@trendlytics.io,Rahul,Chopra,2026-08-11 20:58:21.924496,luxury,0,desktop
8836,rahul.iyer.0f40c1,rahul.iyer.0f40c1@trendlytics.io,Rahul,Iyer,2026-08-06 20:58:21.924496,occasional,0,mobile
8837,aarav.reddy.6ee371,aarav.reddy.6ee371@trendlytics.io,Aarav,Reddy,2026-08-29 20:58:21.924496,budget,0,mobile
8838,tanvi.banerjee.c71dcd,tanvi.banerjee.c71dcd@trendlytics.io,Tanvi,Banerjee,2026-08-16 20:58:21.924496,budget,0,mobile
8839,riya.gupta.4dc122,riya.gupta.4dc122@trendlytics.io,Riya,Gupta,2026-08-24 20:58:21.924496,budget,1,mobile
8840,arjun.banerjee.3ce5cd,arjun.banerjee.3ce5cd@trendlytics.io,Arjun,Banerjee,2026-08-08 20:58:21.924496,luxury,0,mobile
8841,rahul.patel.07e004,rahul.patel.07e004@trendlytics.io,Rahul,Patel,2026-08-21 20:58:21.924496,luxury,0,mobile
8842,rohan.nair.94599c,rohan.nair.94599c@trendlytics.io,Rohan,Nair,2026-08-20 20:58:21.924496,occasional,0,mobile
8843,arjun.sharma.9022e2,arjun.sharma.9022e2@trendlytics.io,Arjun,Sharma,2026-08-01 20:58:21.924496,budget,0,desktop
8844,pooja.nair.54330a,pooja.nair.54330a@trendlytics.io,Pooja,Nair,2026-08-20 20:58:21.924496,trendsetter,1,desktop
8845,sneha.joshi.bebd4a,sneha.joshi.bebd4a@trendlytics.io,Sneha,Joshi,2026-08-21 20:58:21.924496,luxury,0,mobile
8846,kabir.chopra.dfacc5,kabir.chopra.dfacc5@trendlytics.io,Kabir,Chopra,2026-08-06 20:58:21.924496,luxury,1,mobile
8847,kabir.verma.f8e5c1,kabir.verma.f8e5c1@trendlytics.io,Kabir,Verma,2026-08-26 20:58:21.924496,occasional,1,mobile
8848,karan.sharma.e6cb54,karan.sharma.e6cb54@trendlytics.io,Karan,Sharma,2026-08-09 20:58:21.924496,occasional,0,desktop
8849,neha.das.c60de9,neha.das.c60de9@trendlytics.io,Neha,Das,2026-08-21 20:58:21.924496,trendsetter,0,mobile
8850,neha.joshi.8f1320,neha.joshi.8f1320@trendlytics.io,Neha,Joshi,2026-08-22 20:58:21.924496,budget,0,mobile
8851,pooja.reddy.9b2d15,pooja.reddy.9b2d15@trendlytics.io,Pooja,Reddy,2026-08-03 20:58:21.924496,budget,1,mobile
8852,aditya.patel.671b5a,aditya.patel.671b5a@trendlytics.io,Aditya,Patel,2026-08-19 20:58:21.924496,budget,0,mobile
8853,kabir.gupta.5c3202,kabir.gupta.5c3202@trendlytics.io,Kabir,Gupta,2026-08-25 20:58:21.924496,trendsetter,1,mobile
8854,karan.chopra.ec6920,karan.chopra.ec6920@trendlytics.io,Karan,Chopra,2026-08-17 20:58:21.924496,luxury,1,mobile
8855,kabir.banerjee.3858ca,kabir.banerjee.3858ca@trendlytics.io,Kabir,Banerjee,2026-08-02 20:58:21.924496,trendsetter,0,mobile
8856,vikram.kapoor.e52a03,vikram.kapoor.e52a03@trendlytics.io,Vikram,Kapoor,2026-08-10 20:58:21.924496,occasional,1,desktop
8857,vikram.chopra.3d38e4,vikram.chopra.3d38e4@trendlytics.io,Vikram,Chopra,2026-08-20 20:58:21.924496,occasional,1,mobile
8858,aarav.sharma.a1e8cf,aarav.sharma.a1e8cf@trendlytics.io,Aarav,Sharma,2026-07-31 20:58:21.924496,occasional,0,desktop
8859,aditya.das.f88d8f,aditya.das.f88d8f@trendlytics.io,Aditya,Das,2026-08-20 20:58:21.924496,budget,1,mobile
8860,rohan.gupta.597579,rohan.gupta.597579@trendlytics.io,Rohan,Gupta,2026-08-01 20:58:21.924496,trendsetter,0,desktop
8861,arjun.joshi.20c43d,arjun.joshi.20c43d@trendlytics.io,Arjun,Joshi,2026-08-20 20:58:21.924496,luxury,1,mobile
8862,aarav.verma.1d8f59,aarav.verma.1d8f59@trendlytics.io,Aarav,Verma,2026-08-15 20:58:21.924496,occasional,0,mobile
8863,rohan.banerjee.d97145,rohan.banerjee.d97145@trendlytics.io,Rohan,Banerjee,2026-08-19 20:58:21.924496,occasional,0,mobile
8864,kabir.verma.dcf20e,kabir.verma.dcf20e@trendlytics.io,Kabir,Verma,2026-08-13 20:58:21.924496,budget,0,tablet
8865,rahul.sen.c329de,rahul.sen.c329de@trendlytics.io,Rahul,Sen,2026-08-25 20:58:21.924496,budget,1,desktop
8866,pooja.joshi.1bbf92,pooja.joshi.1bbf92@trendlytics.io,Pooja,Joshi,2026-08-21 20:58:21.924496,luxury,0,mobile
8867,neha.sharma.39e3ab,neha.sharma.39e3ab@trendlytics.io,Neha,Sharma,2026-08-05 20:58:21.924496,trendsetter,1,mobile
8868,meera.reddy.a66339,meera.reddy.a66339@trendlytics.io,Meera,Reddy,2026-08-17 20:58:21.924496,occasional,0,desktop
8869,karan.singh.93fa33,karan.singh.93fa33@trendlytics.io,Karan,Singh,2026-08-12 20:58:21.924496,luxury,0,mobile
8870,meera.reddy.bb828a,meera.reddy.bb828a@trendlytics.io,Meera,Reddy,2026-08-02 20:58:21.924496,budget,1,desktop
8871,vikram.iyer.e781bf,vikram.iyer.e781bf@trendlytics.io,Vikram,Iyer,2026-08-23 20:58:21.924496,budget,1,mobile
8872,tanvi.sen.ba0410,tanvi.sen.ba0410@trendlytics.io,Tanvi,Sen,2026-08-10 20:58:21.924496,trendsetter,0,mobile
8873,vikram.kapoor.bbb9d4,vikram.kapoor.bbb9d4@trendlytics.io,Vikram,Kapoor,2026-08-26 20:58:21.924496,trendsetter,1,mobile
8874,kabir.patel.4c570c,kabir.patel.4c570c@trendlytics.io,Kabir,Patel,2026-08-14 20:58:21.924496,occasional,0,desktop
8875,aditya.nair.19d281,aditya.nair.19d281@trendlytics.io,Aditya,Nair,2026-07-30 20:58:21.924496,luxury,0,desktop
8876,ananya.sharma.dbf138,ananya.sharma.dbf138@trendlytics.io,Ananya,Sharma,2026-08-16 20:58:21.924496,occasional,1,mobile
8877,pooja.banerjee.355e94,pooja.banerjee.355e94@trendlytics.io,Pooja,Banerjee,2026-07-31 20:58:21.924496,occasional,1,desktop
8878,riya.sharma.d5271a,riya.sharma.d5271a@trendlytics.io,Riya,Sharma,2026-08-13 20:58:21.924496,trendsetter,0,tablet
8879,neha.mehta.2c1b88,neha.mehta.2c1b88@trendlytics.io,Neha,Mehta,2026-08-02 20:58:21.924496,luxury,0,desktop
8880,ananya.verma.95caa9,ananya.verma.95caa9@trendlytics.io,Ananya,Verma,2026-08-27 20:58:21.924496,budget,0,mobile
8881,rahul.verma.759568,rahul.verma.759568@trendlytics.io,Rahul,Verma,2026-08-15 20:58:21.924496,luxury,1,desktop
8882,arjun.sen.11fa1f,arjun.sen.11fa1f@trendlytics.io,Arjun,Sen,2026-08-03 20:58:21.924496,occasional,0,desktop
8883,vikram.banerjee.15c52d,vikram.banerjee.15c52d@trendlytics.io,Vikram,Banerjee,2026-08-18 20:58:21.924496,occasional,0,desktop
8884,riya.chopra.1893c2,riya.chopra.1893c2@trendlytics.io,Riya,Chopra,2026-08-25 20:58:21.924496,trendsetter,1,mobile
8885,priya.gupta.3348aa,priya.gupta.3348aa@trendlytics.io,Priya,Gupta,2026-08-22 20:58:21.924496,luxury,1,mobile
8886,kabir.reddy.d6e2cd,kabir.reddy.d6e2cd@trendlytics.io,Kabir,Reddy,2026-08-23 20:58:21.924496,budget,0,mobile
8887,ananya.patel.840d5b,ananya.patel.840d5b@trendlytics.io,Ananya,Patel,2026-08-27 20:58:21.924496,luxury,0,mobile
8888,karan.nair.ec0067,karan.nair.ec0067@trendlytics.io,Karan,Nair,2026-08-16 20:58:21.924496,occasional,1,mobile
8889,sneha.patel.207e39,sneha.patel.207e39@trendlytics.io,Sneha,Patel,2026-08-09 20:58:21.924496,trendsetter,0,desktop
8890,kabir.sharma.3e03c9,kabir.sharma.3e03c9@trendlytics.io,Kabir,Sharma,2026-08-06 20:58:21.924496,trendsetter,0,mobile
8891,meera.patel.ac1f1a,meera.patel.ac1f1a@trendlytics.io,Meera,Patel,2026-08-22 20:58:21.924496,budget,0,tablet
8892,arjun.sen.77531b,arjun.sen.77531b@trendlytics.io,Arjun,Sen,2026-08-16 20:58:21.924496,occasional,0,mobile
8893,tanvi.joshi.d3acad,tanvi.joshi.d3acad@trendlytics.io,Tanvi,Joshi,2026-08-23 20:58:21.924496,budget,0,mobile
8894,vikram.joshi.903426,vikram.joshi.903426@trendlytics.io,Vikram,Joshi,2026-08-11 20:58:21.924496,occasional,1,tablet
8895,vikram.patel.2e8bd7,vikram.patel.2e8bd7@trendlytics.io,Vikram,Patel,2026-08-15 20:58:21.924496,trendsetter,1,desktop
8896,karan.verma.4cd28d,karan.verma.4cd28d@trendlytics.io,Karan,Verma,2026-08-11 20:58:21.924496,occasional,0,mobile
8897,priya.sharma.938350,priya.sharma.938350@trendlytics.io,Priya,Sharma,2026-08-21 20:58:21.924496,budget,1,mobile
8898,vikram.sen.5975b4,vikram.sen.5975b4@trendlytics.io,Vikram,Sen,2026-08-11 20:58:21.924496,occasional,1,mobile
8899,tanvi.das.257224,tanvi.das.257224@trendlytics.io,Tanvi,Das,2026-08-12 20:58:21.924496,occasional,0,mobile
8900,tanvi.iyer.1a12a6,tanvi.iyer.1a12a6@trendlytics.io,Tanvi,Iyer,2026-07-31 20:58:21.924496,trendsetter,1,mobile
8901,pooja.banerjee.83cd74,pooja.banerjee.83cd74@trendlytics.io,Pooja,Banerjee,2026-08-02 20:58:21.924496,trendsetter,1,mobile
8902,rohan.das.dce858,rohan.das.dce858@trendlytics.io,Rohan,Das,2026-08-03 20:58:21.924496,trendsetter,1,desktop
8903,pooja.sharma.81566f,pooja.sharma.81566f@trendlytics.io,Pooja,Sharma,2026-08-03 20:58:21.924496,budget,0,desktop
8904,rohan.patel.6fd97b,rohan.patel.6fd97b@trendlytics.io,Rohan,Patel,2026-08-29 20:58:21.924496,occasional,1,mobile
8905,arjun.mehta.f423a0,arjun.mehta.f423a0@trendlytics.io,Arjun,Mehta,2026-08-19 20:58:21.924496,budget,1,desktop
8906,riya.iyer.f31670,riya.iyer.f31670@trendlytics.io,Riya,Iyer,2026-08-24 20:58:21.924496,budget,0,mobile
8907,kabir.verma.8a5d02,kabir.verma.8a5d02@trendlytics.io,Kabir,Verma,2026-08-02 20:58:21.924496,budget,0,tablet
8908,aarav.das.268134,aarav.das.268134@trendlytics.io,Aarav,Das,2026-08-18 20:58:21.924496,occasional,1,mobile
8909,sneha.singh.feb93a,sneha.singh.feb93a@trendlytics.io,Sneha,Singh,2026-08-15 20:58:21.924496,budget,1,mobile
8910,vikram.chopra.ef0f3a,vikram.chopra.ef0f3a@trendlytics.io,Vikram,Chopra,2026-08-05 20:58:21.924496,occasional,0,mobile
8911,sneha.chopra.fb8e02,sneha.chopra.fb8e02@trendlytics.io,Sneha,Chopra,2026-08-20 20:58:21.924496,budget,1,mobile
8912,rahul.singh.77b36a,rahul.singh.77b36a@trendlytics.io,Rahul,Singh,2026-08-18 20:58:21.924496,luxury,1,mobile
8913,riya.singh.47104d,riya.singh.47104d@trendlytics.io,Riya,Singh,2026-08-04 20:58:21.924496,occasional,1,mobile
8914,rahul.sharma.dfc800,rahul.sharma.dfc800@trendlytics.io,Rahul,Sharma,2026-08-07 20:58:21.924496,luxury,1,mobile
8915,pooja.singh.cb8998,pooja.singh.cb8998@trendlytics.io,Pooja,Singh,2026-08-06 20:58:21.924496,occasional,0,mobile
8916,ananya.das.80553d,ananya.das.80553d@trendlytics.io,Ananya,Das,2026-08-21 20:58:21.924496,occasional,0,mobile
8917,vikram.reddy.ea15dd,vikram.reddy.ea15dd@trendlytics.io,Vikram,Reddy,2026-08-22 20:58:21.924496,trendsetter,0,desktop
8918,karan.reddy.571fba,karan.reddy.571fba@trendlytics.io,Karan,Reddy,2026-08-24 20:58:21.924496,budget,0,mobile
8919,meera.banerjee.199f09,meera.banerjee.199f09@trendlytics.io,Meera,Banerjee,2026-08-05 20:58:21.924496,budget,0,desktop
8920,meera.patel.70f7fa,meera.patel.70f7fa@trendlytics.io,Meera,Patel,2026-08-06 20:58:21.924496,trendsetter,0,desktop
8921,rohan.chopra.6717c3,rohan.chopra.6717c3@trendlytics.io,Rohan,Chopra,2026-08-21 20:58:21.924496,trendsetter,0,tablet
8922,pooja.iyer.3b3b02,pooja.iyer.3b3b02@trendlytics.io,Pooja,Iyer,2026-08-06 20:58:21.924496,occasional,0,tablet
8923,aditya.kapoor.71968e,aditya.kapoor.71968e@trendlytics.io,Aditya,Kapoor,2026-07-31 20:58:21.924496,budget,0,mobile
8924,priya.verma.5060c2,priya.verma.5060c2@trendlytics.io,Priya,Verma,2026-08-26 20:58:21.924496,luxury,0,desktop
8925,neha.mehta.8a4293,neha.mehta.8a4293@trendlytics.io,Neha,Mehta,2026-07-31 20:58:21.924496,luxury,1,mobile
8926,arjun.gupta.734e3d,arjun.gupta.734e3d@trendlytics.io,Arjun,Gupta,2026-08-14 20:58:21.924496,luxury,1,mobile
8927,kabir.verma.d3adfe,kabir.verma.d3adfe@trendlytics.io,Kabir,Verma,2026-08-02 20:58:21.924496,trendsetter,1,desktop
8928,rohan.sen.1c53fd,rohan.sen.1c53fd@trendlytics.io,Rohan,Sen,2026-08-14 20:58:21.924496,luxury,0,mobile
8929,priya.sharma.6154c7,priya.sharma.6154c7@trendlytics.io,Priya,Sharma,2026-08-06 20:58:21.924496,occasional,0,desktop
8930,rahul.sharma.8c855b,rahul.sharma.8c855b@trendlytics.io,Rahul,Sharma,2026-08-20 20:58:21.924496,trendsetter,1,mobile
8931,pooja.iyer.13ed34,pooja.iyer.13ed34@trendlytics.io,Pooja,Iyer,2026-08-11 20:58:21.924496,occasional,1,mobile
8932,rohan.verma.faf132,rohan.verma.faf132@trendlytics.io,Rohan,Verma,2026-08-13 20:58:21.924496,trendsetter,1,mobile
8933,vikram.gupta.ece99a,vikram.gupta.ece99a@trendlytics.io,Vikram,Gupta,2026-08-02 20:58:21.924496,budget,0,mobile
8934,kabir.singh.6c18fb,kabir.singh.6c18fb@trendlytics.io,Kabir,Singh,2026-08-13 20:58:21.924496,occasional,0,mobile
8935,arjun.iyer.e773fa,arjun.iyer.e773fa@trendlytics.io,Arjun,Iyer,2026-07-31 20:58:21.924496,occasional,0,desktop
8936,tanvi.reddy.d71de0,tanvi.reddy.d71de0@trendlytics.io,Tanvi,Reddy,2026-08-25 20:58:21.924496,trendsetter,0,mobile
8937,pooja.patel.960aa8,pooja.patel.960aa8@trendlytics.io,Pooja,Patel,2026-08-04 20:58:21.924496,budget,0,mobile
8938,karan.patel.3530e6,karan.patel.3530e6@trendlytics.io,Karan,Patel,2026-08-01 20:58:21.924496,occasional,1,mobile
8939,rohan.banerjee.e06cfb,rohan.banerjee.e06cfb@trendlytics.io,Rohan,Banerjee,2026-08-13 20:58:21.924496,occasional,0,desktop
8940,vikram.banerjee.370637,vikram.banerjee.370637@trendlytics.io,Vikram,Banerjee,2026-08-18 20:58:21.924496,occasional,0,mobile
8941,rahul.singh.94562a,rahul.singh.94562a@trendlytics.io,Rahul,Singh,2026-08-05 20:58:21.924496,budget,1,mobile
8942,aarav.iyer.60ac39,aarav.iyer.60ac39@trendlytics.io,Aarav,Iyer,2026-08-15 20:58:21.924496,occasional,1,mobile
8943,meera.das.aefa7d,meera.das.aefa7d@trendlytics.io,Meera,Das,2026-08-24 20:58:21.924496,budget,1,mobile
8944,meera.gupta.450fa1,meera.gupta.450fa1@trendlytics.io,Meera,Gupta,2026-08-01 20:58:21.924496,occasional,1,desktop
8945,tanvi.kapoor.d8fedf,tanvi.kapoor.d8fedf@trendlytics.io,Tanvi,Kapoor,2026-08-28 20:58:21.924496,occasional,0,mobile
8946,ananya.banerjee.2e31db,ananya.banerjee.2e31db@trendlytics.io,Ananya,Banerjee,2026-08-15 20:58:21.924496,occasional,0,mobile
8947,arjun.sen.8d049d,arjun.sen.8d049d@trendlytics.io,Arjun,Sen,2026-08-18 20:58:21.924496,luxury,0,mobile
8948,vikram.nair.ccf45b,vikram.nair.ccf45b@trendlytics.io,Vikram,Nair,2026-08-05 20:58:21.924496,budget,0,desktop
8949,priya.nair.3d0310,priya.nair.3d0310@trendlytics.io,Priya,Nair,2026-08-23 20:58:21.924496,trendsetter,0,desktop
8950,aarav.gupta.6bb227,aarav.gupta.6bb227@trendlytics.io,Aarav,Gupta,2026-08-12 20:58:21.924496,luxury,0,mobile
8951,tanvi.gupta.b19b27,tanvi.gupta.b19b27@trendlytics.io,Tanvi,Gupta,2026-08-06 20:58:21.924496,occasional,0,mobile
8952,rohan.mehta.426e07,rohan.mehta.426e07@trendlytics.io,Rohan,Mehta,2026-08-02 20:58:21.924496,trendsetter,0,mobile
8953,pooja.kapoor.8a81f5,pooja.kapoor.8a81f5@trendlytics.io,Pooja,Kapoor,2026-08-06 20:58:21.924496,trendsetter,0,tablet
8954,aarav.chopra.d30596,aarav.chopra.d30596@trendlytics.io,Aarav,Chopra,2026-08-24 20:58:21.924496,luxury,1,mobile
8955,pooja.chopra.2bb778,pooja.chopra.2bb778@trendlytics.io,Pooja,Chopra,2026-08-16 20:58:21.924496,occasional,0,mobile
8956,sneha.chopra.80b11d,sneha.chopra.80b11d@trendlytics.io,Sneha,Chopra,2026-08-22 20:58:21.924496,luxury,1,desktop
8957,arjun.iyer.333afd,arjun.iyer.333afd@trendlytics.io,Arjun,Iyer,2026-08-27 20:58:21.924496,trendsetter,1,mobile
8958,riya.banerjee.04b470,riya.banerjee.04b470@trendlytics.io,Riya,Banerjee,2026-08-09 20:58:21.924496,occasional,1,mobile
8959,rohan.singh.69cbc3,rohan.singh.69cbc3@trendlytics.io,Rohan,Singh,2026-08-10 20:58:21.924496,luxury,0,mobile
8960,meera.banerjee.2d6ce4,meera.banerjee.2d6ce4@trendlytics.io,Meera,Banerjee,2026-08-29 20:58:21.924496,occasional,0,desktop
8961,ananya.nair.5067b0,ananya.nair.5067b0@trendlytics.io,Ananya,Nair,2026-08-26 20:58:21.924496,budget,1,mobile
8962,karan.verma.cdd044,karan.verma.cdd044@trendlytics.io,Karan,Verma,2026-08-20 20:58:21.924496,luxury,0,mobile
8963,rahul.sen.df0611,rahul.sen.df0611@trendlytics.io,Rahul,Sen,2026-08-02 20:58:21.924496,budget,0,desktop
8964,pooja.joshi.8cffe6,pooja.joshi.8cffe6@trendlytics.io,Pooja,Joshi,2026-08-05 20:58:21.924496,occasional,1,mobile
8965,ananya.verma.e2639f,ananya.verma.e2639f@trendlytics.io,Ananya,Verma,2026-08-21 20:58:21.924496,occasional,0,mobile
8966,vikram.joshi.fe4136,vikram.joshi.fe4136@trendlytics.io,Vikram,Joshi,2026-08-23 20:58:21.924496,budget,1,mobile
8967,vikram.banerjee.04132c,vikram.banerjee.04132c@trendlytics.io,Vikram,Banerjee,2026-08-14 20:58:21.924496,luxury,0,desktop
8968,tanvi.iyer.92e923,tanvi.iyer.92e923@trendlytics.io,Tanvi,Iyer,2026-08-06 20:58:21.924496,luxury,0,mobile
8969,priya.iyer.ab7ee5,priya.iyer.ab7ee5@trendlytics.io,Priya,Iyer,2026-08-03 20:58:21.924496,occasional,1,mobile
8970,vikram.singh.90c6ff,vikram.singh.90c6ff@trendlytics.io,Vikram,Singh,2026-08-23 20:58:21.924496,budget,1,mobile
8971,aarav.patel.c63190,aarav.patel.c63190@trendlytics.io,Aarav,Patel,2026-08-27 20:58:21.924496,occasional,0,desktop
8972,aditya.das.0c4886,aditya.das.0c4886@trendlytics.io,Aditya,Das,2026-08-06 20:58:21.924496,luxury,1,mobile
8973,kabir.singh.5e224a,kabir.singh.5e224a@trendlytics.io,Kabir,Singh,2026-08-25 20:58:21.924496,trendsetter,1,mobile
8974,pooja.mehta.45d1fd,pooja.mehta.45d1fd@trendlytics.io,Pooja,Mehta,2026-08-15 20:58:21.924496,budget,0,mobile
8975,karan.mehta.b286c7,karan.mehta.b286c7@trendlytics.io,Karan,Mehta,2026-08-03 20:58:21.924496,luxury,0,mobile
8976,rahul.iyer.514e2a,rahul.iyer.514e2a@trendlytics.io,Rahul,Iyer,2026-08-22 20:58:21.924496,luxury,1,mobile
8977,rahul.joshi.20cea9,rahul.joshi.20cea9@trendlytics.io,Rahul,Joshi,2026-08-12 20:58:21.924496,luxury,0,mobile
8978,karan.joshi.ec7e8c,karan.joshi.ec7e8c@trendlytics.io,Karan,Joshi,2026-08-27 20:58:21.924496,trendsetter,0,mobile
8979,pooja.reddy.8ef550,pooja.reddy.8ef550@trendlytics.io,Pooja,Reddy,2026-08-11 20:58:21.924496,budget,1,mobile
8980,aarav.singh.4e3c0e,aarav.singh.4e3c0e@trendlytics.io,Aarav,Singh,2026-08-16 20:58:21.924496,luxury,1,desktop
8981,aditya.sen.efaaae,aditya.sen.efaaae@trendlytics.io,Aditya,Sen,2026-08-14 20:58:21.924496,trendsetter,0,mobile
8982,sneha.das.beff8b,sneha.das.beff8b@trendlytics.io,Sneha,Das,2026-08-12 20:58:21.924496,luxury,1,mobile
8983,neha.iyer.ef33e1,neha.iyer.ef33e1@trendlytics.io,Neha,Iyer,2026-08-02 20:58:21.924496,occasional,0,mobile
8984,kabir.joshi.adc186,kabir.joshi.adc186@trendlytics.io,Kabir,Joshi,2026-08-18 20:58:21.924496,budget,0,mobile
8985,ananya.verma.35bc0e,ananya.verma.35bc0e@trendlytics.io,Ananya,Verma,2026-08-29 20:58:21.924496,luxury,0,mobile
8986,ananya.kapoor.e5b82e,ananya.kapoor.e5b82e@trendlytics.io,Ananya,Kapoor,2026-08-25 20:58:21.924496,trendsetter,0,mobile
8987,riya.mehta.ecd6e6,riya.mehta.ecd6e6@trendlytics.io,Riya,Mehta,2026-08-18 20:58:21.924496,trendsetter,1,desktop
8988,karan.chopra.b6ca8e,karan.chopra.b6ca8e@trendlytics.io,Karan,Chopra,2026-07-30 20:58:21.924496,luxury,0,mobile
8989,meera.patel.59393d,meera.patel.59393d@trendlytics.io,Meera,Patel,2026-08-22 20:58:21.924496,budget,0,desktop
8990,ananya.iyer.b48ae8,ananya.iyer.b48ae8@trendlytics.io,Ananya,Iyer,2026-08-11 20:58:21.924496,luxury,0,mobile
8991,aditya.singh.69b52b,aditya.singh.69b52b@trendlytics.io,Aditya,Singh,2026-08-24 20:58:21.924496,trendsetter,1,mobile
8992,tanvi.gupta.a67a30,tanvi.gupta.a67a30@trendlytics.io,Tanvi,Gupta,2026-08-09 20:58:21.924496,trendsetter,0,mobile
8993,meera.chopra.7b9f7f,meera.chopra.7b9f7f@trendlytics.io,Meera,Chopra,2026-08-24 20:58:21.924496,budget,0,desktop
8994,priya.sen.d063cd,priya.sen.d063cd@trendlytics.io,Priya,Sen,2026-08-19 20:58:21.924496,budget,0,mobile
8995,neha.kapoor.b7df4d,neha.kapoor.b7df4d@trendlytics.io,Neha,Kapoor,2026-08-26 20:58:21.924496,trendsetter,0,mobile
8996,neha.joshi.3ed4c0,neha.joshi.3ed4c0@trendlytics.io,Neha,Joshi,2026-07-30 20:58:21.924496,occasional,0,desktop
8997,ananya.singh.5dfdc0,ananya.singh.5dfdc0@trendlytics.io,Ananya,Singh,2026-08-24 20:58:21.924496,luxury,0,tablet
8998,karan.singh.28866d,karan.singh.28866d@trendlytics.io,Karan,Singh,2026-08-04 20:58:21.924496,luxury,0,mobile
8999,aditya.chopra.913705,aditya.chopra.913705@trendlytics.io,Aditya,Chopra,2026-08-28 20:58:21.924496,trendsetter,0,mobile
9000,rohan.gupta.d304a3,rohan.gupta.d304a3@trendlytics.io,Rohan,Gupta,2026-08-18 20:58:21.924496,budget,0,mobile
9001,karan.verma.e4680b,karan.verma.e4680b@trendlytics.io,Karan,Verma,2026-08-28 20:58:21.924496,budget,0,mobile
9002,aarav.sharma.f78f95,aarav.sharma.f78f95@trendlytics.io,Aarav,Sharma,2026-08-06 20:58:21.924496,budget,0,tablet
9003,pooja.das.c4de63,pooja.das.c4de63@trendlytics.io,Pooja,Das,2026-08-09 20:58:21.924496,luxury,0,mobile
9004,karan.sen.d438c6,karan.sen.d438c6@trendlytics.io,Karan,Sen,2026-08-11 20:58:21.924496,luxury,0,mobile
9005,sneha.nair.9887ef,sneha.nair.9887ef@trendlytics.io,Sneha,Nair,2026-08-17 20:58:21.924496,trendsetter,0,mobile
9006,tanvi.joshi.0e11dd,tanvi.joshi.0e11dd@trendlytics.io,Tanvi,Joshi,2026-08-29 20:58:21.924496,trendsetter,0,mobile
9007,pooja.reddy.ab7239,pooja.reddy.ab7239@trendlytics.io,Pooja,Reddy,2026-08-16 20:58:21.924496,trendsetter,0,mobile
9008,neha.gupta.9da001,neha.gupta.9da001@trendlytics.io,Neha,Gupta,2026-08-01 20:58:21.924496,occasional,0,desktop
9009,rohan.das.9d55af,rohan.das.9d55af@trendlytics.io,Rohan,Das,2026-08-12 20:58:21.924496,luxury,0,mobile
9010,ananya.patel.6dd327,ananya.patel.6dd327@trendlytics.io,Ananya,Patel,2026-08-22 20:58:21.924496,trendsetter,1,mobile
9011,karan.reddy.46d471,karan.reddy.46d471@trendlytics.io,Karan,Reddy,2026-08-27 20:58:21.924496,trendsetter,0,mobile
9012,riya.banerjee.3460b2,riya.banerjee.3460b2@trendlytics.io,Riya,Banerjee,2026-08-04 20:58:21.924496,luxury,0,desktop
9013,meera.verma.b67a63,meera.verma.b67a63@trendlytics.io,Meera,Verma,2026-08-13 20:58:21.924496,luxury,0,desktop
9014,riya.banerjee.d892be,riya.banerjee.d892be@trendlytics.io,Riya,Banerjee,2026-08-29 20:58:21.924496,luxury,1,mobile
9015,tanvi.kapoor.11c578,tanvi.kapoor.11c578@trendlytics.io,Tanvi,Kapoor,2026-08-11 20:58:21.924496,trendsetter,0,mobile
9016,ananya.mehta.8f801f,ananya.mehta.8f801f@trendlytics.io,Ananya,Mehta,2026-08-04 20:58:21.924496,luxury,1,mobile
9017,vikram.mehta.ca3b93,vikram.mehta.ca3b93@trendlytics.io,Vikram,Mehta,2026-08-29 20:58:21.924496,luxury,1,desktop
9018,aditya.kapoor.c1d465,aditya.kapoor.c1d465@trendlytics.io,Aditya,Kapoor,2026-08-10 20:58:21.924496,trendsetter,0,mobile
9019,ananya.joshi.a60dc4,ananya.joshi.a60dc4@trendlytics.io,Ananya,Joshi,2026-08-25 20:58:21.924496,occasional,1,mobile
9020,karan.sharma.f3a843,karan.sharma.f3a843@trendlytics.io,Karan,Sharma,2026-08-17 20:58:21.924496,luxury,0,mobile
9021,arjun.gupta.e3a25f,arjun.gupta.e3a25f@trendlytics.io,Arjun,Gupta,2026-08-17 20:58:21.924496,trendsetter,1,mobile
9022,aditya.patel.49d344,aditya.patel.49d344@trendlytics.io,Aditya,Patel,2026-08-25 20:58:21.924496,occasional,0,mobile
9023,riya.kapoor.b821db,riya.kapoor.b821db@trendlytics.io,Riya,Kapoor,2026-08-01 20:58:21.924496,occasional,0,mobile
9024,tanvi.sen.0c4736,tanvi.sen.0c4736@trendlytics.io,Tanvi,Sen,2026-08-20 20:58:21.924496,luxury,0,mobile
9025,aarav.nair.6728d4,aarav.nair.6728d4@trendlytics.io,Aarav,Nair,2026-08-04 20:58:21.924496,luxury,0,mobile
9026,pooja.singh.a0dda7,pooja.singh.a0dda7@trendlytics.io,Pooja,Singh,2026-08-20 20:58:21.924496,luxury,1,mobile
9027,ananya.singh.42c92d,ananya.singh.42c92d@trendlytics.io,Ananya,Singh,2026-08-19 20:58:21.924496,luxury,0,mobile
9028,aarav.singh.db67c4,aarav.singh.db67c4@trendlytics.io,Aarav,Singh,2026-08-02 20:58:21.924496,occasional,0,mobile
9029,neha.sen.270193,neha.sen.270193@trendlytics.io,Neha,Sen,2026-08-14 20:58:21.924496,occasional,1,desktop
9030,karan.sharma.ca51cb,karan.sharma.ca51cb@trendlytics.io,Karan,Sharma,2026-08-03 20:58:21.924496,budget,1,mobile
9031,neha.nair.d75ab0,neha.nair.d75ab0@trendlytics.io,Neha,Nair,2026-08-16 20:58:21.924496,budget,0,mobile
9032,karan.kapoor.9c8b47,karan.kapoor.9c8b47@trendlytics.io,Karan,Kapoor,2026-08-22 20:58:21.924496,budget,0,desktop
9033,meera.kapoor.d9e7db,meera.kapoor.d9e7db@trendlytics.io,Meera,Kapoor,2026-08-29 20:58:21.924496,luxury,0,tablet
9034,vikram.verma.7b0d44,vikram.verma.7b0d44@trendlytics.io,Vikram,Verma,2026-08-19 20:58:21.924496,budget,1,mobile
9035,kabir.gupta.7a1c41,kabir.gupta.7a1c41@trendlytics.io,Kabir,Gupta,2026-07-31 20:58:21.924496,trendsetter,0,mobile
9036,priya.joshi.7fa9ab,priya.joshi.7fa9ab@trendlytics.io,Priya,Joshi,2026-08-21 20:58:21.924496,budget,0,desktop
9037,meera.singh.e85f45,meera.singh.e85f45@trendlytics.io,Meera,Singh,2026-08-13 20:58:21.924496,occasional,1,mobile
9038,arjun.patel.19db5f,arjun.patel.19db5f@trendlytics.io,Arjun,Patel,2026-08-04 20:58:21.924496,budget,1,mobile
9039,tanvi.iyer.8b3a3b,tanvi.iyer.8b3a3b@trendlytics.io,Tanvi,Iyer,2026-07-30 20:58:21.924496,luxury,0,mobile
9040,rohan.verma.8520fd,rohan.verma.8520fd@trendlytics.io,Rohan,Verma,2026-08-10 20:58:21.924496,budget,0,mobile
9041,karan.singh.8abb15,karan.singh.8abb15@trendlytics.io,Karan,Singh,2026-08-28 20:58:21.924496,budget,1,mobile
9042,pooja.nair.2316a5,pooja.nair.2316a5@trendlytics.io,Pooja,Nair,2026-08-09 20:58:21.924496,budget,1,mobile
9043,meera.das.419f07,meera.das.419f07@trendlytics.io,Meera,Das,2026-08-02 20:58:21.924496,trendsetter,1,desktop
9044,rohan.singh.a125eb,rohan.singh.a125eb@trendlytics.io,Rohan,Singh,2026-08-29 20:58:21.924496,occasional,1,mobile
9045,ananya.joshi.13d2a0,ananya.joshi.13d2a0@trendlytics.io,Ananya,Joshi,2026-08-23 20:58:21.924496,budget,0,tablet
9046,sneha.das.cc35ac,sneha.das.cc35ac@trendlytics.io,Sneha,Das,2026-08-06 20:58:21.924496,occasional,0,mobile
9047,aditya.verma.0974b5,aditya.verma.0974b5@trendlytics.io,Aditya,Verma,2026-07-31 20:58:21.924496,occasional,1,desktop
9048,pooja.nair.9bc840,pooja.nair.9bc840@trendlytics.io,Pooja,Nair,2026-08-28 20:58:21.924496,occasional,0,desktop
9049,neha.chopra.14a718,neha.chopra.14a718@trendlytics.io,Neha,Chopra,2026-08-21 20:58:21.924496,luxury,0,mobile
9050,priya.mehta.e94664,priya.mehta.e94664@trendlytics.io,Priya,Mehta,2026-08-19 20:58:21.924496,luxury,0,mobile
9051,sneha.kapoor.b8a3c9,sneha.kapoor.b8a3c9@trendlytics.io,Sneha,Kapoor,2026-08-13 20:58:21.924496,occasional,0,mobile
9052,kabir.mehta.3d5099,kabir.mehta.3d5099@trendlytics.io,Kabir,Mehta,2026-08-29 20:58:21.924496,trendsetter,0,mobile
9053,sneha.banerjee.28c081,sneha.banerjee.28c081@trendlytics.io,Sneha,Banerjee,2026-08-04 20:58:21.924496,trendsetter,1,tablet
9054,vikram.joshi.4111ca,vikram.joshi.4111ca@trendlytics.io,Vikram,Joshi,2026-08-20 20:58:21.924496,budget,0,desktop
9055,karan.verma.703cb8,karan.verma.703cb8@trendlytics.io,Karan,Verma,2026-07-30 20:58:21.924496,occasional,1,mobile
9056,ananya.joshi.a5768d,ananya.joshi.a5768d@trendlytics.io,Ananya,Joshi,2026-08-02 20:58:21.924496,trendsetter,0,mobile
9057,pooja.patel.8f72e8,pooja.patel.8f72e8@trendlytics.io,Pooja,Patel,2026-08-18 20:58:21.924496,luxury,0,mobile
9058,aditya.chopra.879232,aditya.chopra.879232@trendlytics.io,Aditya,Chopra,2026-07-31 20:58:21.924496,budget,1,mobile
9059,arjun.joshi.538bb0,arjun.joshi.538bb0@trendlytics.io,Arjun,Joshi,2026-08-26 20:58:21.924496,trendsetter,0,mobile
9060,karan.joshi.267388,karan.joshi.267388@trendlytics.io,Karan,Joshi,2026-08-10 20:58:21.924496,trendsetter,1,mobile
9061,karan.singh.f52a96,karan.singh.f52a96@trendlytics.io,Karan,Singh,2026-08-26 20:58:21.924496,budget,1,mobile
9062,pooja.reddy.4aeb2f,pooja.reddy.4aeb2f@trendlytics.io,Pooja,Reddy,2026-08-18 20:58:21.924496,trendsetter,0,mobile
9063,rahul.sen.2a2556,rahul.sen.2a2556@trendlytics.io,Rahul,Sen,2026-08-24 20:58:21.924496,budget,1,mobile
9064,karan.reddy.8de646,karan.reddy.8de646@trendlytics.io,Karan,Reddy,2026-08-12 20:58:21.924496,trendsetter,1,desktop
9065,priya.verma.b8afe4,priya.verma.b8afe4@trendlytics.io,Priya,Verma,2026-08-25 20:58:21.924496,trendsetter,1,mobile
9066,meera.nair.7ab237,meera.nair.7ab237@trendlytics.io,Meera,Nair,2026-08-21 20:58:21.924496,trendsetter,1,desktop
9067,ananya.chopra.eb254d,ananya.chopra.eb254d@trendlytics.io,Ananya,Chopra,2026-08-17 20:58:21.924496,occasional,1,mobile
9068,rahul.chopra.cab769,rahul.chopra.cab769@trendlytics.io,Rahul,Chopra,2026-08-15 20:58:21.924496,budget,0,tablet
9069,ananya.nair.2a11a7,ananya.nair.2a11a7@trendlytics.io,Ananya,Nair,2026-08-21 20:58:21.924496,trendsetter,1,mobile
9070,kabir.verma.6d07f1,kabir.verma.6d07f1@trendlytics.io,Kabir,Verma,2026-08-01 20:58:21.924496,luxury,0,mobile
9071,aditya.verma.b291a4,aditya.verma.b291a4@trendlytics.io,Aditya,Verma,2026-08-23 20:58:21.924496,occasional,0,mobile
9072,tanvi.sharma.ee69b0,tanvi.sharma.ee69b0@trendlytics.io,Tanvi,Sharma,2026-08-28 20:58:21.924496,luxury,0,desktop
9073,rahul.kapoor.3dcb23,rahul.kapoor.3dcb23@trendlytics.io,Rahul,Kapoor,2026-08-04 20:58:21.924496,luxury,1,mobile
9074,meera.mehta.fc291e,meera.mehta.fc291e@trendlytics.io,Meera,Mehta,2026-08-21 20:58:21.924496,occasional,0,mobile
9075,pooja.verma.80afd1,pooja.verma.80afd1@trendlytics.io,Pooja,Verma,2026-07-30 20:58:21.924496,budget,1,mobile
9076,priya.singh.a20117,priya.singh.a20117@trendlytics.io,Priya,Singh,2026-07-31 20:58:21.924496,occasional,1,mobile
9077,tanvi.singh.e964eb,tanvi.singh.e964eb@trendlytics.io,Tanvi,Singh,2026-08-03 20:58:21.924496,budget,0,mobile
9078,rahul.iyer.0d6636,rahul.iyer.0d6636@trendlytics.io,Rahul,Iyer,2026-08-26 20:58:21.924496,occasional,0,tablet
9079,riya.nair.5e1b20,riya.nair.5e1b20@trendlytics.io,Riya,Nair,2026-08-08 20:58:21.924496,luxury,0,desktop
9080,tanvi.kapoor.904ba8,tanvi.kapoor.904ba8@trendlytics.io,Tanvi,Kapoor,2026-08-06 20:58:21.924496,budget,0,mobile
9081,arjun.chopra.af27a3,arjun.chopra.af27a3@trendlytics.io,Arjun,Chopra,2026-08-03 20:58:21.924496,budget,1,mobile
9082,riya.singh.3b05c6,riya.singh.3b05c6@trendlytics.io,Riya,Singh,2026-08-10 20:58:21.924496,luxury,1,mobile
9083,aditya.singh.3129de,aditya.singh.3129de@trendlytics.io,Aditya,Singh,2026-08-20 20:58:21.924496,occasional,1,desktop
9084,meera.joshi.dfdf9e,meera.joshi.dfdf9e@trendlytics.io,Meera,Joshi,2026-08-27 20:58:21.924496,budget,1,desktop
9085,kabir.banerjee.7849cf,kabir.banerjee.7849cf@trendlytics.io,Kabir,Banerjee,2026-08-05 20:58:21.924496,budget,1,mobile
9086,rahul.sen.55c4b8,rahul.sen.55c4b8@trendlytics.io,Rahul,Sen,2026-08-21 20:58:21.924496,occasional,1,mobile
9087,tanvi.gupta.518b2d,tanvi.gupta.518b2d@trendlytics.io,Tanvi,Gupta,2026-08-24 20:58:21.924496,budget,0,desktop
9088,arjun.joshi.701ca7,arjun.joshi.701ca7@trendlytics.io,Arjun,Joshi,2026-08-20 20:58:21.924496,budget,0,mobile
9089,rahul.kapoor.30ec1a,rahul.kapoor.30ec1a@trendlytics.io,Rahul,Kapoor,2026-08-19 20:58:21.924496,budget,0,mobile
9090,arjun.verma.77956f,arjun.verma.77956f@trendlytics.io,Arjun,Verma,2026-08-03 20:58:21.924496,budget,0,tablet
9091,arjun.nair.b1b1db,arjun.nair.b1b1db@trendlytics.io,Arjun,Nair,2026-08-05 20:58:21.924496,budget,1,desktop
9092,rahul.reddy.ee0258,rahul.reddy.ee0258@trendlytics.io,Rahul,Reddy,2026-08-18 20:58:21.924496,budget,0,mobile
9093,rohan.chopra.90e4ec,rohan.chopra.90e4ec@trendlytics.io,Rohan,Chopra,2026-08-17 20:58:21.924496,occasional,0,mobile
9094,riya.nair.5edf5e,riya.nair.5edf5e@trendlytics.io,Riya,Nair,2026-08-20 20:58:21.924496,luxury,0,mobile
9095,pooja.das.04a098,pooja.das.04a098@trendlytics.io,Pooja,Das,2026-07-31 20:58:21.924496,budget,0,desktop
9096,kabir.reddy.a40a80,kabir.reddy.a40a80@trendlytics.io,Kabir,Reddy,2026-08-11 20:58:21.924496,occasional,0,mobile
9097,neha.kapoor.c4b4d7,neha.kapoor.c4b4d7@trendlytics.io,Neha,Kapoor,2026-08-15 20:58:21.924496,budget,0,desktop
9098,sneha.patel.165a62,sneha.patel.165a62@trendlytics.io,Sneha,Patel,2026-08-27 20:58:21.924496,luxury,0,tablet
9099,tanvi.sharma.c78aea,tanvi.sharma.c78aea@trendlytics.io,Tanvi,Sharma,2026-07-31 20:58:21.924496,trendsetter,0,mobile
9100,arjun.joshi.83395b,arjun.joshi.83395b@trendlytics.io,Arjun,Joshi,2026-08-29 20:58:21.924496,luxury,1,desktop
9101,arjun.iyer.3d852b,arjun.iyer.3d852b@trendlytics.io,Arjun,Iyer,2026-08-26 20:58:21.924496,occasional,1,desktop
9102,priya.kapoor.add4c8,priya.kapoor.add4c8@trendlytics.io,Priya,Kapoor,2026-08-08 20:58:21.924496,occasional,1,mobile
9103,tanvi.sen.ea4d9d,tanvi.sen.ea4d9d@trendlytics.io,Tanvi,Sen,2026-08-24 20:58:21.924496,occasional,0,mobile
9104,karan.iyer.70837d,karan.iyer.70837d@trendlytics.io,Karan,Iyer,2026-08-06 20:58:21.924496,trendsetter,0,mobile
9105,aditya.reddy.c7dc00,aditya.reddy.c7dc00@trendlytics.io,Aditya,Reddy,2026-07-30 20:58:21.924496,luxury,1,desktop
9106,arjun.das.ba1ff8,arjun.das.ba1ff8@trendlytics.io,Arjun,Das,2026-08-04 20:58:21.924496,budget,1,desktop
9107,neha.chopra.0bc613,neha.chopra.0bc613@trendlytics.io,Neha,Chopra,2026-08-16 20:58:21.924496,trendsetter,0,mobile
9108,rohan.sharma.84a224,rohan.sharma.84a224@trendlytics.io,Rohan,Sharma,2026-08-12 20:58:21.924496,budget,1,tablet
9109,ananya.singh.13481d,ananya.singh.13481d@trendlytics.io,Ananya,Singh,2026-08-24 20:58:21.924496,trendsetter,0,tablet
9110,arjun.patel.c2e12f,arjun.patel.c2e12f@trendlytics.io,Arjun,Patel,2026-08-17 20:58:21.924496,budget,0,desktop
9111,rohan.gupta.e4245a,rohan.gupta.e4245a@trendlytics.io,Rohan,Gupta,2026-08-26 20:58:21.924496,budget,0,desktop
9112,karan.joshi.1c32f8,karan.joshi.1c32f8@trendlytics.io,Karan,Joshi,2026-08-07 20:58:21.924496,trendsetter,0,desktop
9113,meera.gupta.1e397e,meera.gupta.1e397e@trendlytics.io,Meera,Gupta,2026-08-05 20:58:21.924496,occasional,1,desktop
9114,riya.kapoor.d253e2,riya.kapoor.d253e2@trendlytics.io,Riya,Kapoor,2026-08-17 20:58:21.924496,occasional,1,desktop
9115,sneha.das.d48483,sneha.das.d48483@trendlytics.io,Sneha,Das,2026-08-13 20:58:21.924496,occasional,0,mobile
9116,arjun.verma.972576,arjun.verma.972576@trendlytics.io,Arjun,Verma,2026-08-13 20:58:21.924496,occasional,1,mobile
9117,kabir.gupta.227dda,kabir.gupta.227dda@trendlytics.io,Kabir,Gupta,2026-08-23 20:58:21.924496,trendsetter,1,desktop
9118,priya.kapoor.38cd3d,priya.kapoor.38cd3d@trendlytics.io,Priya,Kapoor,2026-08-13 20:58:21.924496,trendsetter,0,mobile
9119,arjun.kapoor.6fafd8,arjun.kapoor.6fafd8@trendlytics.io,Arjun,Kapoor,2026-08-21 20:58:21.924496,luxury,0,mobile
9120,rohan.verma.1fe676,rohan.verma.1fe676@trendlytics.io,Rohan,Verma,2026-08-26 20:58:21.924496,trendsetter,1,desktop
9121,rahul.reddy.b23d68,rahul.reddy.b23d68@trendlytics.io,Rahul,Reddy,2026-08-20 20:58:21.924496,luxury,1,mobile
9122,meera.joshi.6387c3,meera.joshi.6387c3@trendlytics.io,Meera,Joshi,2026-08-04 20:58:21.924496,luxury,0,mobile
9123,arjun.joshi.4afda3,arjun.joshi.4afda3@trendlytics.io,Arjun,Joshi,2026-08-20 20:58:21.924496,budget,0,mobile
9124,karan.kapoor.d4a91f,karan.kapoor.d4a91f@trendlytics.io,Karan,Kapoor,2026-08-12 20:58:21.924496,budget,1,desktop
9125,kabir.sen.3c6718,kabir.sen.3c6718@trendlytics.io,Kabir,Sen,2026-08-21 20:58:21.924496,budget,1,mobile
9126,pooja.singh.27b545,pooja.singh.27b545@trendlytics.io,Pooja,Singh,2026-08-13 20:58:21.924496,luxury,1,desktop
9127,tanvi.joshi.bf1ae5,tanvi.joshi.bf1ae5@trendlytics.io,Tanvi,Joshi,2026-08-19 20:58:21.924496,occasional,0,desktop
9128,meera.das.0974c7,meera.das.0974c7@trendlytics.io,Meera,Das,2026-07-30 20:58:21.924496,trendsetter,0,desktop
9129,tanvi.singh.3ef7fe,tanvi.singh.3ef7fe@trendlytics.io,Tanvi,Singh,2026-08-14 20:58:21.924496,trendsetter,0,mobile
9130,aditya.gupta.d8e032,aditya.gupta.d8e032@trendlytics.io,Aditya,Gupta,2026-07-30 20:58:21.924496,occasional,0,mobile
9131,vikram.nair.119d65,vikram.nair.119d65@trendlytics.io,Vikram,Nair,2026-08-27 20:58:21.924496,occasional,0,mobile
9132,sneha.patel.7d756d,sneha.patel.7d756d@trendlytics.io,Sneha,Patel,2026-08-07 20:58:21.924496,occasional,1,mobile
9133,kabir.iyer.046858,kabir.iyer.046858@trendlytics.io,Kabir,Iyer,2026-08-20 20:58:21.924496,occasional,1,mobile
9134,meera.verma.c0ec64,meera.verma.c0ec64@trendlytics.io,Meera,Verma,2026-08-13 20:58:21.924496,luxury,0,desktop
9135,ananya.patel.78cd6c,ananya.patel.78cd6c@trendlytics.io,Ananya,Patel,2026-08-23 20:58:21.924496,luxury,0,desktop
9136,tanvi.patel.226e3d,tanvi.patel.226e3d@trendlytics.io,Tanvi,Patel,2026-08-06 20:58:21.924496,luxury,0,mobile
9137,rohan.iyer.77d39b,rohan.iyer.77d39b@trendlytics.io,Rohan,Iyer,2026-08-18 20:58:21.924496,trendsetter,0,desktop
9138,neha.gupta.266436,neha.gupta.266436@trendlytics.io,Neha,Gupta,2026-07-31 20:58:21.924496,occasional,1,desktop
9139,sneha.reddy.9d9ac7,sneha.reddy.9d9ac7@trendlytics.io,Sneha,Reddy,2026-07-30 20:58:21.924496,trendsetter,0,mobile
9140,vikram.chopra.94ea3d,vikram.chopra.94ea3d@trendlytics.io,Vikram,Chopra,2026-08-16 20:58:21.924496,budget,1,desktop
9141,neha.mehta.d61ca3,neha.mehta.d61ca3@trendlytics.io,Neha,Mehta,2026-08-01 20:58:21.924496,luxury,1,mobile
9142,ananya.chopra.647ffd,ananya.chopra.647ffd@trendlytics.io,Ananya,Chopra,2026-08-29 20:58:21.924496,trendsetter,1,desktop
9143,vikram.reddy.3edd4b,vikram.reddy.3edd4b@trendlytics.io,Vikram,Reddy,2026-08-18 20:58:21.924496,budget,1,mobile
9144,rahul.verma.53b122,rahul.verma.53b122@trendlytics.io,Rahul,Verma,2026-08-14 20:58:21.924496,budget,1,mobile
9145,pooja.singh.9d7fa2,pooja.singh.9d7fa2@trendlytics.io,Pooja,Singh,2026-08-26 20:58:21.924496,occasional,1,mobile
9146,priya.das.806942,priya.das.806942@trendlytics.io,Priya,Das,2026-08-25 20:58:21.924496,trendsetter,0,mobile
9147,karan.singh.82331a,karan.singh.82331a@trendlytics.io,Karan,Singh,2026-08-24 20:58:21.924496,luxury,0,desktop
9148,kabir.reddy.23dd20,kabir.reddy.23dd20@trendlytics.io,Kabir,Reddy,2026-08-04 20:58:21.924496,budget,1,mobile
9149,tanvi.patel.196dd8,tanvi.patel.196dd8@trendlytics.io,Tanvi,Patel,2026-08-10 20:58:21.924496,luxury,1,mobile
9150,rohan.singh.60ed1c,rohan.singh.60ed1c@trendlytics.io,Rohan,Singh,2026-07-31 20:58:21.924496,occasional,0,desktop
9151,tanvi.das.dfaebf,tanvi.das.dfaebf@trendlytics.io,Tanvi,Das,2026-08-07 20:58:21.924496,budget,0,mobile
9152,neha.kapoor.7d5a6e,neha.kapoor.7d5a6e@trendlytics.io,Neha,Kapoor,2026-08-07 20:58:21.924496,luxury,1,mobile
9153,arjun.iyer.21cb3c,arjun.iyer.21cb3c@trendlytics.io,Arjun,Iyer,2026-08-02 20:58:21.924496,trendsetter,0,desktop
9154,arjun.joshi.96439e,arjun.joshi.96439e@trendlytics.io,Arjun,Joshi,2026-08-12 20:58:21.924496,occasional,0,mobile
9155,neha.sen.66c596,neha.sen.66c596@trendlytics.io,Neha,Sen,2026-08-22 20:58:21.924496,occasional,1,desktop
9156,meera.nair.532676,meera.nair.532676@trendlytics.io,Meera,Nair,2026-08-15 20:58:21.924496,budget,0,mobile
9157,meera.banerjee.12fd40,meera.banerjee.12fd40@trendlytics.io,Meera,Banerjee,2026-08-11 20:58:21.924496,trendsetter,0,mobile
9158,rohan.singh.45bde6,rohan.singh.45bde6@trendlytics.io,Rohan,Singh,2026-08-21 20:58:21.924496,trendsetter,1,mobile
9159,priya.kapoor.8217e9,priya.kapoor.8217e9@trendlytics.io,Priya,Kapoor,2026-07-30 20:58:21.924496,occasional,1,mobile
9160,kabir.iyer.76fbf8,kabir.iyer.76fbf8@trendlytics.io,Kabir,Iyer,2026-08-27 20:58:21.924496,occasional,0,mobile
9161,aarav.das.07d1af,aarav.das.07d1af@trendlytics.io,Aarav,Das,2026-08-07 20:58:21.924496,trendsetter,0,desktop
9162,riya.sen.a0cc66,riya.sen.a0cc66@trendlytics.io,Riya,Sen,2026-08-06 20:58:21.924496,trendsetter,1,mobile
9163,meera.kapoor.d41d43,meera.kapoor.d41d43@trendlytics.io,Meera,Kapoor,2026-08-10 20:58:21.924496,budget,0,mobile
9164,tanvi.banerjee.f1ecbc,tanvi.banerjee.f1ecbc@trendlytics.io,Tanvi,Banerjee,2026-08-18 20:58:21.924496,budget,0,desktop
9165,aarav.sen.db88a0,aarav.sen.db88a0@trendlytics.io,Aarav,Sen,2026-08-05 20:58:21.924496,budget,1,tablet
9166,pooja.sharma.0f3e04,pooja.sharma.0f3e04@trendlytics.io,Pooja,Sharma,2026-08-08 20:58:21.924496,budget,0,mobile
9167,karan.iyer.e27261,karan.iyer.e27261@trendlytics.io,Karan,Iyer,2026-08-22 20:58:21.924496,luxury,0,desktop
9168,kabir.reddy.142d0d,kabir.reddy.142d0d@trendlytics.io,Kabir,Reddy,2026-08-02 20:58:21.924496,trendsetter,1,mobile
9169,rahul.mehta.c9635d,rahul.mehta.c9635d@trendlytics.io,Rahul,Mehta,2026-08-08 20:58:21.924496,occasional,0,mobile
9170,vikram.sen.8834bb,vikram.sen.8834bb@trendlytics.io,Vikram,Sen,2026-08-04 20:58:21.924496,budget,1,desktop
9171,kabir.joshi.f9a6c0,kabir.joshi.f9a6c0@trendlytics.io,Kabir,Joshi,2026-08-05 20:58:21.924496,luxury,0,mobile
9172,sneha.joshi.c5ea3c,sneha.joshi.c5ea3c@trendlytics.io,Sneha,Joshi,2026-08-11 20:58:21.924496,luxury,1,desktop
9173,aarav.singh.710192,aarav.singh.710192@trendlytics.io,Aarav,Singh,2026-07-30 20:58:21.924496,budget,0,mobile
9174,aarav.singh.c49fb4,aarav.singh.c49fb4@trendlytics.io,Aarav,Singh,2026-08-05 20:58:21.924496,luxury,0,mobile
9175,priya.verma.351d32,priya.verma.351d32@trendlytics.io,Priya,Verma,2026-07-31 20:58:21.924496,budget,0,mobile
9176,priya.reddy.cdffef,priya.reddy.cdffef@trendlytics.io,Priya,Reddy,2026-08-17 20:58:21.924496,luxury,1,desktop
9177,aditya.gupta.8d1277,aditya.gupta.8d1277@trendlytics.io,Aditya,Gupta,2026-08-08 20:58:21.924496,trendsetter,0,desktop
9178,ananya.joshi.c3b896,ananya.joshi.c3b896@trendlytics.io,Ananya,Joshi,2026-07-30 20:58:21.924496,luxury,1,mobile
9179,riya.kapoor.26b3ee,riya.kapoor.26b3ee@trendlytics.io,Riya,Kapoor,2026-08-13 20:58:21.924496,trendsetter,0,desktop
9180,aarav.iyer.44b723,aarav.iyer.44b723@trendlytics.io,Aarav,Iyer,2026-08-18 20:58:21.924496,luxury,1,mobile
9181,priya.nair.ecf9a8,priya.nair.ecf9a8@trendlytics.io,Priya,Nair,2026-08-21 20:58:21.924496,occasional,0,desktop
9182,neha.verma.ac11ad,neha.verma.ac11ad@trendlytics.io,Neha,Verma,2026-08-15 20:58:21.924496,budget,0,desktop
9183,rohan.joshi.c80ce1,rohan.joshi.c80ce1@trendlytics.io,Rohan,Joshi,2026-08-15 20:58:21.924496,trendsetter,0,desktop
9184,aarav.banerjee.9e9468,aarav.banerjee.9e9468@trendlytics.io,Aarav,Banerjee,2026-08-13 20:58:21.924496,budget,0,mobile
9185,neha.das.c70627,neha.das.c70627@trendlytics.io,Neha,Das,2026-07-30 20:58:21.924496,occasional,0,mobile
9186,rohan.joshi.7097bc,rohan.joshi.7097bc@trendlytics.io,Rohan,Joshi,2026-08-13 20:58:21.924496,occasional,0,mobile
9187,rahul.nair.4fdb63,rahul.nair.4fdb63@trendlytics.io,Rahul,Nair,2026-08-18 20:58:21.924496,budget,0,mobile
9188,rahul.gupta.0e9787,rahul.gupta.0e9787@trendlytics.io,Rahul,Gupta,2026-08-25 20:58:21.924496,occasional,0,mobile
9189,aarav.mehta.e3ce7f,aarav.mehta.e3ce7f@trendlytics.io,Aarav,Mehta,2026-08-16 20:58:21.924496,trendsetter,0,desktop
9190,ananya.kapoor.f51dc7,ananya.kapoor.f51dc7@trendlytics.io,Ananya,Kapoor,2026-08-05 20:58:21.924496,occasional,0,mobile
9191,vikram.mehta.758e47,vikram.mehta.758e47@trendlytics.io,Vikram,Mehta,2026-08-02 20:58:21.924496,trendsetter,0,mobile
9192,karan.das.4a6f16,karan.das.4a6f16@trendlytics.io,Karan,Das,2026-08-20 20:58:21.924496,trendsetter,1,mobile
9193,sneha.reddy.a7124a,sneha.reddy.a7124a@trendlytics.io,Sneha,Reddy,2026-08-29 20:58:21.924496,budget,0,mobile
9194,arjun.kapoor.69f7f2,arjun.kapoor.69f7f2@trendlytics.io,Arjun,Kapoor,2026-08-25 20:58:21.924496,luxury,0,mobile
9195,vikram.joshi.c2428c,vikram.joshi.c2428c@trendlytics.io,Vikram,Joshi,2026-08-09 20:58:21.924496,budget,0,desktop
9196,meera.iyer.e3c895,meera.iyer.e3c895@trendlytics.io,Meera,Iyer,2026-08-19 20:58:21.924496,budget,0,desktop
9197,ananya.singh.48d93d,ananya.singh.48d93d@trendlytics.io,Ananya,Singh,2026-08-25 20:58:21.924496,trendsetter,0,desktop
9198,aarav.chopra.9d0f8e,aarav.chopra.9d0f8e@trendlytics.io,Aarav,Chopra,2026-08-22 20:58:21.924496,occasional,0,mobile
9199,riya.mehta.9452fc,riya.mehta.9452fc@trendlytics.io,Riya,Mehta,2026-08-11 20:58:21.924496,occasional,1,desktop
9200,pooja.nair.6904aa,pooja.nair.6904aa@trendlytics.io,Pooja,Nair,2026-08-08 20:58:21.924496,occasional,0,mobile
9201,kabir.nair.b24730,kabir.nair.b24730@trendlytics.io,Kabir,Nair,2026-08-06 20:58:21.924496,occasional,1,mobile
9202,aarav.das.8a5cd4,aarav.das.8a5cd4@trendlytics.io,Aarav,Das,2026-07-30 20:58:21.924496,luxury,0,mobile
9203,ananya.kapoor.e66cf2,ananya.kapoor.e66cf2@trendlytics.io,Ananya,Kapoor,2026-08-28 20:58:21.924496,budget,0,mobile
9204,riya.gupta.9b2029,riya.gupta.9b2029@trendlytics.io,Riya,Gupta,2026-08-17 20:58:21.924496,luxury,1,mobile
9205,neha.kapoor.9c9d94,neha.kapoor.9c9d94@trendlytics.io,Neha,Kapoor,2026-08-02 20:58:21.924496,trendsetter,1,mobile
9206,rahul.iyer.86e4f7,rahul.iyer.86e4f7@trendlytics.io,Rahul,Iyer,2026-07-30 20:58:21.924496,luxury,0,desktop
9207,rohan.mehta.9881c5,rohan.mehta.9881c5@trendlytics.io,Rohan,Mehta,2026-08-07 20:58:21.924496,occasional,0,mobile
9208,pooja.kapoor.c36499,pooja.kapoor.c36499@trendlytics.io,Pooja,Kapoor,2026-08-20 20:58:21.924496,luxury,0,mobile
9209,tanvi.mehta.ed6bfe,tanvi.mehta.ed6bfe@trendlytics.io,Tanvi,Mehta,2026-08-17 20:58:21.924496,trendsetter,0,desktop
9210,arjun.banerjee.30f013,arjun.banerjee.30f013@trendlytics.io,Arjun,Banerjee,2026-08-05 20:58:21.924496,occasional,1,desktop
9211,tanvi.sen.5a24bf,tanvi.sen.5a24bf@trendlytics.io,Tanvi,Sen,2026-08-13 20:58:21.924496,trendsetter,0,mobile
9212,rohan.joshi.dd8101,rohan.joshi.dd8101@trendlytics.io,Rohan,Joshi,2026-07-31 20:58:21.924496,luxury,0,mobile
9213,kabir.banerjee.1cdfa5,kabir.banerjee.1cdfa5@trendlytics.io,Kabir,Banerjee,2026-08-24 20:58:21.924496,trendsetter,1,mobile
9214,sneha.singh.be2347,sneha.singh.be2347@trendlytics.io,Sneha,Singh,2026-08-24 20:58:21.924496,trendsetter,0,mobile
9215,arjun.chopra.f8aaad,arjun.chopra.f8aaad@trendlytics.io,Arjun,Chopra,2026-08-03 20:58:21.924496,occasional,0,mobile
9216,priya.kapoor.dceea0,priya.kapoor.dceea0@trendlytics.io,Priya,Kapoor,2026-08-18 20:58:21.924496,occasional,0,mobile
9217,meera.patel.bc63ed,meera.patel.bc63ed@trendlytics.io,Meera,Patel,2026-08-08 20:58:21.924496,trendsetter,1,mobile
9218,rahul.nair.0f32ec,rahul.nair.0f32ec@trendlytics.io,Rahul,Nair,2026-08-27 20:58:21.924496,occasional,0,mobile
9219,tanvi.das.1f4fa8,tanvi.das.1f4fa8@trendlytics.io,Tanvi,Das,2026-08-06 20:58:21.924496,budget,1,mobile
9220,ananya.iyer.a09235,ananya.iyer.a09235@trendlytics.io,Ananya,Iyer,2026-08-11 20:58:21.924496,budget,1,desktop
9221,arjun.kapoor.28cb39,arjun.kapoor.28cb39@trendlytics.io,Arjun,Kapoor,2026-08-25 20:58:21.924496,occasional,0,tablet
9222,rahul.banerjee.07e504,rahul.banerjee.07e504@trendlytics.io,Rahul,Banerjee,2026-08-21 20:58:21.924496,occasional,0,mobile
9223,karan.verma.4a7a58,karan.verma.4a7a58@trendlytics.io,Karan,Verma,2026-08-02 20:58:21.924496,occasional,1,mobile
9224,priya.iyer.6c9bc2,priya.iyer.6c9bc2@trendlytics.io,Priya,Iyer,2026-08-11 20:58:21.924496,occasional,1,desktop
9225,karan.joshi.b59099,karan.joshi.b59099@trendlytics.io,Karan,Joshi,2026-08-18 20:58:21.924496,occasional,1,mobile
9226,neha.iyer.19dcb4,neha.iyer.19dcb4@trendlytics.io,Neha,Iyer,2026-08-23 20:58:21.924496,luxury,1,mobile
9227,priya.iyer.e9cd0d,priya.iyer.e9cd0d@trendlytics.io,Priya,Iyer,2026-08-06 20:58:21.924496,budget,0,tablet
9228,sneha.singh.0793e5,sneha.singh.0793e5@trendlytics.io,Sneha,Singh,2026-08-05 20:58:21.924496,budget,0,mobile
9229,neha.verma.31e269,neha.verma.31e269@trendlytics.io,Neha,Verma,2026-08-11 20:58:21.924496,budget,1,mobile
9230,sneha.das.524b03,sneha.das.524b03@trendlytics.io,Sneha,Das,2026-07-30 20:58:21.924496,luxury,0,mobile
9231,aditya.sen.38beb1,aditya.sen.38beb1@trendlytics.io,Aditya,Sen,2026-07-31 20:58:21.924496,budget,0,mobile
9232,rohan.kapoor.4b0e22,rohan.kapoor.4b0e22@trendlytics.io,Rohan,Kapoor,2026-08-27 20:58:21.924496,budget,0,mobile
9233,vikram.patel.5acfd6,vikram.patel.5acfd6@trendlytics.io,Vikram,Patel,2026-08-25 20:58:21.924496,luxury,0,mobile
9234,meera.chopra.b4fe9e,meera.chopra.b4fe9e@trendlytics.io,Meera,Chopra,2026-08-16 20:58:21.924496,luxury,0,desktop
9235,pooja.das.81bd94,pooja.das.81bd94@trendlytics.io,Pooja,Das,2026-08-11 20:58:21.924496,luxury,0,desktop
9236,tanvi.joshi.a6ed8c,tanvi.joshi.a6ed8c@trendlytics.io,Tanvi,Joshi,2026-08-08 20:58:21.924496,trendsetter,1,mobile
9237,neha.banerjee.f033a6,neha.banerjee.f033a6@trendlytics.io,Neha,Banerjee,2026-08-01 20:58:21.924496,occasional,0,desktop
9238,kabir.sharma.567cca,kabir.sharma.567cca@trendlytics.io,Kabir,Sharma,2026-08-21 20:58:21.924496,trendsetter,1,mobile
9239,neha.joshi.1061f6,neha.joshi.1061f6@trendlytics.io,Neha,Joshi,2026-08-12 20:58:21.924496,budget,0,mobile
9240,arjun.verma.999197,arjun.verma.999197@trendlytics.io,Arjun,Verma,2026-08-09 20:58:21.924496,budget,1,desktop
9241,rohan.chopra.603450,rohan.chopra.603450@trendlytics.io,Rohan,Chopra,2026-08-24 20:58:21.924496,occasional,0,mobile
9242,priya.nair.9aa021,priya.nair.9aa021@trendlytics.io,Priya,Nair,2026-08-15 20:58:21.924496,occasional,1,desktop
9243,neha.gupta.5ad166,neha.gupta.5ad166@trendlytics.io,Neha,Gupta,2026-08-21 20:58:21.924496,budget,1,mobile
9244,rohan.sharma.502871,rohan.sharma.502871@trendlytics.io,Rohan,Sharma,2026-08-07 20:58:21.924496,trendsetter,1,mobile
9245,tanvi.patel.3ef05c,tanvi.patel.3ef05c@trendlytics.io,Tanvi,Patel,2026-08-26 20:58:21.924496,trendsetter,1,desktop
9246,kabir.nair.49f951,kabir.nair.49f951@trendlytics.io,Kabir,Nair,2026-08-01 20:58:21.924496,budget,0,desktop
9247,vikram.joshi.a9d7d0,vikram.joshi.a9d7d0@trendlytics.io,Vikram,Joshi,2026-08-14 20:58:21.924496,luxury,0,mobile
9248,aarav.verma.a47bca,aarav.verma.a47bca@trendlytics.io,Aarav,Verma,2026-08-01 20:58:21.924496,trendsetter,0,mobile
9249,priya.chopra.dc71e8,priya.chopra.dc71e8@trendlytics.io,Priya,Chopra,2026-08-03 20:58:21.924496,trendsetter,0,desktop
9250,aarav.gupta.6b27ed,aarav.gupta.6b27ed@trendlytics.io,Aarav,Gupta,2026-08-15 20:58:21.924496,luxury,0,mobile
9251,sneha.verma.9341c7,sneha.verma.9341c7@trendlytics.io,Sneha,Verma,2026-08-29 20:58:21.924496,luxury,1,desktop
9252,ananya.singh.b91c90,ananya.singh.b91c90@trendlytics.io,Ananya,Singh,2026-08-01 20:58:21.924496,budget,0,mobile
9253,priya.singh.e54ff5,priya.singh.e54ff5@trendlytics.io,Priya,Singh,2026-08-17 20:58:21.924496,trendsetter,1,mobile
9254,vikram.patel.f13f75,vikram.patel.f13f75@trendlytics.io,Vikram,Patel,2026-08-05 20:58:21.924496,luxury,0,mobile
9255,riya.gupta.816f79,riya.gupta.816f79@trendlytics.io,Riya,Gupta,2026-08-04 20:58:21.924496,luxury,1,mobile
9256,aarav.patel.f24e71,aarav.patel.f24e71@trendlytics.io,Aarav,Patel,2026-08-04 20:58:21.924496,luxury,0,mobile
9257,rohan.reddy.7fe3a5,rohan.reddy.7fe3a5@trendlytics.io,Rohan,Reddy,2026-08-26 20:58:21.924496,budget,0,mobile
9258,meera.joshi.c15deb,meera.joshi.c15deb@trendlytics.io,Meera,Joshi,2026-08-18 20:58:21.924496,budget,1,mobile
9259,kabir.reddy.e4e79c,kabir.reddy.e4e79c@trendlytics.io,Kabir,Reddy,2026-08-26 20:58:21.924496,luxury,0,mobile
9260,aditya.das.e034c8,aditya.das.e034c8@trendlytics.io,Aditya,Das,2026-08-22 20:58:21.924496,luxury,1,desktop
9261,karan.banerjee.6d7276,karan.banerjee.6d7276@trendlytics.io,Karan,Banerjee,2026-08-08 20:58:21.924496,luxury,1,mobile
9262,rahul.das.e7769d,rahul.das.e7769d@trendlytics.io,Rahul,Das,2026-08-03 20:58:21.924496,budget,0,mobile
9263,priya.joshi.fe66a9,priya.joshi.fe66a9@trendlytics.io,Priya,Joshi,2026-08-01 20:58:21.924496,budget,0,mobile
9264,neha.patel.5bf831,neha.patel.5bf831@trendlytics.io,Neha,Patel,2026-08-16 20:58:21.924496,budget,1,mobile
9265,priya.mehta.07fd7e,priya.mehta.07fd7e@trendlytics.io,Priya,Mehta,2026-08-04 20:58:21.924496,budget,1,mobile
9266,ananya.joshi.ef96ab,ananya.joshi.ef96ab@trendlytics.io,Ananya,Joshi,2026-08-15 20:58:21.924496,luxury,0,mobile
9267,sneha.patel.1916a2,sneha.patel.1916a2@trendlytics.io,Sneha,Patel,2026-08-05 20:58:21.924496,budget,0,mobile
9268,ananya.kapoor.c86b18,ananya.kapoor.c86b18@trendlytics.io,Ananya,Kapoor,2026-07-30 20:58:21.924496,occasional,1,mobile
9269,neha.patel.94da7f,neha.patel.94da7f@trendlytics.io,Neha,Patel,2026-08-05 20:58:21.924496,budget,0,mobile
9270,rahul.reddy.f27c37,rahul.reddy.f27c37@trendlytics.io,Rahul,Reddy,2026-08-05 20:58:21.924496,trendsetter,0,desktop
9271,rahul.joshi.ea360d,rahul.joshi.ea360d@trendlytics.io,Rahul,Joshi,2026-08-16 20:58:21.924496,luxury,1,mobile
9272,priya.sharma.440fa7,priya.sharma.440fa7@trendlytics.io,Priya,Sharma,2026-08-19 20:58:21.924496,budget,1,mobile
9273,karan.gupta.777d46,karan.gupta.777d46@trendlytics.io,Karan,Gupta,2026-08-03 20:58:21.924496,trendsetter,0,desktop
9274,ananya.reddy.28a86d,ananya.reddy.28a86d@trendlytics.io,Ananya,Reddy,2026-08-15 20:58:21.924496,occasional,0,mobile
9275,rohan.kapoor.c08bbf,rohan.kapoor.c08bbf@trendlytics.io,Rohan,Kapoor,2026-08-21 20:58:21.924496,trendsetter,0,desktop
9276,arjun.patel.50eb75,arjun.patel.50eb75@trendlytics.io,Arjun,Patel,2026-08-08 20:58:21.924496,budget,0,mobile
9277,karan.banerjee.53ee4a,karan.banerjee.53ee4a@trendlytics.io,Karan,Banerjee,2026-08-13 20:58:21.924496,trendsetter,1,desktop
9278,kabir.kapoor.7b3c98,kabir.kapoor.7b3c98@trendlytics.io,Kabir,Kapoor,2026-08-11 20:58:21.924496,luxury,0,mobile
9279,ananya.gupta.b389c8,ananya.gupta.b389c8@trendlytics.io,Ananya,Gupta,2026-08-23 20:58:21.924496,trendsetter,1,mobile
9280,tanvi.patel.068316,tanvi.patel.068316@trendlytics.io,Tanvi,Patel,2026-07-30 20:58:21.924496,budget,1,mobile
9281,aditya.singh.78eb4b,aditya.singh.78eb4b@trendlytics.io,Aditya,Singh,2026-08-17 20:58:21.924496,budget,0,mobile
9282,rohan.chopra.2f3a20,rohan.chopra.2f3a20@trendlytics.io,Rohan,Chopra,2026-08-09 20:58:21.924496,luxury,0,mobile
9283,kabir.sharma.bbd278,kabir.sharma.bbd278@trendlytics.io,Kabir,Sharma,2026-08-29 20:58:21.924496,occasional,1,mobile
9284,tanvi.joshi.651a94,tanvi.joshi.651a94@trendlytics.io,Tanvi,Joshi,2026-08-09 20:58:21.924496,luxury,0,mobile
9285,rahul.mehta.779e9a,rahul.mehta.779e9a@trendlytics.io,Rahul,Mehta,2026-08-04 20:58:21.924496,luxury,0,mobile
9286,pooja.mehta.23ad9a,pooja.mehta.23ad9a@trendlytics.io,Pooja,Mehta,2026-08-01 20:58:21.924496,trendsetter,1,mobile
9287,neha.banerjee.fd56a2,neha.banerjee.fd56a2@trendlytics.io,Neha,Banerjee,2026-08-22 20:58:21.924496,budget,0,mobile
9288,meera.nair.c0876a,meera.nair.c0876a@trendlytics.io,Meera,Nair,2026-08-04 20:58:21.924496,budget,1,mobile
9289,kabir.singh.ad1d38,kabir.singh.ad1d38@trendlytics.io,Kabir,Singh,2026-08-18 20:58:21.924496,budget,1,mobile
9290,priya.chopra.be6186,priya.chopra.be6186@trendlytics.io,Priya,Chopra,2026-07-31 20:58:21.924496,luxury,0,mobile
9291,rahul.nair.8b07d4,rahul.nair.8b07d4@trendlytics.io,Rahul,Nair,2026-08-25 20:58:21.924496,trendsetter,1,mobile
9292,rahul.sharma.e23e03,rahul.sharma.e23e03@trendlytics.io,Rahul,Sharma,2026-08-23 20:58:21.924496,trendsetter,1,mobile
9293,rohan.singh.57bc28,rohan.singh.57bc28@trendlytics.io,Rohan,Singh,2026-07-30 20:58:21.924496,trendsetter,0,mobile
9294,vikram.iyer.68fec8,vikram.iyer.68fec8@trendlytics.io,Vikram,Iyer,2026-08-22 20:58:21.924496,trendsetter,1,mobile
9295,tanvi.kapoor.40ca2e,tanvi.kapoor.40ca2e@trendlytics.io,Tanvi,Kapoor,2026-08-24 20:58:21.924496,luxury,0,mobile
9296,aditya.joshi.b41773,aditya.joshi.b41773@trendlytics.io,Aditya,Joshi,2026-08-26 20:58:21.924496,luxury,0,mobile
9297,neha.sharma.9d1f4d,neha.sharma.9d1f4d@trendlytics.io,Neha,Sharma,2026-08-18 20:58:21.924496,luxury,0,mobile
9298,karan.sen.a6ba03,karan.sen.a6ba03@trendlytics.io,Karan,Sen,2026-08-10 20:58:21.924496,occasional,1,mobile
9299,sneha.iyer.59cce9,sneha.iyer.59cce9@trendlytics.io,Sneha,Iyer,2026-08-23 20:58:21.924496,luxury,0,mobile
9300,aarav.joshi.52f525,aarav.joshi.52f525@trendlytics.io,Aarav,Joshi,2026-08-23 20:58:21.924496,budget,1,mobile
9301,riya.verma.82a453,riya.verma.82a453@trendlytics.io,Riya,Verma,2026-08-04 20:58:21.924496,trendsetter,1,mobile
9302,rohan.mehta.a2f3fe,rohan.mehta.a2f3fe@trendlytics.io,Rohan,Mehta,2026-08-20 20:58:21.924496,budget,1,desktop
9303,aditya.das.dbbe9f,aditya.das.dbbe9f@trendlytics.io,Aditya,Das,2026-08-28 20:58:21.924496,budget,1,desktop
9304,tanvi.sen.9507ee,tanvi.sen.9507ee@trendlytics.io,Tanvi,Sen,2026-08-14 20:58:21.924496,occasional,0,mobile
9305,tanvi.das.e58eb0,tanvi.das.e58eb0@trendlytics.io,Tanvi,Das,2026-08-06 20:58:21.924496,trendsetter,1,mobile
9306,tanvi.reddy.655179,tanvi.reddy.655179@trendlytics.io,Tanvi,Reddy,2026-08-02 20:58:21.924496,budget,0,desktop
9307,meera.iyer.b1fa19,meera.iyer.b1fa19@trendlytics.io,Meera,Iyer,2026-08-25 20:58:21.924496,budget,0,tablet
9308,neha.sen.18d06e,neha.sen.18d06e@trendlytics.io,Neha,Sen,2026-08-06 20:58:21.924496,luxury,0,desktop
9309,riya.reddy.408796,riya.reddy.408796@trendlytics.io,Riya,Reddy,2026-08-09 20:58:21.924496,occasional,0,mobile
9310,sneha.patel.6b7abf,sneha.patel.6b7abf@trendlytics.io,Sneha,Patel,2026-08-17 20:58:21.924496,luxury,1,mobile
9311,rahul.joshi.f84dfd,rahul.joshi.f84dfd@trendlytics.io,Rahul,Joshi,2026-08-22 20:58:21.924496,trendsetter,1,mobile
9312,karan.das.8687a6,karan.das.8687a6@trendlytics.io,Karan,Das,2026-08-02 20:58:21.924496,luxury,1,desktop
9313,rohan.das.8d2c73,rohan.das.8d2c73@trendlytics.io,Rohan,Das,2026-07-30 20:58:21.924496,budget,1,mobile
9314,rohan.iyer.d6bb81,rohan.iyer.d6bb81@trendlytics.io,Rohan,Iyer,2026-08-16 20:58:21.924496,trendsetter,0,mobile
9315,vikram.chopra.38ec2d,vikram.chopra.38ec2d@trendlytics.io,Vikram,Chopra,2026-08-12 20:58:21.924496,trendsetter,1,desktop
9316,meera.mehta.4758af,meera.mehta.4758af@trendlytics.io,Meera,Mehta,2026-07-30 20:58:21.924496,budget,1,mobile
9317,pooja.joshi.0edb59,pooja.joshi.0edb59@trendlytics.io,Pooja,Joshi,2026-08-06 20:58:21.924496,trendsetter,0,mobile
9318,tanvi.verma.6f4a57,tanvi.verma.6f4a57@trendlytics.io,Tanvi,Verma,2026-08-19 20:58:21.924496,luxury,0,mobile
9319,meera.verma.7d2c08,meera.verma.7d2c08@trendlytics.io,Meera,Verma,2026-08-25 20:58:21.924496,budget,0,mobile
9320,vikram.mehta.e1f890,vikram.mehta.e1f890@trendlytics.io,Vikram,Mehta,2026-08-19 20:58:21.924496,occasional,1,mobile
9321,tanvi.verma.79b712,tanvi.verma.79b712@trendlytics.io,Tanvi,Verma,2026-08-20 20:58:21.924496,trendsetter,1,mobile
9322,aditya.banerjee.9f9b8d,aditya.banerjee.9f9b8d@trendlytics.io,Aditya,Banerjee,2026-08-01 20:58:21.924496,budget,0,mobile
9323,tanvi.sen.c1d256,tanvi.sen.c1d256@trendlytics.io,Tanvi,Sen,2026-08-03 20:58:21.924496,budget,1,mobile
9324,rohan.banerjee.316fee,rohan.banerjee.316fee@trendlytics.io,Rohan,Banerjee,2026-08-24 20:58:21.924496,budget,0,mobile
9325,arjun.patel.dda1ef,arjun.patel.dda1ef@trendlytics.io,Arjun,Patel,2026-08-16 20:58:21.924496,budget,0,tablet
9326,rahul.nair.0ad6c4,rahul.nair.0ad6c4@trendlytics.io,Rahul,Nair,2026-08-29 20:58:21.924496,trendsetter,1,desktop
9327,neha.banerjee.e229e7,neha.banerjee.e229e7@trendlytics.io,Neha,Banerjee,2026-08-12 20:58:21.924496,luxury,0,tablet
9328,aarav.mehta.145504,aarav.mehta.145504@trendlytics.io,Aarav,Mehta,2026-08-18 20:58:21.924496,trendsetter,1,mobile
9329,tanvi.singh.bbb44a,tanvi.singh.bbb44a@trendlytics.io,Tanvi,Singh,2026-08-04 20:58:21.924496,occasional,0,desktop
9330,priya.verma.3a7daa,priya.verma.3a7daa@trendlytics.io,Priya,Verma,2026-08-21 20:58:21.924496,occasional,0,desktop
9331,ananya.joshi.4a6079,ananya.joshi.4a6079@trendlytics.io,Ananya,Joshi,2026-08-26 20:58:21.924496,trendsetter,0,mobile
9332,rohan.iyer.c358c3,rohan.iyer.c358c3@trendlytics.io,Rohan,Iyer,2026-08-27 20:58:21.924496,budget,0,desktop
9333,sneha.patel.db49f4,sneha.patel.db49f4@trendlytics.io,Sneha,Patel,2026-08-15 20:58:21.924496,trendsetter,1,mobile
9334,karan.patel.58f6dc,karan.patel.58f6dc@trendlytics.io,Karan,Patel,2026-08-10 20:58:21.924496,trendsetter,0,mobile
9335,arjun.sharma.0468be,arjun.sharma.0468be@trendlytics.io,Arjun,Sharma,2026-08-15 20:58:21.924496,luxury,0,mobile
9336,kabir.singh.7a41c2,kabir.singh.7a41c2@trendlytics.io,Kabir,Singh,2026-08-04 20:58:21.924496,occasional,1,mobile
9337,ananya.reddy.4af8ef,ananya.reddy.4af8ef@trendlytics.io,Ananya,Reddy,2026-08-16 20:58:21.924496,occasional,0,mobile
9338,vikram.sharma.daf507,vikram.sharma.daf507@trendlytics.io,Vikram,Sharma,2026-08-20 20:58:21.924496,occasional,0,desktop
9339,sneha.reddy.89c1f9,sneha.reddy.89c1f9@trendlytics.io,Sneha,Reddy,2026-08-17 20:58:21.924496,luxury,1,desktop
9340,karan.verma.8942d6,karan.verma.8942d6@trendlytics.io,Karan,Verma,2026-08-13 20:58:21.924496,occasional,0,mobile
9341,karan.das.34d4d9,karan.das.34d4d9@trendlytics.io,Karan,Das,2026-08-24 20:58:21.924496,trendsetter,1,desktop
9342,sneha.chopra.eadfcf,sneha.chopra.eadfcf@trendlytics.io,Sneha,Chopra,2026-08-20 20:58:21.924496,trendsetter,1,mobile
9343,kabir.joshi.e98e3b,kabir.joshi.e98e3b@trendlytics.io,Kabir,Joshi,2026-08-10 20:58:21.924496,budget,0,mobile
9344,aditya.banerjee.226be6,aditya.banerjee.226be6@trendlytics.io,Aditya,Banerjee,2026-08-05 20:58:21.924496,occasional,0,mobile
9345,aditya.singh.c331dd,aditya.singh.c331dd@trendlytics.io,Aditya,Singh,2026-08-21 20:58:21.924496,trendsetter,0,mobile
9346,priya.kapoor.8092a5,priya.kapoor.8092a5@trendlytics.io,Priya,Kapoor,2026-08-25 20:58:21.924496,occasional,0,mobile
9347,meera.nair.14724a,meera.nair.14724a@trendlytics.io,Meera,Nair,2026-08-23 20:58:21.924496,trendsetter,1,tablet
9348,tanvi.das.0f4aa7,tanvi.das.0f4aa7@trendlytics.io,Tanvi,Das,2026-08-06 20:58:21.924496,luxury,0,mobile
9349,aarav.mehta.1cfa2f,aarav.mehta.1cfa2f@trendlytics.io,Aarav,Mehta,2026-08-28 20:58:21.924496,luxury,0,desktop
9350,rohan.das.918bf7,rohan.das.918bf7@trendlytics.io,Rohan,Das,2026-07-31 20:58:21.924496,budget,0,mobile
9351,tanvi.joshi.7f390c,tanvi.joshi.7f390c@trendlytics.io,Tanvi,Joshi,2026-08-21 20:58:21.924496,luxury,0,mobile
9352,rahul.mehta.272f3c,rahul.mehta.272f3c@trendlytics.io,Rahul,Mehta,2026-08-22 20:58:21.924496,trendsetter,1,mobile
9353,meera.iyer.eeb367,meera.iyer.eeb367@trendlytics.io,Meera,Iyer,2026-08-20 20:58:21.924496,luxury,0,desktop
9354,rahul.iyer.f13088,rahul.iyer.f13088@trendlytics.io,Rahul,Iyer,2026-08-16 20:58:21.924496,luxury,1,desktop
9355,pooja.chopra.dcb368,pooja.chopra.dcb368@trendlytics.io,Pooja,Chopra,2026-08-26 20:58:21.924496,trendsetter,1,mobile
9356,priya.das.ebc7ac,priya.das.ebc7ac@trendlytics.io,Priya,Das,2026-08-10 20:58:21.924496,luxury,1,tablet
9357,arjun.banerjee.423f4a,arjun.banerjee.423f4a@trendlytics.io,Arjun,Banerjee,2026-08-25 20:58:21.924496,budget,0,desktop
9358,aditya.sharma.4ac0c2,aditya.sharma.4ac0c2@trendlytics.io,Aditya,Sharma,2026-08-14 20:58:21.924496,occasional,0,mobile
9359,aditya.das.988306,aditya.das.988306@trendlytics.io,Aditya,Das,2026-08-10 20:58:21.924496,occasional,0,mobile
9360,karan.mehta.5e833a,karan.mehta.5e833a@trendlytics.io,Karan,Mehta,2026-08-25 20:58:21.924496,budget,1,mobile
9361,ananya.banerjee.07d0a5,ananya.banerjee.07d0a5@trendlytics.io,Ananya,Banerjee,2026-08-03 20:58:21.924496,occasional,0,mobile
9362,karan.das.b1ef9d,karan.das.b1ef9d@trendlytics.io,Karan,Das,2026-08-12 20:58:21.924496,luxury,1,mobile
9363,meera.joshi.31b141,meera.joshi.31b141@trendlytics.io,Meera,Joshi,2026-08-11 20:58:21.924496,budget,1,mobile
9364,rohan.chopra.d7dbea,rohan.chopra.d7dbea@trendlytics.io,Rohan,Chopra,2026-08-06 20:58:21.924496,luxury,0,mobile
9365,karan.das.8a6161,karan.das.8a6161@trendlytics.io,Karan,Das,2026-08-09 20:58:21.924496,budget,0,desktop
9366,pooja.joshi.abf00a,pooja.joshi.abf00a@trendlytics.io,Pooja,Joshi,2026-08-18 20:58:21.924496,budget,0,desktop
9367,priya.gupta.559998,priya.gupta.559998@trendlytics.io,Priya,Gupta,2026-08-03 20:58:21.924496,trendsetter,0,mobile
9368,tanvi.singh.d96edf,tanvi.singh.d96edf@trendlytics.io,Tanvi,Singh,2026-08-24 20:58:21.924496,trendsetter,1,desktop
9369,riya.patel.cc6672,riya.patel.cc6672@trendlytics.io,Riya,Patel,2026-08-08 20:58:21.924496,luxury,0,mobile
9370,tanvi.das.c0298d,tanvi.das.c0298d@trendlytics.io,Tanvi,Das,2026-08-19 20:58:21.924496,budget,1,mobile
9371,neha.sharma.1cdda7,neha.sharma.1cdda7@trendlytics.io,Neha,Sharma,2026-08-02 20:58:21.924496,trendsetter,0,desktop
9372,karan.reddy.b7d041,karan.reddy.b7d041@trendlytics.io,Karan,Reddy,2026-08-27 20:58:21.924496,budget,1,mobile
9373,sneha.singh.01988d,sneha.singh.01988d@trendlytics.io,Sneha,Singh,2026-08-25 20:58:21.924496,trendsetter,0,mobile
9374,ananya.kapoor.fead78,ananya.kapoor.fead78@trendlytics.io,Ananya,Kapoor,2026-08-23 20:58:21.924496,occasional,1,desktop
9375,vikram.joshi.8e003f,vikram.joshi.8e003f@trendlytics.io,Vikram,Joshi,2026-08-05 20:58:21.924496,occasional,0,tablet
9376,kabir.joshi.ab55bf,kabir.joshi.ab55bf@trendlytics.io,Kabir,Joshi,2026-08-03 20:58:21.924496,trendsetter,0,desktop
9377,vikram.nair.d239e7,vikram.nair.d239e7@trendlytics.io,Vikram,Nair,2026-08-16 20:58:21.924496,luxury,0,tablet
9378,vikram.banerjee.aa4999,vikram.banerjee.aa4999@trendlytics.io,Vikram,Banerjee,2026-08-03 20:58:21.924496,trendsetter,1,mobile
9379,rahul.joshi.38f1a8,rahul.joshi.38f1a8@trendlytics.io,Rahul,Joshi,2026-08-04 20:58:21.924496,luxury,1,mobile
9380,karan.banerjee.7c1562,karan.banerjee.7c1562@trendlytics.io,Karan,Banerjee,2026-07-31 20:58:21.924496,budget,1,mobile
9381,pooja.sharma.504a83,pooja.sharma.504a83@trendlytics.io,Pooja,Sharma,2026-08-19 20:58:21.924496,occasional,0,mobile
9382,priya.das.531839,priya.das.531839@trendlytics.io,Priya,Das,2026-08-29 20:58:21.924496,occasional,0,mobile
9383,neha.patel.a776b6,neha.patel.a776b6@trendlytics.io,Neha,Patel,2026-08-08 20:58:21.924496,occasional,0,mobile
9384,kabir.mehta.ea2db4,kabir.mehta.ea2db4@trendlytics.io,Kabir,Mehta,2026-08-05 20:58:21.924496,occasional,0,tablet
9385,arjun.joshi.9c85e1,arjun.joshi.9c85e1@trendlytics.io,Arjun,Joshi,2026-07-31 20:58:21.924496,occasional,0,mobile
9386,priya.kapoor.862172,priya.kapoor.862172@trendlytics.io,Priya,Kapoor,2026-08-21 20:58:21.924496,luxury,0,desktop
9387,kabir.singh.f3d3b7,kabir.singh.f3d3b7@trendlytics.io,Kabir,Singh,2026-08-28 20:58:21.924496,trendsetter,1,desktop
9388,tanvi.banerjee.8bcf38,tanvi.banerjee.8bcf38@trendlytics.io,Tanvi,Banerjee,2026-08-07 20:58:21.924496,trendsetter,0,tablet
9389,kabir.kapoor.5b9ac7,kabir.kapoor.5b9ac7@trendlytics.io,Kabir,Kapoor,2026-08-25 20:58:21.924496,luxury,1,mobile
9390,priya.gupta.3712dd,priya.gupta.3712dd@trendlytics.io,Priya,Gupta,2026-08-13 20:58:21.924496,budget,1,mobile
9391,vikram.banerjee.61b35d,vikram.banerjee.61b35d@trendlytics.io,Vikram,Banerjee,2026-08-29 20:58:21.924496,luxury,0,mobile
9392,ananya.iyer.bd6eaf,ananya.iyer.bd6eaf@trendlytics.io,Ananya,Iyer,2026-08-29 20:58:21.924496,occasional,0,desktop
9393,aditya.sharma.558de8,aditya.sharma.558de8@trendlytics.io,Aditya,Sharma,2026-08-15 20:58:21.924496,occasional,1,mobile
9394,rahul.joshi.e417c1,rahul.joshi.e417c1@trendlytics.io,Rahul,Joshi,2026-08-13 20:58:21.924496,luxury,1,mobile
9395,aarav.nair.8d036f,aarav.nair.8d036f@trendlytics.io,Aarav,Nair,2026-07-31 20:58:21.924496,luxury,1,desktop
9396,kabir.sen.8b6129,kabir.sen.8b6129@trendlytics.io,Kabir,Sen,2026-08-17 20:58:21.924496,budget,1,mobile
9397,pooja.mehta.d6a044,pooja.mehta.d6a044@trendlytics.io,Pooja,Mehta,2026-08-06 20:58:21.924496,trendsetter,1,mobile
9398,neha.joshi.aec397,neha.joshi.aec397@trendlytics.io,Neha,Joshi,2026-08-04 20:58:21.924496,budget,1,mobile
9399,tanvi.sharma.52bed6,tanvi.sharma.52bed6@trendlytics.io,Tanvi,Sharma,2026-08-20 20:58:21.924496,budget,0,mobile
9400,priya.das.3d3b2e,priya.das.3d3b2e@trendlytics.io,Priya,Das,2026-08-01 20:58:21.924496,luxury,1,mobile
9401,kabir.nair.e2bd9e,kabir.nair.e2bd9e@trendlytics.io,Kabir,Nair,2026-08-19 20:58:21.924496,occasional,1,mobile
9402,aditya.singh.37d918,aditya.singh.37d918@trendlytics.io,Aditya,Singh,2026-08-05 20:58:21.924496,trendsetter,1,mobile
9403,pooja.verma.e4c8fe,pooja.verma.e4c8fe@trendlytics.io,Pooja,Verma,2026-08-12 20:58:21.924496,luxury,0,mobile
9404,vikram.gupta.c1e4d9,vikram.gupta.c1e4d9@trendlytics.io,Vikram,Gupta,2026-08-05 20:58:21.924496,budget,1,mobile
9405,pooja.sen.ba7e0c,pooja.sen.ba7e0c@trendlytics.io,Pooja,Sen,2026-08-09 20:58:21.924496,trendsetter,1,mobile
9406,sneha.chopra.925885,sneha.chopra.925885@trendlytics.io,Sneha,Chopra,2026-08-16 20:58:21.924496,budget,0,mobile
9407,neha.sen.3c389b,neha.sen.3c389b@trendlytics.io,Neha,Sen,2026-08-24 20:58:21.924496,trendsetter,0,desktop
9408,vikram.kapoor.16075e,vikram.kapoor.16075e@trendlytics.io,Vikram,Kapoor,2026-08-05 20:58:21.924496,occasional,1,mobile
9409,sneha.verma.e14430,sneha.verma.e14430@trendlytics.io,Sneha,Verma,2026-08-26 20:58:21.924496,occasional,1,mobile
9410,riya.singh.0c7664,riya.singh.0c7664@trendlytics.io,Riya,Singh,2026-08-17 20:58:21.924496,occasional,1,mobile
9411,sneha.patel.f3e636,sneha.patel.f3e636@trendlytics.io,Sneha,Patel,2026-08-10 20:58:21.924496,luxury,0,mobile
9412,rohan.sen.3a1795,rohan.sen.3a1795@trendlytics.io,Rohan,Sen,2026-08-25 20:58:21.924496,trendsetter,0,desktop
9413,karan.iyer.11e090,karan.iyer.11e090@trendlytics.io,Karan,Iyer,2026-08-25 20:58:21.924496,luxury,0,mobile
9414,sneha.banerjee.23daa0,sneha.banerjee.23daa0@trendlytics.io,Sneha,Banerjee,2026-08-27 20:58:21.924496,occasional,1,mobile
9415,tanvi.gupta.dff648,tanvi.gupta.dff648@trendlytics.io,Tanvi,Gupta,2026-08-26 20:58:21.924496,trendsetter,0,tablet
9416,riya.banerjee.cee848,riya.banerjee.cee848@trendlytics.io,Riya,Banerjee,2026-08-24 20:58:21.924496,luxury,1,desktop
9417,riya.kapoor.77d142,riya.kapoor.77d142@trendlytics.io,Riya,Kapoor,2026-08-23 20:58:21.924496,budget,0,mobile
9418,neha.gupta.60b606,neha.gupta.60b606@trendlytics.io,Neha,Gupta,2026-08-18 20:58:21.924496,luxury,1,mobile
9419,karan.sen.01597d,karan.sen.01597d@trendlytics.io,Karan,Sen,2026-08-11 20:58:21.924496,trendsetter,1,mobile
9420,karan.das.0d8f42,karan.das.0d8f42@trendlytics.io,Karan,Das,2026-08-05 20:58:21.924496,luxury,0,mobile
9421,sneha.reddy.3fbf9a,sneha.reddy.3fbf9a@trendlytics.io,Sneha,Reddy,2026-08-15 20:58:21.924496,occasional,1,mobile
9422,rahul.mehta.70c8c4,rahul.mehta.70c8c4@trendlytics.io,Rahul,Mehta,2026-08-10 20:58:21.924496,budget,0,mobile
9423,priya.iyer.3b25ad,priya.iyer.3b25ad@trendlytics.io,Priya,Iyer,2026-08-03 20:58:21.924496,luxury,1,mobile
9424,priya.nair.1e80b2,priya.nair.1e80b2@trendlytics.io,Priya,Nair,2026-08-01 20:58:21.924496,budget,1,tablet
9425,ananya.banerjee.2e218c,ananya.banerjee.2e218c@trendlytics.io,Ananya,Banerjee,2026-08-18 20:58:21.924496,trendsetter,0,desktop
9426,aarav.mehta.58d25f,aarav.mehta.58d25f@trendlytics.io,Aarav,Mehta,2026-08-23 20:58:21.924496,occasional,0,desktop
9427,aditya.singh.5babae,aditya.singh.5babae@trendlytics.io,Aditya,Singh,2026-08-18 20:58:21.924496,luxury,1,desktop
9428,kabir.iyer.3732ee,kabir.iyer.3732ee@trendlytics.io,Kabir,Iyer,2026-08-13 20:58:21.924496,occasional,1,mobile
9429,ananya.gupta.d6e699,ananya.gupta.d6e699@trendlytics.io,Ananya,Gupta,2026-08-29 20:58:21.924496,trendsetter,1,mobile
9430,aarav.chopra.a4d0c0,aarav.chopra.a4d0c0@trendlytics.io,Aarav,Chopra,2026-08-01 20:58:21.924496,budget,0,mobile
9431,aarav.sen.f250d8,aarav.sen.f250d8@trendlytics.io,Aarav,Sen,2026-08-20 20:58:21.924496,occasional,1,mobile
9432,rohan.sharma.10dfac,rohan.sharma.10dfac@trendlytics.io,Rohan,Sharma,2026-08-09 20:58:21.924496,budget,1,mobile
9433,vikram.banerjee.9cd6c3,vikram.banerjee.9cd6c3@trendlytics.io,Vikram,Banerjee,2026-08-26 20:58:21.924496,occasional,0,desktop
9434,rahul.patel.6411f9,rahul.patel.6411f9@trendlytics.io,Rahul,Patel,2026-08-24 20:58:21.924496,luxury,1,mobile
9435,karan.chopra.1be0cb,karan.chopra.1be0cb@trendlytics.io,Karan,Chopra,2026-08-01 20:58:21.924496,trendsetter,1,mobile
9436,neha.gupta.a68d5f,neha.gupta.a68d5f@trendlytics.io,Neha,Gupta,2026-08-04 20:58:21.924496,budget,1,mobile
9437,ananya.singh.b5aeec,ananya.singh.b5aeec@trendlytics.io,Ananya,Singh,2026-08-25 20:58:21.924496,budget,0,desktop
9438,neha.banerjee.6fcd5c,neha.banerjee.6fcd5c@trendlytics.io,Neha,Banerjee,2026-08-09 20:58:21.924496,trendsetter,0,mobile
9439,neha.nair.a8ee48,neha.nair.a8ee48@trendlytics.io,Neha,Nair,2026-08-12 20:58:21.924496,luxury,1,desktop
9440,meera.chopra.f6c73c,meera.chopra.f6c73c@trendlytics.io,Meera,Chopra,2026-08-24 20:58:21.924496,trendsetter,0,mobile
9441,rahul.iyer.5db9e5,rahul.iyer.5db9e5@trendlytics.io,Rahul,Iyer,2026-08-05 20:58:21.924496,luxury,0,desktop
9442,karan.banerjee.618510,karan.banerjee.618510@trendlytics.io,Karan,Banerjee,2026-08-15 20:58:21.924496,budget,1,mobile
9443,ananya.patel.87cbe6,ananya.patel.87cbe6@trendlytics.io,Ananya,Patel,2026-07-31 20:58:21.924496,occasional,1,mobile
9444,tanvi.iyer.ad02e0,tanvi.iyer.ad02e0@trendlytics.io,Tanvi,Iyer,2026-08-25 20:58:21.924496,luxury,0,mobile
9445,kabir.singh.c7ab17,kabir.singh.c7ab17@trendlytics.io,Kabir,Singh,2026-08-27 20:58:21.924496,occasional,0,desktop
9446,rohan.kapoor.878ccc,rohan.kapoor.878ccc@trendlytics.io,Rohan,Kapoor,2026-08-02 20:58:21.924496,trendsetter,1,desktop
9447,karan.das.ab9bf3,karan.das.ab9bf3@trendlytics.io,Karan,Das,2026-08-04 20:58:21.924496,luxury,1,mobile
9448,neha.sharma.004786,neha.sharma.004786@trendlytics.io,Neha,Sharma,2026-08-10 20:58:21.924496,occasional,1,mobile
9449,arjun.banerjee.e2bce0,arjun.banerjee.e2bce0@trendlytics.io,Arjun,Banerjee,2026-08-15 20:58:21.924496,budget,0,desktop
9450,riya.kapoor.68a7f9,riya.kapoor.68a7f9@trendlytics.io,Riya,Kapoor,2026-08-10 20:58:21.924496,trendsetter,1,desktop
9451,aarav.nair.6c57f2,aarav.nair.6c57f2@trendlytics.io,Aarav,Nair,2026-08-03 20:58:21.924496,budget,1,mobile
9452,sneha.nair.6b4e57,sneha.nair.6b4e57@trendlytics.io,Sneha,Nair,2026-08-29 20:58:21.924496,occasional,1,mobile
9453,aditya.singh.ff0ba1,aditya.singh.ff0ba1@trendlytics.io,Aditya,Singh,2026-08-03 20:58:21.924496,trendsetter,1,mobile
9454,priya.das.97fef7,priya.das.97fef7@trendlytics.io,Priya,Das,2026-08-13 20:58:21.924496,luxury,1,mobile
9455,neha.kapoor.2005b5,neha.kapoor.2005b5@trendlytics.io,Neha,Kapoor,2026-08-03 20:58:21.924496,luxury,1,desktop
9456,neha.iyer.9109e8,neha.iyer.9109e8@trendlytics.io,Neha,Iyer,2026-08-17 20:58:21.924496,luxury,0,desktop
9457,rohan.gupta.636a33,rohan.gupta.636a33@trendlytics.io,Rohan,Gupta,2026-08-28 20:58:21.924496,trendsetter,0,mobile
9458,riya.mehta.9a1a0c,riya.mehta.9a1a0c@trendlytics.io,Riya,Mehta,2026-08-26 20:58:21.924496,budget,1,desktop
9459,ananya.joshi.1c9d10,ananya.joshi.1c9d10@trendlytics.io,Ananya,Joshi,2026-08-09 20:58:21.924496,luxury,0,desktop
9460,karan.sen.b1a849,karan.sen.b1a849@trendlytics.io,Karan,Sen,2026-08-02 20:58:21.924496,budget,1,tablet
9461,riya.iyer.c30991,riya.iyer.c30991@trendlytics.io,Riya,Iyer,2026-08-12 20:58:21.924496,trendsetter,1,desktop
9462,pooja.kapoor.9f73d4,pooja.kapoor.9f73d4@trendlytics.io,Pooja,Kapoor,2026-08-28 20:58:21.924496,trendsetter,0,tablet
9463,aditya.joshi.7784aa,aditya.joshi.7784aa@trendlytics.io,Aditya,Joshi,2026-08-06 20:58:21.924496,trendsetter,0,mobile
9464,tanvi.joshi.e0ddc0,tanvi.joshi.e0ddc0@trendlytics.io,Tanvi,Joshi,2026-08-13 20:58:21.924496,occasional,0,desktop
9465,priya.chopra.df2112,priya.chopra.df2112@trendlytics.io,Priya,Chopra,2026-08-08 20:58:21.924496,budget,0,mobile
9466,priya.singh.2ab6dd,priya.singh.2ab6dd@trendlytics.io,Priya,Singh,2026-08-14 20:58:21.924496,budget,0,mobile
9467,arjun.joshi.8b293f,arjun.joshi.8b293f@trendlytics.io,Arjun,Joshi,2026-07-31 20:58:21.924496,budget,1,desktop
9468,rahul.nair.24dcde,rahul.nair.24dcde@trendlytics.io,Rahul,Nair,2026-07-31 20:58:21.924496,budget,0,mobile
9469,ananya.iyer.a16018,ananya.iyer.a16018@trendlytics.io,Ananya,Iyer,2026-08-03 20:58:21.924496,occasional,0,mobile
9470,neha.sharma.a36c2c,neha.sharma.a36c2c@trendlytics.io,Neha,Sharma,2026-08-03 20:58:21.924496,budget,1,mobile
9471,kabir.joshi.1651d6,kabir.joshi.1651d6@trendlytics.io,Kabir,Joshi,2026-08-13 20:58:21.924496,occasional,0,mobile
9472,rohan.banerjee.ec5ff8,rohan.banerjee.ec5ff8@trendlytics.io,Rohan,Banerjee,2026-08-07 20:58:21.924496,luxury,0,mobile
9473,tanvi.joshi.b8f40e,tanvi.joshi.b8f40e@trendlytics.io,Tanvi,Joshi,2026-08-04 20:58:21.924496,budget,1,desktop
9474,riya.singh.f683ee,riya.singh.f683ee@trendlytics.io,Riya,Singh,2026-08-27 20:58:21.924496,budget,0,desktop
9475,vikram.mehta.6d9f08,vikram.mehta.6d9f08@trendlytics.io,Vikram,Mehta,2026-08-05 20:58:21.924496,occasional,1,tablet
9476,ananya.nair.a43970,ananya.nair.a43970@trendlytics.io,Ananya,Nair,2026-08-29 20:58:21.924496,budget,0,mobile
9477,rahul.nair.ec2d8e,rahul.nair.ec2d8e@trendlytics.io,Rahul,Nair,2026-08-19 20:58:21.924496,occasional,1,mobile
9478,rahul.joshi.a443aa,rahul.joshi.a443aa@trendlytics.io,Rahul,Joshi,2026-08-05 20:58:21.924496,luxury,0,mobile
9479,riya.nair.16a89f,riya.nair.16a89f@trendlytics.io,Riya,Nair,2026-08-16 20:58:21.924496,budget,0,mobile
9480,neha.kapoor.a7b3bc,neha.kapoor.a7b3bc@trendlytics.io,Neha,Kapoor,2026-08-20 20:58:21.924496,budget,0,mobile
9481,priya.sharma.80c3a6,priya.sharma.80c3a6@trendlytics.io,Priya,Sharma,2026-08-21 20:58:21.924496,occasional,0,mobile
9482,aditya.sen.7d6c53,aditya.sen.7d6c53@trendlytics.io,Aditya,Sen,2026-08-12 20:58:21.924496,occasional,0,mobile
9483,neha.mehta.eee282,neha.mehta.eee282@trendlytics.io,Neha,Mehta,2026-08-19 20:58:21.924496,luxury,1,desktop
9484,meera.gupta.513cad,meera.gupta.513cad@trendlytics.io,Meera,Gupta,2026-08-03 20:58:21.924496,trendsetter,1,mobile
9485,meera.nair.604aab,meera.nair.604aab@trendlytics.io,Meera,Nair,2026-08-15 20:58:21.924496,occasional,0,mobile
9486,aditya.das.3197f5,aditya.das.3197f5@trendlytics.io,Aditya,Das,2026-08-06 20:58:21.924496,occasional,1,mobile
9487,kabir.iyer.21f20f,kabir.iyer.21f20f@trendlytics.io,Kabir,Iyer,2026-08-29 20:58:21.924496,trendsetter,0,mobile
9488,kabir.nair.89ebd1,kabir.nair.89ebd1@trendlytics.io,Kabir,Nair,2026-08-18 20:58:21.924496,trendsetter,0,mobile
9489,arjun.sen.35d449,arjun.sen.35d449@trendlytics.io,Arjun,Sen,2026-08-25 20:58:21.924496,luxury,1,mobile
9490,vikram.iyer.777cdb,vikram.iyer.777cdb@trendlytics.io,Vikram,Iyer,2026-08-13 20:58:21.924496,trendsetter,1,mobile
9491,sneha.patel.9218ba,sneha.patel.9218ba@trendlytics.io,Sneha,Patel,2026-08-26 20:58:21.924496,luxury,1,desktop
9492,arjun.nair.55f1af,arjun.nair.55f1af@trendlytics.io,Arjun,Nair,2026-08-17 20:58:21.924496,budget,0,desktop
9493,tanvi.patel.ea5195,tanvi.patel.ea5195@trendlytics.io,Tanvi,Patel,2026-08-14 20:58:21.924496,luxury,0,mobile
9494,neha.kapoor.fb14e9,neha.kapoor.fb14e9@trendlytics.io,Neha,Kapoor,2026-08-22 20:58:21.924496,budget,0,mobile
9495,kabir.banerjee.1eb7cf,kabir.banerjee.1eb7cf@trendlytics.io,Kabir,Banerjee,2026-08-13 20:58:21.924496,budget,0,mobile
9496,pooja.sharma.147f73,pooja.sharma.147f73@trendlytics.io,Pooja,Sharma,2026-08-03 20:58:21.924496,trendsetter,0,desktop
9497,sneha.iyer.f79c5e,sneha.iyer.f79c5e@trendlytics.io,Sneha,Iyer,2026-08-04 20:58:21.924496,budget,0,desktop
9498,sneha.reddy.070281,sneha.reddy.070281@trendlytics.io,Sneha,Reddy,2026-08-09 20:58:21.924496,trendsetter,1,desktop
9499,tanvi.iyer.1b8980,tanvi.iyer.1b8980@trendlytics.io,Tanvi,Iyer,2026-08-11 20:58:21.924496,trendsetter,1,desktop
9500,neha.chopra.6b4bf5,neha.chopra.6b4bf5@trendlytics.io,Neha,Chopra,2026-08-03 20:58:21.924496,budget,0,mobile
9501,riya.banerjee.d46801,riya.banerjee.d46801@trendlytics.io,Riya,Banerjee,2026-08-03 20:58:21.924496,occasional,0,mobile
9502,riya.singh.f3d1aa,riya.singh.f3d1aa@trendlytics.io,Riya,Singh,2026-08-22 20:58:21.924496,trendsetter,0,desktop
9503,pooja.sharma.d6d327,pooja.sharma.d6d327@trendlytics.io,Pooja,Sharma,2026-08-13 20:58:21.924496,trendsetter,0,mobile
9504,pooja.chopra.d26e7b,pooja.chopra.d26e7b@trendlytics.io,Pooja,Chopra,2026-07-30 20:58:21.924496,luxury,0,desktop
9505,arjun.joshi.94ab8a,arjun.joshi.94ab8a@trendlytics.io,Arjun,Joshi,2026-08-08 20:58:21.924496,trendsetter,0,mobile
9506,sneha.iyer.e211aa,sneha.iyer.e211aa@trendlytics.io,Sneha,Iyer,2026-08-27 20:58:21.924496,luxury,0,mobile
9507,rohan.banerjee.fa91cc,rohan.banerjee.fa91cc@trendlytics.io,Rohan,Banerjee,2026-08-29 20:58:21.924496,budget,0,desktop
9508,rohan.das.d30edb,rohan.das.d30edb@trendlytics.io,Rohan,Das,2026-07-31 20:58:21.924496,trendsetter,1,mobile
9509,tanvi.kapoor.f09902,tanvi.kapoor.f09902@trendlytics.io,Tanvi,Kapoor,2026-08-15 20:58:21.924496,trendsetter,1,mobile
9510,meera.mehta.334e8b,meera.mehta.334e8b@trendlytics.io,Meera,Mehta,2026-08-07 20:58:21.924496,trendsetter,0,desktop
9511,riya.patel.8fca62,riya.patel.8fca62@trendlytics.io,Riya,Patel,2026-08-14 20:58:21.924496,occasional,1,desktop
9512,rahul.das.1e36be,rahul.das.1e36be@trendlytics.io,Rahul,Das,2026-08-07 20:58:21.924496,budget,0,mobile
9513,arjun.singh.85e66b,arjun.singh.85e66b@trendlytics.io,Arjun,Singh,2026-08-18 20:58:21.924496,occasional,0,mobile
9514,karan.sen.58aac1,karan.sen.58aac1@trendlytics.io,Karan,Sen,2026-07-30 20:58:21.924496,budget,1,desktop
9515,pooja.sharma.f8f713,pooja.sharma.f8f713@trendlytics.io,Pooja,Sharma,2026-08-08 20:58:21.924496,luxury,0,mobile
9516,aarav.verma.908986,aarav.verma.908986@trendlytics.io,Aarav,Verma,2026-08-16 20:58:21.924496,luxury,0,desktop
9517,tanvi.das.fa7eac,tanvi.das.fa7eac@trendlytics.io,Tanvi,Das,2026-08-26 20:58:21.924496,trendsetter,1,mobile
9518,rohan.patel.3614c1,rohan.patel.3614c1@trendlytics.io,Rohan,Patel,2026-08-28 20:58:21.924496,budget,1,mobile
9519,ananya.gupta.2b34f7,ananya.gupta.2b34f7@trendlytics.io,Ananya,Gupta,2026-08-15 20:58:21.924496,luxury,0,mobile
9520,kabir.reddy.d0e655,kabir.reddy.d0e655@trendlytics.io,Kabir,Reddy,2026-07-31 20:58:21.924496,trendsetter,0,mobile
9521,priya.verma.cacdec,priya.verma.cacdec@trendlytics.io,Priya,Verma,2026-08-05 20:58:21.924496,trendsetter,1,desktop
9522,neha.iyer.4d3836,neha.iyer.4d3836@trendlytics.io,Neha,Iyer,2026-08-03 20:58:21.924496,luxury,1,mobile
9523,neha.verma.4a0ffd,neha.verma.4a0ffd@trendlytics.io,Neha,Verma,2026-08-23 20:58:21.924496,budget,0,desktop
9524,aarav.singh.49ec5c,aarav.singh.49ec5c@trendlytics.io,Aarav,Singh,2026-08-14 20:58:21.924496,luxury,0,mobile
9525,meera.sharma.735d9f,meera.sharma.735d9f@trendlytics.io,Meera,Sharma,2026-08-08 20:58:21.924496,occasional,1,desktop
9526,arjun.patel.194a36,arjun.patel.194a36@trendlytics.io,Arjun,Patel,2026-08-06 20:58:21.924496,trendsetter,0,mobile
9527,pooja.joshi.ef78d3,pooja.joshi.ef78d3@trendlytics.io,Pooja,Joshi,2026-08-28 20:58:21.924496,occasional,0,mobile
9528,karan.gupta.3e020b,karan.gupta.3e020b@trendlytics.io,Karan,Gupta,2026-07-30 20:58:21.924496,luxury,0,desktop
9529,karan.nair.4dafee,karan.nair.4dafee@trendlytics.io,Karan,Nair,2026-08-14 20:58:21.924496,budget,1,desktop
9530,aarav.sharma.03b90d,aarav.sharma.03b90d@trendlytics.io,Aarav,Sharma,2026-08-16 20:58:21.924496,trendsetter,0,mobile
9531,riya.nair.4af987,riya.nair.4af987@trendlytics.io,Riya,Nair,2026-08-05 20:58:21.924496,trendsetter,0,desktop
9532,rahul.gupta.0b56f6,rahul.gupta.0b56f6@trendlytics.io,Rahul,Gupta,2026-08-28 20:58:21.924496,budget,0,mobile
9533,meera.iyer.9d26f2,meera.iyer.9d26f2@trendlytics.io,Meera,Iyer,2026-08-07 20:58:21.924496,occasional,1,mobile
9534,karan.chopra.a0c064,karan.chopra.a0c064@trendlytics.io,Karan,Chopra,2026-08-07 20:58:21.924496,occasional,0,desktop
9535,karan.gupta.ad2324,karan.gupta.ad2324@trendlytics.io,Karan,Gupta,2026-08-28 20:58:21.924496,luxury,0,mobile
9536,aarav.nair.b35ff2,aarav.nair.b35ff2@trendlytics.io,Aarav,Nair,2026-08-03 20:58:21.924496,occasional,1,mobile
9537,aarav.joshi.2ba526,aarav.joshi.2ba526@trendlytics.io,Aarav,Joshi,2026-08-22 20:58:21.924496,trendsetter,0,desktop
9538,aarav.das.efcc34,aarav.das.efcc34@trendlytics.io,Aarav,Das,2026-08-15 20:58:21.924496,luxury,0,desktop
9539,riya.verma.80eac8,riya.verma.80eac8@trendlytics.io,Riya,Verma,2026-08-05 20:58:21.924496,luxury,0,desktop
9540,pooja.sharma.7fc222,pooja.sharma.7fc222@trendlytics.io,Pooja,Sharma,2026-08-29 20:58:21.924496,budget,1,desktop
9541,karan.reddy.01a304,karan.reddy.01a304@trendlytics.io,Karan,Reddy,2026-08-06 20:58:21.924496,trendsetter,0,mobile
9542,sneha.nair.d12442,sneha.nair.d12442@trendlytics.io,Sneha,Nair,2026-08-29 20:58:21.924496,budget,1,mobile
9543,ananya.banerjee.8eefad,ananya.banerjee.8eefad@trendlytics.io,Ananya,Banerjee,2026-08-16 20:58:21.924496,budget,0,mobile
9544,pooja.sharma.9cad37,pooja.sharma.9cad37@trendlytics.io,Pooja,Sharma,2026-07-30 20:58:21.924496,budget,0,tablet
9545,arjun.banerjee.4417a4,arjun.banerjee.4417a4@trendlytics.io,Arjun,Banerjee,2026-08-14 20:58:21.924496,occasional,1,mobile
9546,arjun.sharma.2bd21c,arjun.sharma.2bd21c@trendlytics.io,Arjun,Sharma,2026-08-26 20:58:21.924496,occasional,1,tablet
9547,rahul.singh.099d68,rahul.singh.099d68@trendlytics.io,Rahul,Singh,2026-08-13 20:58:21.924496,trendsetter,0,mobile
9548,aarav.banerjee.ee773a,aarav.banerjee.ee773a@trendlytics.io,Aarav,Banerjee,2026-08-22 20:58:21.924496,trendsetter,1,desktop
9549,riya.nair.c1d6b6,riya.nair.c1d6b6@trendlytics.io,Riya,Nair,2026-08-08 20:58:21.924496,occasional,0,mobile
9550,aarav.sen.9d9c3c,aarav.sen.9d9c3c@trendlytics.io,Aarav,Sen,2026-08-27 20:58:21.924496,budget,0,mobile
9551,tanvi.verma.78f8f4,tanvi.verma.78f8f4@trendlytics.io,Tanvi,Verma,2026-08-07 20:58:21.924496,trendsetter,1,mobile
9552,meera.banerjee.318786,meera.banerjee.318786@trendlytics.io,Meera,Banerjee,2026-07-31 20:58:21.924496,budget,1,mobile
9553,vikram.singh.98575a,vikram.singh.98575a@trendlytics.io,Vikram,Singh,2026-08-02 20:58:21.924496,luxury,0,mobile
9554,vikram.verma.75bcf6,vikram.verma.75bcf6@trendlytics.io,Vikram,Verma,2026-08-28 20:58:21.924496,trendsetter,0,mobile
9555,arjun.patel.15b800,arjun.patel.15b800@trendlytics.io,Arjun,Patel,2026-08-15 20:58:21.924496,trendsetter,1,mobile
9556,rahul.joshi.7555f8,rahul.joshi.7555f8@trendlytics.io,Rahul,Joshi,2026-08-23 20:58:21.924496,budget,1,mobile
9557,arjun.chopra.c63f00,arjun.chopra.c63f00@trendlytics.io,Arjun,Chopra,2026-08-06 20:58:21.924496,luxury,1,mobile
9558,pooja.joshi.218c92,pooja.joshi.218c92@trendlytics.io,Pooja,Joshi,2026-08-06 20:58:21.924496,budget,0,desktop
9559,neha.singh.e07a8b,neha.singh.e07a8b@trendlytics.io,Neha,Singh,2026-08-19 20:58:21.924496,luxury,0,mobile
9560,arjun.verma.c0b08e,arjun.verma.c0b08e@trendlytics.io,Arjun,Verma,2026-08-21 20:58:21.924496,budget,0,mobile
9561,neha.sen.59dea2,neha.sen.59dea2@trendlytics.io,Neha,Sen,2026-08-29 20:58:21.924496,occasional,1,mobile
9562,vikram.iyer.856893,vikram.iyer.856893@trendlytics.io,Vikram,Iyer,2026-08-22 20:58:21.924496,budget,1,desktop
9563,arjun.nair.d74e51,arjun.nair.d74e51@trendlytics.io,Arjun,Nair,2026-08-20 20:58:21.924496,luxury,0,mobile
9564,sneha.singh.f79860,sneha.singh.f79860@trendlytics.io,Sneha,Singh,2026-08-24 20:58:21.924496,budget,0,mobile
9565,ananya.patel.dd2240,ananya.patel.dd2240@trendlytics.io,Ananya,Patel,2026-08-04 20:58:21.924496,occasional,0,mobile
9566,vikram.gupta.e0180b,vikram.gupta.e0180b@trendlytics.io,Vikram,Gupta,2026-08-18 20:58:21.924496,trendsetter,1,mobile
9567,aarav.verma.07a68a,aarav.verma.07a68a@trendlytics.io,Aarav,Verma,2026-08-14 20:58:21.924496,occasional,1,mobile
9568,priya.sen.49b105,priya.sen.49b105@trendlytics.io,Priya,Sen,2026-08-06 20:58:21.924496,trendsetter,1,mobile
9569,aarav.chopra.c23498,aarav.chopra.c23498@trendlytics.io,Aarav,Chopra,2026-08-22 20:58:21.924496,luxury,1,desktop
9570,priya.patel.a5da13,priya.patel.a5da13@trendlytics.io,Priya,Patel,2026-07-30 20:58:21.924496,occasional,0,mobile
9571,aditya.mehta.9e235a,aditya.mehta.9e235a@trendlytics.io,Aditya,Mehta,2026-08-14 20:58:21.924496,occasional,0,mobile
9572,sneha.mehta.c46857,sneha.mehta.c46857@trendlytics.io,Sneha,Mehta,2026-08-13 20:58:21.924496,occasional,1,desktop
9573,aditya.joshi.0a1623,aditya.joshi.0a1623@trendlytics.io,Aditya,Joshi,2026-08-12 20:58:21.924496,trendsetter,0,mobile
9574,rohan.singh.913bd5,rohan.singh.913bd5@trendlytics.io,Rohan,Singh,2026-08-12 20:58:21.924496,budget,0,mobile
9575,neha.sen.e03e5e,neha.sen.e03e5e@trendlytics.io,Neha,Sen,2026-08-26 20:58:21.924496,occasional,0,mobile
9576,meera.mehta.b0e61e,meera.mehta.b0e61e@trendlytics.io,Meera,Mehta,2026-08-20 20:58:21.924496,budget,1,mobile
9577,tanvi.das.591f3c,tanvi.das.591f3c@trendlytics.io,Tanvi,Das,2026-07-30 20:58:21.924496,trendsetter,0,desktop
9578,aditya.singh.819629,aditya.singh.819629@trendlytics.io,Aditya,Singh,2026-08-09 20:58:21.924496,trendsetter,1,desktop
9579,rahul.iyer.19ce25,rahul.iyer.19ce25@trendlytics.io,Rahul,Iyer,2026-08-26 20:58:21.924496,luxury,0,desktop
9580,karan.mehta.7e5f34,karan.mehta.7e5f34@trendlytics.io,Karan,Mehta,2026-08-03 20:58:21.924496,budget,1,mobile
9581,vikram.reddy.5cbb51,vikram.reddy.5cbb51@trendlytics.io,Vikram,Reddy,2026-08-17 20:58:21.924496,occasional,1,mobile
9582,meera.reddy.6dcd3d,meera.reddy.6dcd3d@trendlytics.io,Meera,Reddy,2026-08-29 20:58:21.924496,budget,0,mobile
9583,rahul.sen.8b3655,rahul.sen.8b3655@trendlytics.io,Rahul,Sen,2026-08-27 20:58:21.924496,budget,0,desktop
9584,ananya.singh.c3542c,ananya.singh.c3542c@trendlytics.io,Ananya,Singh,2026-07-30 20:58:21.924496,budget,1,desktop
9585,aarav.kapoor.19ef97,aarav.kapoor.19ef97@trendlytics.io,Aarav,Kapoor,2026-08-20 20:58:21.924496,trendsetter,0,desktop
9586,meera.chopra.2be768,meera.chopra.2be768@trendlytics.io,Meera,Chopra,2026-07-31 20:58:21.924496,trendsetter,0,desktop
9587,kabir.kapoor.bdb75c,kabir.kapoor.bdb75c@trendlytics.io,Kabir,Kapoor,2026-08-15 20:58:21.924496,occasional,0,mobile
9588,rohan.iyer.0e907e,rohan.iyer.0e907e@trendlytics.io,Rohan,Iyer,2026-08-09 20:58:21.924496,luxury,1,mobile
9589,meera.das.7c0928,meera.das.7c0928@trendlytics.io,Meera,Das,2026-08-23 20:58:21.924496,budget,1,mobile
9590,ananya.nair.74e389,ananya.nair.74e389@trendlytics.io,Ananya,Nair,2026-08-26 20:58:21.924496,occasional,0,desktop
9591,neha.nair.821f7d,neha.nair.821f7d@trendlytics.io,Neha,Nair,2026-08-23 20:58:21.924496,trendsetter,1,desktop
9592,priya.kapoor.81ba98,priya.kapoor.81ba98@trendlytics.io,Priya,Kapoor,2026-08-02 20:58:21.924496,occasional,0,desktop
9593,kabir.banerjee.97c219,kabir.banerjee.97c219@trendlytics.io,Kabir,Banerjee,2026-08-18 20:58:21.924496,occasional,0,mobile
9594,aditya.banerjee.695ab2,aditya.banerjee.695ab2@trendlytics.io,Aditya,Banerjee,2026-08-24 20:58:21.924496,occasional,1,mobile
9595,vikram.sharma.8e96bf,vikram.sharma.8e96bf@trendlytics.io,Vikram,Sharma,2026-08-13 20:58:21.924496,trendsetter,0,mobile
9596,aditya.iyer.071a41,aditya.iyer.071a41@trendlytics.io,Aditya,Iyer,2026-08-21 20:58:21.924496,luxury,1,mobile
9597,neha.sen.9dd3cc,neha.sen.9dd3cc@trendlytics.io,Neha,Sen,2026-07-31 20:58:21.924496,luxury,0,mobile
9598,arjun.patel.9d6461,arjun.patel.9d6461@trendlytics.io,Arjun,Patel,2026-08-15 20:58:21.924496,trendsetter,0,desktop
9599,riya.nair.e846b7,riya.nair.e846b7@trendlytics.io,Riya,Nair,2026-08-19 20:58:21.924496,luxury,0,tablet
9600,karan.joshi.dadc26,karan.joshi.dadc26@trendlytics.io,Karan,Joshi,2026-07-30 20:58:21.924496,trendsetter,0,mobile
9601,karan.mehta.a74f3f,karan.mehta.a74f3f@trendlytics.io,Karan,Mehta,2026-08-25 20:58:21.924496,occasional,0,desktop
9602,priya.reddy.6e2071,priya.reddy.6e2071@trendlytics.io,Priya,Reddy,2026-08-19 20:58:21.924496,luxury,0,mobile
9603,rohan.sharma.18e3b8,rohan.sharma.18e3b8@trendlytics.io,Rohan,Sharma,2026-08-04 20:58:21.924496,budget,1,mobile
9604,riya.sharma.6ed508,riya.sharma.6ed508@trendlytics.io,Riya,Sharma,2026-08-08 20:58:21.924496,luxury,0,desktop
9605,pooja.mehta.301a20,pooja.mehta.301a20@trendlytics.io,Pooja,Mehta,2026-08-07 20:58:21.924496,trendsetter,1,mobile
9606,karan.banerjee.91f42b,karan.banerjee.91f42b@trendlytics.io,Karan,Banerjee,2026-08-14 20:58:21.924496,luxury,1,mobile
9607,sneha.das.aea736,sneha.das.aea736@trendlytics.io,Sneha,Das,2026-08-10 20:58:21.924496,budget,1,desktop
9608,meera.singh.803426,meera.singh.803426@trendlytics.io,Meera,Singh,2026-08-06 20:58:21.924496,occasional,0,tablet
9609,kabir.nair.2bd363,kabir.nair.2bd363@trendlytics.io,Kabir,Nair,2026-08-17 20:58:21.924496,budget,0,mobile
9610,aditya.mehta.2c479e,aditya.mehta.2c479e@trendlytics.io,Aditya,Mehta,2026-08-21 20:58:21.924496,trendsetter,1,desktop
9611,ananya.banerjee.8306c4,ananya.banerjee.8306c4@trendlytics.io,Ananya,Banerjee,2026-08-10 20:58:21.924496,occasional,0,mobile
9612,ananya.das.606c92,ananya.das.606c92@trendlytics.io,Ananya,Das,2026-08-05 20:58:21.924496,luxury,0,mobile
9613,pooja.kapoor.78972c,pooja.kapoor.78972c@trendlytics.io,Pooja,Kapoor,2026-08-26 20:58:21.924496,budget,1,desktop
9614,meera.chopra.db13ae,meera.chopra.db13ae@trendlytics.io,Meera,Chopra,2026-08-11 20:58:21.924496,trendsetter,0,desktop
9615,sneha.sen.513c48,sneha.sen.513c48@trendlytics.io,Sneha,Sen,2026-08-18 20:58:21.924496,budget,0,mobile
9616,karan.chopra.5be018,karan.chopra.5be018@trendlytics.io,Karan,Chopra,2026-08-11 20:58:21.924496,trendsetter,0,desktop
9617,neha.verma.35284d,neha.verma.35284d@trendlytics.io,Neha,Verma,2026-08-01 20:58:21.924496,luxury,1,desktop
9618,arjun.gupta.f9070e,arjun.gupta.f9070e@trendlytics.io,Arjun,Gupta,2026-08-13 20:58:21.924496,budget,0,mobile
9619,aarav.patel.0fb5ea,aarav.patel.0fb5ea@trendlytics.io,Aarav,Patel,2026-07-30 20:58:21.924496,trendsetter,0,mobile
9620,arjun.patel.da1352,arjun.patel.da1352@trendlytics.io,Arjun,Patel,2026-08-02 20:58:21.924496,occasional,0,mobile
9621,rohan.banerjee.6e1001,rohan.banerjee.6e1001@trendlytics.io,Rohan,Banerjee,2026-08-19 20:58:21.924496,budget,1,mobile
9622,aditya.patel.93601b,aditya.patel.93601b@trendlytics.io,Aditya,Patel,2026-07-31 20:58:21.924496,luxury,1,mobile
9623,rahul.sharma.67fe61,rahul.sharma.67fe61@trendlytics.io,Rahul,Sharma,2026-08-20 20:58:21.924496,budget,1,mobile
9624,tanvi.verma.b05003,tanvi.verma.b05003@trendlytics.io,Tanvi,Verma,2026-08-19 20:58:21.924496,occasional,1,mobile
9625,priya.sharma.52c664,priya.sharma.52c664@trendlytics.io,Priya,Sharma,2026-08-08 20:58:21.924496,trendsetter,1,desktop
9626,meera.verma.153ffa,meera.verma.153ffa@trendlytics.io,Meera,Verma,2026-08-18 20:58:21.924496,occasional,0,mobile
9627,meera.nair.fca007,meera.nair.fca007@trendlytics.io,Meera,Nair,2026-08-03 20:58:21.924496,trendsetter,0,mobile
9628,vikram.joshi.c082b6,vikram.joshi.c082b6@trendlytics.io,Vikram,Joshi,2026-08-11 20:58:21.924496,budget,1,mobile
9629,kabir.kapoor.9525ce,kabir.kapoor.9525ce@trendlytics.io,Kabir,Kapoor,2026-08-19 20:58:21.924496,budget,1,mobile
9630,karan.iyer.21e033,karan.iyer.21e033@trendlytics.io,Karan,Iyer,2026-08-02 20:58:21.924496,occasional,1,mobile
9631,vikram.sen.e1c996,vikram.sen.e1c996@trendlytics.io,Vikram,Sen,2026-08-08 20:58:21.924496,trendsetter,1,desktop
9632,neha.nair.1f9e75,neha.nair.1f9e75@trendlytics.io,Neha,Nair,2026-08-09 20:58:21.924496,trendsetter,0,mobile
9633,karan.mehta.3d67bb,karan.mehta.3d67bb@trendlytics.io,Karan,Mehta,2026-08-21 20:58:21.924496,luxury,0,desktop
9634,karan.singh.218e45,karan.singh.218e45@trendlytics.io,Karan,Singh,2026-08-27 20:58:21.924496,budget,0,desktop
9635,riya.singh.bb4e06,riya.singh.bb4e06@trendlytics.io,Riya,Singh,2026-08-09 20:58:21.924496,trendsetter,1,desktop
9636,pooja.patel.be0568,pooja.patel.be0568@trendlytics.io,Pooja,Patel,2026-08-22 20:58:21.924496,occasional,1,mobile
9637,riya.kapoor.628a5e,riya.kapoor.628a5e@trendlytics.io,Riya,Kapoor,2026-08-24 20:58:21.924496,budget,0,desktop
9638,pooja.verma.3a2b0c,pooja.verma.3a2b0c@trendlytics.io,Pooja,Verma,2026-08-23 20:58:21.924496,occasional,1,desktop
9639,aarav.sen.665619,aarav.sen.665619@trendlytics.io,Aarav,Sen,2026-08-01 20:58:21.924496,occasional,0,mobile
9640,neha.joshi.31841f,neha.joshi.31841f@trendlytics.io,Neha,Joshi,2026-08-24 20:58:21.924496,trendsetter,1,desktop
9641,tanvi.nair.f04c79,tanvi.nair.f04c79@trendlytics.io,Tanvi,Nair,2026-08-02 20:58:21.924496,trendsetter,1,mobile
9642,priya.chopra.b891ae,priya.chopra.b891ae@trendlytics.io,Priya,Chopra,2026-08-05 20:58:21.924496,luxury,1,mobile
9643,karan.iyer.9def92,karan.iyer.9def92@trendlytics.io,Karan,Iyer,2026-08-29 20:58:21.924496,trendsetter,0,mobile
9644,karan.gupta.1df71b,karan.gupta.1df71b@trendlytics.io,Karan,Gupta,2026-08-23 20:58:21.924496,trendsetter,0,desktop
9645,kabir.kapoor.524739,kabir.kapoor.524739@trendlytics.io,Kabir,Kapoor,2026-08-19 20:58:21.924496,luxury,1,desktop
9646,sneha.chopra.53b39c,sneha.chopra.53b39c@trendlytics.io,Sneha,Chopra,2026-08-14 20:58:21.924496,occasional,0,mobile
9647,aditya.chopra.138eb5,aditya.chopra.138eb5@trendlytics.io,Aditya,Chopra,2026-08-29 20:58:21.924496,budget,1,mobile
9648,pooja.gupta.f58159,pooja.gupta.f58159@trendlytics.io,Pooja,Gupta,2026-08-19 20:58:21.924496,luxury,0,mobile
9649,pooja.nair.bc39f0,pooja.nair.bc39f0@trendlytics.io,Pooja,Nair,2026-08-11 20:58:21.924496,luxury,1,desktop
9650,riya.mehta.ece79b,riya.mehta.ece79b@trendlytics.io,Riya,Mehta,2026-08-04 20:58:21.924496,luxury,1,desktop
9651,rohan.patel.910cc5,rohan.patel.910cc5@trendlytics.io,Rohan,Patel,2026-08-01 20:58:21.924496,budget,1,desktop
9652,karan.iyer.4cef99,karan.iyer.4cef99@trendlytics.io,Karan,Iyer,2026-08-14 20:58:21.924496,trendsetter,1,mobile
9653,rohan.gupta.b4d934,rohan.gupta.b4d934@trendlytics.io,Rohan,Gupta,2026-08-14 20:58:21.924496,occasional,1,mobile
9654,vikram.mehta.e9e496,vikram.mehta.e9e496@trendlytics.io,Vikram,Mehta,2026-07-31 20:58:21.924496,trendsetter,0,desktop
9655,kabir.patel.f8ed22,kabir.patel.f8ed22@trendlytics.io,Kabir,Patel,2026-08-24 20:58:21.924496,luxury,1,mobile
9656,karan.iyer.8439d6,karan.iyer.8439d6@trendlytics.io,Karan,Iyer,2026-08-20 20:58:21.924496,occasional,1,mobile
9657,sneha.nair.9b63c3,sneha.nair.9b63c3@trendlytics.io,Sneha,Nair,2026-08-09 20:58:21.924496,luxury,0,mobile
9658,pooja.nair.7e9818,pooja.nair.7e9818@trendlytics.io,Pooja,Nair,2026-08-12 20:58:21.924496,budget,0,mobile
9659,karan.verma.61f22e,karan.verma.61f22e@trendlytics.io,Karan,Verma,2026-07-30 20:58:21.924496,occasional,0,mobile
9660,arjun.reddy.6b9c5b,arjun.reddy.6b9c5b@trendlytics.io,Arjun,Reddy,2026-08-15 20:58:21.924496,luxury,1,mobile
9661,riya.patel.d47f28,riya.patel.d47f28@trendlytics.io,Riya,Patel,2026-08-02 20:58:21.924496,trendsetter,0,mobile
9662,neha.singh.69cb38,neha.singh.69cb38@trendlytics.io,Neha,Singh,2026-08-13 20:58:21.924496,luxury,0,desktop
9663,neha.verma.75c4a0,neha.verma.75c4a0@trendlytics.io,Neha,Verma,2026-08-04 20:58:21.924496,occasional,1,tablet
9664,riya.verma.850902,riya.verma.850902@trendlytics.io,Riya,Verma,2026-08-23 20:58:21.924496,budget,0,mobile
9665,pooja.iyer.8b7838,pooja.iyer.8b7838@trendlytics.io,Pooja,Iyer,2026-08-12 20:58:21.924496,trendsetter,0,mobile
9666,ananya.sharma.69e7d1,ananya.sharma.69e7d1@trendlytics.io,Ananya,Sharma,2026-08-26 20:58:21.924496,budget,0,desktop
9667,riya.joshi.699992,riya.joshi.699992@trendlytics.io,Riya,Joshi,2026-08-20 20:58:21.924496,budget,1,desktop
9668,arjun.das.44edf2,arjun.das.44edf2@trendlytics.io,Arjun,Das,2026-08-05 20:58:21.924496,luxury,1,desktop
9669,priya.iyer.13a95a,priya.iyer.13a95a@trendlytics.io,Priya,Iyer,2026-08-07 20:58:21.924496,budget,1,mobile
9670,neha.sharma.009a94,neha.sharma.009a94@trendlytics.io,Neha,Sharma,2026-08-09 20:58:21.924496,trendsetter,0,mobile
9671,kabir.reddy.da60db,kabir.reddy.da60db@trendlytics.io,Kabir,Reddy,2026-08-02 20:58:21.924496,budget,0,tablet
9672,karan.iyer.f44a6c,karan.iyer.f44a6c@trendlytics.io,Karan,Iyer,2026-08-10 20:58:21.924496,occasional,0,mobile
9673,meera.banerjee.e922fb,meera.banerjee.e922fb@trendlytics.io,Meera,Banerjee,2026-08-16 20:58:21.924496,budget,0,mobile
9674,arjun.nair.6e28bb,arjun.nair.6e28bb@trendlytics.io,Arjun,Nair,2026-08-18 20:58:21.924496,occasional,0,mobile
9675,arjun.nair.8edb73,arjun.nair.8edb73@trendlytics.io,Arjun,Nair,2026-08-14 20:58:21.924496,luxury,0,desktop
9676,riya.das.75164c,riya.das.75164c@trendlytics.io,Riya,Das,2026-08-19 20:58:21.924496,trendsetter,0,mobile
9677,priya.nair.515b9c,priya.nair.515b9c@trendlytics.io,Priya,Nair,2026-08-09 20:58:21.924496,trendsetter,1,mobile
9678,vikram.banerjee.788f36,vikram.banerjee.788f36@trendlytics.io,Vikram,Banerjee,2026-08-10 20:58:21.924496,trendsetter,0,mobile
9679,tanvi.mehta.1139bf,tanvi.mehta.1139bf@trendlytics.io,Tanvi,Mehta,2026-08-03 20:58:21.924496,luxury,0,mobile
9680,neha.das.dc1a33,neha.das.dc1a33@trendlytics.io,Neha,Das,2026-08-01 20:58:21.924496,luxury,1,mobile
9681,vikram.reddy.6cfae1,vikram.reddy.6cfae1@trendlytics.io,Vikram,Reddy,2026-08-25 20:58:21.924496,luxury,0,mobile
9682,meera.banerjee.595451,meera.banerjee.595451@trendlytics.io,Meera,Banerjee,2026-07-30 20:58:21.924496,occasional,0,mobile
9683,vikram.gupta.66225a,vikram.gupta.66225a@trendlytics.io,Vikram,Gupta,2026-08-28 20:58:21.924496,budget,1,desktop
9684,tanvi.iyer.19b51a,tanvi.iyer.19b51a@trendlytics.io,Tanvi,Iyer,2026-08-18 20:58:21.924496,trendsetter,0,mobile
9685,arjun.iyer.9b3042,arjun.iyer.9b3042@trendlytics.io,Arjun,Iyer,2026-08-26 20:58:21.924496,trendsetter,0,mobile
9686,karan.singh.ad4c7c,karan.singh.ad4c7c@trendlytics.io,Karan,Singh,2026-08-14 20:58:21.924496,occasional,0,mobile
9687,vikram.kapoor.8716be,vikram.kapoor.8716be@trendlytics.io,Vikram,Kapoor,2026-08-23 20:58:21.924496,luxury,1,tablet
9688,neha.joshi.7740c1,neha.joshi.7740c1@trendlytics.io,Neha,Joshi,2026-08-13 20:58:21.924496,occasional,1,mobile
9689,vikram.chopra.9760fb,vikram.chopra.9760fb@trendlytics.io,Vikram,Chopra,2026-08-26 20:58:21.924496,occasional,1,desktop
9690,riya.das.18bce0,riya.das.18bce0@trendlytics.io,Riya,Das,2026-08-21 20:58:21.924496,occasional,0,mobile
9691,sneha.gupta.e2e1db,sneha.gupta.e2e1db@trendlytics.io,Sneha,Gupta,2026-08-21 20:58:21.924496,luxury,0,desktop
9692,ananya.banerjee.265fe7,ananya.banerjee.265fe7@trendlytics.io,Ananya,Banerjee,2026-08-09 20:58:21.924496,occasional,1,mobile
9693,rohan.nair.5a3637,rohan.nair.5a3637@trendlytics.io,Rohan,Nair,2026-07-30 20:58:21.924496,trendsetter,0,mobile
9694,aarav.singh.5c8772,aarav.singh.5c8772@trendlytics.io,Aarav,Singh,2026-08-18 20:58:21.924496,budget,0,mobile
9695,aditya.chopra.c4590c,aditya.chopra.c4590c@trendlytics.io,Aditya,Chopra,2026-08-16 20:58:21.924496,luxury,0,mobile
9696,aditya.verma.bd9e03,aditya.verma.bd9e03@trendlytics.io,Aditya,Verma,2026-07-30 20:58:21.924496,budget,0,desktop
9697,aarav.das.f75e5d,aarav.das.f75e5d@trendlytics.io,Aarav,Das,2026-08-06 20:58:21.924496,luxury,1,mobile
9698,arjun.patel.14354f,arjun.patel.14354f@trendlytics.io,Arjun,Patel,2026-08-29 20:58:21.924496,trendsetter,0,mobile
9699,aarav.banerjee.66b258,aarav.banerjee.66b258@trendlytics.io,Aarav,Banerjee,2026-08-26 20:58:21.924496,occasional,1,mobile
9700,pooja.iyer.9ed2d2,pooja.iyer.9ed2d2@trendlytics.io,Pooja,Iyer,2026-08-26 20:58:21.924496,luxury,1,desktop
9701,aarav.chopra.cceaaf,aarav.chopra.cceaaf@trendlytics.io,Aarav,Chopra,2026-08-04 20:58:21.924496,occasional,1,desktop
9702,aditya.sen.3060a0,aditya.sen.3060a0@trendlytics.io,Aditya,Sen,2026-08-20 20:58:21.924496,trendsetter,1,mobile
9703,riya.iyer.fde4a3,riya.iyer.fde4a3@trendlytics.io,Riya,Iyer,2026-08-26 20:58:21.924496,budget,1,desktop
9704,tanvi.gupta.8b5eff,tanvi.gupta.8b5eff@trendlytics.io,Tanvi,Gupta,2026-08-12 20:58:21.924496,occasional,1,mobile
9705,aarav.reddy.60e345,aarav.reddy.60e345@trendlytics.io,Aarav,Reddy,2026-08-23 20:58:21.924496,occasional,0,mobile
9706,karan.gupta.83f551,karan.gupta.83f551@trendlytics.io,Karan,Gupta,2026-08-29 20:58:21.924496,trendsetter,1,mobile
9707,karan.das.f97753,karan.das.f97753@trendlytics.io,Karan,Das,2026-07-31 20:58:21.924496,trendsetter,0,mobile
9708,karan.chopra.cb9992,karan.chopra.cb9992@trendlytics.io,Karan,Chopra,2026-08-16 20:58:21.924496,budget,0,mobile
9709,rohan.mehta.75d179,rohan.mehta.75d179@trendlytics.io,Rohan,Mehta,2026-07-30 20:58:21.924496,luxury,0,mobile
9710,priya.nair.e5f88c,priya.nair.e5f88c@trendlytics.io,Priya,Nair,2026-08-12 20:58:21.924496,occasional,1,mobile
9711,meera.reddy.8ae21d,meera.reddy.8ae21d@trendlytics.io,Meera,Reddy,2026-08-24 20:58:21.924496,budget,1,mobile
9712,tanvi.banerjee.ed75ae,tanvi.banerjee.ed75ae@trendlytics.io,Tanvi,Banerjee,2026-07-30 20:58:21.924496,occasional,0,mobile
9713,pooja.sharma.b4f7a5,pooja.sharma.b4f7a5@trendlytics.io,Pooja,Sharma,2026-08-06 20:58:21.924496,luxury,1,mobile
9714,sneha.verma.e03e2e,sneha.verma.e03e2e@trendlytics.io,Sneha,Verma,2026-08-27 20:58:21.924496,luxury,1,mobile
9715,aditya.kapoor.94a19c,aditya.kapoor.94a19c@trendlytics.io,Aditya,Kapoor,2026-08-25 20:58:21.924496,luxury,1,desktop
9716,rohan.patel.610b14,rohan.patel.610b14@trendlytics.io,Rohan,Patel,2026-08-13 20:58:21.924496,budget,0,desktop
9717,arjun.sen.6f849a,arjun.sen.6f849a@trendlytics.io,Arjun,Sen,2026-08-25 20:58:21.924496,budget,0,desktop
9718,karan.verma.5c3d26,karan.verma.5c3d26@trendlytics.io,Karan,Verma,2026-08-14 20:58:21.924496,luxury,1,desktop
9719,rohan.verma.a0461c,rohan.verma.a0461c@trendlytics.io,Rohan,Verma,2026-08-04 20:58:21.924496,budget,0,tablet
9720,sneha.sharma.da3bfb,sneha.sharma.da3bfb@trendlytics.io,Sneha,Sharma,2026-08-06 20:58:21.924496,trendsetter,0,mobile
9721,pooja.banerjee.a80a2b,pooja.banerjee.a80a2b@trendlytics.io,Pooja,Banerjee,2026-08-04 20:58:21.924496,budget,1,desktop
9722,riya.sen.552298,riya.sen.552298@trendlytics.io,Riya,Sen,2026-08-29 20:58:21.924496,luxury,1,desktop
9723,meera.verma.a985e6,meera.verma.a985e6@trendlytics.io,Meera,Verma,2026-08-23 20:58:21.924496,budget,0,desktop
9724,rohan.singh.2bcfac,rohan.singh.2bcfac@trendlytics.io,Rohan,Singh,2026-08-12 20:58:21.924496,budget,0,mobile
9725,meera.patel.1b3c9b,meera.patel.1b3c9b@trendlytics.io,Meera,Patel,2026-08-17 20:58:21.924496,luxury,1,mobile
9726,arjun.chopra.691e80,arjun.chopra.691e80@trendlytics.io,Arjun,Chopra,2026-08-18 20:58:21.924496,occasional,1,mobile
9727,sneha.sharma.fcbb9f,sneha.sharma.fcbb9f@trendlytics.io,Sneha,Sharma,2026-07-31 20:58:21.924496,luxury,0,mobile
9728,arjun.nair.b212ac,arjun.nair.b212ac@trendlytics.io,Arjun,Nair,2026-08-04 20:58:21.924496,trendsetter,0,mobile
9729,arjun.kapoor.240a22,arjun.kapoor.240a22@trendlytics.io,Arjun,Kapoor,2026-08-06 20:58:21.924496,luxury,0,mobile
9730,karan.nair.5d0726,karan.nair.5d0726@trendlytics.io,Karan,Nair,2026-08-04 20:58:21.924496,occasional,0,mobile
9731,tanvi.mehta.b2c250,tanvi.mehta.b2c250@trendlytics.io,Tanvi,Mehta,2026-08-19 20:58:21.924496,luxury,0,mobile
9732,karan.nair.a003d4,karan.nair.a003d4@trendlytics.io,Karan,Nair,2026-08-26 20:58:21.924496,occasional,0,mobile
9733,vikram.gupta.065559,vikram.gupta.065559@trendlytics.io,Vikram,Gupta,2026-08-06 20:58:21.924496,luxury,0,mobile
9734,riya.verma.24a7a6,riya.verma.24a7a6@trendlytics.io,Riya,Verma,2026-08-18 20:58:21.924496,budget,0,mobile
9735,aarav.gupta.11ba35,aarav.gupta.11ba35@trendlytics.io,Aarav,Gupta,2026-08-28 20:58:21.924496,luxury,1,mobile
9736,aarav.singh.950d77,aarav.singh.950d77@trendlytics.io,Aarav,Singh,2026-08-16 20:58:21.924496,trendsetter,0,mobile
9737,meera.chopra.a47601,meera.chopra.a47601@trendlytics.io,Meera,Chopra,2026-08-16 20:58:21.924496,trendsetter,0,mobile
9738,kabir.singh.6686cd,kabir.singh.6686cd@trendlytics.io,Kabir,Singh,2026-08-11 20:58:21.924496,budget,0,mobile
9739,neha.singh.5a0cff,neha.singh.5a0cff@trendlytics.io,Neha,Singh,2026-08-23 20:58:21.924496,luxury,1,desktop
9740,karan.sharma.7d8cc5,karan.sharma.7d8cc5@trendlytics.io,Karan,Sharma,2026-08-27 20:58:21.924496,occasional,1,mobile
9741,kabir.nair.8845a0,kabir.nair.8845a0@trendlytics.io,Kabir,Nair,2026-08-17 20:58:21.924496,occasional,0,mobile
9742,tanvi.sen.944cbf,tanvi.sen.944cbf@trendlytics.io,Tanvi,Sen,2026-08-08 20:58:21.924496,luxury,0,mobile
9743,arjun.singh.3f4e6f,arjun.singh.3f4e6f@trendlytics.io,Arjun,Singh,2026-08-26 20:58:21.924496,occasional,0,mobile
9744,karan.kapoor.cf87be,karan.kapoor.cf87be@trendlytics.io,Karan,Kapoor,2026-07-30 20:58:21.924496,occasional,0,mobile
9745,aarav.patel.df7821,aarav.patel.df7821@trendlytics.io,Aarav,Patel,2026-08-12 20:58:21.924496,luxury,0,desktop
9746,sneha.sharma.37c856,sneha.sharma.37c856@trendlytics.io,Sneha,Sharma,2026-08-28 20:58:21.924496,luxury,1,mobile
9747,meera.kapoor.91fe7c,meera.kapoor.91fe7c@trendlytics.io,Meera,Kapoor,2026-08-16 20:58:21.924496,budget,0,mobile
9748,meera.chopra.1096be,meera.chopra.1096be@trendlytics.io,Meera,Chopra,2026-08-17 20:58:21.924496,occasional,0,desktop
9749,priya.das.11f8e4,priya.das.11f8e4@trendlytics.io,Priya,Das,2026-08-02 20:58:21.924496,budget,0,tablet
9750,arjun.iyer.0a8804,arjun.iyer.0a8804@trendlytics.io,Arjun,Iyer,2026-08-12 20:58:21.924496,budget,0,desktop
9751,aarav.singh.2208d0,aarav.singh.2208d0@trendlytics.io,Aarav,Singh,2026-08-18 20:58:21.924496,budget,0,mobile
9752,rohan.das.d9a8bf,rohan.das.d9a8bf@trendlytics.io,Rohan,Das,2026-08-21 20:58:21.924496,luxury,0,mobile
9753,aditya.sen.825590,aditya.sen.825590@trendlytics.io,Aditya,Sen,2026-08-02 20:58:21.924496,luxury,0,mobile
9754,riya.mehta.c4c171,riya.mehta.c4c171@trendlytics.io,Riya,Mehta,2026-08-03 20:58:21.924496,luxury,0,desktop
9755,sneha.reddy.ecafc3,sneha.reddy.ecafc3@trendlytics.io,Sneha,Reddy,2026-08-18 20:58:21.924496,budget,1,mobile
9756,priya.kapoor.fd1d36,priya.kapoor.fd1d36@trendlytics.io,Priya,Kapoor,2026-08-11 20:58:21.924496,trendsetter,0,mobile
9757,riya.mehta.e79773,riya.mehta.e79773@trendlytics.io,Riya,Mehta,2026-08-14 20:58:21.924496,luxury,1,mobile
9758,rahul.joshi.baaed1,rahul.joshi.baaed1@trendlytics.io,Rahul,Joshi,2026-08-08 20:58:21.924496,luxury,1,desktop
9759,priya.das.850078,priya.das.850078@trendlytics.io,Priya,Das,2026-08-20 20:58:21.924496,occasional,1,mobile
9760,arjun.kapoor.60b453,arjun.kapoor.60b453@trendlytics.io,Arjun,Kapoor,2026-08-28 20:58:21.924496,occasional,1,mobile
9761,karan.sharma.9278b4,karan.sharma.9278b4@trendlytics.io,Karan,Sharma,2026-07-30 20:58:21.924496,trendsetter,1,mobile
9762,sneha.nair.bb1318,sneha.nair.bb1318@trendlytics.io,Sneha,Nair,2026-08-01 20:58:21.924496,trendsetter,1,mobile
9763,riya.gupta.a3f17e,riya.gupta.a3f17e@trendlytics.io,Riya,Gupta,2026-08-12 20:58:21.924496,trendsetter,0,desktop
9764,rahul.reddy.4fbe38,rahul.reddy.4fbe38@trendlytics.io,Rahul,Reddy,2026-07-30 20:58:21.924496,occasional,0,mobile
9765,karan.reddy.e9f7ce,karan.reddy.e9f7ce@trendlytics.io,Karan,Reddy,2026-08-26 20:58:21.924496,luxury,1,mobile
9766,aditya.singh.2e5848,aditya.singh.2e5848@trendlytics.io,Aditya,Singh,2026-08-04 20:58:21.924496,budget,0,desktop
9767,rahul.kapoor.19a5f8,rahul.kapoor.19a5f8@trendlytics.io,Rahul,Kapoor,2026-08-24 20:58:21.924496,luxury,1,mobile
9768,aditya.kapoor.7632ea,aditya.kapoor.7632ea@trendlytics.io,Aditya,Kapoor,2026-08-05 20:58:21.924496,luxury,0,mobile
9769,rohan.banerjee.0ae7de,rohan.banerjee.0ae7de@trendlytics.io,Rohan,Banerjee,2026-08-21 20:58:21.924496,occasional,1,mobile
9770,priya.patel.e6a0af,priya.patel.e6a0af@trendlytics.io,Priya,Patel,2026-08-10 20:58:21.924496,occasional,1,mobile
9771,pooja.nair.0c9798,pooja.nair.0c9798@trendlytics.io,Pooja,Nair,2026-08-19 20:58:21.924496,budget,0,desktop
9772,ananya.patel.bb4cfc,ananya.patel.bb4cfc@trendlytics.io,Ananya,Patel,2026-08-12 20:58:21.924496,occasional,0,mobile
9773,ananya.kapoor.b189db,ananya.kapoor.b189db@trendlytics.io,Ananya,Kapoor,2026-08-17 20:58:21.924496,occasional,0,desktop
9774,vikram.kapoor.089029,vikram.kapoor.089029@trendlytics.io,Vikram,Kapoor,2026-08-23 20:58:21.924496,luxury,0,mobile
9775,neha.kapoor.e038ff,neha.kapoor.e038ff@trendlytics.io,Neha,Kapoor,2026-08-27 20:58:21.924496,budget,1,mobile
9776,tanvi.reddy.3423a2,tanvi.reddy.3423a2@trendlytics.io,Tanvi,Reddy,2026-08-14 20:58:21.924496,occasional,1,desktop
9777,neha.nair.63a61b,neha.nair.63a61b@trendlytics.io,Neha,Nair,2026-08-21 20:58:21.924496,trendsetter,0,desktop
9778,priya.reddy.07bdee,priya.reddy.07bdee@trendlytics.io,Priya,Reddy,2026-08-04 20:58:21.924496,luxury,1,mobile
9779,tanvi.iyer.34440f,tanvi.iyer.34440f@trendlytics.io,Tanvi,Iyer,2026-08-06 20:58:21.924496,occasional,0,mobile
9780,meera.chopra.f72ed6,meera.chopra.f72ed6@trendlytics.io,Meera,Chopra,2026-08-23 20:58:21.924496,occasional,0,mobile
9781,aditya.joshi.937a7c,aditya.joshi.937a7c@trendlytics.io,Aditya,Joshi,2026-08-06 20:58:21.924496,trendsetter,1,mobile
9782,aditya.verma.b9b3e1,aditya.verma.b9b3e1@trendlytics.io,Aditya,Verma,2026-08-25 20:58:21.924496,trendsetter,0,mobile
9783,pooja.verma.8fc3a2,pooja.verma.8fc3a2@trendlytics.io,Pooja,Verma,2026-08-12 20:58:21.924496,budget,0,mobile
9784,pooja.mehta.73fa7a,pooja.mehta.73fa7a@trendlytics.io,Pooja,Mehta,2026-08-25 20:58:21.924496,trendsetter,0,mobile
9785,priya.sharma.f9c089,priya.sharma.f9c089@trendlytics.io,Priya,Sharma,2026-08-20 20:58:21.924496,budget,1,mobile
9786,meera.mehta.d4486f,meera.mehta.d4486f@trendlytics.io,Meera,Mehta,2026-08-27 20:58:21.924496,occasional,0,mobile
9787,karan.banerjee.f51596,karan.banerjee.f51596@trendlytics.io,Karan,Banerjee,2026-08-21 20:58:21.924496,budget,0,desktop
9788,ananya.verma.938b4c,ananya.verma.938b4c@trendlytics.io,Ananya,Verma,2026-08-16 20:58:21.924496,trendsetter,1,mobile
9789,rohan.iyer.eb4827,rohan.iyer.eb4827@trendlytics.io,Rohan,Iyer,2026-08-27 20:58:21.924496,luxury,0,mobile
9790,meera.patel.3ca52d,meera.patel.3ca52d@trendlytics.io,Meera,Patel,2026-08-12 20:58:21.924496,luxury,1,mobile
9791,sneha.mehta.ea1c78,sneha.mehta.ea1c78@trendlytics.io,Sneha,Mehta,2026-08-19 20:58:21.924496,occasional,1,tablet
9792,rahul.sen.66e12f,rahul.sen.66e12f@trendlytics.io,Rahul,Sen,2026-08-21 20:58:21.924496,trendsetter,1,mobile
9793,karan.patel.723607,karan.patel.723607@trendlytics.io,Karan,Patel,2026-08-08 20:58:21.924496,luxury,1,desktop
9794,vikram.banerjee.a4b23a,vikram.banerjee.a4b23a@trendlytics.io,Vikram,Banerjee,2026-07-30 20:58:21.924496,budget,1,mobile
9795,arjun.kapoor.18783e,arjun.kapoor.18783e@trendlytics.io,Arjun,Kapoor,2026-08-08 20:58:21.924496,luxury,0,mobile
9796,meera.iyer.eb8318,meera.iyer.eb8318@trendlytics.io,Meera,Iyer,2026-08-20 20:58:21.924496,occasional,0,desktop
9797,meera.banerjee.31790e,meera.banerjee.31790e@trendlytics.io,Meera,Banerjee,2026-08-14 20:58:21.924496,budget,0,desktop
9798,priya.joshi.bed49f,priya.joshi.bed49f@trendlytics.io,Priya,Joshi,2026-08-24 20:58:21.924496,occasional,1,mobile
9799,rohan.joshi.85c15d,rohan.joshi.85c15d@trendlytics.io,Rohan,Joshi,2026-07-30 20:58:21.924496,trendsetter,0,mobile
9800,priya.gupta.5df99d,priya.gupta.5df99d@trendlytics.io,Priya,Gupta,2026-08-12 20:58:21.924496,luxury,1,desktop
9801,karan.nair.6471fc,karan.nair.6471fc@trendlytics.io,Karan,Nair,2026-08-17 20:58:21.924496,trendsetter,0,desktop
9802,rohan.verma.170a27,rohan.verma.170a27@trendlytics.io,Rohan,Verma,2026-08-03 20:58:21.924496,occasional,0,desktop
9803,priya.iyer.f4febf,priya.iyer.f4febf@trendlytics.io,Priya,Iyer,2026-07-30 20:58:21.924496,budget,1,desktop
9804,vikram.sharma.c13b95,vikram.sharma.c13b95@trendlytics.io,Vikram,Sharma,2026-08-07 20:58:21.924496,occasional,0,desktop
9805,rohan.sharma.a2e0c9,rohan.sharma.a2e0c9@trendlytics.io,Rohan,Sharma,2026-08-22 20:58:21.924496,budget,1,mobile
9806,ananya.verma.e451e3,ananya.verma.e451e3@trendlytics.io,Ananya,Verma,2026-08-05 20:58:21.924496,luxury,1,desktop
9807,arjun.gupta.6d183e,arjun.gupta.6d183e@trendlytics.io,Arjun,Gupta,2026-08-13 20:58:21.924496,luxury,1,desktop
9808,arjun.chopra.fd67b8,arjun.chopra.fd67b8@trendlytics.io,Arjun,Chopra,2026-08-02 20:58:21.924496,occasional,0,mobile
9809,riya.nair.e2df1e,riya.nair.e2df1e@trendlytics.io,Riya,Nair,2026-08-03 20:58:21.924496,trendsetter,1,mobile
9810,aditya.kapoor.28bc5b,aditya.kapoor.28bc5b@trendlytics.io,Aditya,Kapoor,2026-08-02 20:58:21.924496,trendsetter,0,mobile
9811,aditya.nair.a8d304,aditya.nair.a8d304@trendlytics.io,Aditya,Nair,2026-08-27 20:58:21.924496,trendsetter,1,desktop
9812,riya.nair.998d52,riya.nair.998d52@trendlytics.io,Riya,Nair,2026-08-19 20:58:21.924496,trendsetter,0,mobile
9813,sneha.chopra.1b4c36,sneha.chopra.1b4c36@trendlytics.io,Sneha,Chopra,2026-08-18 20:58:21.924496,occasional,0,mobile
9814,karan.banerjee.3f60d4,karan.banerjee.3f60d4@trendlytics.io,Karan,Banerjee,2026-08-02 20:58:21.924496,luxury,0,mobile
9815,vikram.chopra.fca6db,vikram.chopra.fca6db@trendlytics.io,Vikram,Chopra,2026-08-06 20:58:21.924496,luxury,0,mobile
9816,aditya.banerjee.ba2107,aditya.banerjee.ba2107@trendlytics.io,Aditya,Banerjee,2026-08-25 20:58:21.924496,luxury,0,desktop
9817,karan.banerjee.768f75,karan.banerjee.768f75@trendlytics.io,Karan,Banerjee,2026-08-23 20:58:21.924496,occasional,0,desktop
9818,pooja.das.3761b8,pooja.das.3761b8@trendlytics.io,Pooja,Das,2026-08-23 20:58:21.924496,luxury,0,tablet
9819,rohan.verma.febfcc,rohan.verma.febfcc@trendlytics.io,Rohan,Verma,2026-08-22 20:58:21.924496,budget,0,mobile
9820,pooja.joshi.0342f6,pooja.joshi.0342f6@trendlytics.io,Pooja,Joshi,2026-08-13 20:58:21.924496,trendsetter,0,mobile
9821,karan.nair.aae343,karan.nair.aae343@trendlytics.io,Karan,Nair,2026-08-01 20:58:21.924496,trendsetter,0,mobile
9822,rahul.kapoor.d73874,rahul.kapoor.d73874@trendlytics.io,Rahul,Kapoor,2026-08-13 20:58:21.924496,occasional,0,mobile
9823,pooja.patel.a81bd0,pooja.patel.a81bd0@trendlytics.io,Pooja,Patel,2026-08-22 20:58:21.924496,occasional,1,desktop
9824,vikram.das.6c4ddd,vikram.das.6c4ddd@trendlytics.io,Vikram,Das,2026-08-07 20:58:21.924496,occasional,1,mobile
9825,aditya.singh.118c43,aditya.singh.118c43@trendlytics.io,Aditya,Singh,2026-08-08 20:58:21.924496,budget,0,mobile
9826,vikram.patel.2ad7fb,vikram.patel.2ad7fb@trendlytics.io,Vikram,Patel,2026-08-04 20:58:21.924496,trendsetter,0,desktop
9827,rahul.reddy.ce702d,rahul.reddy.ce702d@trendlytics.io,Rahul,Reddy,2026-07-31 20:58:21.924496,trendsetter,1,desktop
9828,kabir.banerjee.22119f,kabir.banerjee.22119f@trendlytics.io,Kabir,Banerjee,2026-08-11 20:58:21.924496,budget,1,mobile
9829,meera.verma.f0d6bd,meera.verma.f0d6bd@trendlytics.io,Meera,Verma,2026-08-19 20:58:21.924496,occasional,0,mobile
9830,pooja.singh.648a6f,pooja.singh.648a6f@trendlytics.io,Pooja,Singh,2026-08-12 20:58:21.924496,trendsetter,1,mobile
9831,tanvi.mehta.3fb931,tanvi.mehta.3fb931@trendlytics.io,Tanvi,Mehta,2026-08-01 20:58:21.924496,luxury,0,desktop
9832,aarav.patel.50128d,aarav.patel.50128d@trendlytics.io,Aarav,Patel,2026-08-06 20:58:21.924496,budget,0,mobile
9833,ananya.gupta.cf086b,ananya.gupta.cf086b@trendlytics.io,Ananya,Gupta,2026-07-31 20:58:21.924496,luxury,0,mobile
9834,kabir.banerjee.f5f11c,kabir.banerjee.f5f11c@trendlytics.io,Kabir,Banerjee,2026-08-02 20:58:21.924496,budget,0,desktop
9835,tanvi.iyer.33f727,tanvi.iyer.33f727@trendlytics.io,Tanvi,Iyer,2026-08-09 20:58:21.924496,budget,0,mobile
9836,aarav.verma.c66266,aarav.verma.c66266@trendlytics.io,Aarav,Verma,2026-08-16 20:58:21.924496,occasional,1,mobile
9837,vikram.gupta.9f6d27,vikram.gupta.9f6d27@trendlytics.io,Vikram,Gupta,2026-08-02 20:58:21.924496,luxury,0,mobile
9838,tanvi.chopra.950529,tanvi.chopra.950529@trendlytics.io,Tanvi,Chopra,2026-07-31 20:58:21.924496,luxury,0,tablet
9839,sneha.nair.f65850,sneha.nair.f65850@trendlytics.io,Sneha,Nair,2026-08-21 20:58:21.924496,trendsetter,0,desktop
9840,rahul.mehta.1a26d4,rahul.mehta.1a26d4@trendlytics.io,Rahul,Mehta,2026-08-25 20:58:21.924496,occasional,0,mobile
9841,ananya.gupta.645a18,ananya.gupta.645a18@trendlytics.io,Ananya,Gupta,2026-07-31 20:58:21.924496,budget,0,desktop
9842,rohan.reddy.937864,rohan.reddy.937864@trendlytics.io,Rohan,Reddy,2026-08-11 20:58:21.924496,luxury,0,mobile
9843,karan.verma.0e7dd0,karan.verma.0e7dd0@trendlytics.io,Karan,Verma,2026-08-21 20:58:21.924496,occasional,0,desktop
9844,rohan.singh.dce654,rohan.singh.dce654@trendlytics.io,Rohan,Singh,2026-08-25 20:58:21.924496,trendsetter,0,desktop
9845,aarav.gupta.10c0cb,aarav.gupta.10c0cb@trendlytics.io,Aarav,Gupta,2026-08-17 20:58:21.924496,trendsetter,0,tablet
9846,pooja.banerjee.6a0213,pooja.banerjee.6a0213@trendlytics.io,Pooja,Banerjee,2026-08-01 20:58:21.924496,trendsetter,0,desktop
9847,pooja.das.36c94a,pooja.das.36c94a@trendlytics.io,Pooja,Das,2026-08-24 20:58:21.924496,budget,0,mobile
9848,priya.verma.2bdf55,priya.verma.2bdf55@trendlytics.io,Priya,Verma,2026-08-15 20:58:21.924496,trendsetter,1,mobile
9849,tanvi.reddy.f9dda9,tanvi.reddy.f9dda9@trendlytics.io,Tanvi,Reddy,2026-08-12 20:58:21.924496,budget,1,mobile
9850,sneha.sen.73ccc1,sneha.sen.73ccc1@trendlytics.io,Sneha,Sen,2026-08-27 20:58:21.924496,trendsetter,1,mobile
9851,arjun.mehta.cd4045,arjun.mehta.cd4045@trendlytics.io,Arjun,Mehta,2026-07-30 20:58:21.924496,occasional,0,mobile
9852,priya.sharma.0a61af,priya.sharma.0a61af@trendlytics.io,Priya,Sharma,2026-08-05 20:58:21.924496,trendsetter,0,mobile
9853,pooja.iyer.082d9e,pooja.iyer.082d9e@trendlytics.io,Pooja,Iyer,2026-08-02 20:58:21.924496,luxury,0,mobile
9854,priya.banerjee.a1b1f9,priya.banerjee.a1b1f9@trendlytics.io,Priya,Banerjee,2026-08-19 20:58:21.924496,occasional,1,mobile
9855,pooja.gupta.f3680f,pooja.gupta.f3680f@trendlytics.io,Pooja,Gupta,2026-08-09 20:58:21.924496,occasional,0,mobile
9856,karan.reddy.1b0e79,karan.reddy.1b0e79@trendlytics.io,Karan,Reddy,2026-08-12 20:58:21.924496,budget,1,mobile
9857,rohan.kapoor.38e529,rohan.kapoor.38e529@trendlytics.io,Rohan,Kapoor,2026-08-15 20:58:21.924496,occasional,0,mobile
9858,sneha.kapoor.5785b7,sneha.kapoor.5785b7@trendlytics.io,Sneha,Kapoor,2026-08-16 20:58:21.924496,occasional,0,mobile
9859,aarav.reddy.ed4184,aarav.reddy.ed4184@trendlytics.io,Aarav,Reddy,2026-07-30 20:58:21.924496,luxury,0,mobile
9860,ananya.das.6add36,ananya.das.6add36@trendlytics.io,Ananya,Das,2026-08-29 20:58:21.924496,occasional,0,mobile
9861,sneha.nair.565ac4,sneha.nair.565ac4@trendlytics.io,Sneha,Nair,2026-08-03 20:58:21.924496,trendsetter,0,mobile
9862,tanvi.nair.f4e13c,tanvi.nair.f4e13c@trendlytics.io,Tanvi,Nair,2026-08-19 20:58:21.924496,luxury,1,desktop
9863,pooja.singh.fad647,pooja.singh.fad647@trendlytics.io,Pooja,Singh,2026-08-07 20:58:21.924496,occasional,1,mobile
9864,sneha.singh.83c7b5,sneha.singh.83c7b5@trendlytics.io,Sneha,Singh,2026-08-13 20:58:21.924496,budget,0,mobile
9865,aarav.kapoor.0dd7e5,aarav.kapoor.0dd7e5@trendlytics.io,Aarav,Kapoor,2026-08-20 20:58:21.924496,occasional,1,desktop
9866,aarav.nair.bd1d5a,aarav.nair.bd1d5a@trendlytics.io,Aarav,Nair,2026-08-25 20:58:21.924496,budget,1,desktop
9867,aditya.singh.d8a71b,aditya.singh.d8a71b@trendlytics.io,Aditya,Singh,2026-08-07 20:58:21.924496,luxury,0,mobile
9868,pooja.chopra.221c37,pooja.chopra.221c37@trendlytics.io,Pooja,Chopra,2026-08-06 20:58:21.924496,luxury,0,mobile
9869,ananya.iyer.5a0cf6,ananya.iyer.5a0cf6@trendlytics.io,Ananya,Iyer,2026-08-21 20:58:21.924496,trendsetter,0,mobile
9870,aditya.singh.6d29f3,aditya.singh.6d29f3@trendlytics.io,Aditya,Singh,2026-08-18 20:58:21.924496,budget,0,mobile
9871,pooja.das.3ff994,pooja.das.3ff994@trendlytics.io,Pooja,Das,2026-08-16 20:58:21.924496,occasional,1,mobile
9872,sneha.banerjee.a5ecbb,sneha.banerjee.a5ecbb@trendlytics.io,Sneha,Banerjee,2026-07-31 20:58:21.924496,trendsetter,0,mobile
9873,sneha.nair.b9d458,sneha.nair.b9d458@trendlytics.io,Sneha,Nair,2026-08-01 20:58:21.924496,trendsetter,0,mobile
9874,ananya.verma.98f201,ananya.verma.98f201@trendlytics.io,Ananya,Verma,2026-08-13 20:58:21.924496,trendsetter,1,desktop
9875,neha.patel.c871ed,neha.patel.c871ed@trendlytics.io,Neha,Patel,2026-07-31 20:58:21.924496,budget,0,mobile
9876,karan.banerjee.3b4414,karan.banerjee.3b4414@trendlytics.io,Karan,Banerjee,2026-08-09 20:58:21.924496,trendsetter,0,mobile
9877,rohan.joshi.590b5c,rohan.joshi.590b5c@trendlytics.io,Rohan,Joshi,2026-08-16 20:58:21.924496,budget,1,mobile
9878,aarav.sharma.f24c57,aarav.sharma.f24c57@trendlytics.io,Aarav,Sharma,2026-08-06 20:58:21.924496,budget,1,mobile
9879,neha.joshi.d94ad9,neha.joshi.d94ad9@trendlytics.io,Neha,Joshi,2026-07-30 20:58:21.924496,occasional,0,mobile
9880,pooja.banerjee.dcb513,pooja.banerjee.dcb513@trendlytics.io,Pooja,Banerjee,2026-07-30 20:58:21.924496,trendsetter,1,desktop
9881,meera.reddy.1f14da,meera.reddy.1f14da@trendlytics.io,Meera,Reddy,2026-08-07 20:58:21.924496,trendsetter,1,desktop
9882,sneha.verma.3c8995,sneha.verma.3c8995@trendlytics.io,Sneha,Verma,2026-08-29 20:58:21.924496,luxury,0,desktop
9883,sneha.kapoor.442986,sneha.kapoor.442986@trendlytics.io,Sneha,Kapoor,2026-08-01 20:58:21.924496,budget,1,desktop
9884,rohan.gupta.093a11,rohan.gupta.093a11@trendlytics.io,Rohan,Gupta,2026-08-06 20:58:21.924496,trendsetter,0,mobile
9885,rahul.gupta.5dbef0,rahul.gupta.5dbef0@trendlytics.io,Rahul,Gupta,2026-08-14 20:58:21.924496,occasional,0,mobile
9886,arjun.gupta.0f3ea6,arjun.gupta.0f3ea6@trendlytics.io,Arjun,Gupta,2026-07-30 20:58:21.924496,occasional,0,mobile
9887,kabir.reddy.59bd91,kabir.reddy.59bd91@trendlytics.io,Kabir,Reddy,2026-08-10 20:58:21.924496,luxury,0,mobile
9888,rohan.chopra.cfb57a,rohan.chopra.cfb57a@trendlytics.io,Rohan,Chopra,2026-08-05 20:58:21.924496,occasional,1,mobile
9889,tanvi.banerjee.9bde12,tanvi.banerjee.9bde12@trendlytics.io,Tanvi,Banerjee,2026-08-10 20:58:21.924496,trendsetter,1,mobile
9890,kabir.sen.e18a53,kabir.sen.e18a53@trendlytics.io,Kabir,Sen,2026-08-02 20:58:21.924496,luxury,0,mobile
9891,kabir.joshi.0432ff,kabir.joshi.0432ff@trendlytics.io,Kabir,Joshi,2026-08-03 20:58:21.924496,occasional,0,mobile
9892,neha.sharma.3d44bb,neha.sharma.3d44bb@trendlytics.io,Neha,Sharma,2026-08-16 20:58:21.924496,trendsetter,0,mobile
9893,kabir.patel.1c09e0,kabir.patel.1c09e0@trendlytics.io,Kabir,Patel,2026-08-29 20:58:21.924496,occasional,0,desktop
9894,rohan.mehta.1414cc,rohan.mehta.1414cc@trendlytics.io,Rohan,Mehta,2026-07-31 20:58:21.924496,occasional,0,mobile
9895,aarav.joshi.d15ccb,aarav.joshi.d15ccb@trendlytics.io,Aarav,Joshi,2026-08-12 20:58:21.924496,trendsetter,0,desktop
9896,tanvi.mehta.f3e6aa,tanvi.mehta.f3e6aa@trendlytics.io,Tanvi,Mehta,2026-08-19 20:58:21.924496,luxury,0,mobile
9897,rahul.patel.185006,rahul.patel.185006@trendlytics.io,Rahul,Patel,2026-08-22 20:58:21.924496,luxury,0,mobile
9898,tanvi.mehta.ea075c,tanvi.mehta.ea075c@trendlytics.io,Tanvi,Mehta,2026-08-07 20:58:21.924496,occasional,0,mobile
9899,tanvi.sharma.5b9dbf,tanvi.sharma.5b9dbf@trendlytics.io,Tanvi,Sharma,2026-08-24 20:58:21.924496,trendsetter,1,mobile
9900,priya.nair.f5b9d0,priya.nair.f5b9d0@trendlytics.io,Priya,Nair,2026-08-16 20:58:21.924496,luxury,0,mobile
9901,arjun.banerjee.bb96c7,arjun.banerjee.bb96c7@trendlytics.io,Arjun,Banerjee,2026-08-14 20:58:21.924496,luxury,0,mobile
9902,rahul.sharma.2ab61a,rahul.sharma.2ab61a@trendlytics.io,Rahul,Sharma,2026-08-09 20:58:21.924496,occasional,0,mobile
9903,arjun.joshi.23e08c,arjun.joshi.23e08c@trendlytics.io,Arjun,Joshi,2026-08-18 20:58:21.924496,occasional,1,desktop
9904,karan.kapoor.c27d2f,karan.kapoor.c27d2f@trendlytics.io,Karan,Kapoor,2026-08-09 20:58:21.924496,budget,1,mobile
9905,pooja.patel.5b9490,pooja.patel.5b9490@trendlytics.io,Pooja,Patel,2026-08-04 20:58:21.924496,trendsetter,1,mobile
9906,rohan.singh.3e8140,rohan.singh.3e8140@trendlytics.io,Rohan,Singh,2026-08-20 20:58:21.924496,trendsetter,0,desktop
9907,aarav.mehta.64b400,aarav.mehta.64b400@trendlytics.io,Aarav,Mehta,2026-08-18 20:58:21.924496,luxury,0,mobile
9908,aarav.singh.bee10e,aarav.singh.bee10e@trendlytics.io,Aarav,Singh,2026-08-25 20:58:21.924496,luxury,0,desktop
9909,aarav.kapoor.0ea946,aarav.kapoor.0ea946@trendlytics.io,Aarav,Kapoor,2026-08-29 20:58:21.924496,luxury,1,mobile
9910,neha.kapoor.87d1ab,neha.kapoor.87d1ab@trendlytics.io,Neha,Kapoor,2026-08-01 20:58:21.924496,luxury,1,mobile
9911,sneha.sen.5d1a52,sneha.sen.5d1a52@trendlytics.io,Sneha,Sen,2026-08-02 20:58:21.924496,budget,0,mobile
9912,riya.chopra.5066ed,riya.chopra.5066ed@trendlytics.io,Riya,Chopra,2026-08-15 20:58:21.924496,trendsetter,0,mobile
9913,tanvi.verma.320f18,tanvi.verma.320f18@trendlytics.io,Tanvi,Verma,2026-08-01 20:58:21.924496,luxury,1,tablet
9914,karan.iyer.040cd2,karan.iyer.040cd2@trendlytics.io,Karan,Iyer,2026-08-04 20:58:21.924496,luxury,0,mobile
9915,sneha.iyer.d400dc,sneha.iyer.d400dc@trendlytics.io,Sneha,Iyer,2026-08-27 20:58:21.924496,trendsetter,1,mobile
9916,rohan.singh.796921,rohan.singh.796921@trendlytics.io,Rohan,Singh,2026-08-24 20:58:21.924496,occasional,1,tablet
9917,priya.mehta.fd0429,priya.mehta.fd0429@trendlytics.io,Priya,Mehta,2026-08-17 20:58:21.924496,occasional,0,desktop
9918,tanvi.sharma.da7c42,tanvi.sharma.da7c42@trendlytics.io,Tanvi,Sharma,2026-08-02 20:58:21.924496,budget,0,desktop
9919,pooja.banerjee.5af7da,pooja.banerjee.5af7da@trendlytics.io,Pooja,Banerjee,2026-08-01 20:58:21.924496,budget,0,mobile
9920,kabir.singh.8a5498,kabir.singh.8a5498@trendlytics.io,Kabir,Singh,2026-08-16 20:58:21.924496,budget,1,mobile
9921,ananya.sharma.a196c6,ananya.sharma.a196c6@trendlytics.io,Ananya,Sharma,2026-08-05 20:58:21.924496,trendsetter,1,mobile
9922,tanvi.sen.a7adbb,tanvi.sen.a7adbb@trendlytics.io,Tanvi,Sen,2026-08-28 20:58:21.924496,budget,0,desktop
9923,aditya.reddy.8eebed,aditya.reddy.8eebed@trendlytics.io,Aditya,Reddy,2026-08-28 20:58:21.924496,occasional,0,mobile
9924,arjun.reddy.cac3b9,arjun.reddy.cac3b9@trendlytics.io,Arjun,Reddy,2026-08-16 20:58:21.924496,luxury,0,mobile
9925,arjun.sen.78c2eb,arjun.sen.78c2eb@trendlytics.io,Arjun,Sen,2026-08-03 20:58:21.924496,budget,0,mobile
9926,karan.iyer.a5eb41,karan.iyer.a5eb41@trendlytics.io,Karan,Iyer,2026-08-04 20:58:21.924496,occasional,1,mobile
9927,kabir.kapoor.484bd3,kabir.kapoor.484bd3@trendlytics.io,Kabir,Kapoor,2026-08-03 20:58:21.924496,occasional,1,desktop
9928,rohan.verma.71e327,rohan.verma.71e327@trendlytics.io,Rohan,Verma,2026-08-03 20:58:21.924496,occasional,0,desktop
9929,ananya.kapoor.4a5cd7,ananya.kapoor.4a5cd7@trendlytics.io,Ananya,Kapoor,2026-08-15 20:58:21.924496,trendsetter,0,mobile
9930,neha.nair.56d444,neha.nair.56d444@trendlytics.io,Neha,Nair,2026-08-13 20:58:21.924496,luxury,0,tablet
9931,karan.sen.5be495,karan.sen.5be495@trendlytics.io,Karan,Sen,2026-08-27 20:58:21.924496,luxury,0,mobile
9932,aarav.mehta.0b5ec9,aarav.mehta.0b5ec9@trendlytics.io,Aarav,Mehta,2026-08-24 20:58:21.924496,occasional,0,mobile
9933,tanvi.das.1af170,tanvi.das.1af170@trendlytics.io,Tanvi,Das,2026-08-06 20:58:21.924496,trendsetter,0,tablet
9934,arjun.reddy.8da438,arjun.reddy.8da438@trendlytics.io,Arjun,Reddy,2026-08-19 20:58:21.924496,occasional,1,desktop
9935,neha.verma.3f5dbd,neha.verma.3f5dbd@trendlytics.io,Neha,Verma,2026-08-20 20:58:21.924496,occasional,1,mobile
9936,aarav.mehta.d017bc,aarav.mehta.d017bc@trendlytics.io,Aarav,Mehta,2026-08-25 20:58:21.924496,luxury,0,mobile
9937,neha.sen.f7bd05,neha.sen.f7bd05@trendlytics.io,Neha,Sen,2026-07-31 20:58:21.924496,occasional,0,mobile
9938,aarav.iyer.d39099,aarav.iyer.d39099@trendlytics.io,Aarav,Iyer,2026-08-03 20:58:21.924496,luxury,0,mobile
9939,kabir.gupta.4d4c2e,kabir.gupta.4d4c2e@trendlytics.io,Kabir,Gupta,2026-08-06 20:58:21.924496,occasional,0,desktop
9940,tanvi.kapoor.aee106,tanvi.kapoor.aee106@trendlytics.io,Tanvi,Kapoor,2026-08-02 20:58:21.924496,trendsetter,1,mobile
9941,arjun.sharma.be962f,arjun.sharma.be962f@trendlytics.io,Arjun,Sharma,2026-08-13 20:58:21.924496,budget,0,desktop
9942,kabir.sen.8ce442,kabir.sen.8ce442@trendlytics.io,Kabir,Sen,2026-08-29 20:58:21.924496,budget,1,mobile
9943,kabir.gupta.ca9904,kabir.gupta.ca9904@trendlytics.io,Kabir,Gupta,2026-08-01 20:58:21.924496,occasional,0,desktop
9944,meera.iyer.a846e6,meera.iyer.a846e6@trendlytics.io,Meera,Iyer,2026-08-24 20:58:21.924496,budget,1,mobile
9945,vikram.banerjee.09ad60,vikram.banerjee.09ad60@trendlytics.io,Vikram,Banerjee,2026-08-28 20:58:21.924496,budget,0,mobile
9946,vikram.mehta.e5ede5,vikram.mehta.e5ede5@trendlytics.io,Vikram,Mehta,2026-08-12 20:58:21.924496,occasional,0,desktop
9947,riya.nair.2bc799,riya.nair.2bc799@trendlytics.io,Riya,Nair,2026-08-18 20:58:21.924496,budget,0,mobile
9948,aditya.mehta.8c285d,aditya.mehta.8c285d@trendlytics.io,Aditya,Mehta,2026-08-24 20:58:21.924496,trendsetter,0,desktop
9949,riya.das.67127c,riya.das.67127c@trendlytics.io,Riya,Das,2026-08-04 20:58:21.924496,budget,0,mobile
9950,aarav.gupta.748151,aarav.gupta.748151@trendlytics.io,Aarav,Gupta,2026-08-19 20:58:21.924496,trendsetter,1,mobile
9951,rahul.nair.7eab88,rahul.nair.7eab88@trendlytics.io,Rahul,Nair,2026-07-31 20:58:21.924496,budget,1,desktop
9952,vikram.patel.08ec6b,vikram.patel.08ec6b@trendlytics.io,Vikram,Patel,2026-08-12 20:58:21.924496,occasional,0,mobile
9953,ananya.mehta.942549,ananya.mehta.942549@trendlytics.io,Ananya,Mehta,2026-08-17 20:58:21.924496,budget,0,mobile
9954,meera.das.71ffb7,meera.das.71ffb7@trendlytics.io,Meera,Das,2026-08-04 20:58:21.924496,luxury,0,mobile
9955,pooja.sen.91f222,pooja.sen.91f222@trendlytics.io,Pooja,Sen,2026-08-08 20:58:21.924496,occasional,0,mobile
9956,ananya.sharma.45b27f,ananya.sharma.45b27f@trendlytics.io,Ananya,Sharma,2026-08-16 20:58:21.924496,occasional,0,mobile
9957,sneha.kapoor.6bfcaf,sneha.kapoor.6bfcaf@trendlytics.io,Sneha,Kapoor,2026-07-31 20:58:21.924496,luxury,0,desktop
9958,tanvi.kapoor.21465f,tanvi.kapoor.21465f@trendlytics.io,Tanvi,Kapoor,2026-08-09 20:58:21.924496,budget,1,mobile
9959,aarav.nair.e35211,aarav.nair.e35211@trendlytics.io,Aarav,Nair,2026-08-10 20:58:21.924496,trendsetter,0,mobile
9960,arjun.das.46c6b6,arjun.das.46c6b6@trendlytics.io,Arjun,Das,2026-08-05 20:58:21.924496,budget,1,mobile
9961,sneha.chopra.1828b7,sneha.chopra.1828b7@trendlytics.io,Sneha,Chopra,2026-08-27 20:58:21.924496,occasional,0,mobile
9962,aditya.chopra.4cfaa3,aditya.chopra.4cfaa3@trendlytics.io,Aditya,Chopra,2026-08-27 20:58:21.924496,occasional,0,mobile
9963,riya.banerjee.fde1f6,riya.banerjee.fde1f6@trendlytics.io,Riya,Banerjee,2026-08-03 20:58:21.924496,trendsetter,0,mobile
9964,pooja.mehta.73660c,pooja.mehta.73660c@trendlytics.io,Pooja,Mehta,2026-08-25 20:58:21.924496,budget,1,mobile
9965,riya.gupta.131b5e,riya.gupta.131b5e@trendlytics.io,Riya,Gupta,2026-08-12 20:58:21.924496,occasional,1,mobile
9966,vikram.nair.4cc573,vikram.nair.4cc573@trendlytics.io,Vikram,Nair,2026-08-27 20:58:21.924496,trendsetter,1,mobile
9967,rahul.patel.1cd3c8,rahul.patel.1cd3c8@trendlytics.io,Rahul,Patel,2026-08-24 20:58:21.924496,budget,1,mobile
9968,pooja.das.a5b1b0,pooja.das.a5b1b0@trendlytics.io,Pooja,Das,2026-08-16 20:58:21.924496,occasional,1,desktop
9969,aarav.gupta.abccd0,aarav.gupta.abccd0@trendlytics.io,Aarav,Gupta,2026-08-09 20:58:21.924496,occasional,0,mobile
9970,sneha.sen.46b5aa,sneha.sen.46b5aa@trendlytics.io,Sneha,Sen,2026-08-26 20:58:21.924496,trendsetter,0,mobile
9971,riya.patel.600574,riya.patel.600574@trendlytics.io,Riya,Patel,2026-08-21 20:58:21.924496,occasional,0,mobile
9972,vikram.sharma.7aaaca,vikram.sharma.7aaaca@trendlytics.io,Vikram,Sharma,2026-07-31 20:58:21.924496,occasional,0,mobile
9973,tanvi.mehta.ec18c4,tanvi.mehta.ec18c4@trendlytics.io,Tanvi,Mehta,2026-08-13 20:58:21.924496,occasional,0,mobile
9974,meera.joshi.503d06,meera.joshi.503d06@trendlytics.io,Meera,Joshi,2026-08-18 20:58:21.924496,occasional,1,mobile
9975,rahul.joshi.ee75cf,rahul.joshi.ee75cf@trendlytics.io,Rahul,Joshi,2026-08-22 20:58:21.924496,occasional,1,desktop
9976,rohan.kapoor.d00856,rohan.kapoor.d00856@trendlytics.io,Rohan,Kapoor,2026-08-16 20:58:21.924496,budget,0,mobile
9977,pooja.gupta.6aa39f,pooja.gupta.6aa39f@trendlytics.io,Pooja,Gupta,2026-08-26 20:58:21.924496,luxury,0,mobile
9978,arjun.verma.b80d22,arjun.verma.b80d22@trendlytics.io,Arjun,Verma,2026-08-19 20:58:21.924496,luxury,0,desktop
9979,sneha.patel.e766cf,sneha.patel.e766cf@trendlytics.io,Sneha,Patel,2026-07-31 20:58:21.924496,luxury,0,tablet
9980,aditya.chopra.f912b8,aditya.chopra.f912b8@trendlytics.io,Aditya,Chopra,2026-08-23 20:58:21.924496,trendsetter,1,desktop
9981,tanvi.gupta.1dcf93,tanvi.gupta.1dcf93@trendlytics.io,Tanvi,Gupta,2026-08-17 20:58:21.924496,luxury,0,tablet
9982,ananya.singh.8e943f,ananya.singh.8e943f@trendlytics.io,Ananya,Singh,2026-08-14 20:58:21.924496,budget,0,mobile
9983,rohan.kapoor.5162cf,rohan.kapoor.5162cf@trendlytics.io,Rohan,Kapoor,2026-08-17 20:58:21.924496,budget,0,mobile
9984,rahul.chopra.b991d3,rahul.chopra.b991d3@trendlytics.io,Rahul,Chopra,2026-08-18 20:58:21.924496,occasional,0,desktop
9985,aarav.patel.11a4ca,aarav.patel.11a4ca@trendlytics.io,Aarav,Patel,2026-08-23 20:58:21.924496,luxury,1,desktop
9986,neha.joshi.6258c2,neha.joshi.6258c2@trendlytics.io,Neha,Joshi,2026-08-08 20:58:21.924496,trendsetter,0,mobile
9987,ananya.verma.079398,ananya.verma.079398@trendlytics.io,Ananya,Verma,2026-08-27 20:58:21.924496,luxury,0,desktop
9988,kabir.iyer.00e3e7,kabir.iyer.00e3e7@trendlytics.io,Kabir,Iyer,2026-07-30 20:58:21.924496,luxury,0,mobile
9989,rahul.verma.39e1f0,rahul.verma.39e1f0@trendlytics.io,Rahul,Verma,2026-08-09 20:58:21.924496,trendsetter,1,mobile
9990,rohan.nair.76cb95,rohan.nair.76cb95@trendlytics.io,Rohan,Nair,2026-08-25 20:58:21.924496,budget,0,mobile
9991,rahul.das.71e8bf,rahul.das.71e8bf@trendlytics.io,Rahul,Das,2026-07-30 20:58:21.924496,luxury,0,mobile
9992,rohan.gupta.9a1077,rohan.gupta.9a1077@trendlytics.io,Rohan,Gupta,2026-08-08 20:58:21.924496,occasional,1,tablet
9993,riya.banerjee.350048,riya.banerjee.350048@trendlytics.io,Riya,Banerjee,2026-08-13 20:58:21.924496,budget,0,mobile
9994,rahul.gupta.b7ca9d,rahul.gupta.b7ca9d@trendlytics.io,Rahul,Gupta,2026-08-23 20:58:21.924496,luxury,1,desktop
9995,tanvi.sharma.06998a,tanvi.sharma.06998a@trendlytics.io,Tanvi,Sharma,2026-08-03 20:58:21.924496,budget,1,mobile
9996,rahul.mehta.691b39,rahul.mehta.691b39@trendlytics.io,Rahul,Mehta,2026-08-05 20:58:21.924496,occasional,0,mobile
9997,vikram.patel.d8f5ce,vikram.patel.d8f5ce@trendlytics.io,Vikram,Patel,2026-08-26 20:58:21.924496,budget,1,desktop
9998,priya.gupta.ded624,priya.gupta.ded624@trendlytics.io,Priya,Gupta,2026-08-13 20:58:21.924496,trendsetter,0,desktop
9999,sneha.gupta.be5025,sneha.gupta.be5025@trendlytics.io,Sneha,Gupta,2026-08-01 20:58:21.924496,occasional,0,mobile
10000,meera.mehta.91850d,meera.mehta.91850d@trendlytics.io,Meera,Mehta,2026-08-27 20:58:21.924496,budget,0,mobile
10001,pooja.singh.14000b,pooja.singh.14000b@trendlytics.io,Pooja,Singh,2026-08-22 20:58:21.924496,budget,0,mobile
10002,riya.iyer.850298,riya.iyer.850298@trendlytics.io,Riya,Iyer,2026-08-29 20:58:21.924496,occasional,0,desktop
10003,neha.sen.053c94,neha.sen.053c94@trendlytics.io,Neha,Sen,2026-08-17 20:58:21.924496,trendsetter,0,desktop
10004,riya.kapoor.0cd4e9,riya.kapoor.0cd4e9@trendlytics.io,Riya,Kapoor,2026-08-13 20:58:21.924496,trendsetter,0,mobile
10005,sneha.banerjee.c26728,sneha.banerjee.c26728@trendlytics.io,Sneha,Banerjee,2026-08-19 20:58:21.924496,occasional,0,mobile
10006,aarav.verma.db68a4,aarav.verma.db68a4@trendlytics.io,Aarav,Verma,2026-08-10 20:58:21.924496,occasional,0,mobile
10007,rahul.verma.660343,rahul.verma.660343@trendlytics.io,Rahul,Verma,2026-08-28 20:58:21.924496,budget,0,mobile
10008,rohan.banerjee.57927f,rohan.banerjee.57927f@trendlytics.io,Rohan,Banerjee,2026-08-01 20:58:21.924496,occasional,0,desktop
10009,aditya.das.cdffe5,aditya.das.cdffe5@trendlytics.io,Aditya,Das,2026-08-10 20:58:21.924496,budget,1,mobile
10010,arjun.verma.7552f2,arjun.verma.7552f2@trendlytics.io,Arjun,Verma,2026-08-20 20:58:21.924496,budget,1,desktop
10011,ananya.gupta.7114e4,ananya.gupta.7114e4@trendlytics.io,Ananya,Gupta,2026-08-07 20:58:21.924496,occasional,1,desktop
10012,arjun.chopra.87f4bb,arjun.chopra.87f4bb@trendlytics.io,Arjun,Chopra,2026-08-16 20:58:21.924496,occasional,0,mobile
10013,priya.chopra.cdcfbb,priya.chopra.cdcfbb@trendlytics.io,Priya,Chopra,2026-08-10 20:58:21.924496,occasional,0,mobile
10014,meera.sen.b4597f,meera.sen.b4597f@trendlytics.io,Meera,Sen,2026-08-13 20:58:21.924496,luxury,0,mobile
10015,rahul.das.19d618,rahul.das.19d618@trendlytics.io,Rahul,Das,2026-08-25 20:58:21.924496,trendsetter,1,mobile
10016,pooja.chopra.b6f971,pooja.chopra.b6f971@trendlytics.io,Pooja,Chopra,2026-08-04 20:58:21.924496,budget,1,desktop
10017,ananya.patel.934708,ananya.patel.934708@trendlytics.io,Ananya,Patel,2026-08-12 20:58:21.924496,luxury,0,desktop
10018,meera.singh.95d463,meera.singh.95d463@trendlytics.io,Meera,Singh,2026-08-03 20:58:21.924496,occasional,0,mobile
10019,sneha.gupta.062102,sneha.gupta.062102@trendlytics.io,Sneha,Gupta,2026-08-18 20:58:21.924496,luxury,0,desktop
10020,aditya.reddy.9827c2,aditya.reddy.9827c2@trendlytics.io,Aditya,Reddy,2026-08-22 20:58:21.924496,budget,0,tablet
10021,pooja.nair.2bc565,pooja.nair.2bc565@trendlytics.io,Pooja,Nair,2026-08-02 20:58:21.924496,luxury,1,desktop
10022,riya.sen.51c64e,riya.sen.51c64e@trendlytics.io,Riya,Sen,2026-08-22 20:58:21.924496,budget,1,desktop
10023,riya.sharma.3404a2,riya.sharma.3404a2@trendlytics.io,Riya,Sharma,2026-08-09 20:58:21.924496,budget,0,mobile
10024,pooja.sen.a91e65,pooja.sen.a91e65@trendlytics.io,Pooja,Sen,2026-08-02 20:58:21.924496,luxury,0,mobile
10025,pooja.gupta.f51c7d,pooja.gupta.f51c7d@trendlytics.io,Pooja,Gupta,2026-08-15 20:58:21.924496,luxury,1,desktop
10026,rohan.verma.c1feb5,rohan.verma.c1feb5@trendlytics.io,Rohan,Verma,2026-08-29 20:58:21.924496,trendsetter,1,mobile
10027,rahul.iyer.af0991,rahul.iyer.af0991@trendlytics.io,Rahul,Iyer,2026-08-21 20:58:21.924496,budget,1,tablet
10028,rahul.patel.b1ce1c,rahul.patel.b1ce1c@trendlytics.io,Rahul,Patel,2026-08-17 20:58:21.924496,luxury,0,mobile
10029,arjun.sen.dd7b38,arjun.sen.dd7b38@trendlytics.io,Arjun,Sen,2026-08-14 20:58:21.924496,trendsetter,0,desktop
10030,vikram.das.6a52eb,vikram.das.6a52eb@trendlytics.io,Vikram,Das,2026-08-09 20:58:21.924496,occasional,1,desktop
10031,rohan.sen.03e5c7,rohan.sen.03e5c7@trendlytics.io,Rohan,Sen,2026-08-05 20:58:21.924496,luxury,0,desktop
10032,vikram.iyer.be39af,vikram.iyer.be39af@trendlytics.io,Vikram,Iyer,2026-08-22 20:58:21.924496,budget,1,mobile
10033,aarav.sharma.946420,aarav.sharma.946420@trendlytics.io,Aarav,Sharma,2026-08-05 20:58:21.924496,budget,1,mobile
10034,tanvi.sen.348fd8,tanvi.sen.348fd8@trendlytics.io,Tanvi,Sen,2026-07-31 20:58:21.924496,occasional,1,mobile
10035,ananya.singh.f69ad2,ananya.singh.f69ad2@trendlytics.io,Ananya,Singh,2026-07-30 20:58:21.924496,trendsetter,0,desktop
10036,priya.banerjee.21ecf8,priya.banerjee.21ecf8@trendlytics.io,Priya,Banerjee,2026-08-12 20:58:21.924496,occasional,0,desktop
10037,priya.das.d22211,priya.das.d22211@trendlytics.io,Priya,Das,2026-08-27 20:58:21.924496,luxury,0,tablet
10038,rahul.gupta.6c13eb,rahul.gupta.6c13eb@trendlytics.io,Rahul,Gupta,2026-08-08 20:58:21.924496,budget,1,mobile
10039,karan.mehta.b26a9d,karan.mehta.b26a9d@trendlytics.io,Karan,Mehta,2026-08-16 20:58:21.924496,trendsetter,1,desktop
10040,karan.reddy.a8883d,karan.reddy.a8883d@trendlytics.io,Karan,Reddy,2026-08-05 20:58:21.924496,luxury,1,mobile
10041,aarav.chopra.efaa72,aarav.chopra.efaa72@trendlytics.io,Aarav,Chopra,2026-08-14 20:58:21.924496,luxury,1,desktop
10042,riya.das.dfd07b,riya.das.dfd07b@trendlytics.io,Riya,Das,2026-08-29 20:58:21.924496,occasional,0,desktop
10043,tanvi.chopra.1901ee,tanvi.chopra.1901ee@trendlytics.io,Tanvi,Chopra,2026-08-21 20:58:21.924496,trendsetter,1,mobile
10044,ananya.kapoor.407f7d,ananya.kapoor.407f7d@trendlytics.io,Ananya,Kapoor,2026-08-13 20:58:21.924496,trendsetter,1,mobile
10045,vikram.iyer.92424f,vikram.iyer.92424f@trendlytics.io,Vikram,Iyer,2026-08-08 20:58:21.924496,budget,1,tablet
10046,meera.iyer.145337,meera.iyer.145337@trendlytics.io,Meera,Iyer,2026-07-30 20:58:21.924496,budget,0,mobile
10047,arjun.reddy.4ff13d,arjun.reddy.4ff13d@trendlytics.io,Arjun,Reddy,2026-08-09 20:58:21.924496,luxury,0,mobile
10048,aarav.gupta.d38cf7,aarav.gupta.d38cf7@trendlytics.io,Aarav,Gupta,2026-08-23 20:58:21.924496,budget,1,mobile
10049,pooja.kapoor.aa3f37,pooja.kapoor.aa3f37@trendlytics.io,Pooja,Kapoor,2026-08-27 20:58:21.924496,occasional,0,desktop
10050,rahul.nair.1ad1c3,rahul.nair.1ad1c3@trendlytics.io,Rahul,Nair,2026-08-27 20:58:21.924496,occasional,0,mobile
10051,karan.banerjee.0ddfdc,karan.banerjee.0ddfdc@trendlytics.io,Karan,Banerjee,2026-08-08 20:58:21.924496,budget,0,mobile
10052,vikram.sharma.8d9a05,vikram.sharma.8d9a05@trendlytics.io,Vikram,Sharma,2026-08-29 20:58:21.924496,occasional,0,tablet
10053,karan.joshi.790c4b,karan.joshi.790c4b@trendlytics.io,Karan,Joshi,2026-08-27 20:58:21.924496,trendsetter,0,desktop
10054,tanvi.das.b5d24d,tanvi.das.b5d24d@trendlytics.io,Tanvi,Das,2026-08-03 20:58:21.924496,occasional,1,mobile
10055,kabir.sharma.6ae76b,kabir.sharma.6ae76b@trendlytics.io,Kabir,Sharma,2026-08-06 20:58:21.924496,trendsetter,1,mobile
10056,priya.banerjee.3c0a2d,priya.banerjee.3c0a2d@trendlytics.io,Priya,Banerjee,2026-08-04 20:58:21.924496,budget,0,mobile
10057,rohan.gupta.cf9a32,rohan.gupta.cf9a32@trendlytics.io,Rohan,Gupta,2026-08-13 20:58:21.924496,occasional,1,desktop
10058,arjun.singh.1907f8,arjun.singh.1907f8@trendlytics.io,Arjun,Singh,2026-08-06 20:58:21.924496,occasional,1,mobile
10059,neha.sharma.e311ce,neha.sharma.e311ce@trendlytics.io,Neha,Sharma,2026-08-20 20:58:21.924496,luxury,1,mobile
10060,sneha.chopra.d1a2a2,sneha.chopra.d1a2a2@trendlytics.io,Sneha,Chopra,2026-08-24 20:58:21.924496,budget,0,desktop
10061,rahul.mehta.ec9a92,rahul.mehta.ec9a92@trendlytics.io,Rahul,Mehta,2026-08-17 20:58:21.924496,budget,0,mobile
10062,karan.reddy.a4e3a7,karan.reddy.a4e3a7@trendlytics.io,Karan,Reddy,2026-08-27 20:58:21.924496,budget,1,desktop
10063,kabir.banerjee.b5fd42,kabir.banerjee.b5fd42@trendlytics.io,Kabir,Banerjee,2026-08-05 20:58:21.924496,occasional,0,mobile
10064,meera.das.1fccfc,meera.das.1fccfc@trendlytics.io,Meera,Das,2026-08-17 20:58:21.924496,luxury,1,mobile
10065,aarav.nair.8075a5,aarav.nair.8075a5@trendlytics.io,Aarav,Nair,2026-08-25 20:58:21.924496,luxury,0,mobile
10066,neha.iyer.8aa1c8,neha.iyer.8aa1c8@trendlytics.io,Neha,Iyer,2026-08-06 20:58:21.924496,trendsetter,1,tablet
10067,riya.nair.b71b62,riya.nair.b71b62@trendlytics.io,Riya,Nair,2026-08-24 20:58:21.924496,occasional,1,mobile
10068,aditya.sharma.098860,aditya.sharma.098860@trendlytics.io,Aditya,Sharma,2026-08-24 20:58:21.924496,occasional,0,desktop
10069,aarav.das.991300,aarav.das.991300@trendlytics.io,Aarav,Das,2026-08-22 20:58:21.924496,budget,0,desktop
10070,tanvi.sen.35cb79,tanvi.sen.35cb79@trendlytics.io,Tanvi,Sen,2026-08-29 20:58:21.924496,budget,0,mobile
10071,meera.sharma.1e5af8,meera.sharma.1e5af8@trendlytics.io,Meera,Sharma,2026-07-31 20:58:21.924496,occasional,1,mobile
10072,pooja.reddy.8d80b9,pooja.reddy.8d80b9@trendlytics.io,Pooja,Reddy,2026-08-06 20:58:21.924496,budget,0,mobile
10073,neha.sen.74c020,neha.sen.74c020@trendlytics.io,Neha,Sen,2026-08-03 20:58:21.924496,budget,1,mobile
10074,aditya.joshi.b4dce4,aditya.joshi.b4dce4@trendlytics.io,Aditya,Joshi,2026-08-26 20:58:21.924496,luxury,0,mobile
10075,kabir.nair.e51729,kabir.nair.e51729@trendlytics.io,Kabir,Nair,2026-08-20 20:58:21.924496,luxury,1,desktop
10076,aarav.verma.bb7130,aarav.verma.bb7130@trendlytics.io,Aarav,Verma,2026-08-29 20:58:21.924496,budget,0,tablet
10077,aarav.mehta.5f7c00,aarav.mehta.5f7c00@trendlytics.io,Aarav,Mehta,2026-08-14 20:58:21.924496,occasional,0,mobile
10078,sneha.kapoor.25a055,sneha.kapoor.25a055@trendlytics.io,Sneha,Kapoor,2026-08-01 20:58:21.924496,trendsetter,1,mobile
10079,priya.nair.5119e4,priya.nair.5119e4@trendlytics.io,Priya,Nair,2026-08-14 20:58:21.924496,occasional,1,mobile
10080,riya.iyer.2cb91c,riya.iyer.2cb91c@trendlytics.io,Riya,Iyer,2026-08-28 20:58:21.924496,luxury,0,mobile
10081,rohan.nair.e99970,rohan.nair.e99970@trendlytics.io,Rohan,Nair,2026-08-02 20:58:21.924496,trendsetter,1,mobile
10082,sneha.joshi.237e94,sneha.joshi.237e94@trendlytics.io,Sneha,Joshi,2026-07-30 20:58:21.924496,trendsetter,0,desktop
10083,kabir.singh.b17037,kabir.singh.b17037@trendlytics.io,Kabir,Singh,2026-08-26 20:58:21.924496,luxury,1,desktop
10084,kabir.patel.26a226,kabir.patel.26a226@trendlytics.io,Kabir,Patel,2026-07-31 20:58:21.924496,trendsetter,0,mobile
10085,arjun.reddy.0cbd9a,arjun.reddy.0cbd9a@trendlytics.io,Arjun,Reddy,2026-08-11 20:58:21.924496,occasional,0,desktop
10086,vikram.joshi.a19c2e,vikram.joshi.a19c2e@trendlytics.io,Vikram,Joshi,2026-08-05 20:58:21.924496,occasional,1,mobile
10087,aarav.kapoor.a0dcbc,aarav.kapoor.a0dcbc@trendlytics.io,Aarav,Kapoor,2026-08-26 20:58:21.924496,trendsetter,1,mobile
10088,neha.iyer.25b14a,neha.iyer.25b14a@trendlytics.io,Neha,Iyer,2026-08-20 20:58:21.924496,trendsetter,0,desktop
10089,vikram.iyer.7b3051,vikram.iyer.7b3051@trendlytics.io,Vikram,Iyer,2026-08-02 20:58:21.924496,trendsetter,1,mobile
10090,aditya.singh.a82da5,aditya.singh.a82da5@trendlytics.io,Aditya,Singh,2026-08-22 20:58:21.924496,budget,0,mobile
10091,ananya.gupta.f8be39,ananya.gupta.f8be39@trendlytics.io,Ananya,Gupta,2026-08-24 20:58:21.924496,trendsetter,0,mobile
10092,neha.nair.e69007,neha.nair.e69007@trendlytics.io,Neha,Nair,2026-08-15 20:58:21.924496,luxury,1,mobile
10093,rohan.kapoor.2f9a88,rohan.kapoor.2f9a88@trendlytics.io,Rohan,Kapoor,2026-08-27 20:58:21.924496,budget,0,mobile
10094,rahul.mehta.204757,rahul.mehta.204757@trendlytics.io,Rahul,Mehta,2026-08-09 20:58:21.924496,budget,0,mobile
10095,rahul.sen.bbf3e6,rahul.sen.bbf3e6@trendlytics.io,Rahul,Sen,2026-08-23 20:58:21.924496,trendsetter,1,mobile
10096,sneha.nair.84cf0e,sneha.nair.84cf0e@trendlytics.io,Sneha,Nair,2026-08-18 20:58:21.924496,luxury,0,mobile
10097,aarav.kapoor.5e8522,aarav.kapoor.5e8522@trendlytics.io,Aarav,Kapoor,2026-08-09 20:58:21.924496,occasional,1,mobile
10098,sneha.singh.c63355,sneha.singh.c63355@trendlytics.io,Sneha,Singh,2026-08-05 20:58:21.924496,occasional,0,tablet
10099,ananya.joshi.a4af6e,ananya.joshi.a4af6e@trendlytics.io,Ananya,Joshi,2026-08-18 20:58:21.924496,budget,0,mobile
10100,ananya.nair.c252b5,ananya.nair.c252b5@trendlytics.io,Ananya,Nair,2026-08-17 20:58:21.924496,luxury,0,mobile
10101,tanvi.das.7291d3,tanvi.das.7291d3@trendlytics.io,Tanvi,Das,2026-08-14 20:58:21.924496,trendsetter,0,mobile
10102,rahul.mehta.0ceb81,rahul.mehta.0ceb81@trendlytics.io,Rahul,Mehta,2026-08-10 20:58:21.924496,budget,0,mobile
10103,rohan.kapoor.8c8a34,rohan.kapoor.8c8a34@trendlytics.io,Rohan,Kapoor,2026-08-23 20:58:21.924496,budget,0,mobile
10104,vikram.singh.624438,vikram.singh.624438@trendlytics.io,Vikram,Singh,2026-08-29 20:58:21.924496,budget,1,mobile
10105,riya.verma.6362ec,riya.verma.6362ec@trendlytics.io,Riya,Verma,2026-08-17 20:58:21.924496,occasional,0,mobile
10106,priya.kapoor.5de314,priya.kapoor.5de314@trendlytics.io,Priya,Kapoor,2026-08-16 20:58:21.924496,budget,0,mobile
10107,arjun.gupta.1fd4de,arjun.gupta.1fd4de@trendlytics.io,Arjun,Gupta,2026-08-16 20:58:21.924496,trendsetter,0,desktop
10108,arjun.sharma.86d634,arjun.sharma.86d634@trendlytics.io,Arjun,Sharma,2026-08-10 20:58:21.924496,trendsetter,0,mobile
10109,vikram.iyer.00f60d,vikram.iyer.00f60d@trendlytics.io,Vikram,Iyer,2026-08-06 20:58:21.924496,budget,1,mobile
10110,aarav.gupta.876f53,aarav.gupta.876f53@trendlytics.io,Aarav,Gupta,2026-08-08 20:58:21.924496,trendsetter,0,desktop
10111,tanvi.singh.6ec54f,tanvi.singh.6ec54f@trendlytics.io,Tanvi,Singh,2026-08-27 20:58:21.924496,trendsetter,0,mobile
10112,vikram.joshi.9fb53d,vikram.joshi.9fb53d@trendlytics.io,Vikram,Joshi,2026-08-07 20:58:21.924496,luxury,0,mobile
10113,aditya.joshi.d886ad,aditya.joshi.d886ad@trendlytics.io,Aditya,Joshi,2026-08-28 20:58:21.924496,occasional,1,desktop
10114,rahul.patel.e7f107,rahul.patel.e7f107@trendlytics.io,Rahul,Patel,2026-08-17 20:58:21.924496,luxury,0,mobile
10115,vikram.iyer.ace415,vikram.iyer.ace415@trendlytics.io,Vikram,Iyer,2026-08-13 20:58:21.924496,budget,1,desktop
10116,neha.sen.9f97de,neha.sen.9f97de@trendlytics.io,Neha,Sen,2026-08-14 20:58:21.924496,occasional,0,desktop
10117,karan.singh.ae65ef,karan.singh.ae65ef@trendlytics.io,Karan,Singh,2026-08-23 20:58:21.924496,luxury,0,desktop
10118,vikram.verma.87df82,vikram.verma.87df82@trendlytics.io,Vikram,Verma,2026-08-03 20:58:21.924496,budget,1,mobile
10119,aarav.chopra.1b1b61,aarav.chopra.1b1b61@trendlytics.io,Aarav,Chopra,2026-08-19 20:58:21.924496,trendsetter,1,desktop
10120,aditya.chopra.e80f60,aditya.chopra.e80f60@trendlytics.io,Aditya,Chopra,2026-08-02 20:58:21.924496,occasional,1,desktop
10121,vikram.joshi.2653c7,vikram.joshi.2653c7@trendlytics.io,Vikram,Joshi,2026-08-10 20:58:21.924496,luxury,0,mobile
10122,meera.iyer.419264,meera.iyer.419264@trendlytics.io,Meera,Iyer,2026-08-28 20:58:21.924496,occasional,0,mobile
10123,meera.joshi.9f55d9,meera.joshi.9f55d9@trendlytics.io,Meera,Joshi,2026-08-12 20:58:21.924496,budget,0,desktop
10124,ananya.joshi.3870d5,ananya.joshi.3870d5@trendlytics.io,Ananya,Joshi,2026-08-28 20:58:21.924496,luxury,0,desktop
10125,vikram.nair.0cb827,vikram.nair.0cb827@trendlytics.io,Vikram,Nair,2026-08-25 20:58:21.924496,budget,0,mobile
10126,aditya.joshi.2c5474,aditya.joshi.2c5474@trendlytics.io,Aditya,Joshi,2026-08-06 20:58:21.924496,budget,0,mobile
10127,sneha.iyer.67d085,sneha.iyer.67d085@trendlytics.io,Sneha,Iyer,2026-08-18 20:58:21.924496,trendsetter,1,mobile
10128,tanvi.singh.55c67f,tanvi.singh.55c67f@trendlytics.io,Tanvi,Singh,2026-08-01 20:58:21.924496,luxury,1,mobile
10129,arjun.verma.7cd375,arjun.verma.7cd375@trendlytics.io,Arjun,Verma,2026-08-19 20:58:21.924496,luxury,1,mobile
10130,kabir.nair.46f136,kabir.nair.46f136@trendlytics.io,Kabir,Nair,2026-08-09 20:58:21.924496,budget,1,mobile
10131,rohan.singh.57a3a8,rohan.singh.57a3a8@trendlytics.io,Rohan,Singh,2026-08-24 20:58:21.924496,budget,1,desktop
10132,meera.singh.fa0ed3,meera.singh.fa0ed3@trendlytics.io,Meera,Singh,2026-08-06 20:58:21.924496,trendsetter,0,desktop
10133,aditya.reddy.a6c5af,aditya.reddy.a6c5af@trendlytics.io,Aditya,Reddy,2026-08-17 20:58:21.924496,luxury,0,desktop
10134,riya.verma.95944d,riya.verma.95944d@trendlytics.io,Riya,Verma,2026-08-17 20:58:21.924496,trendsetter,0,mobile
10135,vikram.joshi.c10841,vikram.joshi.c10841@trendlytics.io,Vikram,Joshi,2026-08-19 20:58:21.924496,occasional,1,mobile
10136,aditya.chopra.4cfd41,aditya.chopra.4cfd41@trendlytics.io,Aditya,Chopra,2026-08-01 20:58:21.924496,budget,0,mobile
10137,pooja.sharma.e63ad3,pooja.sharma.e63ad3@trendlytics.io,Pooja,Sharma,2026-08-06 20:58:21.924496,budget,0,mobile
10138,arjun.singh.f0ea26,arjun.singh.f0ea26@trendlytics.io,Arjun,Singh,2026-08-09 20:58:21.924496,occasional,0,mobile
10139,ananya.joshi.de70d4,ananya.joshi.de70d4@trendlytics.io,Ananya,Joshi,2026-08-05 20:58:21.924496,luxury,0,mobile
10140,sneha.gupta.384b01,sneha.gupta.384b01@trendlytics.io,Sneha,Gupta,2026-07-31 20:58:21.924496,budget,0,mobile
10141,karan.banerjee.e3c3cf,karan.banerjee.e3c3cf@trendlytics.io,Karan,Banerjee,2026-08-18 20:58:21.924496,luxury,0,tablet
10142,neha.sen.05cf30,neha.sen.05cf30@trendlytics.io,Neha,Sen,2026-08-04 20:58:21.924496,budget,0,mobile
10143,aditya.banerjee.2a776e,aditya.banerjee.2a776e@trendlytics.io,Aditya,Banerjee,2026-07-30 20:58:21.924496,budget,1,mobile
10144,rahul.reddy.3d54e9,rahul.reddy.3d54e9@trendlytics.io,Rahul,Reddy,2026-08-08 20:58:21.924496,luxury,1,mobile
10145,arjun.chopra.39cc51,arjun.chopra.39cc51@trendlytics.io,Arjun,Chopra,2026-08-29 20:58:21.924496,budget,1,mobile
10146,kabir.verma.5ba21c,kabir.verma.5ba21c@trendlytics.io,Kabir,Verma,2026-08-28 20:58:21.924496,occasional,1,mobile
10147,rohan.iyer.0487ef,rohan.iyer.0487ef@trendlytics.io,Rohan,Iyer,2026-08-20 20:58:21.924496,trendsetter,0,mobile
10148,karan.reddy.937cd7,karan.reddy.937cd7@trendlytics.io,Karan,Reddy,2026-08-16 20:58:21.924496,luxury,1,desktop
10149,rahul.das.33149e,rahul.das.33149e@trendlytics.io,Rahul,Das,2026-08-09 20:58:21.924496,luxury,0,mobile
10150,tanvi.sen.c546df,tanvi.sen.c546df@trendlytics.io,Tanvi,Sen,2026-08-25 20:58:21.924496,luxury,1,desktop
10151,rahul.joshi.466bcc,rahul.joshi.466bcc@trendlytics.io,Rahul,Joshi,2026-08-19 20:58:21.924496,occasional,1,mobile
10152,rahul.verma.3b95f2,rahul.verma.3b95f2@trendlytics.io,Rahul,Verma,2026-08-05 20:58:21.924496,trendsetter,0,tablet
10153,aditya.das.fe9134,aditya.das.fe9134@trendlytics.io,Aditya,Das,2026-08-19 20:58:21.924496,trendsetter,1,desktop
10154,pooja.reddy.4921f1,pooja.reddy.4921f1@trendlytics.io,Pooja,Reddy,2026-08-09 20:58:21.924496,occasional,0,desktop
10155,rahul.joshi.c71faf,rahul.joshi.c71faf@trendlytics.io,Rahul,Joshi,2026-08-26 20:58:21.924496,trendsetter,1,mobile
10156,kabir.gupta.003aed,kabir.gupta.003aed@trendlytics.io,Kabir,Gupta,2026-08-17 20:58:21.924496,trendsetter,1,mobile
10157,pooja.nair.783304,pooja.nair.783304@trendlytics.io,Pooja,Nair,2026-08-18 20:58:21.924496,occasional,1,mobile
10158,sneha.verma.2963a3,sneha.verma.2963a3@trendlytics.io,Sneha,Verma,2026-08-16 20:58:21.924496,trendsetter,1,mobile
10159,aarav.sharma.7ff26e,aarav.sharma.7ff26e@trendlytics.io,Aarav,Sharma,2026-08-20 20:58:21.924496,budget,1,desktop
10160,karan.chopra.85f5c5,karan.chopra.85f5c5@trendlytics.io,Karan,Chopra,2026-08-23 20:58:21.924496,luxury,1,mobile
10161,kabir.kapoor.89d0e5,kabir.kapoor.89d0e5@trendlytics.io,Kabir,Kapoor,2026-08-07 20:58:21.924496,budget,0,mobile
10162,rohan.patel.919f2a,rohan.patel.919f2a@trendlytics.io,Rohan,Patel,2026-08-29 20:58:21.924496,occasional,0,tablet
10163,neha.banerjee.b5a627,neha.banerjee.b5a627@trendlytics.io,Neha,Banerjee,2026-08-05 20:58:21.924496,luxury,0,desktop
10164,rohan.sharma.f69d58,rohan.sharma.f69d58@trendlytics.io,Rohan,Sharma,2026-08-17 20:58:21.924496,luxury,1,mobile
10165,karan.nair.8fc944,karan.nair.8fc944@trendlytics.io,Karan,Nair,2026-08-18 20:58:21.924496,trendsetter,0,mobile
10166,ananya.sharma.bd1880,ananya.sharma.bd1880@trendlytics.io,Ananya,Sharma,2026-08-21 20:58:21.924496,budget,1,mobile
10167,karan.banerjee.0a7ec5,karan.banerjee.0a7ec5@trendlytics.io,Karan,Banerjee,2026-08-17 20:58:21.924496,luxury,0,mobile
10168,arjun.nair.e3a4cd,arjun.nair.e3a4cd@trendlytics.io,Arjun,Nair,2026-08-24 20:58:21.924496,trendsetter,0,mobile
10169,pooja.iyer.848042,pooja.iyer.848042@trendlytics.io,Pooja,Iyer,2026-08-05 20:58:21.924496,occasional,1,mobile
10170,sneha.reddy.d3e096,sneha.reddy.d3e096@trendlytics.io,Sneha,Reddy,2026-07-31 20:58:21.924496,occasional,1,mobile
10171,arjun.sen.9e144b,arjun.sen.9e144b@trendlytics.io,Arjun,Sen,2026-08-13 20:58:21.924496,luxury,1,mobile
10172,kabir.iyer.8cfc84,kabir.iyer.8cfc84@trendlytics.io,Kabir,Iyer,2026-08-22 20:58:21.924496,occasional,0,mobile
10173,aditya.nair.de1e1a,aditya.nair.de1e1a@trendlytics.io,Aditya,Nair,2026-07-31 20:58:21.924496,luxury,1,mobile
10174,meera.kapoor.2d727c,meera.kapoor.2d727c@trendlytics.io,Meera,Kapoor,2026-08-01 20:58:21.924496,luxury,1,tablet
10175,kabir.reddy.07212b,kabir.reddy.07212b@trendlytics.io,Kabir,Reddy,2026-08-24 20:58:21.924496,luxury,1,tablet
10176,rohan.verma.6b9f91,rohan.verma.6b9f91@trendlytics.io,Rohan,Verma,2026-08-09 20:58:21.924496,budget,1,mobile
10177,neha.gupta.15a87a,neha.gupta.15a87a@trendlytics.io,Neha,Gupta,2026-07-30 20:58:21.924496,trendsetter,0,mobile
10178,priya.verma.f2de4e,priya.verma.f2de4e@trendlytics.io,Priya,Verma,2026-08-02 20:58:21.924496,budget,0,mobile
10179,riya.joshi.3f9a2f,riya.joshi.3f9a2f@trendlytics.io,Riya,Joshi,2026-08-25 20:58:21.924496,trendsetter,1,mobile
10180,pooja.das.d4aa01,pooja.das.d4aa01@trendlytics.io,Pooja,Das,2026-08-24 20:58:21.924496,luxury,1,desktop
10181,meera.banerjee.64d4df,meera.banerjee.64d4df@trendlytics.io,Meera,Banerjee,2026-08-22 20:58:21.924496,luxury,0,mobile
10182,sneha.nair.46b682,sneha.nair.46b682@trendlytics.io,Sneha,Nair,2026-08-19 20:58:21.924496,occasional,0,mobile
10183,vikram.reddy.08f058,vikram.reddy.08f058@trendlytics.io,Vikram,Reddy,2026-08-07 20:58:21.924496,occasional,0,mobile
10184,rahul.das.ca6eca,rahul.das.ca6eca@trendlytics.io,Rahul,Das,2026-08-11 20:58:21.924496,luxury,1,mobile
10185,tanvi.mehta.3947fc,tanvi.mehta.3947fc@trendlytics.io,Tanvi,Mehta,2026-08-09 20:58:21.924496,trendsetter,0,desktop
10186,karan.nair.f9de07,karan.nair.f9de07@trendlytics.io,Karan,Nair,2026-08-24 20:58:21.924496,budget,0,mobile
10187,tanvi.nair.d0159a,tanvi.nair.d0159a@trendlytics.io,Tanvi,Nair,2026-08-19 20:58:21.924496,trendsetter,0,mobile
10188,karan.singh.838b5c,karan.singh.838b5c@trendlytics.io,Karan,Singh,2026-08-05 20:58:21.924496,budget,0,desktop
10189,karan.sen.b48dd8,karan.sen.b48dd8@trendlytics.io,Karan,Sen,2026-08-29 20:58:21.924496,luxury,1,mobile
10190,tanvi.nair.c01d50,tanvi.nair.c01d50@trendlytics.io,Tanvi,Nair,2026-08-27 20:58:21.924496,trendsetter,1,mobile
10191,rohan.sharma.bc4619,rohan.sharma.bc4619@trendlytics.io,Rohan,Sharma,2026-08-03 20:58:21.924496,trendsetter,1,mobile
10192,aditya.kapoor.770254,aditya.kapoor.770254@trendlytics.io,Aditya,Kapoor,2026-08-14 20:58:21.924496,trendsetter,0,desktop
10193,arjun.banerjee.87dff4,arjun.banerjee.87dff4@trendlytics.io,Arjun,Banerjee,2026-08-26 20:58:21.924496,trendsetter,1,mobile
10194,riya.verma.d5734e,riya.verma.d5734e@trendlytics.io,Riya,Verma,2026-08-01 20:58:21.924496,trendsetter,1,mobile
10195,arjun.nair.fc9f27,arjun.nair.fc9f27@trendlytics.io,Arjun,Nair,2026-08-17 20:58:21.924496,budget,1,desktop
10196,ananya.kapoor.5e6954,ananya.kapoor.5e6954@trendlytics.io,Ananya,Kapoor,2026-08-02 20:58:21.924496,trendsetter,0,mobile
10197,ananya.iyer.42553c,ananya.iyer.42553c@trendlytics.io,Ananya,Iyer,2026-08-11 20:58:21.924496,occasional,1,desktop
10198,vikram.nair.3bdb56,vikram.nair.3bdb56@trendlytics.io,Vikram,Nair,2026-08-24 20:58:21.924496,trendsetter,0,desktop
10199,ananya.banerjee.549e46,ananya.banerjee.549e46@trendlytics.io,Ananya,Banerjee,2026-08-25 20:58:21.924496,occasional,0,mobile
10200,rohan.verma.63a4b6,rohan.verma.63a4b6@trendlytics.io,Rohan,Verma,2026-08-14 20:58:21.924496,occasional,0,mobile
10201,meera.kapoor.194112,meera.kapoor.194112@trendlytics.io,Meera,Kapoor,2026-08-25 20:58:21.924496,occasional,0,desktop
10202,aarav.nair.ac5d77,aarav.nair.ac5d77@trendlytics.io,Aarav,Nair,2026-08-14 20:58:21.924496,trendsetter,0,desktop
10203,ananya.iyer.463e43,ananya.iyer.463e43@trendlytics.io,Ananya,Iyer,2026-08-19 20:58:21.924496,budget,1,desktop
10204,sneha.mehta.4b7f97,sneha.mehta.4b7f97@trendlytics.io,Sneha,Mehta,2026-08-08 20:58:21.924496,luxury,1,mobile
10205,priya.chopra.36cf8a,priya.chopra.36cf8a@trendlytics.io,Priya,Chopra,2026-08-23 20:58:21.924496,budget,1,mobile
10206,kabir.gupta.43e16e,kabir.gupta.43e16e@trendlytics.io,Kabir,Gupta,2026-08-09 20:58:21.924496,luxury,1,desktop
10207,vikram.iyer.d65f9a,vikram.iyer.d65f9a@trendlytics.io,Vikram,Iyer,2026-08-10 20:58:21.924496,trendsetter,1,mobile
10208,vikram.gupta.ab8bf6,vikram.gupta.ab8bf6@trendlytics.io,Vikram,Gupta,2026-08-12 20:58:21.924496,trendsetter,0,mobile
10209,kabir.reddy.15b09b,kabir.reddy.15b09b@trendlytics.io,Kabir,Reddy,2026-08-06 20:58:21.924496,occasional,0,desktop
10210,rahul.banerjee.3bd5c1,rahul.banerjee.3bd5c1@trendlytics.io,Rahul,Banerjee,2026-08-02 20:58:21.924496,occasional,1,mobile
10211,aarav.gupta.3a3272,aarav.gupta.3a3272@trendlytics.io,Aarav,Gupta,2026-08-27 20:58:21.924496,occasional,0,mobile
10212,vikram.mehta.f6059a,vikram.mehta.f6059a@trendlytics.io,Vikram,Mehta,2026-08-03 20:58:21.924496,luxury,0,desktop
10213,kabir.iyer.8a4385,kabir.iyer.8a4385@trendlytics.io,Kabir,Iyer,2026-08-28 20:58:21.924496,trendsetter,0,mobile
10214,vikram.das.cd01a0,vikram.das.cd01a0@trendlytics.io,Vikram,Das,2026-08-14 20:58:21.924496,trendsetter,0,mobile
10215,kabir.reddy.b3f9a6,kabir.reddy.b3f9a6@trendlytics.io,Kabir,Reddy,2026-08-26 20:58:21.924496,occasional,0,mobile
10216,ananya.iyer.681009,ananya.iyer.681009@trendlytics.io,Ananya,Iyer,2026-08-25 20:58:21.924496,budget,1,mobile
10217,riya.gupta.450ad6,riya.gupta.450ad6@trendlytics.io,Riya,Gupta,2026-08-22 20:58:21.924496,luxury,0,mobile
10218,meera.kapoor.4532e3,meera.kapoor.4532e3@trendlytics.io,Meera,Kapoor,2026-08-29 20:58:21.924496,budget,0,mobile
10219,vikram.reddy.7c6588,vikram.reddy.7c6588@trendlytics.io,Vikram,Reddy,2026-08-17 20:58:21.924496,luxury,0,mobile
10220,tanvi.iyer.b536e7,tanvi.iyer.b536e7@trendlytics.io,Tanvi,Iyer,2026-08-15 20:58:21.924496,budget,1,desktop
10221,priya.das.73169d,priya.das.73169d@trendlytics.io,Priya,Das,2026-08-24 20:58:21.924496,occasional,0,desktop
10222,karan.sharma.bc9b91,karan.sharma.bc9b91@trendlytics.io,Karan,Sharma,2026-08-22 20:58:21.924496,luxury,0,mobile
10223,kabir.joshi.089d97,kabir.joshi.089d97@trendlytics.io,Kabir,Joshi,2026-08-07 20:58:21.924496,trendsetter,0,desktop
10224,sneha.iyer.6bbc66,sneha.iyer.6bbc66@trendlytics.io,Sneha,Iyer,2026-08-08 20:58:21.924496,trendsetter,1,desktop
10225,vikram.kapoor.83ba21,vikram.kapoor.83ba21@trendlytics.io,Vikram,Kapoor,2026-08-26 20:58:21.924496,occasional,1,desktop
10226,priya.joshi.bf40cf,priya.joshi.bf40cf@trendlytics.io,Priya,Joshi,2026-08-17 20:58:21.924496,occasional,0,mobile
10227,neha.reddy.a09991,neha.reddy.a09991@trendlytics.io,Neha,Reddy,2026-08-12 20:58:21.924496,luxury,0,desktop
10228,riya.gupta.0c0888,riya.gupta.0c0888@trendlytics.io,Riya,Gupta,2026-08-12 20:58:21.924496,luxury,1,mobile
10229,arjun.kapoor.6d72f6,arjun.kapoor.6d72f6@trendlytics.io,Arjun,Kapoor,2026-08-12 20:58:21.924496,budget,0,mobile
10230,aditya.sharma.f90618,aditya.sharma.f90618@trendlytics.io,Aditya,Sharma,2026-08-16 20:58:21.924496,trendsetter,1,desktop
10231,neha.chopra.0a59be,neha.chopra.0a59be@trendlytics.io,Neha,Chopra,2026-08-10 20:58:21.924496,trendsetter,1,desktop
10232,sneha.gupta.c7ad33,sneha.gupta.c7ad33@trendlytics.io,Sneha,Gupta,2026-08-17 20:58:21.924496,luxury,0,mobile
10233,kabir.banerjee.05835a,kabir.banerjee.05835a@trendlytics.io,Kabir,Banerjee,2026-08-24 20:58:21.924496,luxury,1,mobile
10234,sneha.singh.16fcc6,sneha.singh.16fcc6@trendlytics.io,Sneha,Singh,2026-08-04 20:58:21.924496,trendsetter,1,mobile
10235,kabir.sharma.e8e02c,kabir.sharma.e8e02c@trendlytics.io,Kabir,Sharma,2026-08-01 20:58:21.924496,budget,1,mobile
10236,kabir.das.4345f7,kabir.das.4345f7@trendlytics.io,Kabir,Das,2026-08-13 20:58:21.924496,occasional,0,mobile
10237,sneha.iyer.b51549,sneha.iyer.b51549@trendlytics.io,Sneha,Iyer,2026-08-24 20:58:21.924496,budget,0,mobile
10238,rahul.joshi.03421e,rahul.joshi.03421e@trendlytics.io,Rahul,Joshi,2026-08-10 20:58:21.924496,trendsetter,1,desktop
10239,sneha.kapoor.2d9670,sneha.kapoor.2d9670@trendlytics.io,Sneha,Kapoor,2026-08-15 20:58:21.924496,trendsetter,0,mobile
10240,aditya.kapoor.ba3683,aditya.kapoor.ba3683@trendlytics.io,Aditya,Kapoor,2026-08-25 20:58:21.924496,luxury,0,mobile
10241,ananya.iyer.30f4b5,ananya.iyer.30f4b5@trendlytics.io,Ananya,Iyer,2026-08-01 20:58:21.924496,budget,1,tablet
10242,rohan.singh.cd1a56,rohan.singh.cd1a56@trendlytics.io,Rohan,Singh,2026-08-07 20:58:21.924496,luxury,0,desktop
10243,ananya.singh.23cef4,ananya.singh.23cef4@trendlytics.io,Ananya,Singh,2026-08-05 20:58:21.924496,trendsetter,0,mobile
10244,rahul.kapoor.8d5d89,rahul.kapoor.8d5d89@trendlytics.io,Rahul,Kapoor,2026-08-23 20:58:21.924496,budget,0,desktop
10245,vikram.sharma.55f399,vikram.sharma.55f399@trendlytics.io,Vikram,Sharma,2026-08-09 20:58:21.924496,luxury,0,mobile
10246,riya.das.a1379d,riya.das.a1379d@trendlytics.io,Riya,Das,2026-08-10 20:58:21.924496,occasional,0,desktop
10247,rahul.sharma.726b5f,rahul.sharma.726b5f@trendlytics.io,Rahul,Sharma,2026-08-18 20:58:21.924496,budget,1,mobile
10248,riya.chopra.5141ee,riya.chopra.5141ee@trendlytics.io,Riya,Chopra,2026-08-10 20:58:21.924496,trendsetter,1,mobile
10249,riya.gupta.8d0432,riya.gupta.8d0432@trendlytics.io,Riya,Gupta,2026-08-03 20:58:21.924496,luxury,0,mobile
10250,meera.reddy.bafa40,meera.reddy.bafa40@trendlytics.io,Meera,Reddy,2026-08-11 20:58:21.924496,occasional,0,mobile
10251,tanvi.kapoor.729a16,tanvi.kapoor.729a16@trendlytics.io,Tanvi,Kapoor,2026-08-01 20:58:21.924496,trendsetter,1,mobile
10252,vikram.das.39d43f,vikram.das.39d43f@trendlytics.io,Vikram,Das,2026-08-06 20:58:21.924496,luxury,0,desktop
10253,tanvi.joshi.7dbd31,tanvi.joshi.7dbd31@trendlytics.io,Tanvi,Joshi,2026-08-11 20:58:21.924496,occasional,0,mobile
10254,karan.reddy.d5b68c,karan.reddy.d5b68c@trendlytics.io,Karan,Reddy,2026-08-16 20:58:21.924496,trendsetter,0,tablet
10255,riya.reddy.808994,riya.reddy.808994@trendlytics.io,Riya,Reddy,2026-08-26 20:58:21.924496,luxury,1,mobile
10256,aarav.verma.9a496c,aarav.verma.9a496c@trendlytics.io,Aarav,Verma,2026-08-18 20:58:21.924496,luxury,1,mobile
10257,rahul.patel.a8ed29,rahul.patel.a8ed29@trendlytics.io,Rahul,Patel,2026-07-31 20:58:21.924496,trendsetter,1,mobile
10258,tanvi.sharma.3af7c8,tanvi.sharma.3af7c8@trendlytics.io,Tanvi,Sharma,2026-08-09 20:58:21.924496,occasional,0,desktop
10259,neha.iyer.ccf18d,neha.iyer.ccf18d@trendlytics.io,Neha,Iyer,2026-08-14 20:58:21.924496,trendsetter,0,mobile
10260,arjun.verma.afb1af,arjun.verma.afb1af@trendlytics.io,Arjun,Verma,2026-08-27 20:58:21.924496,luxury,0,desktop
10261,priya.mehta.8d5310,priya.mehta.8d5310@trendlytics.io,Priya,Mehta,2026-08-07 20:58:21.924496,occasional,1,desktop
10262,aarav.sen.63df76,aarav.sen.63df76@trendlytics.io,Aarav,Sen,2026-08-04 20:58:21.924496,budget,0,mobile
10263,rohan.gupta.f8dc5b,rohan.gupta.f8dc5b@trendlytics.io,Rohan,Gupta,2026-08-09 20:58:21.924496,occasional,0,mobile
10264,tanvi.das.e63bca,tanvi.das.e63bca@trendlytics.io,Tanvi,Das,2026-08-15 20:58:21.924496,trendsetter,1,mobile
10265,meera.gupta.5c569e,meera.gupta.5c569e@trendlytics.io,Meera,Gupta,2026-08-24 20:58:21.924496,budget,0,desktop
10266,sneha.reddy.22c977,sneha.reddy.22c977@trendlytics.io,Sneha,Reddy,2026-07-30 20:58:21.924496,occasional,0,mobile
10267,pooja.das.dd25ce,pooja.das.dd25ce@trendlytics.io,Pooja,Das,2026-08-22 20:58:21.924496,trendsetter,1,desktop
10268,neha.singh.ab47b3,neha.singh.ab47b3@trendlytics.io,Neha,Singh,2026-08-27 20:58:21.924496,trendsetter,0,desktop
10269,aarav.reddy.ac41bf,aarav.reddy.ac41bf@trendlytics.io,Aarav,Reddy,2026-08-12 20:58:21.924496,occasional,1,mobile
10270,karan.kapoor.f0217e,karan.kapoor.f0217e@trendlytics.io,Karan,Kapoor,2026-08-19 20:58:21.924496,trendsetter,1,desktop
10271,aditya.iyer.3c3a0e,aditya.iyer.3c3a0e@trendlytics.io,Aditya,Iyer,2026-08-05 20:58:21.924496,trendsetter,0,mobile
10272,ananya.joshi.0a9e23,ananya.joshi.0a9e23@trendlytics.io,Ananya,Joshi,2026-08-28 20:58:21.924496,occasional,0,mobile
10273,tanvi.iyer.06a93c,tanvi.iyer.06a93c@trendlytics.io,Tanvi,Iyer,2026-08-01 20:58:21.924496,occasional,0,mobile
10274,aarav.reddy.12f692,aarav.reddy.12f692@trendlytics.io,Aarav,Reddy,2026-08-08 20:58:21.924496,trendsetter,0,desktop
10275,arjun.singh.ac3013,arjun.singh.ac3013@trendlytics.io,Arjun,Singh,2026-08-26 20:58:21.924496,trendsetter,0,mobile
10276,kabir.iyer.f5cd95,kabir.iyer.f5cd95@trendlytics.io,Kabir,Iyer,2026-08-29 20:58:21.924496,occasional,0,mobile
10277,riya.patel.06a9bc,riya.patel.06a9bc@trendlytics.io,Riya,Patel,2026-08-23 20:58:21.924496,occasional,1,mobile
10278,priya.sen.a1425f,priya.sen.a1425f@trendlytics.io,Priya,Sen,2026-08-04 20:58:21.924496,budget,0,desktop
10279,neha.das.22c380,neha.das.22c380@trendlytics.io,Neha,Das,2026-07-31 20:58:21.924496,trendsetter,0,mobile
10280,arjun.sharma.a12be0,arjun.sharma.a12be0@trendlytics.io,Arjun,Sharma,2026-07-31 20:58:21.924496,occasional,0,desktop
10281,tanvi.verma.e4e33c,tanvi.verma.e4e33c@trendlytics.io,Tanvi,Verma,2026-08-04 20:58:21.924496,trendsetter,0,desktop
10282,tanvi.patel.4dbd8b,tanvi.patel.4dbd8b@trendlytics.io,Tanvi,Patel,2026-08-14 20:58:21.924496,budget,0,desktop
10283,ananya.das.7f6c8d,ananya.das.7f6c8d@trendlytics.io,Ananya,Das,2026-08-14 20:58:21.924496,occasional,0,mobile
10284,meera.gupta.ad9f8e,meera.gupta.ad9f8e@trendlytics.io,Meera,Gupta,2026-08-27 20:58:21.924496,budget,0,mobile
10285,ananya.joshi.5a543d,ananya.joshi.5a543d@trendlytics.io,Ananya,Joshi,2026-08-29 20:58:21.924496,occasional,0,mobile
10286,priya.sharma.393d79,priya.sharma.393d79@trendlytics.io,Priya,Sharma,2026-07-30 20:58:21.924496,luxury,0,mobile
10287,vikram.reddy.14e347,vikram.reddy.14e347@trendlytics.io,Vikram,Reddy,2026-08-08 20:58:21.924496,luxury,1,desktop
10288,aarav.das.59486e,aarav.das.59486e@trendlytics.io,Aarav,Das,2026-07-30 20:58:21.924496,luxury,0,mobile
10289,sneha.banerjee.81d1f1,sneha.banerjee.81d1f1@trendlytics.io,Sneha,Banerjee,2026-08-15 20:58:21.924496,budget,0,mobile
10290,arjun.singh.6f32d8,arjun.singh.6f32d8@trendlytics.io,Arjun,Singh,2026-08-14 20:58:21.924496,occasional,1,mobile
10291,ananya.chopra.a9e8f3,ananya.chopra.a9e8f3@trendlytics.io,Ananya,Chopra,2026-08-10 20:58:21.924496,budget,0,mobile
10292,neha.gupta.d2aa77,neha.gupta.d2aa77@trendlytics.io,Neha,Gupta,2026-08-21 20:58:21.924496,luxury,0,mobile
10293,pooja.verma.6ecfa3,pooja.verma.6ecfa3@trendlytics.io,Pooja,Verma,2026-08-19 20:58:21.924496,budget,1,mobile
10294,karan.singh.ca8ebc,karan.singh.ca8ebc@trendlytics.io,Karan,Singh,2026-08-12 20:58:21.924496,luxury,1,desktop
10295,tanvi.reddy.027cea,tanvi.reddy.027cea@trendlytics.io,Tanvi,Reddy,2026-08-17 20:58:21.924496,luxury,0,mobile
10296,karan.banerjee.7ecfb1,karan.banerjee.7ecfb1@trendlytics.io,Karan,Banerjee,2026-08-16 20:58:21.924496,trendsetter,1,mobile
10297,meera.banerjee.304f0e,meera.banerjee.304f0e@trendlytics.io,Meera,Banerjee,2026-08-12 20:58:21.924496,trendsetter,0,mobile
10298,arjun.sen.e2ca02,arjun.sen.e2ca02@trendlytics.io,Arjun,Sen,2026-08-08 20:58:21.924496,trendsetter,1,mobile
10299,aarav.chopra.f6b06e,aarav.chopra.f6b06e@trendlytics.io,Aarav,Chopra,2026-08-28 20:58:21.924496,budget,0,desktop
10300,rohan.singh.ef38fa,rohan.singh.ef38fa@trendlytics.io,Rohan,Singh,2026-08-14 20:58:21.924496,luxury,0,desktop
10301,sneha.das.29318e,sneha.das.29318e@trendlytics.io,Sneha,Das,2026-08-25 20:58:21.924496,occasional,1,desktop
10302,pooja.mehta.b52d8d,pooja.mehta.b52d8d@trendlytics.io,Pooja,Mehta,2026-08-03 20:58:21.924496,budget,0,desktop
10303,arjun.kapoor.72ee41,arjun.kapoor.72ee41@trendlytics.io,Arjun,Kapoor,2026-08-28 20:58:21.924496,budget,0,mobile
10304,tanvi.sen.ac87ef,tanvi.sen.ac87ef@trendlytics.io,Tanvi,Sen,2026-08-23 20:58:21.924496,budget,0,mobile
10305,riya.das.11b660,riya.das.11b660@trendlytics.io,Riya,Das,2026-08-15 20:58:21.924496,budget,0,desktop
10306,kabir.verma.bdc92d,kabir.verma.bdc92d@trendlytics.io,Kabir,Verma,2026-08-26 20:58:21.924496,luxury,0,tablet
10307,pooja.banerjee.1e5d33,pooja.banerjee.1e5d33@trendlytics.io,Pooja,Banerjee,2026-08-26 20:58:21.924496,trendsetter,1,mobile
10308,meera.das.33236c,meera.das.33236c@trendlytics.io,Meera,Das,2026-08-06 20:58:21.924496,luxury,0,desktop
10309,rahul.iyer.3b43ef,rahul.iyer.3b43ef@trendlytics.io,Rahul,Iyer,2026-08-26 20:58:21.924496,occasional,0,mobile
10310,priya.gupta.d68997,priya.gupta.d68997@trendlytics.io,Priya,Gupta,2026-08-26 20:58:21.924496,trendsetter,0,mobile
10311,pooja.nair.817bbb,pooja.nair.817bbb@trendlytics.io,Pooja,Nair,2026-08-29 20:58:21.924496,budget,0,mobile
10312,rohan.kapoor.71f405,rohan.kapoor.71f405@trendlytics.io,Rohan,Kapoor,2026-08-23 20:58:21.924496,luxury,1,desktop
10313,kabir.sharma.249ff2,kabir.sharma.249ff2@trendlytics.io,Kabir,Sharma,2026-08-04 20:58:21.924496,budget,0,desktop
10314,arjun.nair.339662,arjun.nair.339662@trendlytics.io,Arjun,Nair,2026-08-18 20:58:21.924496,trendsetter,1,mobile
10315,meera.patel.57b537,meera.patel.57b537@trendlytics.io,Meera,Patel,2026-07-31 20:58:21.924496,budget,0,mobile
10316,kabir.gupta.2d2961,kabir.gupta.2d2961@trendlytics.io,Kabir,Gupta,2026-08-05 20:58:21.924496,luxury,0,desktop
10317,neha.sharma.42783b,neha.sharma.42783b@trendlytics.io,Neha,Sharma,2026-08-13 20:58:21.924496,trendsetter,1,mobile
10318,rohan.das.af85b2,rohan.das.af85b2@trendlytics.io,Rohan,Das,2026-08-07 20:58:21.924496,trendsetter,0,mobile
10319,neha.gupta.953cbf,neha.gupta.953cbf@trendlytics.io,Neha,Gupta,2026-08-15 20:58:21.924496,budget,0,mobile
10320,rohan.gupta.f8ae70,rohan.gupta.f8ae70@trendlytics.io,Rohan,Gupta,2026-08-11 20:58:21.924496,occasional,1,desktop
10321,riya.reddy.84105b,riya.reddy.84105b@trendlytics.io,Riya,Reddy,2026-08-08 20:58:21.924496,occasional,0,mobile
10322,pooja.verma.33a3e1,pooja.verma.33a3e1@trendlytics.io,Pooja,Verma,2026-08-25 20:58:21.924496,occasional,0,desktop
10323,sneha.reddy.b8f161,sneha.reddy.b8f161@trendlytics.io,Sneha,Reddy,2026-08-27 20:58:21.924496,luxury,1,mobile
10324,pooja.reddy.7dbc1f,pooja.reddy.7dbc1f@trendlytics.io,Pooja,Reddy,2026-08-20 20:58:21.924496,luxury,1,tablet
10325,aarav.singh.1d5f10,aarav.singh.1d5f10@trendlytics.io,Aarav,Singh,2026-08-18 20:58:21.924496,occasional,0,mobile
10326,vikram.kapoor.940200,vikram.kapoor.940200@trendlytics.io,Vikram,Kapoor,2026-08-29 20:58:21.924496,budget,0,desktop
10327,arjun.chopra.994711,arjun.chopra.994711@trendlytics.io,Arjun,Chopra,2026-08-03 20:58:21.924496,budget,0,mobile
10328,rahul.verma.b40277,rahul.verma.b40277@trendlytics.io,Rahul,Verma,2026-08-25 20:58:21.924496,luxury,0,mobile
10329,neha.reddy.63b82b,neha.reddy.63b82b@trendlytics.io,Neha,Reddy,2026-08-07 20:58:21.924496,budget,0,desktop
10330,rohan.mehta.fdae87,rohan.mehta.fdae87@trendlytics.io,Rohan,Mehta,2026-08-24 20:58:21.924496,trendsetter,1,mobile
10331,meera.patel.353e10,meera.patel.353e10@trendlytics.io,Meera,Patel,2026-08-05 20:58:21.924496,occasional,0,mobile
10332,rahul.kapoor.e74e28,rahul.kapoor.e74e28@trendlytics.io,Rahul,Kapoor,2026-08-05 20:58:21.924496,luxury,0,mobile
10333,rahul.sen.7c84a8,rahul.sen.7c84a8@trendlytics.io,Rahul,Sen,2026-08-21 20:58:21.924496,trendsetter,1,tablet
10334,pooja.das.23cf95,pooja.das.23cf95@trendlytics.io,Pooja,Das,2026-08-25 20:58:21.924496,budget,0,desktop
10335,priya.das.fd80eb,priya.das.fd80eb@trendlytics.io,Priya,Das,2026-08-10 20:58:21.924496,trendsetter,1,mobile
10336,arjun.reddy.08986f,arjun.reddy.08986f@trendlytics.io,Arjun,Reddy,2026-08-26 20:58:21.924496,trendsetter,0,mobile
10337,aditya.gupta.b85e4a,aditya.gupta.b85e4a@trendlytics.io,Aditya,Gupta,2026-08-06 20:58:21.924496,luxury,1,mobile
10338,rahul.gupta.f858e9,rahul.gupta.f858e9@trendlytics.io,Rahul,Gupta,2026-08-05 20:58:21.924496,budget,0,mobile
10339,neha.joshi.411aac,neha.joshi.411aac@trendlytics.io,Neha,Joshi,2026-08-29 20:58:21.924496,budget,0,mobile
10340,ananya.sharma.2e4ffd,ananya.sharma.2e4ffd@trendlytics.io,Ananya,Sharma,2026-08-27 20:58:21.924496,occasional,1,mobile
10341,priya.joshi.af0682,priya.joshi.af0682@trendlytics.io,Priya,Joshi,2026-08-15 20:58:21.924496,occasional,0,mobile
10342,ananya.sen.0b59ad,ananya.sen.0b59ad@trendlytics.io,Ananya,Sen,2026-08-13 20:58:21.924496,occasional,0,desktop
10343,aditya.sen.aa894b,aditya.sen.aa894b@trendlytics.io,Aditya,Sen,2026-08-25 20:58:21.924496,luxury,1,mobile
10344,sneha.verma.b4bb01,sneha.verma.b4bb01@trendlytics.io,Sneha,Verma,2026-07-30 20:58:21.924496,occasional,0,mobile
10345,aditya.sen.278d8c,aditya.sen.278d8c@trendlytics.io,Aditya,Sen,2026-08-16 20:58:21.924496,budget,0,desktop
10346,aditya.sharma.a058d7,aditya.sharma.a058d7@trendlytics.io,Aditya,Sharma,2026-08-20 20:58:21.924496,occasional,0,mobile
10347,kabir.banerjee.dc9ed7,kabir.banerjee.dc9ed7@trendlytics.io,Kabir,Banerjee,2026-08-07 20:58:21.924496,luxury,0,mobile
10348,neha.joshi.fe37d9,neha.joshi.fe37d9@trendlytics.io,Neha,Joshi,2026-08-18 20:58:21.924496,luxury,0,mobile
10349,riya.patel.0f90a8,riya.patel.0f90a8@trendlytics.io,Riya,Patel,2026-08-17 20:58:21.924496,occasional,1,mobile
10350,tanvi.nair.37b475,tanvi.nair.37b475@trendlytics.io,Tanvi,Nair,2026-08-10 20:58:21.924496,budget,1,mobile
10351,rahul.sharma.a9369f,rahul.sharma.a9369f@trendlytics.io,Rahul,Sharma,2026-08-24 20:58:21.924496,trendsetter,0,desktop
10352,riya.patel.7c02bf,riya.patel.7c02bf@trendlytics.io,Riya,Patel,2026-08-08 20:58:21.924496,occasional,1,desktop
10353,rohan.verma.ae5d1c,rohan.verma.ae5d1c@trendlytics.io,Rohan,Verma,2026-08-27 20:58:21.924496,occasional,0,mobile
10354,tanvi.reddy.2e76a4,tanvi.reddy.2e76a4@trendlytics.io,Tanvi,Reddy,2026-08-19 20:58:21.924496,occasional,0,mobile
10355,neha.reddy.279bb6,neha.reddy.279bb6@trendlytics.io,Neha,Reddy,2026-08-25 20:58:21.924496,trendsetter,1,desktop
10356,neha.joshi.e11cbd,neha.joshi.e11cbd@trendlytics.io,Neha,Joshi,2026-08-18 20:58:21.924496,trendsetter,0,mobile
10357,riya.sen.cd93a8,riya.sen.cd93a8@trendlytics.io,Riya,Sen,2026-08-08 20:58:21.924496,trendsetter,0,desktop
10358,karan.mehta.e8c489,karan.mehta.e8c489@trendlytics.io,Karan,Mehta,2026-08-15 20:58:21.924496,trendsetter,0,tablet
10359,vikram.singh.5a103d,vikram.singh.5a103d@trendlytics.io,Vikram,Singh,2026-08-28 20:58:21.924496,budget,0,mobile
10360,ananya.kapoor.e60059,ananya.kapoor.e60059@trendlytics.io,Ananya,Kapoor,2026-08-09 20:58:21.924496,occasional,1,mobile
10361,arjun.joshi.291e9f,arjun.joshi.291e9f@trendlytics.io,Arjun,Joshi,2026-08-12 20:58:21.924496,luxury,0,mobile
10362,meera.verma.024073,meera.verma.024073@trendlytics.io,Meera,Verma,2026-08-22 20:58:21.924496,occasional,1,mobile
10363,vikram.joshi.220024,vikram.joshi.220024@trendlytics.io,Vikram,Joshi,2026-08-26 20:58:21.924496,budget,1,mobile
10364,pooja.banerjee.320977,pooja.banerjee.320977@trendlytics.io,Pooja,Banerjee,2026-08-05 20:58:21.924496,budget,1,desktop
10365,arjun.sen.7d3d18,arjun.sen.7d3d18@trendlytics.io,Arjun,Sen,2026-08-28 20:58:21.924496,budget,0,desktop
10366,arjun.sharma.5a03e0,arjun.sharma.5a03e0@trendlytics.io,Arjun,Sharma,2026-08-19 20:58:21.924496,luxury,1,mobile
10367,rahul.gupta.d5a5f3,rahul.gupta.d5a5f3@trendlytics.io,Rahul,Gupta,2026-08-24 20:58:21.924496,luxury,1,mobile
10368,sneha.sen.7d7a5c,sneha.sen.7d7a5c@trendlytics.io,Sneha,Sen,2026-08-26 20:58:21.924496,trendsetter,0,mobile
10369,ananya.reddy.58117c,ananya.reddy.58117c@trendlytics.io,Ananya,Reddy,2026-08-23 20:58:21.924496,occasional,1,tablet
10370,aditya.singh.0fc04b,aditya.singh.0fc04b@trendlytics.io,Aditya,Singh,2026-08-08 20:58:21.924496,budget,0,mobile
10371,neha.iyer.7ffcc4,neha.iyer.7ffcc4@trendlytics.io,Neha,Iyer,2026-08-18 20:58:21.924496,budget,1,desktop
10372,rohan.singh.484af1,rohan.singh.484af1@trendlytics.io,Rohan,Singh,2026-08-25 20:58:21.924496,trendsetter,0,mobile
10373,karan.banerjee.ee8b0c,karan.banerjee.ee8b0c@trendlytics.io,Karan,Banerjee,2026-08-02 20:58:21.924496,budget,1,mobile
10374,priya.mehta.a32c53,priya.mehta.a32c53@trendlytics.io,Priya,Mehta,2026-08-21 20:58:21.924496,trendsetter,1,mobile
10375,aditya.das.d014ee,aditya.das.d014ee@trendlytics.io,Aditya,Das,2026-08-10 20:58:21.924496,budget,1,desktop
10376,ananya.iyer.9b3cd1,ananya.iyer.9b3cd1@trendlytics.io,Ananya,Iyer,2026-08-02 20:58:21.924496,budget,1,mobile
10377,karan.sharma.5f9241,karan.sharma.5f9241@trendlytics.io,Karan,Sharma,2026-08-05 20:58:21.924496,occasional,0,mobile
10378,pooja.chopra.54d336,pooja.chopra.54d336@trendlytics.io,Pooja,Chopra,2026-07-30 20:58:21.924496,luxury,1,desktop
10379,ananya.joshi.9f1173,ananya.joshi.9f1173@trendlytics.io,Ananya,Joshi,2026-08-17 20:58:21.924496,budget,0,desktop
10380,riya.reddy.c8664a,riya.reddy.c8664a@trendlytics.io,Riya,Reddy,2026-08-01 20:58:21.924496,trendsetter,0,desktop
10381,karan.mehta.5d1c11,karan.mehta.5d1c11@trendlytics.io,Karan,Mehta,2026-08-14 20:58:21.924496,budget,0,mobile
10382,vikram.das.ec8a1a,vikram.das.ec8a1a@trendlytics.io,Vikram,Das,2026-08-27 20:58:21.924496,occasional,0,mobile
10383,priya.singh.e9bdd9,priya.singh.e9bdd9@trendlytics.io,Priya,Singh,2026-08-28 20:58:21.924496,luxury,0,mobile
10384,aarav.verma.60664d,aarav.verma.60664d@trendlytics.io,Aarav,Verma,2026-08-05 20:58:21.924496,budget,1,desktop
10385,kabir.banerjee.504601,kabir.banerjee.504601@trendlytics.io,Kabir,Banerjee,2026-08-16 20:58:21.924496,trendsetter,1,mobile
10386,vikram.mehta.d97ab5,vikram.mehta.d97ab5@trendlytics.io,Vikram,Mehta,2026-08-05 20:58:21.924496,trendsetter,0,mobile
10387,sneha.iyer.8d189a,sneha.iyer.8d189a@trendlytics.io,Sneha,Iyer,2026-08-20 20:58:21.924496,occasional,0,mobile
10388,tanvi.das.fa560b,tanvi.das.fa560b@trendlytics.io,Tanvi,Das,2026-07-31 20:58:21.924496,budget,0,mobile
10389,rohan.gupta.fb4a65,rohan.gupta.fb4a65@trendlytics.io,Rohan,Gupta,2026-08-05 20:58:21.924496,luxury,1,mobile
10390,meera.gupta.743382,meera.gupta.743382@trendlytics.io,Meera,Gupta,2026-08-17 20:58:21.924496,budget,0,mobile
10391,priya.patel.62572c,priya.patel.62572c@trendlytics.io,Priya,Patel,2026-08-12 20:58:21.924496,trendsetter,1,mobile
10392,aarav.singh.8331ec,aarav.singh.8331ec@trendlytics.io,Aarav,Singh,2026-08-18 20:58:21.924496,occasional,1,desktop
10393,kabir.nair.306764,kabir.nair.306764@trendlytics.io,Kabir,Nair,2026-08-21 20:58:21.924496,luxury,1,desktop
10394,tanvi.banerjee.a56092,tanvi.banerjee.a56092@trendlytics.io,Tanvi,Banerjee,2026-08-21 20:58:21.924496,trendsetter,1,desktop
10395,priya.mehta.48f9ec,priya.mehta.48f9ec@trendlytics.io,Priya,Mehta,2026-08-09 20:58:21.924496,trendsetter,0,mobile
10396,tanvi.verma.17ea92,tanvi.verma.17ea92@trendlytics.io,Tanvi,Verma,2026-08-09 20:58:21.924496,occasional,1,tablet
10397,karan.iyer.25dbbd,karan.iyer.25dbbd@trendlytics.io,Karan,Iyer,2026-08-19 20:58:21.924496,occasional,0,mobile
10398,rahul.das.d0a9ab,rahul.das.d0a9ab@trendlytics.io,Rahul,Das,2026-08-07 20:58:21.924496,trendsetter,0,mobile
10399,kabir.mehta.c5376c,kabir.mehta.c5376c@trendlytics.io,Kabir,Mehta,2026-08-06 20:58:21.924496,trendsetter,0,mobile
10400,rahul.chopra.5cf09f,rahul.chopra.5cf09f@trendlytics.io,Rahul,Chopra,2026-08-06 20:58:21.924496,trendsetter,0,mobile
10401,neha.chopra.7a9bb3,neha.chopra.7a9bb3@trendlytics.io,Neha,Chopra,2026-08-11 20:58:21.924496,budget,1,desktop
10402,aditya.nair.d43f11,aditya.nair.d43f11@trendlytics.io,Aditya,Nair,2026-08-16 20:58:21.924496,budget,0,mobile
10403,kabir.chopra.481aba,kabir.chopra.481aba@trendlytics.io,Kabir,Chopra,2026-08-26 20:58:21.924496,luxury,1,mobile
10404,karan.sharma.067be6,karan.sharma.067be6@trendlytics.io,Karan,Sharma,2026-07-31 20:58:21.924496,luxury,1,mobile
10405,pooja.joshi.7d9293,pooja.joshi.7d9293@trendlytics.io,Pooja,Joshi,2026-08-02 20:58:21.924496,luxury,0,mobile
10406,tanvi.iyer.20e5c4,tanvi.iyer.20e5c4@trendlytics.io,Tanvi,Iyer,2026-08-06 20:58:21.924496,budget,0,tablet
10407,aditya.joshi.5743df,aditya.joshi.5743df@trendlytics.io,Aditya,Joshi,2026-08-28 20:58:21.924496,budget,1,desktop
10408,karan.sharma.215162,karan.sharma.215162@trendlytics.io,Karan,Sharma,2026-08-02 20:58:21.924496,trendsetter,1,desktop
10409,kabir.banerjee.35379d,kabir.banerjee.35379d@trendlytics.io,Kabir,Banerjee,2026-08-15 20:58:21.924496,trendsetter,1,mobile
10410,aarav.joshi.f5ddf2,aarav.joshi.f5ddf2@trendlytics.io,Aarav,Joshi,2026-07-31 20:58:21.924496,luxury,0,tablet
10411,rohan.patel.644440,rohan.patel.644440@trendlytics.io,Rohan,Patel,2026-08-24 20:58:21.924496,budget,1,desktop
10412,sneha.banerjee.20b8d1,sneha.banerjee.20b8d1@trendlytics.io,Sneha,Banerjee,2026-08-19 20:58:21.924496,budget,1,desktop
10413,aarav.das.9f5ee6,aarav.das.9f5ee6@trendlytics.io,Aarav,Das,2026-08-21 20:58:21.924496,occasional,0,mobile
10414,riya.singh.b795cf,riya.singh.b795cf@trendlytics.io,Riya,Singh,2026-08-27 20:58:21.924496,trendsetter,1,mobile
10415,neha.sen.4b0dcf,neha.sen.4b0dcf@trendlytics.io,Neha,Sen,2026-08-10 20:58:21.924496,budget,1,mobile
10416,rohan.patel.031a6f,rohan.patel.031a6f@trendlytics.io,Rohan,Patel,2026-08-26 20:58:21.924496,budget,0,mobile
10417,sneha.joshi.fa56c9,sneha.joshi.fa56c9@trendlytics.io,Sneha,Joshi,2026-08-04 20:58:21.924496,occasional,0,desktop
10418,aditya.sen.cb419d,aditya.sen.cb419d@trendlytics.io,Aditya,Sen,2026-08-03 20:58:21.924496,trendsetter,0,mobile
10419,meera.patel.8a9f6e,meera.patel.8a9f6e@trendlytics.io,Meera,Patel,2026-08-28 20:58:21.924496,luxury,0,mobile
10420,priya.singh.76ee57,priya.singh.76ee57@trendlytics.io,Priya,Singh,2026-08-28 20:58:21.924496,trendsetter,1,mobile
10421,meera.mehta.2d331f,meera.mehta.2d331f@trendlytics.io,Meera,Mehta,2026-08-17 20:58:21.924496,budget,1,desktop
10422,arjun.das.a7ae1f,arjun.das.a7ae1f@trendlytics.io,Arjun,Das,2026-08-21 20:58:21.924496,occasional,0,mobile
10423,kabir.verma.ac1938,kabir.verma.ac1938@trendlytics.io,Kabir,Verma,2026-08-28 20:58:21.924496,occasional,0,mobile
10424,aditya.verma.61c308,aditya.verma.61c308@trendlytics.io,Aditya,Verma,2026-08-20 20:58:21.924496,luxury,0,mobile
10425,tanvi.gupta.c0eff5,tanvi.gupta.c0eff5@trendlytics.io,Tanvi,Gupta,2026-08-27 20:58:21.924496,occasional,0,mobile
10426,rohan.sen.afd60d,rohan.sen.afd60d@trendlytics.io,Rohan,Sen,2026-08-05 20:58:21.924496,trendsetter,1,mobile
10427,arjun.chopra.a0f8e0,arjun.chopra.a0f8e0@trendlytics.io,Arjun,Chopra,2026-08-05 20:58:21.924496,occasional,1,mobile
10428,rohan.iyer.b65481,rohan.iyer.b65481@trendlytics.io,Rohan,Iyer,2026-08-07 20:58:21.924496,budget,0,mobile
10429,neha.kapoor.02846a,neha.kapoor.02846a@trendlytics.io,Neha,Kapoor,2026-08-27 20:58:21.924496,occasional,1,desktop
10430,tanvi.joshi.3007d9,tanvi.joshi.3007d9@trendlytics.io,Tanvi,Joshi,2026-07-31 20:58:21.924496,occasional,1,mobile
10431,riya.banerjee.d2fdac,riya.banerjee.d2fdac@trendlytics.io,Riya,Banerjee,2026-08-12 20:58:21.924496,trendsetter,1,mobile
10432,rahul.mehta.c4f377,rahul.mehta.c4f377@trendlytics.io,Rahul,Mehta,2026-08-15 20:58:21.924496,luxury,0,mobile
10433,riya.singh.999529,riya.singh.999529@trendlytics.io,Riya,Singh,2026-08-02 20:58:21.924496,luxury,1,desktop
10434,ananya.verma.ac61d2,ananya.verma.ac61d2@trendlytics.io,Ananya,Verma,2026-08-18 20:58:21.924496,budget,1,desktop
10435,sneha.nair.43e015,sneha.nair.43e015@trendlytics.io,Sneha,Nair,2026-08-17 20:58:21.924496,budget,0,desktop
10436,ananya.nair.9a3e1b,ananya.nair.9a3e1b@trendlytics.io,Ananya,Nair,2026-08-17 20:58:21.924496,occasional,1,desktop
10437,arjun.banerjee.d22ae2,arjun.banerjee.d22ae2@trendlytics.io,Arjun,Banerjee,2026-08-10 20:58:21.924496,budget,1,tablet
10438,aditya.sen.599a3d,aditya.sen.599a3d@trendlytics.io,Aditya,Sen,2026-08-22 20:58:21.924496,occasional,0,desktop
10439,pooja.gupta.d4fde2,pooja.gupta.d4fde2@trendlytics.io,Pooja,Gupta,2026-08-20 20:58:21.924496,trendsetter,0,mobile
10440,pooja.reddy.145095,pooja.reddy.145095@trendlytics.io,Pooja,Reddy,2026-08-04 20:58:21.924496,luxury,0,desktop
10441,sneha.sen.d35102,sneha.sen.d35102@trendlytics.io,Sneha,Sen,2026-08-28 20:58:21.924496,budget,0,tablet
10442,meera.reddy.58bde5,meera.reddy.58bde5@trendlytics.io,Meera,Reddy,2026-08-07 20:58:21.924496,luxury,1,desktop
10443,aditya.nair.f5009f,aditya.nair.f5009f@trendlytics.io,Aditya,Nair,2026-08-08 20:58:21.924496,trendsetter,1,mobile
10444,aarav.reddy.3ad34d,aarav.reddy.3ad34d@trendlytics.io,Aarav,Reddy,2026-08-27 20:58:21.924496,occasional,0,desktop
10445,tanvi.chopra.fc5470,tanvi.chopra.fc5470@trendlytics.io,Tanvi,Chopra,2026-08-02 20:58:21.924496,occasional,1,desktop
10446,ananya.das.44a81a,ananya.das.44a81a@trendlytics.io,Ananya,Das,2026-07-30 20:58:21.924496,budget,0,mobile
10447,vikram.iyer.2127bc,vikram.iyer.2127bc@trendlytics.io,Vikram,Iyer,2026-08-22 20:58:21.924496,trendsetter,1,mobile
10448,meera.sen.c4d0da,meera.sen.c4d0da@trendlytics.io,Meera,Sen,2026-08-23 20:58:21.924496,trendsetter,1,mobile
10449,rahul.sharma.b095a8,rahul.sharma.b095a8@trendlytics.io,Rahul,Sharma,2026-08-09 20:58:21.924496,trendsetter,0,mobile
10450,arjun.joshi.c8df28,arjun.joshi.c8df28@trendlytics.io,Arjun,Joshi,2026-07-31 20:58:21.924496,luxury,0,mobile
10451,neha.sharma.f40ff4,neha.sharma.f40ff4@trendlytics.io,Neha,Sharma,2026-07-31 20:58:21.924496,trendsetter,1,mobile
10452,kabir.joshi.0bbfa9,kabir.joshi.0bbfa9@trendlytics.io,Kabir,Joshi,2026-08-29 20:58:21.924496,luxury,0,desktop
10453,pooja.iyer.a96041,pooja.iyer.a96041@trendlytics.io,Pooja,Iyer,2026-08-09 20:58:21.924496,luxury,0,desktop
10454,aditya.chopra.07e14f,aditya.chopra.07e14f@trendlytics.io,Aditya,Chopra,2026-08-17 20:58:21.924496,trendsetter,1,desktop
10455,karan.nair.803030,karan.nair.803030@trendlytics.io,Karan,Nair,2026-08-25 20:58:21.924496,luxury,1,mobile
10456,rohan.verma.398c63,rohan.verma.398c63@trendlytics.io,Rohan,Verma,2026-08-25 20:58:21.924496,budget,1,tablet
10457,tanvi.nair.405d22,tanvi.nair.405d22@trendlytics.io,Tanvi,Nair,2026-08-15 20:58:21.924496,luxury,1,mobile
10458,rahul.reddy.f08969,rahul.reddy.f08969@trendlytics.io,Rahul,Reddy,2026-08-05 20:58:21.924496,luxury,1,mobile
10459,arjun.verma.3f70ea,arjun.verma.3f70ea@trendlytics.io,Arjun,Verma,2026-08-11 20:58:21.924496,occasional,0,mobile
10460,rohan.sen.7ffd7e,rohan.sen.7ffd7e@trendlytics.io,Rohan,Sen,2026-08-07 20:58:21.924496,trendsetter,1,mobile
10461,vikram.reddy.c947a2,vikram.reddy.c947a2@trendlytics.io,Vikram,Reddy,2026-08-16 20:58:21.924496,budget,0,desktop
10462,ananya.kapoor.588bed,ananya.kapoor.588bed@trendlytics.io,Ananya,Kapoor,2026-08-01 20:58:21.924496,luxury,1,mobile
10463,vikram.gupta.91ed74,vikram.gupta.91ed74@trendlytics.io,Vikram,Gupta,2026-08-28 20:58:21.924496,occasional,0,mobile
10464,meera.nair.006b7d,meera.nair.006b7d@trendlytics.io,Meera,Nair,2026-08-22 20:58:21.924496,luxury,0,desktop
10465,pooja.sen.fac15f,pooja.sen.fac15f@trendlytics.io,Pooja,Sen,2026-08-04 20:58:21.924496,trendsetter,0,mobile
10466,pooja.chopra.532157,pooja.chopra.532157@trendlytics.io,Pooja,Chopra,2026-08-02 20:58:21.924496,trendsetter,1,mobile
10467,aarav.sharma.d6017b,aarav.sharma.d6017b@trendlytics.io,Aarav,Sharma,2026-07-30 20:58:21.924496,occasional,0,desktop
10468,riya.das.890dd4,riya.das.890dd4@trendlytics.io,Riya,Das,2026-08-20 20:58:21.924496,trendsetter,1,mobile
10469,karan.singh.071694,karan.singh.071694@trendlytics.io,Karan,Singh,2026-08-04 20:58:21.924496,occasional,0,mobile
10470,pooja.kapoor.212f37,pooja.kapoor.212f37@trendlytics.io,Pooja,Kapoor,2026-08-25 20:58:21.924496,occasional,1,desktop
10471,rohan.das.22a061,rohan.das.22a061@trendlytics.io,Rohan,Das,2026-08-07 20:58:21.924496,trendsetter,1,mobile
10472,vikram.kapoor.6dc700,vikram.kapoor.6dc700@trendlytics.io,Vikram,Kapoor,2026-08-23 20:58:21.924496,occasional,1,mobile
10473,vikram.das.e050be,vikram.das.e050be@trendlytics.io,Vikram,Das,2026-08-14 20:58:21.924496,luxury,0,tablet
10474,sneha.reddy.2c918a,sneha.reddy.2c918a@trendlytics.io,Sneha,Reddy,2026-08-06 20:58:21.924496,occasional,1,mobile
10475,riya.kapoor.2024e5,riya.kapoor.2024e5@trendlytics.io,Riya,Kapoor,2026-08-25 20:58:21.924496,luxury,1,mobile
10476,arjun.sharma.dfcc7e,arjun.sharma.dfcc7e@trendlytics.io,Arjun,Sharma,2026-08-25 20:58:21.924496,occasional,1,mobile
10477,neha.kapoor.bca219,neha.kapoor.bca219@trendlytics.io,Neha,Kapoor,2026-08-27 20:58:21.924496,trendsetter,1,desktop
10478,karan.reddy.6ad3ab,karan.reddy.6ad3ab@trendlytics.io,Karan,Reddy,2026-08-04 20:58:21.924496,trendsetter,1,mobile
10479,priya.joshi.1e20bf,priya.joshi.1e20bf@trendlytics.io,Priya,Joshi,2026-08-10 20:58:21.924496,luxury,1,mobile
10480,aarav.sen.b4ba82,aarav.sen.b4ba82@trendlytics.io,Aarav,Sen,2026-08-02 20:58:21.924496,luxury,0,mobile
10481,vikram.patel.3bd1ba,vikram.patel.3bd1ba@trendlytics.io,Vikram,Patel,2026-07-30 20:58:21.924496,occasional,0,mobile
10482,priya.reddy.5b5882,priya.reddy.5b5882@trendlytics.io,Priya,Reddy,2026-08-26 20:58:21.924496,trendsetter,1,mobile
10483,riya.sharma.52b244,riya.sharma.52b244@trendlytics.io,Riya,Sharma,2026-08-29 20:58:21.924496,trendsetter,1,mobile
10484,meera.patel.773e78,meera.patel.773e78@trendlytics.io,Meera,Patel,2026-08-12 20:58:21.924496,luxury,0,desktop
10485,tanvi.banerjee.917999,tanvi.banerjee.917999@trendlytics.io,Tanvi,Banerjee,2026-08-17 20:58:21.924496,trendsetter,0,mobile
10486,pooja.gupta.67b083,pooja.gupta.67b083@trendlytics.io,Pooja,Gupta,2026-08-07 20:58:21.924496,budget,1,desktop
10487,riya.patel.9e5de5,riya.patel.9e5de5@trendlytics.io,Riya,Patel,2026-08-15 20:58:21.924496,occasional,0,mobile
10488,pooja.patel.c65a3c,pooja.patel.c65a3c@trendlytics.io,Pooja,Patel,2026-08-10 20:58:21.924496,budget,0,mobile
10489,sneha.banerjee.9be4ef,sneha.banerjee.9be4ef@trendlytics.io,Sneha,Banerjee,2026-08-16 20:58:21.924496,budget,1,mobile
10490,sneha.singh.71478d,sneha.singh.71478d@trendlytics.io,Sneha,Singh,2026-08-18 20:58:21.924496,trendsetter,0,tablet
10491,riya.sen.78bbc6,riya.sen.78bbc6@trendlytics.io,Riya,Sen,2026-08-20 20:58:21.924496,occasional,0,mobile
10492,tanvi.mehta.0d71d1,tanvi.mehta.0d71d1@trendlytics.io,Tanvi,Mehta,2026-08-16 20:58:21.924496,luxury,0,tablet
10493,kabir.das.c37aec,kabir.das.c37aec@trendlytics.io,Kabir,Das,2026-08-07 20:58:21.924496,trendsetter,1,mobile
10494,aarav.nair.0b6eba,aarav.nair.0b6eba@trendlytics.io,Aarav,Nair,2026-08-12 20:58:21.924496,budget,1,mobile
10495,riya.singh.ebc792,riya.singh.ebc792@trendlytics.io,Riya,Singh,2026-08-11 20:58:21.924496,luxury,0,mobile
10496,pooja.banerjee.47f567,pooja.banerjee.47f567@trendlytics.io,Pooja,Banerjee,2026-08-02 20:58:21.924496,occasional,1,desktop
10497,tanvi.gupta.c763c1,tanvi.gupta.c763c1@trendlytics.io,Tanvi,Gupta,2026-08-19 20:58:21.924496,budget,0,desktop
10498,neha.reddy.e5bb89,neha.reddy.e5bb89@trendlytics.io,Neha,Reddy,2026-08-21 20:58:21.924496,occasional,0,mobile
10499,aarav.sharma.76b516,aarav.sharma.76b516@trendlytics.io,Aarav,Sharma,2026-08-24 20:58:21.924496,occasional,0,desktop
10500,tanvi.chopra.942552,tanvi.chopra.942552@trendlytics.io,Tanvi,Chopra,2026-08-11 20:58:21.924496,luxury,1,mobile
10501,tanvi.chopra.4b230e,tanvi.chopra.4b230e@trendlytics.io,Tanvi,Chopra,2026-08-07 20:58:21.924496,budget,1,mobile
10502,ananya.joshi.e3e1bc,ananya.joshi.e3e1bc@trendlytics.io,Ananya,Joshi,2026-08-22 20:58:21.924496,occasional,1,mobile
10503,rohan.sharma.f80cb5,rohan.sharma.f80cb5@trendlytics.io,Rohan,Sharma,2026-08-12 20:58:21.924496,occasional,0,mobile
10504,priya.das.1b1333,priya.das.1b1333@trendlytics.io,Priya,Das,2026-08-01 20:58:21.924496,trendsetter,0,desktop
10505,vikram.chopra.085586,vikram.chopra.085586@trendlytics.io,Vikram,Chopra,2026-08-05 20:58:21.924496,budget,1,desktop
10506,arjun.reddy.b78d12,arjun.reddy.b78d12@trendlytics.io,Arjun,Reddy,2026-08-06 20:58:21.924496,trendsetter,1,mobile
10507,kabir.iyer.7eb917,kabir.iyer.7eb917@trendlytics.io,Kabir,Iyer,2026-08-08 20:58:21.924496,trendsetter,0,mobile
10508,neha.verma.c20e21,neha.verma.c20e21@trendlytics.io,Neha,Verma,2026-08-03 20:58:21.924496,occasional,0,mobile
10509,priya.joshi.6745f3,priya.joshi.6745f3@trendlytics.io,Priya,Joshi,2026-08-24 20:58:21.924496,trendsetter,1,desktop
10510,karan.chopra.148193,karan.chopra.148193@trendlytics.io,Karan,Chopra,2026-08-08 20:58:21.924496,trendsetter,1,mobile
10511,meera.reddy.0baa67,meera.reddy.0baa67@trendlytics.io,Meera,Reddy,2026-07-31 20:58:21.924496,budget,0,mobile
10512,ananya.verma.63b6a5,ananya.verma.63b6a5@trendlytics.io,Ananya,Verma,2026-08-24 20:58:21.924496,budget,1,desktop
10513,vikram.joshi.b64c5f,vikram.joshi.b64c5f@trendlytics.io,Vikram,Joshi,2026-08-19 20:58:21.924496,budget,1,mobile
10514,meera.gupta.82bad1,meera.gupta.82bad1@trendlytics.io,Meera,Gupta,2026-08-01 20:58:21.924496,trendsetter,0,mobile
10515,meera.banerjee.679852,meera.banerjee.679852@trendlytics.io,Meera,Banerjee,2026-08-02 20:58:21.924496,occasional,0,desktop
10516,rohan.gupta.efde5a,rohan.gupta.efde5a@trendlytics.io,Rohan,Gupta,2026-08-16 20:58:21.924496,budget,1,desktop
10517,neha.gupta.fb689f,neha.gupta.fb689f@trendlytics.io,Neha,Gupta,2026-07-30 20:58:21.924496,occasional,0,mobile
10518,kabir.gupta.3034d4,kabir.gupta.3034d4@trendlytics.io,Kabir,Gupta,2026-08-15 20:58:21.924496,budget,0,desktop
10519,tanvi.mehta.26fb74,tanvi.mehta.26fb74@trendlytics.io,Tanvi,Mehta,2026-08-05 20:58:21.924496,occasional,1,mobile
10520,rohan.das.81f6a4,rohan.das.81f6a4@trendlytics.io,Rohan,Das,2026-08-18 20:58:21.924496,budget,0,mobile
10521,rohan.reddy.cb0858,rohan.reddy.cb0858@trendlytics.io,Rohan,Reddy,2026-08-16 20:58:21.924496,trendsetter,0,desktop
10522,priya.reddy.a619cc,priya.reddy.a619cc@trendlytics.io,Priya,Reddy,2026-08-21 20:58:21.924496,trendsetter,0,tablet
10523,ananya.mehta.6a8e17,ananya.mehta.6a8e17@trendlytics.io,Ananya,Mehta,2026-08-16 20:58:21.924496,budget,0,mobile
10524,pooja.joshi.56a661,pooja.joshi.56a661@trendlytics.io,Pooja,Joshi,2026-08-29 20:58:21.924496,occasional,1,mobile
10525,rohan.mehta.851bab,rohan.mehta.851bab@trendlytics.io,Rohan,Mehta,2026-08-22 20:58:21.924496,trendsetter,1,desktop
10526,pooja.joshi.dcc6e6,pooja.joshi.dcc6e6@trendlytics.io,Pooja,Joshi,2026-08-03 20:58:21.924496,luxury,0,desktop
10527,aarav.iyer.c3c8b0,aarav.iyer.c3c8b0@trendlytics.io,Aarav,Iyer,2026-08-18 20:58:21.924496,luxury,0,desktop
10528,aarav.sen.697710,aarav.sen.697710@trendlytics.io,Aarav,Sen,2026-08-20 20:58:21.924496,occasional,0,desktop
10529,arjun.singh.d0a46b,arjun.singh.d0a46b@trendlytics.io,Arjun,Singh,2026-08-04 20:58:21.924496,occasional,0,mobile
10530,aarav.mehta.e06102,aarav.mehta.e06102@trendlytics.io,Aarav,Mehta,2026-08-04 20:58:21.924496,trendsetter,0,mobile
10531,ananya.joshi.74d831,ananya.joshi.74d831@trendlytics.io,Ananya,Joshi,2026-08-05 20:58:21.924496,luxury,0,mobile
10532,sneha.das.ff9d24,sneha.das.ff9d24@trendlytics.io,Sneha,Das,2026-08-11 20:58:21.924496,occasional,1,mobile
10533,rohan.gupta.88b4a7,rohan.gupta.88b4a7@trendlytics.io,Rohan,Gupta,2026-08-11 20:58:21.924496,budget,1,mobile
10534,ananya.patel.6d0093,ananya.patel.6d0093@trendlytics.io,Ananya,Patel,2026-08-19 20:58:21.924496,luxury,1,mobile
10535,sneha.nair.718c7e,sneha.nair.718c7e@trendlytics.io,Sneha,Nair,2026-08-28 20:58:21.924496,budget,1,mobile
10536,aditya.patel.5f1ed0,aditya.patel.5f1ed0@trendlytics.io,Aditya,Patel,2026-08-28 20:58:21.924496,trendsetter,1,desktop
10537,karan.reddy.527156,karan.reddy.527156@trendlytics.io,Karan,Reddy,2026-08-04 20:58:21.924496,trendsetter,0,mobile
10538,rahul.patel.f2fc92,rahul.patel.f2fc92@trendlytics.io,Rahul,Patel,2026-08-26 20:58:21.924496,occasional,0,desktop
10539,neha.chopra.00ae2f,neha.chopra.00ae2f@trendlytics.io,Neha,Chopra,2026-08-02 20:58:21.924496,luxury,1,mobile
10540,ananya.nair.827968,ananya.nair.827968@trendlytics.io,Ananya,Nair,2026-08-05 20:58:21.924496,occasional,0,mobile
10541,kabir.nair.81daea,kabir.nair.81daea@trendlytics.io,Kabir,Nair,2026-08-16 20:58:21.924496,trendsetter,0,mobile
10542,rohan.singh.fde9a0,rohan.singh.fde9a0@trendlytics.io,Rohan,Singh,2026-08-29 20:58:21.924496,luxury,1,mobile
10543,priya.sharma.da09e8,priya.sharma.da09e8@trendlytics.io,Priya,Sharma,2026-08-14 20:58:21.924496,luxury,0,mobile
10544,arjun.nair.ae4a90,arjun.nair.ae4a90@trendlytics.io,Arjun,Nair,2026-08-24 20:58:21.924496,luxury,1,mobile
10545,karan.banerjee.4f62c6,karan.banerjee.4f62c6@trendlytics.io,Karan,Banerjee,2026-08-13 20:58:21.924496,occasional,0,mobile
10546,tanvi.chopra.663f25,tanvi.chopra.663f25@trendlytics.io,Tanvi,Chopra,2026-08-12 20:58:21.924496,trendsetter,0,mobile
10547,rahul.banerjee.9a58ee,rahul.banerjee.9a58ee@trendlytics.io,Rahul,Banerjee,2026-08-20 20:58:21.924496,trendsetter,0,mobile
10548,priya.mehta.5f1132,priya.mehta.5f1132@trendlytics.io,Priya,Mehta,2026-08-23 20:58:21.924496,budget,0,mobile
10549,sneha.mehta.c80571,sneha.mehta.c80571@trendlytics.io,Sneha,Mehta,2026-08-24 20:58:21.924496,budget,0,mobile
10550,rohan.singh.fdb3de,rohan.singh.fdb3de@trendlytics.io,Rohan,Singh,2026-08-05 20:58:21.924496,luxury,1,mobile
10551,arjun.sen.ba35bd,arjun.sen.ba35bd@trendlytics.io,Arjun,Sen,2026-08-17 20:58:21.924496,budget,1,mobile
10552,aditya.joshi.61c2d2,aditya.joshi.61c2d2@trendlytics.io,Aditya,Joshi,2026-08-13 20:58:21.924496,luxury,0,desktop
10553,meera.patel.88ee37,meera.patel.88ee37@trendlytics.io,Meera,Patel,2026-08-24 20:58:21.924496,occasional,0,desktop
10554,karan.reddy.a3499c,karan.reddy.a3499c@trendlytics.io,Karan,Reddy,2026-08-19 20:58:21.924496,budget,1,mobile
10555,priya.singh.58ae2d,priya.singh.58ae2d@trendlytics.io,Priya,Singh,2026-07-31 20:58:21.924496,trendsetter,1,mobile
10556,karan.nair.de2c1b,karan.nair.de2c1b@trendlytics.io,Karan,Nair,2026-07-31 20:58:21.924496,budget,1,mobile
10557,rahul.singh.96cbb4,rahul.singh.96cbb4@trendlytics.io,Rahul,Singh,2026-08-20 20:58:21.924496,trendsetter,0,mobile
10558,tanvi.sharma.5b42dc,tanvi.sharma.5b42dc@trendlytics.io,Tanvi,Sharma,2026-08-29 20:58:21.924496,trendsetter,1,tablet
10559,rohan.kapoor.0ea924,rohan.kapoor.0ea924@trendlytics.io,Rohan,Kapoor,2026-08-07 20:58:21.924496,occasional,0,mobile
10560,kabir.singh.7abf47,kabir.singh.7abf47@trendlytics.io,Kabir,Singh,2026-08-13 20:58:21.924496,occasional,0,mobile
10561,ananya.kapoor.672d72,ananya.kapoor.672d72@trendlytics.io,Ananya,Kapoor,2026-08-22 20:58:21.924496,trendsetter,0,desktop
10562,riya.verma.2288a9,riya.verma.2288a9@trendlytics.io,Riya,Verma,2026-08-04 20:58:21.924496,budget,0,mobile
10563,sneha.sen.2a6859,sneha.sen.2a6859@trendlytics.io,Sneha,Sen,2026-08-23 20:58:21.924496,trendsetter,1,mobile
10564,kabir.mehta.8e3fb8,kabir.mehta.8e3fb8@trendlytics.io,Kabir,Mehta,2026-07-30 20:58:21.924496,trendsetter,1,mobile
10565,kabir.chopra.97b43d,kabir.chopra.97b43d@trendlytics.io,Kabir,Chopra,2026-08-23 20:58:21.924496,budget,0,mobile
10566,aarav.kapoor.efc521,aarav.kapoor.efc521@trendlytics.io,Aarav,Kapoor,2026-08-02 20:58:21.924496,occasional,0,mobile
10567,karan.sen.0adcbe,karan.sen.0adcbe@trendlytics.io,Karan,Sen,2026-08-17 20:58:21.924496,budget,1,mobile
10568,arjun.sharma.49174e,arjun.sharma.49174e@trendlytics.io,Arjun,Sharma,2026-08-28 20:58:21.924496,luxury,1,desktop
10569,ananya.iyer.3268e8,ananya.iyer.3268e8@trendlytics.io,Ananya,Iyer,2026-08-18 20:58:21.924496,budget,1,mobile
10570,priya.gupta.5cf645,priya.gupta.5cf645@trendlytics.io,Priya,Gupta,2026-08-27 20:58:21.924496,budget,1,mobile
10571,rohan.verma.e8116f,rohan.verma.e8116f@trendlytics.io,Rohan,Verma,2026-08-15 20:58:21.924496,trendsetter,0,mobile
10572,rahul.sen.4e5c50,rahul.sen.4e5c50@trendlytics.io,Rahul,Sen,2026-07-30 20:58:21.924496,luxury,1,desktop
10573,priya.singh.28e8af,priya.singh.28e8af@trendlytics.io,Priya,Singh,2026-07-31 20:58:21.924496,occasional,1,desktop
10574,tanvi.reddy.cae6c6,tanvi.reddy.cae6c6@trendlytics.io,Tanvi,Reddy,2026-08-06 20:58:21.924496,trendsetter,1,mobile
10575,karan.reddy.0df36b,karan.reddy.0df36b@trendlytics.io,Karan,Reddy,2026-08-18 20:58:21.924496,luxury,0,mobile
10576,aditya.joshi.57310e,aditya.joshi.57310e@trendlytics.io,Aditya,Joshi,2026-08-04 20:58:21.924496,trendsetter,0,desktop
10577,riya.gupta.a5db17,riya.gupta.a5db17@trendlytics.io,Riya,Gupta,2026-08-22 20:58:21.924496,budget,0,mobile
10578,karan.verma.4caf06,karan.verma.4caf06@trendlytics.io,Karan,Verma,2026-08-19 20:58:21.924496,budget,0,mobile
10579,rohan.nair.b675dc,rohan.nair.b675dc@trendlytics.io,Rohan,Nair,2026-08-21 20:58:21.924496,trendsetter,1,mobile
10580,meera.iyer.a1cee0,meera.iyer.a1cee0@trendlytics.io,Meera,Iyer,2026-08-05 20:58:21.924496,budget,1,mobile
10581,sneha.sen.13c8c0,sneha.sen.13c8c0@trendlytics.io,Sneha,Sen,2026-08-07 20:58:21.924496,trendsetter,1,desktop
10582,rohan.chopra.c346cf,rohan.chopra.c346cf@trendlytics.io,Rohan,Chopra,2026-08-19 20:58:21.924496,budget,0,mobile
10583,arjun.banerjee.9f5467,arjun.banerjee.9f5467@trendlytics.io,Arjun,Banerjee,2026-08-17 20:58:21.924496,trendsetter,0,mobile
10584,sneha.patel.49b540,sneha.patel.49b540@trendlytics.io,Sneha,Patel,2026-08-22 20:58:21.924496,trendsetter,1,mobile
10585,meera.sharma.077fe8,meera.sharma.077fe8@trendlytics.io,Meera,Sharma,2026-08-05 20:58:21.924496,budget,0,mobile
10586,ananya.das.2a12fe,ananya.das.2a12fe@trendlytics.io,Ananya,Das,2026-08-01 20:58:21.924496,trendsetter,0,mobile
10587,kabir.iyer.dbc9de,kabir.iyer.dbc9de@trendlytics.io,Kabir,Iyer,2026-07-30 20:58:21.924496,trendsetter,0,mobile
10588,neha.iyer.d22d56,neha.iyer.d22d56@trendlytics.io,Neha,Iyer,2026-08-11 20:58:21.924496,trendsetter,0,mobile
10589,priya.singh.b842ab,priya.singh.b842ab@trendlytics.io,Priya,Singh,2026-08-24 20:58:21.924496,budget,0,mobile
10590,rohan.mehta.2561fa,rohan.mehta.2561fa@trendlytics.io,Rohan,Mehta,2026-08-20 20:58:21.924496,occasional,1,desktop
10591,karan.gupta.94586d,karan.gupta.94586d@trendlytics.io,Karan,Gupta,2026-08-04 20:58:21.924496,trendsetter,0,mobile
10592,vikram.nair.1101ed,vikram.nair.1101ed@trendlytics.io,Vikram,Nair,2026-08-14 20:58:21.924496,occasional,1,desktop
10593,rahul.mehta.0d77b7,rahul.mehta.0d77b7@trendlytics.io,Rahul,Mehta,2026-08-06 20:58:21.924496,luxury,0,mobile
10594,karan.patel.04c3a9,karan.patel.04c3a9@trendlytics.io,Karan,Patel,2026-08-19 20:58:21.924496,trendsetter,0,desktop
10595,riya.banerjee.4d7c30,riya.banerjee.4d7c30@trendlytics.io,Riya,Banerjee,2026-08-15 20:58:21.924496,budget,1,mobile
10596,sneha.singh.fb458f,sneha.singh.fb458f@trendlytics.io,Sneha,Singh,2026-08-21 20:58:21.924496,budget,1,mobile
10597,rahul.singh.03eec9,rahul.singh.03eec9@trendlytics.io,Rahul,Singh,2026-08-22 20:58:21.924496,luxury,0,mobile
10598,neha.kapoor.0b1b8d,neha.kapoor.0b1b8d@trendlytics.io,Neha,Kapoor,2026-08-03 20:58:21.924496,trendsetter,0,mobile
10599,kabir.mehta.5a4924,kabir.mehta.5a4924@trendlytics.io,Kabir,Mehta,2026-08-28 20:58:21.924496,occasional,0,mobile
10600,meera.patel.baa46a,meera.patel.baa46a@trendlytics.io,Meera,Patel,2026-07-30 20:58:21.924496,luxury,0,mobile
10601,riya.mehta.cd6650,riya.mehta.cd6650@trendlytics.io,Riya,Mehta,2026-08-10 20:58:21.924496,occasional,0,mobile
10602,rohan.joshi.c3eb80,rohan.joshi.c3eb80@trendlytics.io,Rohan,Joshi,2026-08-14 20:58:21.924496,occasional,0,desktop
10603,sneha.joshi.40923e,sneha.joshi.40923e@trendlytics.io,Sneha,Joshi,2026-08-11 20:58:21.924496,trendsetter,0,mobile
10604,pooja.sharma.8c5db4,pooja.sharma.8c5db4@trendlytics.io,Pooja,Sharma,2026-08-22 20:58:21.924496,trendsetter,1,desktop
10605,priya.chopra.7f618d,priya.chopra.7f618d@trendlytics.io,Priya,Chopra,2026-08-17 20:58:21.924496,budget,0,desktop
10606,neha.das.e2d795,neha.das.e2d795@trendlytics.io,Neha,Das,2026-08-11 20:58:21.924496,occasional,0,mobile
10607,riya.gupta.cebf20,riya.gupta.cebf20@trendlytics.io,Riya,Gupta,2026-08-08 20:58:21.924496,occasional,0,mobile
10608,riya.mehta.609e36,riya.mehta.609e36@trendlytics.io,Riya,Mehta,2026-08-10 20:58:21.924496,budget,0,mobile
10609,arjun.sharma.7cf70d,arjun.sharma.7cf70d@trendlytics.io,Arjun,Sharma,2026-08-20 20:58:21.924496,budget,0,desktop
10610,rohan.iyer.c81acb,rohan.iyer.c81acb@trendlytics.io,Rohan,Iyer,2026-07-30 20:58:21.924496,budget,1,mobile
10611,riya.chopra.8fb5c9,riya.chopra.8fb5c9@trendlytics.io,Riya,Chopra,2026-08-20 20:58:21.924496,budget,0,mobile
10612,aarav.sharma.e7d3fb,aarav.sharma.e7d3fb@trendlytics.io,Aarav,Sharma,2026-08-08 20:58:21.924496,trendsetter,0,desktop
10613,vikram.joshi.f4560b,vikram.joshi.f4560b@trendlytics.io,Vikram,Joshi,2026-08-08 20:58:21.924496,occasional,1,mobile
10614,vikram.singh.f3c152,vikram.singh.f3c152@trendlytics.io,Vikram,Singh,2026-08-12 20:58:21.924496,occasional,0,mobile
10615,arjun.patel.5c3591,arjun.patel.5c3591@trendlytics.io,Arjun,Patel,2026-08-01 20:58:21.924496,trendsetter,1,mobile
10616,kabir.joshi.bdcec2,kabir.joshi.bdcec2@trendlytics.io,Kabir,Joshi,2026-08-21 20:58:21.924496,occasional,1,mobile
10617,aarav.singh.3640bf,aarav.singh.3640bf@trendlytics.io,Aarav,Singh,2026-07-30 20:58:21.924496,occasional,0,mobile
10618,pooja.kapoor.8540e9,pooja.kapoor.8540e9@trendlytics.io,Pooja,Kapoor,2026-08-26 20:58:21.924496,occasional,0,desktop
10619,aditya.sharma.b128fc,aditya.sharma.b128fc@trendlytics.io,Aditya,Sharma,2026-08-12 20:58:21.924496,occasional,1,mobile
10620,aarav.chopra.dbcb05,aarav.chopra.dbcb05@trendlytics.io,Aarav,Chopra,2026-08-11 20:58:21.924496,luxury,1,mobile
10621,meera.sen.04f6a5,meera.sen.04f6a5@trendlytics.io,Meera,Sen,2026-08-11 20:58:21.924496,occasional,0,mobile
10622,aditya.mehta.e723d2,aditya.mehta.e723d2@trendlytics.io,Aditya,Mehta,2026-08-02 20:58:21.924496,occasional,1,mobile
10623,meera.mehta.67c3d9,meera.mehta.67c3d9@trendlytics.io,Meera,Mehta,2026-08-07 20:58:21.924496,luxury,0,desktop
10624,tanvi.sharma.dba2bd,tanvi.sharma.dba2bd@trendlytics.io,Tanvi,Sharma,2026-08-25 20:58:21.924496,trendsetter,0,desktop
10625,aditya.kapoor.51c1dd,aditya.kapoor.51c1dd@trendlytics.io,Aditya,Kapoor,2026-08-17 20:58:21.924496,budget,1,mobile
10626,meera.kapoor.7f722d,meera.kapoor.7f722d@trendlytics.io,Meera,Kapoor,2026-08-09 20:58:21.924496,luxury,0,mobile
10627,neha.gupta.691ce6,neha.gupta.691ce6@trendlytics.io,Neha,Gupta,2026-08-06 20:58:21.924496,budget,1,mobile
10628,meera.kapoor.6a6393,meera.kapoor.6a6393@trendlytics.io,Meera,Kapoor,2026-08-14 20:58:21.924496,occasional,0,mobile
10629,priya.joshi.feffb7,priya.joshi.feffb7@trendlytics.io,Priya,Joshi,2026-08-08 20:58:21.924496,luxury,0,desktop
10630,pooja.banerjee.79eca2,pooja.banerjee.79eca2@trendlytics.io,Pooja,Banerjee,2026-08-08 20:58:21.924496,budget,0,mobile
10631,aarav.verma.ddbc8c,aarav.verma.ddbc8c@trendlytics.io,Aarav,Verma,2026-08-26 20:58:21.924496,budget,1,mobile
10632,priya.kapoor.d12a93,priya.kapoor.d12a93@trendlytics.io,Priya,Kapoor,2026-08-10 20:58:21.924496,occasional,1,desktop
10633,rohan.banerjee.c6f342,rohan.banerjee.c6f342@trendlytics.io,Rohan,Banerjee,2026-08-05 20:58:21.924496,luxury,0,tablet
10634,priya.singh.36e97a,priya.singh.36e97a@trendlytics.io,Priya,Singh,2026-08-12 20:58:21.924496,budget,0,mobile
10635,kabir.chopra.2dc2b2,kabir.chopra.2dc2b2@trendlytics.io,Kabir,Chopra,2026-08-14 20:58:21.924496,trendsetter,1,desktop
10636,rohan.nair.8ccffe,rohan.nair.8ccffe@trendlytics.io,Rohan,Nair,2026-08-07 20:58:21.924496,occasional,0,desktop
10637,priya.iyer.01ac44,priya.iyer.01ac44@trendlytics.io,Priya,Iyer,2026-08-26 20:58:21.924496,budget,1,desktop
10638,riya.gupta.8e7853,riya.gupta.8e7853@trendlytics.io,Riya,Gupta,2026-08-11 20:58:21.924496,occasional,0,mobile
10639,neha.singh.edd3c5,neha.singh.edd3c5@trendlytics.io,Neha,Singh,2026-08-17 20:58:21.924496,occasional,0,mobile
10640,neha.verma.9e4196,neha.verma.9e4196@trendlytics.io,Neha,Verma,2026-08-26 20:58:21.924496,budget,1,mobile
10641,priya.kapoor.d56e1a,priya.kapoor.d56e1a@trendlytics.io,Priya,Kapoor,2026-08-05 20:58:21.924496,budget,0,mobile
10642,rohan.iyer.5a5cd2,rohan.iyer.5a5cd2@trendlytics.io,Rohan,Iyer,2026-07-31 20:58:21.924496,trendsetter,1,mobile
10643,sneha.iyer.cdd071,sneha.iyer.cdd071@trendlytics.io,Sneha,Iyer,2026-08-28 20:58:21.924496,occasional,1,mobile
10644,rohan.reddy.fe9d9a,rohan.reddy.fe9d9a@trendlytics.io,Rohan,Reddy,2026-08-09 20:58:21.924496,occasional,1,mobile
10645,ananya.reddy.ee13f7,ananya.reddy.ee13f7@trendlytics.io,Ananya,Reddy,2026-08-12 20:58:21.924496,budget,1,tablet
10646,arjun.verma.29c484,arjun.verma.29c484@trendlytics.io,Arjun,Verma,2026-08-16 20:58:21.924496,budget,1,desktop
10647,aarav.chopra.638011,aarav.chopra.638011@trendlytics.io,Aarav,Chopra,2026-08-07 20:58:21.924496,budget,0,mobile
10648,rahul.das.8b04bb,rahul.das.8b04bb@trendlytics.io,Rahul,Das,2026-08-10 20:58:21.924496,trendsetter,0,mobile
10649,vikram.kapoor.559de2,vikram.kapoor.559de2@trendlytics.io,Vikram,Kapoor,2026-08-12 20:58:21.924496,luxury,0,mobile
10650,pooja.patel.c9ee13,pooja.patel.c9ee13@trendlytics.io,Pooja,Patel,2026-08-12 20:58:21.924496,trendsetter,1,desktop
10651,meera.joshi.795f52,meera.joshi.795f52@trendlytics.io,Meera,Joshi,2026-08-07 20:58:21.924496,occasional,1,mobile
10652,rohan.mehta.49a5a5,rohan.mehta.49a5a5@trendlytics.io,Rohan,Mehta,2026-08-16 20:58:21.924496,trendsetter,0,mobile
10653,kabir.das.81ca28,kabir.das.81ca28@trendlytics.io,Kabir,Das,2026-08-02 20:58:21.924496,budget,0,desktop
10654,tanvi.das.9e601c,tanvi.das.9e601c@trendlytics.io,Tanvi,Das,2026-08-23 20:58:21.924496,luxury,0,mobile
10655,riya.mehta.9e2bad,riya.mehta.9e2bad@trendlytics.io,Riya,Mehta,2026-08-08 20:58:21.924496,budget,1,mobile
10656,aditya.reddy.be185c,aditya.reddy.be185c@trendlytics.io,Aditya,Reddy,2026-08-19 20:58:21.924496,budget,1,mobile
10657,priya.patel.d3913f,priya.patel.d3913f@trendlytics.io,Priya,Patel,2026-08-04 20:58:21.924496,luxury,0,mobile
10658,karan.mehta.1d6e27,karan.mehta.1d6e27@trendlytics.io,Karan,Mehta,2026-08-15 20:58:21.924496,trendsetter,1,desktop
10659,priya.banerjee.ceebd9,priya.banerjee.ceebd9@trendlytics.io,Priya,Banerjee,2026-08-24 20:58:21.924496,trendsetter,0,desktop
10660,vikram.singh.3b4cf7,vikram.singh.3b4cf7@trendlytics.io,Vikram,Singh,2026-08-08 20:58:21.924496,budget,1,mobile
10661,meera.singh.42aa4d,meera.singh.42aa4d@trendlytics.io,Meera,Singh,2026-08-15 20:58:21.924496,trendsetter,0,mobile
10662,tanvi.gupta.36c0cc,tanvi.gupta.36c0cc@trendlytics.io,Tanvi,Gupta,2026-08-20 20:58:21.924496,trendsetter,0,mobile
10663,arjun.sharma.57eae2,arjun.sharma.57eae2@trendlytics.io,Arjun,Sharma,2026-08-22 20:58:21.924496,budget,0,mobile
10664,kabir.reddy.6fdd07,kabir.reddy.6fdd07@trendlytics.io,Kabir,Reddy,2026-08-05 20:58:21.924496,budget,0,mobile
10665,vikram.patel.786d69,vikram.patel.786d69@trendlytics.io,Vikram,Patel,2026-08-26 20:58:21.924496,occasional,0,mobile
10666,vikram.banerjee.aa06a7,vikram.banerjee.aa06a7@trendlytics.io,Vikram,Banerjee,2026-08-05 20:58:21.924496,occasional,1,desktop
10667,arjun.sharma.19b8c4,arjun.sharma.19b8c4@trendlytics.io,Arjun,Sharma,2026-08-25 20:58:21.924496,trendsetter,1,mobile
10668,rahul.iyer.d19c55,rahul.iyer.d19c55@trendlytics.io,Rahul,Iyer,2026-08-11 20:58:21.924496,luxury,0,mobile
10669,vikram.joshi.48b762,vikram.joshi.48b762@trendlytics.io,Vikram,Joshi,2026-08-26 20:58:21.924496,budget,0,desktop
10670,neha.verma.1fc018,neha.verma.1fc018@trendlytics.io,Neha,Verma,2026-08-28 20:58:21.924496,occasional,0,desktop
10671,aditya.kapoor.265bdf,aditya.kapoor.265bdf@trendlytics.io,Aditya,Kapoor,2026-08-28 20:58:21.924496,luxury,1,desktop
10672,sneha.reddy.37671f,sneha.reddy.37671f@trendlytics.io,Sneha,Reddy,2026-08-20 20:58:21.924496,luxury,1,mobile
10673,karan.chopra.5f2200,karan.chopra.5f2200@trendlytics.io,Karan,Chopra,2026-08-07 20:58:21.924496,occasional,0,mobile
10674,rahul.kapoor.78a3cf,rahul.kapoor.78a3cf@trendlytics.io,Rahul,Kapoor,2026-07-31 20:58:21.924496,luxury,1,mobile
10675,karan.chopra.7ef7a7,karan.chopra.7ef7a7@trendlytics.io,Karan,Chopra,2026-08-07 20:58:21.924496,trendsetter,1,mobile
10676,sneha.chopra.94f999,sneha.chopra.94f999@trendlytics.io,Sneha,Chopra,2026-08-19 20:58:21.924496,occasional,0,mobile
10677,sneha.sharma.16f1f8,sneha.sharma.16f1f8@trendlytics.io,Sneha,Sharma,2026-08-08 20:58:21.924496,trendsetter,0,mobile
10678,priya.mehta.d7ad77,priya.mehta.d7ad77@trendlytics.io,Priya,Mehta,2026-08-21 20:58:21.924496,occasional,0,mobile
10679,ananya.gupta.c4400d,ananya.gupta.c4400d@trendlytics.io,Ananya,Gupta,2026-08-22 20:58:21.924496,occasional,0,desktop
10680,neha.verma.452d91,neha.verma.452d91@trendlytics.io,Neha,Verma,2026-08-14 20:58:21.924496,occasional,0,mobile
10681,kabir.mehta.d72924,kabir.mehta.d72924@trendlytics.io,Kabir,Mehta,2026-08-05 20:58:21.924496,occasional,0,mobile
10682,rohan.reddy.9c7b17,rohan.reddy.9c7b17@trendlytics.io,Rohan,Reddy,2026-08-21 20:58:21.924496,budget,1,mobile
10683,rohan.das.c27f00,rohan.das.c27f00@trendlytics.io,Rohan,Das,2026-08-17 20:58:21.924496,luxury,1,mobile
10684,aarav.nair.e4e826,aarav.nair.e4e826@trendlytics.io,Aarav,Nair,2026-08-03 20:58:21.924496,luxury,0,tablet
10685,sneha.joshi.243de3,sneha.joshi.243de3@trendlytics.io,Sneha,Joshi,2026-08-24 20:58:21.924496,occasional,0,mobile
10686,riya.gupta.b26239,riya.gupta.b26239@trendlytics.io,Riya,Gupta,2026-08-18 20:58:21.924496,luxury,1,mobile
10687,meera.gupta.f4b091,meera.gupta.f4b091@trendlytics.io,Meera,Gupta,2026-08-08 20:58:21.924496,trendsetter,1,mobile
10688,meera.sen.482a3c,meera.sen.482a3c@trendlytics.io,Meera,Sen,2026-08-28 20:58:21.924496,budget,0,mobile
10689,tanvi.nair.e23559,tanvi.nair.e23559@trendlytics.io,Tanvi,Nair,2026-08-05 20:58:21.924496,occasional,1,mobile
10690,karan.verma.020abb,karan.verma.020abb@trendlytics.io,Karan,Verma,2026-08-08 20:58:21.924496,occasional,1,mobile
10691,ananya.verma.a4faf9,ananya.verma.a4faf9@trendlytics.io,Ananya,Verma,2026-08-04 20:58:21.924496,occasional,0,mobile
10692,aarav.das.ee4d27,aarav.das.ee4d27@trendlytics.io,Aarav,Das,2026-08-05 20:58:21.924496,luxury,1,desktop
10693,pooja.reddy.f0f5f9,pooja.reddy.f0f5f9@trendlytics.io,Pooja,Reddy,2026-08-08 20:58:21.924496,luxury,0,desktop
10694,ananya.das.453acd,ananya.das.453acd@trendlytics.io,Ananya,Das,2026-07-31 20:58:21.924496,luxury,0,mobile
10695,ananya.joshi.9b1ffd,ananya.joshi.9b1ffd@trendlytics.io,Ananya,Joshi,2026-07-30 20:58:21.924496,trendsetter,1,desktop
10696,aditya.patel.3774a0,aditya.patel.3774a0@trendlytics.io,Aditya,Patel,2026-08-07 20:58:21.924496,luxury,0,desktop
10697,riya.gupta.92e44b,riya.gupta.92e44b@trendlytics.io,Riya,Gupta,2026-08-15 20:58:21.924496,trendsetter,1,mobile
10698,vikram.joshi.90fa5e,vikram.joshi.90fa5e@trendlytics.io,Vikram,Joshi,2026-08-07 20:58:21.924496,occasional,0,mobile
10699,ananya.joshi.afaaa1,ananya.joshi.afaaa1@trendlytics.io,Ananya,Joshi,2026-08-27 20:58:21.924496,budget,0,mobile
10700,rohan.kapoor.200511,rohan.kapoor.200511@trendlytics.io,Rohan,Kapoor,2026-07-31 20:58:21.924496,budget,1,mobile
10701,karan.gupta.7a876b,karan.gupta.7a876b@trendlytics.io,Karan,Gupta,2026-08-13 20:58:21.924496,occasional,1,mobile
10702,riya.banerjee.c89904,riya.banerjee.c89904@trendlytics.io,Riya,Banerjee,2026-08-27 20:58:21.924496,luxury,0,mobile
10703,neha.das.d5e539,neha.das.d5e539@trendlytics.io,Neha,Das,2026-07-30 20:58:21.924496,occasional,0,mobile
10704,karan.joshi.139c51,karan.joshi.139c51@trendlytics.io,Karan,Joshi,2026-08-28 20:58:21.924496,trendsetter,0,mobile
10705,aarav.sharma.228c06,aarav.sharma.228c06@trendlytics.io,Aarav,Sharma,2026-08-08 20:58:21.924496,occasional,1,mobile
10706,neha.mehta.3bce37,neha.mehta.3bce37@trendlytics.io,Neha,Mehta,2026-08-21 20:58:21.924496,trendsetter,0,mobile
10707,sneha.sen.a1cab9,sneha.sen.a1cab9@trendlytics.io,Sneha,Sen,2026-08-07 20:58:21.924496,budget,0,desktop
10708,aarav.nair.047c81,aarav.nair.047c81@trendlytics.io,Aarav,Nair,2026-08-17 20:58:21.924496,budget,1,mobile
10709,aarav.das.b97a92,aarav.das.b97a92@trendlytics.io,Aarav,Das,2026-08-15 20:58:21.924496,occasional,1,mobile
10710,pooja.sharma.e4a0c0,pooja.sharma.e4a0c0@trendlytics.io,Pooja,Sharma,2026-08-02 20:58:21.924496,budget,0,mobile
10711,sneha.nair.43e6bc,sneha.nair.43e6bc@trendlytics.io,Sneha,Nair,2026-08-04 20:58:21.924496,trendsetter,1,mobile
10712,aditya.joshi.91abaf,aditya.joshi.91abaf@trendlytics.io,Aditya,Joshi,2026-08-18 20:58:21.924496,budget,1,desktop
10713,meera.chopra.74043e,meera.chopra.74043e@trendlytics.io,Meera,Chopra,2026-08-26 20:58:21.924496,occasional,0,desktop
10714,tanvi.banerjee.761058,tanvi.banerjee.761058@trendlytics.io,Tanvi,Banerjee,2026-08-04 20:58:21.924496,occasional,1,mobile
10715,neha.kapoor.164dbd,neha.kapoor.164dbd@trendlytics.io,Neha,Kapoor,2026-08-13 20:58:21.924496,luxury,0,desktop
10716,sneha.chopra.6d5696,sneha.chopra.6d5696@trendlytics.io,Sneha,Chopra,2026-07-31 20:58:21.924496,occasional,0,desktop
10717,arjun.verma.0ed832,arjun.verma.0ed832@trendlytics.io,Arjun,Verma,2026-08-24 20:58:21.924496,trendsetter,0,mobile
10718,rohan.das.f8327e,rohan.das.f8327e@trendlytics.io,Rohan,Das,2026-08-18 20:58:21.924496,budget,0,desktop
10719,aditya.patel.ecd28d,aditya.patel.ecd28d@trendlytics.io,Aditya,Patel,2026-08-26 20:58:21.924496,occasional,0,mobile
10720,kabir.verma.16fc5a,kabir.verma.16fc5a@trendlytics.io,Kabir,Verma,2026-08-08 20:58:21.924496,luxury,1,mobile
10721,rohan.reddy.e861c7,rohan.reddy.e861c7@trendlytics.io,Rohan,Reddy,2026-08-08 20:58:21.924496,trendsetter,0,mobile
10722,priya.gupta.34062d,priya.gupta.34062d@trendlytics.io,Priya,Gupta,2026-08-26 20:58:21.924496,luxury,1,mobile
10723,riya.kapoor.588ecf,riya.kapoor.588ecf@trendlytics.io,Riya,Kapoor,2026-08-07 20:58:21.924496,budget,1,desktop
10724,vikram.verma.4aa1b1,vikram.verma.4aa1b1@trendlytics.io,Vikram,Verma,2026-08-14 20:58:21.924496,occasional,0,desktop
10725,rohan.joshi.5b8d6d,rohan.joshi.5b8d6d@trendlytics.io,Rohan,Joshi,2026-08-28 20:58:21.924496,luxury,1,desktop
10726,pooja.nair.f34449,pooja.nair.f34449@trendlytics.io,Pooja,Nair,2026-08-13 20:58:21.924496,occasional,0,desktop
10727,vikram.joshi.c1a9c6,vikram.joshi.c1a9c6@trendlytics.io,Vikram,Joshi,2026-08-13 20:58:21.924496,luxury,0,desktop
10728,meera.verma.b6ce72,meera.verma.b6ce72@trendlytics.io,Meera,Verma,2026-08-24 20:58:21.924496,occasional,0,mobile
10729,meera.reddy.204045,meera.reddy.204045@trendlytics.io,Meera,Reddy,2026-07-31 20:58:21.924496,occasional,0,mobile
10730,aarav.sen.684589,aarav.sen.684589@trendlytics.io,Aarav,Sen,2026-08-02 20:58:21.924496,budget,0,mobile
10731,ananya.joshi.3f4215,ananya.joshi.3f4215@trendlytics.io,Ananya,Joshi,2026-08-22 20:58:21.924496,trendsetter,0,mobile
10732,arjun.sharma.35d8e9,arjun.sharma.35d8e9@trendlytics.io,Arjun,Sharma,2026-08-05 20:58:21.924496,trendsetter,0,desktop
10733,riya.kapoor.9a354f,riya.kapoor.9a354f@trendlytics.io,Riya,Kapoor,2026-08-27 20:58:21.924496,budget,1,desktop
10734,meera.banerjee.eaa7af,meera.banerjee.eaa7af@trendlytics.io,Meera,Banerjee,2026-08-13 20:58:21.924496,trendsetter,0,mobile
10735,riya.banerjee.d252ae,riya.banerjee.d252ae@trendlytics.io,Riya,Banerjee,2026-08-03 20:58:21.924496,trendsetter,0,desktop
10736,karan.singh.7f96e6,karan.singh.7f96e6@trendlytics.io,Karan,Singh,2026-08-13 20:58:21.924496,budget,1,mobile
10737,aditya.gupta.099aa3,aditya.gupta.099aa3@trendlytics.io,Aditya,Gupta,2026-08-19 20:58:21.924496,luxury,0,desktop
10738,tanvi.patel.60bf1a,tanvi.patel.60bf1a@trendlytics.io,Tanvi,Patel,2026-08-01 20:58:21.924496,luxury,1,mobile
10739,tanvi.das.113d54,tanvi.das.113d54@trendlytics.io,Tanvi,Das,2026-08-11 20:58:21.924496,budget,1,desktop
10740,rohan.reddy.36d985,rohan.reddy.36d985@trendlytics.io,Rohan,Reddy,2026-08-02 20:58:21.924496,budget,0,mobile
10741,karan.kapoor.24138d,karan.kapoor.24138d@trendlytics.io,Karan,Kapoor,2026-08-19 20:58:21.924496,budget,0,desktop
10742,aditya.iyer.e38b30,aditya.iyer.e38b30@trendlytics.io,Aditya,Iyer,2026-08-28 20:58:21.924496,trendsetter,0,mobile
10743,meera.iyer.d70291,meera.iyer.d70291@trendlytics.io,Meera,Iyer,2026-08-10 20:58:21.924496,trendsetter,0,mobile
10744,meera.joshi.5ad6f7,meera.joshi.5ad6f7@trendlytics.io,Meera,Joshi,2026-08-26 20:58:21.924496,budget,0,mobile
10745,ananya.verma.7e28c7,ananya.verma.7e28c7@trendlytics.io,Ananya,Verma,2026-08-23 20:58:21.924496,luxury,0,mobile
10746,tanvi.kapoor.2f35da,tanvi.kapoor.2f35da@trendlytics.io,Tanvi,Kapoor,2026-08-01 20:58:21.924496,occasional,1,mobile
10747,vikram.kapoor.751c31,vikram.kapoor.751c31@trendlytics.io,Vikram,Kapoor,2026-08-08 20:58:21.924496,occasional,1,desktop
10748,pooja.chopra.9313f0,pooja.chopra.9313f0@trendlytics.io,Pooja,Chopra,2026-08-29 20:58:21.924496,occasional,0,desktop
10749,priya.singh.8c2fce,priya.singh.8c2fce@trendlytics.io,Priya,Singh,2026-07-31 20:58:21.924496,occasional,1,desktop
10750,meera.verma.335d4b,meera.verma.335d4b@trendlytics.io,Meera,Verma,2026-08-19 20:58:21.924496,occasional,0,mobile
10751,karan.kapoor.265714,karan.kapoor.265714@trendlytics.io,Karan,Kapoor,2026-08-17 20:58:21.924496,budget,0,desktop
10752,pooja.joshi.8605a2,pooja.joshi.8605a2@trendlytics.io,Pooja,Joshi,2026-08-13 20:58:21.924496,occasional,0,mobile
10753,aditya.reddy.49a6f4,aditya.reddy.49a6f4@trendlytics.io,Aditya,Reddy,2026-08-19 20:58:21.924496,luxury,0,desktop
10754,tanvi.nair.71c292,tanvi.nair.71c292@trendlytics.io,Tanvi,Nair,2026-08-11 20:58:21.924496,budget,0,mobile
10755,sneha.nair.2352cb,sneha.nair.2352cb@trendlytics.io,Sneha,Nair,2026-08-20 20:58:21.924496,budget,1,mobile
10756,ananya.gupta.e38b6f,ananya.gupta.e38b6f@trendlytics.io,Ananya,Gupta,2026-08-13 20:58:21.924496,luxury,0,mobile
10757,rohan.mehta.a734a5,rohan.mehta.a734a5@trendlytics.io,Rohan,Mehta,2026-08-23 20:58:21.924496,occasional,1,mobile
10758,riya.patel.c92c76,riya.patel.c92c76@trendlytics.io,Riya,Patel,2026-08-07 20:58:21.924496,budget,1,mobile
10759,pooja.sharma.f4023b,pooja.sharma.f4023b@trendlytics.io,Pooja,Sharma,2026-08-11 20:58:21.924496,trendsetter,1,mobile
10760,aarav.kapoor.b324ce,aarav.kapoor.b324ce@trendlytics.io,Aarav,Kapoor,2026-08-10 20:58:21.924496,luxury,1,mobile
10761,rohan.nair.1b7f74,rohan.nair.1b7f74@trendlytics.io,Rohan,Nair,2026-08-18 20:58:21.924496,occasional,0,mobile
10762,tanvi.patel.268e09,tanvi.patel.268e09@trendlytics.io,Tanvi,Patel,2026-08-25 20:58:21.924496,trendsetter,0,mobile
10763,rahul.patel.68aaa6,rahul.patel.68aaa6@trendlytics.io,Rahul,Patel,2026-08-06 20:58:21.924496,trendsetter,1,mobile
10764,rahul.kapoor.38fbfd,rahul.kapoor.38fbfd@trendlytics.io,Rahul,Kapoor,2026-08-19 20:58:21.924496,trendsetter,1,desktop
10765,sneha.banerjee.ed08f0,sneha.banerjee.ed08f0@trendlytics.io,Sneha,Banerjee,2026-08-16 20:58:21.924496,luxury,0,mobile
10766,pooja.patel.9a0f2d,pooja.patel.9a0f2d@trendlytics.io,Pooja,Patel,2026-08-18 20:58:21.924496,budget,0,mobile
10767,ananya.chopra.eef7da,ananya.chopra.eef7da@trendlytics.io,Ananya,Chopra,2026-08-08 20:58:21.924496,luxury,1,desktop
10768,vikram.nair.841b9d,vikram.nair.841b9d@trendlytics.io,Vikram,Nair,2026-08-07 20:58:21.924496,trendsetter,0,mobile
10769,vikram.singh.99f5af,vikram.singh.99f5af@trendlytics.io,Vikram,Singh,2026-08-15 20:58:21.924496,luxury,1,mobile
10770,pooja.joshi.c1a80d,pooja.joshi.c1a80d@trendlytics.io,Pooja,Joshi,2026-08-24 20:58:21.924496,luxury,0,mobile
10771,arjun.nair.e996c3,arjun.nair.e996c3@trendlytics.io,Arjun,Nair,2026-08-12 20:58:21.924496,budget,0,mobile
10772,sneha.sen.5605bd,sneha.sen.5605bd@trendlytics.io,Sneha,Sen,2026-08-26 20:58:21.924496,luxury,1,mobile
10773,arjun.patel.7dc566,arjun.patel.7dc566@trendlytics.io,Arjun,Patel,2026-08-19 20:58:21.924496,luxury,1,mobile
10774,priya.chopra.9259f9,priya.chopra.9259f9@trendlytics.io,Priya,Chopra,2026-08-13 20:58:21.924496,trendsetter,1,mobile
10775,arjun.iyer.c0f962,arjun.iyer.c0f962@trendlytics.io,Arjun,Iyer,2026-08-01 20:58:21.924496,budget,0,desktop
10776,rohan.chopra.d7e86d,rohan.chopra.d7e86d@trendlytics.io,Rohan,Chopra,2026-08-01 20:58:21.924496,budget,0,desktop
10777,priya.mehta.578806,priya.mehta.578806@trendlytics.io,Priya,Mehta,2026-08-28 20:58:21.924496,luxury,1,mobile
10778,aarav.patel.e16557,aarav.patel.e16557@trendlytics.io,Aarav,Patel,2026-08-19 20:58:21.924496,trendsetter,0,mobile
10779,pooja.das.18947d,pooja.das.18947d@trendlytics.io,Pooja,Das,2026-08-04 20:58:21.924496,luxury,0,desktop
10780,rahul.iyer.178a47,rahul.iyer.178a47@trendlytics.io,Rahul,Iyer,2026-08-24 20:58:21.924496,occasional,0,desktop
10781,aarav.chopra.b761cc,aarav.chopra.b761cc@trendlytics.io,Aarav,Chopra,2026-08-25 20:58:21.924496,budget,1,mobile
10782,vikram.reddy.0351f3,vikram.reddy.0351f3@trendlytics.io,Vikram,Reddy,2026-08-23 20:58:21.924496,occasional,0,mobile
10783,karan.nair.2fa561,karan.nair.2fa561@trendlytics.io,Karan,Nair,2026-08-18 20:58:21.924496,luxury,0,desktop
10784,meera.mehta.82e9e3,meera.mehta.82e9e3@trendlytics.io,Meera,Mehta,2026-08-24 20:58:21.924496,luxury,1,mobile
10785,sneha.mehta.e23b40,sneha.mehta.e23b40@trendlytics.io,Sneha,Mehta,2026-08-04 20:58:21.924496,budget,0,mobile
10786,ananya.mehta.9bd6d9,ananya.mehta.9bd6d9@trendlytics.io,Ananya,Mehta,2026-08-23 20:58:21.924496,occasional,1,mobile
10787,karan.singh.493d9a,karan.singh.493d9a@trendlytics.io,Karan,Singh,2026-08-12 20:58:21.924496,trendsetter,1,desktop
10788,karan.mehta.eda360,karan.mehta.eda360@trendlytics.io,Karan,Mehta,2026-08-07 20:58:21.924496,budget,1,mobile
10789,rahul.sharma.1807c5,rahul.sharma.1807c5@trendlytics.io,Rahul,Sharma,2026-08-24 20:58:21.924496,luxury,0,mobile
10790,ananya.patel.5b0f40,ananya.patel.5b0f40@trendlytics.io,Ananya,Patel,2026-08-15 20:58:21.924496,budget,0,mobile
10791,meera.joshi.cf379f,meera.joshi.cf379f@trendlytics.io,Meera,Joshi,2026-08-14 20:58:21.924496,luxury,0,mobile
10792,sneha.iyer.c55858,sneha.iyer.c55858@trendlytics.io,Sneha,Iyer,2026-08-27 20:58:21.924496,occasional,0,mobile
10793,kabir.patel.33e259,kabir.patel.33e259@trendlytics.io,Kabir,Patel,2026-08-17 20:58:21.924496,trendsetter,0,mobile
10794,rohan.iyer.d5f504,rohan.iyer.d5f504@trendlytics.io,Rohan,Iyer,2026-08-28 20:58:21.924496,trendsetter,1,mobile
10795,meera.reddy.8416bb,meera.reddy.8416bb@trendlytics.io,Meera,Reddy,2026-08-15 20:58:21.924496,occasional,1,desktop
10796,priya.joshi.ff825a,priya.joshi.ff825a@trendlytics.io,Priya,Joshi,2026-08-16 20:58:21.924496,budget,0,desktop
10797,priya.verma.1c7214,priya.verma.1c7214@trendlytics.io,Priya,Verma,2026-08-13 20:58:21.924496,luxury,0,mobile
10798,aarav.sharma.7088bc,aarav.sharma.7088bc@trendlytics.io,Aarav,Sharma,2026-07-31 20:58:21.924496,occasional,0,mobile
10799,priya.kapoor.86a4ec,priya.kapoor.86a4ec@trendlytics.io,Priya,Kapoor,2026-08-09 20:58:21.924496,trendsetter,1,desktop
10800,kabir.sharma.789e0f,kabir.sharma.789e0f@trendlytics.io,Kabir,Sharma,2026-08-21 20:58:21.924496,luxury,0,mobile
10801,pooja.gupta.85d89e,pooja.gupta.85d89e@trendlytics.io,Pooja,Gupta,2026-08-20 20:58:21.924496,trendsetter,1,mobile
10802,vikram.verma.496a2a,vikram.verma.496a2a@trendlytics.io,Vikram,Verma,2026-08-15 20:58:21.924496,budget,0,mobile
10803,meera.joshi.ed4a56,meera.joshi.ed4a56@trendlytics.io,Meera,Joshi,2026-08-17 20:58:21.924496,luxury,1,mobile
10804,tanvi.verma.48891f,tanvi.verma.48891f@trendlytics.io,Tanvi,Verma,2026-08-11 20:58:21.924496,occasional,0,desktop
10805,ananya.sen.4be495,ananya.sen.4be495@trendlytics.io,Ananya,Sen,2026-08-27 20:58:21.924496,trendsetter,0,mobile
10806,kabir.singh.1e9695,kabir.singh.1e9695@trendlytics.io,Kabir,Singh,2026-08-16 20:58:21.924496,occasional,1,mobile
10807,tanvi.sharma.ac310c,tanvi.sharma.ac310c@trendlytics.io,Tanvi,Sharma,2026-08-18 20:58:21.924496,luxury,1,mobile
10808,neha.singh.560db0,neha.singh.560db0@trendlytics.io,Neha,Singh,2026-08-20 20:58:21.924496,budget,1,mobile
10809,aarav.joshi.04929d,aarav.joshi.04929d@trendlytics.io,Aarav,Joshi,2026-08-09 20:58:21.924496,occasional,0,desktop
10810,ananya.gupta.1986c1,ananya.gupta.1986c1@trendlytics.io,Ananya,Gupta,2026-08-19 20:58:21.924496,budget,0,mobile
10811,aarav.sen.ba9f59,aarav.sen.ba9f59@trendlytics.io,Aarav,Sen,2026-08-16 20:58:21.924496,luxury,0,mobile
10812,aarav.mehta.284e17,aarav.mehta.284e17@trendlytics.io,Aarav,Mehta,2026-08-28 20:58:21.924496,budget,1,desktop
10813,vikram.patel.992231,vikram.patel.992231@trendlytics.io,Vikram,Patel,2026-08-28 20:58:21.924496,luxury,0,mobile
10814,riya.verma.543ae8,riya.verma.543ae8@trendlytics.io,Riya,Verma,2026-08-20 20:58:21.924496,occasional,1,mobile
10815,arjun.iyer.f2c27a,arjun.iyer.f2c27a@trendlytics.io,Arjun,Iyer,2026-07-30 20:58:21.924496,luxury,0,desktop
10816,arjun.gupta.1626d6,arjun.gupta.1626d6@trendlytics.io,Arjun,Gupta,2026-08-20 20:58:21.924496,budget,0,mobile
10817,vikram.sharma.dd1ab3,vikram.sharma.dd1ab3@trendlytics.io,Vikram,Sharma,2026-08-19 20:58:21.924496,luxury,0,desktop
10818,karan.iyer.f7dbd1,karan.iyer.f7dbd1@trendlytics.io,Karan,Iyer,2026-08-22 20:58:21.924496,trendsetter,0,mobile
10819,priya.gupta.6fd48b,priya.gupta.6fd48b@trendlytics.io,Priya,Gupta,2026-08-22 20:58:21.924496,occasional,0,mobile
10820,arjun.iyer.3f6ff9,arjun.iyer.3f6ff9@trendlytics.io,Arjun,Iyer,2026-08-26 20:58:21.924496,trendsetter,1,mobile
10821,neha.chopra.468bb7,neha.chopra.468bb7@trendlytics.io,Neha,Chopra,2026-08-10 20:58:21.924496,luxury,1,mobile
10822,rohan.mehta.652e9e,rohan.mehta.652e9e@trendlytics.io,Rohan,Mehta,2026-08-09 20:58:21.924496,budget,1,desktop
10823,tanvi.iyer.1f84de,tanvi.iyer.1f84de@trendlytics.io,Tanvi,Iyer,2026-08-07 20:58:21.924496,trendsetter,1,desktop
10824,neha.joshi.45d14c,neha.joshi.45d14c@trendlytics.io,Neha,Joshi,2026-08-15 20:58:21.924496,luxury,1,mobile
10825,sneha.banerjee.c0b21c,sneha.banerjee.c0b21c@trendlytics.io,Sneha,Banerjee,2026-08-08 20:58:21.924496,budget,0,mobile
10826,vikram.banerjee.7e2d8a,vikram.banerjee.7e2d8a@trendlytics.io,Vikram,Banerjee,2026-08-29 20:58:21.924496,trendsetter,1,desktop
10827,karan.gupta.92f162,karan.gupta.92f162@trendlytics.io,Karan,Gupta,2026-08-27 20:58:21.924496,trendsetter,1,mobile
10828,riya.das.cf000c,riya.das.cf000c@trendlytics.io,Riya,Das,2026-08-17 20:58:21.924496,trendsetter,1,mobile
10829,rohan.verma.2065d4,rohan.verma.2065d4@trendlytics.io,Rohan,Verma,2026-08-11 20:58:21.924496,budget,1,desktop
10830,tanvi.joshi.972e15,tanvi.joshi.972e15@trendlytics.io,Tanvi,Joshi,2026-08-22 20:58:21.924496,luxury,1,mobile
10831,arjun.das.72358e,arjun.das.72358e@trendlytics.io,Arjun,Das,2026-08-08 20:58:21.924496,luxury,0,desktop
10832,arjun.verma.423ae5,arjun.verma.423ae5@trendlytics.io,Arjun,Verma,2026-08-01 20:58:21.924496,budget,0,desktop
10833,meera.sen.e95d6d,meera.sen.e95d6d@trendlytics.io,Meera,Sen,2026-08-26 20:58:21.924496,trendsetter,0,desktop
10834,aditya.patel.508ac3,aditya.patel.508ac3@trendlytics.io,Aditya,Patel,2026-08-19 20:58:21.924496,luxury,0,mobile
10835,arjun.verma.85df44,arjun.verma.85df44@trendlytics.io,Arjun,Verma,2026-08-18 20:58:21.924496,occasional,0,tablet
10836,aarav.gupta.817c23,aarav.gupta.817c23@trendlytics.io,Aarav,Gupta,2026-08-18 20:58:21.924496,trendsetter,1,desktop
10837,kabir.iyer.31a973,kabir.iyer.31a973@trendlytics.io,Kabir,Iyer,2026-08-21 20:58:21.924496,trendsetter,0,desktop
10838,aditya.kapoor.020a83,aditya.kapoor.020a83@trendlytics.io,Aditya,Kapoor,2026-08-15 20:58:21.924496,trendsetter,1,mobile
10839,neha.das.c51b9f,neha.das.c51b9f@trendlytics.io,Neha,Das,2026-08-25 20:58:21.924496,occasional,1,mobile
10840,karan.singh.4d3316,karan.singh.4d3316@trendlytics.io,Karan,Singh,2026-08-25 20:58:21.924496,luxury,0,mobile
10841,vikram.reddy.4200af,vikram.reddy.4200af@trendlytics.io,Vikram,Reddy,2026-08-16 20:58:21.924496,trendsetter,1,mobile
10842,arjun.sharma.b4436f,arjun.sharma.b4436f@trendlytics.io,Arjun,Sharma,2026-08-29 20:58:21.924496,budget,1,mobile
10843,rahul.gupta.b708ab,rahul.gupta.b708ab@trendlytics.io,Rahul,Gupta,2026-08-26 20:58:21.924496,luxury,0,mobile
10844,sneha.singh.792948,sneha.singh.792948@trendlytics.io,Sneha,Singh,2026-08-07 20:58:21.924496,luxury,0,desktop
10845,arjun.singh.a75e88,arjun.singh.a75e88@trendlytics.io,Arjun,Singh,2026-08-11 20:58:21.924496,luxury,1,desktop
10846,pooja.kapoor.ed6e8d,pooja.kapoor.ed6e8d@trendlytics.io,Pooja,Kapoor,2026-08-20 20:58:21.924496,occasional,0,mobile
10847,karan.singh.97486a,karan.singh.97486a@trendlytics.io,Karan,Singh,2026-08-17 20:58:21.924496,budget,0,mobile
10848,meera.patel.94f455,meera.patel.94f455@trendlytics.io,Meera,Patel,2026-08-11 20:58:21.924496,budget,1,mobile
10849,neha.joshi.05b6d3,neha.joshi.05b6d3@trendlytics.io,Neha,Joshi,2026-08-05 20:58:21.924496,budget,1,desktop
10850,ananya.das.5352d1,ananya.das.5352d1@trendlytics.io,Ananya,Das,2026-08-21 20:58:21.924496,budget,1,mobile
10851,arjun.iyer.4408a6,arjun.iyer.4408a6@trendlytics.io,Arjun,Iyer,2026-08-12 20:58:21.924496,luxury,1,mobile
10852,meera.verma.618c33,meera.verma.618c33@trendlytics.io,Meera,Verma,2026-08-07 20:58:21.924496,budget,1,desktop
10853,riya.banerjee.98df17,riya.banerjee.98df17@trendlytics.io,Riya,Banerjee,2026-08-17 20:58:21.924496,luxury,0,mobile
10854,kabir.mehta.b4fa50,kabir.mehta.b4fa50@trendlytics.io,Kabir,Mehta,2026-08-26 20:58:21.924496,occasional,1,mobile
10855,aarav.das.2e342d,aarav.das.2e342d@trendlytics.io,Aarav,Das,2026-08-18 20:58:21.924496,trendsetter,1,mobile
10856,sneha.singh.fc69c2,sneha.singh.fc69c2@trendlytics.io,Sneha,Singh,2026-08-10 20:58:21.924496,budget,0,mobile
10857,kabir.joshi.a93b25,kabir.joshi.a93b25@trendlytics.io,Kabir,Joshi,2026-08-27 20:58:21.924496,luxury,1,mobile
10858,aarav.joshi.bbb5e5,aarav.joshi.bbb5e5@trendlytics.io,Aarav,Joshi,2026-08-24 20:58:21.924496,budget,0,mobile
10859,vikram.sharma.8fbe7d,vikram.sharma.8fbe7d@trendlytics.io,Vikram,Sharma,2026-08-20 20:58:21.924496,luxury,1,mobile
10860,meera.banerjee.c35b3e,meera.banerjee.c35b3e@trendlytics.io,Meera,Banerjee,2026-08-17 20:58:21.924496,luxury,1,mobile
10861,arjun.gupta.b46423,arjun.gupta.b46423@trendlytics.io,Arjun,Gupta,2026-08-19 20:58:21.924496,trendsetter,1,desktop
10862,riya.banerjee.c88d3d,riya.banerjee.c88d3d@trendlytics.io,Riya,Banerjee,2026-08-07 20:58:21.924496,trendsetter,1,mobile
10863,aditya.patel.f0cbb2,aditya.patel.f0cbb2@trendlytics.io,Aditya,Patel,2026-08-04 20:58:21.924496,trendsetter,1,desktop
10864,neha.sharma.1f66aa,neha.sharma.1f66aa@trendlytics.io,Neha,Sharma,2026-08-13 20:58:21.924496,trendsetter,0,mobile
10865,aarav.kapoor.8cb378,aarav.kapoor.8cb378@trendlytics.io,Aarav,Kapoor,2026-08-29 20:58:21.924496,budget,0,mobile
10866,rahul.mehta.bbfa9b,rahul.mehta.bbfa9b@trendlytics.io,Rahul,Mehta,2026-08-02 20:58:21.924496,luxury,1,mobile
10867,ananya.gupta.5bc1e2,ananya.gupta.5bc1e2@trendlytics.io,Ananya,Gupta,2026-08-03 20:58:21.924496,luxury,0,mobile
10868,karan.nair.b2d682,karan.nair.b2d682@trendlytics.io,Karan,Nair,2026-08-14 20:58:21.924496,occasional,1,desktop
10869,neha.das.097a20,neha.das.097a20@trendlytics.io,Neha,Das,2026-08-15 20:58:21.924496,occasional,1,desktop
10870,priya.iyer.e19645,priya.iyer.e19645@trendlytics.io,Priya,Iyer,2026-08-05 20:58:21.924496,budget,1,mobile
10871,rohan.chopra.659d0f,rohan.chopra.659d0f@trendlytics.io,Rohan,Chopra,2026-08-15 20:58:21.924496,budget,0,desktop
10872,riya.singh.030fd1,riya.singh.030fd1@trendlytics.io,Riya,Singh,2026-08-11 20:58:21.924496,occasional,1,mobile
10873,tanvi.joshi.bcb049,tanvi.joshi.bcb049@trendlytics.io,Tanvi,Joshi,2026-08-27 20:58:21.924496,occasional,0,mobile
10874,rahul.patel.3e0f42,rahul.patel.3e0f42@trendlytics.io,Rahul,Patel,2026-08-03 20:58:21.924496,occasional,0,mobile
10875,rahul.reddy.e346cd,rahul.reddy.e346cd@trendlytics.io,Rahul,Reddy,2026-08-19 20:58:21.924496,occasional,1,mobile
10876,karan.gupta.6c3231,karan.gupta.6c3231@trendlytics.io,Karan,Gupta,2026-08-18 20:58:21.924496,luxury,1,mobile
10877,rahul.kapoor.a9c082,rahul.kapoor.a9c082@trendlytics.io,Rahul,Kapoor,2026-08-14 20:58:21.924496,luxury,0,mobile
10878,ananya.gupta.bad298,ananya.gupta.bad298@trendlytics.io,Ananya,Gupta,2026-08-13 20:58:21.924496,budget,0,tablet
10879,tanvi.mehta.7ec48f,tanvi.mehta.7ec48f@trendlytics.io,Tanvi,Mehta,2026-08-04 20:58:21.924496,luxury,0,desktop
10880,aarav.kapoor.fbc960,aarav.kapoor.fbc960@trendlytics.io,Aarav,Kapoor,2026-08-11 20:58:21.924496,occasional,0,mobile
10881,pooja.nair.a012ff,pooja.nair.a012ff@trendlytics.io,Pooja,Nair,2026-08-25 20:58:21.924496,occasional,1,mobile
10882,neha.sharma.829a02,neha.sharma.829a02@trendlytics.io,Neha,Sharma,2026-08-09 20:58:21.924496,trendsetter,0,desktop
10883,karan.singh.a71a64,karan.singh.a71a64@trendlytics.io,Karan,Singh,2026-08-12 20:58:21.924496,trendsetter,0,mobile
10884,arjun.sharma.e4401b,arjun.sharma.e4401b@trendlytics.io,Arjun,Sharma,2026-08-15 20:58:21.924496,budget,0,desktop
10885,pooja.kapoor.cae99d,pooja.kapoor.cae99d@trendlytics.io,Pooja,Kapoor,2026-07-30 20:58:21.924496,occasional,1,desktop
10886,kabir.patel.0d174d,kabir.patel.0d174d@trendlytics.io,Kabir,Patel,2026-08-14 20:58:21.924496,occasional,0,tablet
10887,aditya.iyer.bca2df,aditya.iyer.bca2df@trendlytics.io,Aditya,Iyer,2026-08-14 20:58:21.924496,budget,1,mobile
10888,meera.banerjee.70687b,meera.banerjee.70687b@trendlytics.io,Meera,Banerjee,2026-08-15 20:58:21.924496,occasional,1,mobile
10889,tanvi.chopra.c7dd2d,tanvi.chopra.c7dd2d@trendlytics.io,Tanvi,Chopra,2026-08-06 20:58:21.924496,budget,0,desktop
10890,karan.patel.aef516,karan.patel.aef516@trendlytics.io,Karan,Patel,2026-08-10 20:58:21.924496,trendsetter,1,desktop
10891,meera.verma.9e22ff,meera.verma.9e22ff@trendlytics.io,Meera,Verma,2026-08-10 20:58:21.924496,luxury,0,mobile
10892,riya.nair.a401ef,riya.nair.a401ef@trendlytics.io,Riya,Nair,2026-08-09 20:58:21.924496,trendsetter,1,mobile
10893,kabir.sharma.7be5c4,kabir.sharma.7be5c4@trendlytics.io,Kabir,Sharma,2026-08-07 20:58:21.924496,budget,0,desktop
10894,aarav.reddy.310547,aarav.reddy.310547@trendlytics.io,Aarav,Reddy,2026-08-21 20:58:21.924496,occasional,1,mobile
10895,riya.verma.af4f8f,riya.verma.af4f8f@trendlytics.io,Riya,Verma,2026-07-30 20:58:21.924496,luxury,0,mobile
10896,meera.reddy.9039fc,meera.reddy.9039fc@trendlytics.io,Meera,Reddy,2026-08-16 20:58:21.924496,occasional,0,desktop
10897,sneha.reddy.b279d3,sneha.reddy.b279d3@trendlytics.io,Sneha,Reddy,2026-07-30 20:58:21.924496,luxury,0,desktop
10898,rohan.iyer.d25bfb,rohan.iyer.d25bfb@trendlytics.io,Rohan,Iyer,2026-08-10 20:58:21.924496,occasional,0,mobile
10899,meera.iyer.386938,meera.iyer.386938@trendlytics.io,Meera,Iyer,2026-08-19 20:58:21.924496,occasional,1,mobile
10900,rahul.patel.250c36,rahul.patel.250c36@trendlytics.io,Rahul,Patel,2026-08-08 20:58:21.924496,occasional,1,tablet
10901,sneha.reddy.c4364f,sneha.reddy.c4364f@trendlytics.io,Sneha,Reddy,2026-08-05 20:58:21.924496,trendsetter,0,mobile
10902,priya.das.5efe12,priya.das.5efe12@trendlytics.io,Priya,Das,2026-08-03 20:58:21.924496,trendsetter,0,tablet
10903,neha.sharma.a96d77,neha.sharma.a96d77@trendlytics.io,Neha,Sharma,2026-08-17 20:58:21.924496,occasional,0,mobile
10904,priya.das.119817,priya.das.119817@trendlytics.io,Priya,Das,2026-08-26 20:58:21.924496,occasional,0,desktop
10905,sneha.das.8151c1,sneha.das.8151c1@trendlytics.io,Sneha,Das,2026-08-18 20:58:21.924496,occasional,1,mobile
10906,kabir.singh.327c94,kabir.singh.327c94@trendlytics.io,Kabir,Singh,2026-08-18 20:58:21.924496,luxury,0,mobile
10907,aditya.sharma.a94b2e,aditya.sharma.a94b2e@trendlytics.io,Aditya,Sharma,2026-08-21 20:58:21.924496,occasional,1,mobile
10908,riya.chopra.9dbc07,riya.chopra.9dbc07@trendlytics.io,Riya,Chopra,2026-08-20 20:58:21.924496,occasional,0,mobile
10909,karan.kapoor.67d63e,karan.kapoor.67d63e@trendlytics.io,Karan,Kapoor,2026-08-28 20:58:21.924496,occasional,0,desktop
10910,arjun.sharma.bffbb8,arjun.sharma.bffbb8@trendlytics.io,Arjun,Sharma,2026-08-03 20:58:21.924496,luxury,0,mobile
10911,pooja.das.651fee,pooja.das.651fee@trendlytics.io,Pooja,Das,2026-08-09 20:58:21.924496,occasional,1,mobile
10912,riya.verma.130f1c,riya.verma.130f1c@trendlytics.io,Riya,Verma,2026-08-22 20:58:21.924496,occasional,0,desktop
10913,aarav.das.e497ea,aarav.das.e497ea@trendlytics.io,Aarav,Das,2026-08-23 20:58:21.924496,luxury,0,mobile
10914,pooja.gupta.bf1b65,pooja.gupta.bf1b65@trendlytics.io,Pooja,Gupta,2026-08-15 20:58:21.924496,budget,0,mobile
10915,aarav.gupta.35260e,aarav.gupta.35260e@trendlytics.io,Aarav,Gupta,2026-08-22 20:58:21.924496,occasional,0,desktop
10916,rohan.reddy.fbb644,rohan.reddy.fbb644@trendlytics.io,Rohan,Reddy,2026-08-16 20:58:21.924496,occasional,0,mobile
10917,aarav.sharma.cb79b4,aarav.sharma.cb79b4@trendlytics.io,Aarav,Sharma,2026-07-30 20:58:21.924496,trendsetter,1,mobile
10918,arjun.reddy.a5f6c3,arjun.reddy.a5f6c3@trendlytics.io,Arjun,Reddy,2026-08-03 20:58:21.924496,trendsetter,1,mobile
10919,pooja.verma.aed29e,pooja.verma.aed29e@trendlytics.io,Pooja,Verma,2026-08-29 20:58:21.924496,trendsetter,0,mobile
10920,sneha.joshi.985798,sneha.joshi.985798@trendlytics.io,Sneha,Joshi,2026-08-10 20:58:21.924496,luxury,0,mobile
10921,rahul.patel.de000f,rahul.patel.de000f@trendlytics.io,Rahul,Patel,2026-08-23 20:58:21.924496,luxury,0,mobile
10922,priya.sen.8f234b,priya.sen.8f234b@trendlytics.io,Priya,Sen,2026-08-06 20:58:21.924496,trendsetter,0,desktop
10923,meera.kapoor.097493,meera.kapoor.097493@trendlytics.io,Meera,Kapoor,2026-08-06 20:58:21.924496,trendsetter,0,desktop
10924,aarav.sharma.77f6b4,aarav.sharma.77f6b4@trendlytics.io,Aarav,Sharma,2026-08-02 20:58:21.924496,occasional,1,tablet
10925,pooja.iyer.94100f,pooja.iyer.94100f@trendlytics.io,Pooja,Iyer,2026-08-07 20:58:21.924496,trendsetter,0,mobile
10926,tanvi.das.7cf3ae,tanvi.das.7cf3ae@trendlytics.io,Tanvi,Das,2026-08-29 20:58:21.924496,occasional,0,desktop
10927,sneha.gupta.bc5edc,sneha.gupta.bc5edc@trendlytics.io,Sneha,Gupta,2026-08-01 20:58:21.924496,occasional,0,desktop
10928,karan.joshi.099528,karan.joshi.099528@trendlytics.io,Karan,Joshi,2026-08-26 20:58:21.924496,trendsetter,1,desktop
10929,karan.banerjee.636bf4,karan.banerjee.636bf4@trendlytics.io,Karan,Banerjee,2026-08-08 20:58:21.924496,luxury,0,mobile
10930,neha.mehta.4e741f,neha.mehta.4e741f@trendlytics.io,Neha,Mehta,2026-08-10 20:58:21.924496,occasional,1,mobile
10931,meera.sharma.605a5b,meera.sharma.605a5b@trendlytics.io,Meera,Sharma,2026-08-05 20:58:21.924496,luxury,0,tablet
10932,meera.verma.75ee7d,meera.verma.75ee7d@trendlytics.io,Meera,Verma,2026-07-31 20:58:21.924496,budget,1,mobile
10933,neha.kapoor.96bf2e,neha.kapoor.96bf2e@trendlytics.io,Neha,Kapoor,2026-08-16 20:58:21.924496,luxury,0,tablet
10934,arjun.sen.9b1c0d,arjun.sen.9b1c0d@trendlytics.io,Arjun,Sen,2026-08-01 20:58:21.924496,luxury,0,mobile
10935,meera.kapoor.1f118e,meera.kapoor.1f118e@trendlytics.io,Meera,Kapoor,2026-08-18 20:58:21.924496,occasional,0,mobile
10936,riya.sharma.df7d54,riya.sharma.df7d54@trendlytics.io,Riya,Sharma,2026-08-12 20:58:21.924496,budget,0,tablet
10937,meera.patel.db281d,meera.patel.db281d@trendlytics.io,Meera,Patel,2026-08-07 20:58:21.924496,luxury,0,mobile
10938,kabir.sen.47c063,kabir.sen.47c063@trendlytics.io,Kabir,Sen,2026-08-29 20:58:21.924496,luxury,0,desktop
10939,neha.kapoor.485a3c,neha.kapoor.485a3c@trendlytics.io,Neha,Kapoor,2026-07-31 20:58:21.924496,occasional,0,desktop
10940,ananya.verma.78b812,ananya.verma.78b812@trendlytics.io,Ananya,Verma,2026-08-02 20:58:21.924496,trendsetter,0,desktop
10941,sneha.mehta.2b9aa0,sneha.mehta.2b9aa0@trendlytics.io,Sneha,Mehta,2026-08-20 20:58:21.924496,occasional,1,mobile
10942,aditya.nair.7e3827,aditya.nair.7e3827@trendlytics.io,Aditya,Nair,2026-08-19 20:58:21.924496,budget,1,mobile
10943,sneha.gupta.4b7f8d,sneha.gupta.4b7f8d@trendlytics.io,Sneha,Gupta,2026-08-23 20:58:21.924496,budget,0,mobile
10944,aarav.gupta.f6ca38,aarav.gupta.f6ca38@trendlytics.io,Aarav,Gupta,2026-08-14 20:58:21.924496,luxury,0,mobile
10945,sneha.sen.6e8799,sneha.sen.6e8799@trendlytics.io,Sneha,Sen,2026-08-18 20:58:21.924496,trendsetter,0,mobile
10946,ananya.chopra.e4d122,ananya.chopra.e4d122@trendlytics.io,Ananya,Chopra,2026-08-07 20:58:21.924496,luxury,0,mobile
10947,rohan.patel.423610,rohan.patel.423610@trendlytics.io,Rohan,Patel,2026-08-23 20:58:21.924496,occasional,0,mobile
10948,vikram.sen.557a59,vikram.sen.557a59@trendlytics.io,Vikram,Sen,2026-08-06 20:58:21.924496,luxury,0,mobile
10949,rohan.sharma.ffeafa,rohan.sharma.ffeafa@trendlytics.io,Rohan,Sharma,2026-08-06 20:58:21.924496,occasional,0,desktop
10950,tanvi.singh.d8ccc2,tanvi.singh.d8ccc2@trendlytics.io,Tanvi,Singh,2026-08-20 20:58:21.924496,trendsetter,0,mobile
10951,ananya.reddy.c585e7,ananya.reddy.c585e7@trendlytics.io,Ananya,Reddy,2026-08-19 20:58:21.924496,luxury,0,mobile
10952,aditya.joshi.e72d72,aditya.joshi.e72d72@trendlytics.io,Aditya,Joshi,2026-08-04 20:58:21.924496,budget,0,mobile
10953,aarav.sharma.51cda0,aarav.sharma.51cda0@trendlytics.io,Aarav,Sharma,2026-08-21 20:58:21.924496,occasional,0,mobile
10954,tanvi.das.ba0be7,tanvi.das.ba0be7@trendlytics.io,Tanvi,Das,2026-07-30 20:58:21.924496,budget,1,mobile
10955,tanvi.das.967604,tanvi.das.967604@trendlytics.io,Tanvi,Das,2026-08-04 20:58:21.924496,trendsetter,1,mobile
10956,rahul.iyer.de7590,rahul.iyer.de7590@trendlytics.io,Rahul,Iyer,2026-07-30 20:58:21.924496,trendsetter,0,mobile
10957,arjun.verma.2d9ee3,arjun.verma.2d9ee3@trendlytics.io,Arjun,Verma,2026-08-23 20:58:21.924496,luxury,0,mobile
10958,riya.singh.909f66,riya.singh.909f66@trendlytics.io,Riya,Singh,2026-08-22 20:58:21.924496,trendsetter,1,desktop
10959,ananya.chopra.37d983,ananya.chopra.37d983@trendlytics.io,Ananya,Chopra,2026-08-07 20:58:21.924496,budget,0,desktop
10960,vikram.iyer.8f6e9d,vikram.iyer.8f6e9d@trendlytics.io,Vikram,Iyer,2026-08-23 20:58:21.924496,occasional,0,desktop
10961,tanvi.nair.2125f5,tanvi.nair.2125f5@trendlytics.io,Tanvi,Nair,2026-08-20 20:58:21.924496,budget,1,desktop
10962,ananya.verma.316794,ananya.verma.316794@trendlytics.io,Ananya,Verma,2026-08-11 20:58:21.924496,occasional,1,desktop
10963,priya.iyer.fa1661,priya.iyer.fa1661@trendlytics.io,Priya,Iyer,2026-08-06 20:58:21.924496,occasional,0,desktop
10964,sneha.sharma.7cdccd,sneha.sharma.7cdccd@trendlytics.io,Sneha,Sharma,2026-08-14 20:58:21.924496,occasional,1,desktop
10965,kabir.banerjee.abb99f,kabir.banerjee.abb99f@trendlytics.io,Kabir,Banerjee,2026-08-24 20:58:21.924496,occasional,1,mobile
10966,rohan.patel.0e8ef3,rohan.patel.0e8ef3@trendlytics.io,Rohan,Patel,2026-08-25 20:58:21.924496,occasional,0,mobile
10967,tanvi.chopra.060346,tanvi.chopra.060346@trendlytics.io,Tanvi,Chopra,2026-08-06 20:58:21.924496,luxury,0,mobile
10968,neha.verma.a2e051,neha.verma.a2e051@trendlytics.io,Neha,Verma,2026-08-29 20:58:21.924496,luxury,0,mobile
10969,rahul.singh.d1eb4e,rahul.singh.d1eb4e@trendlytics.io,Rahul,Singh,2026-08-01 20:58:21.924496,budget,1,mobile
10970,aarav.iyer.75eb84,aarav.iyer.75eb84@trendlytics.io,Aarav,Iyer,2026-08-24 20:58:21.924496,luxury,0,desktop
10971,karan.das.86fb08,karan.das.86fb08@trendlytics.io,Karan,Das,2026-08-20 20:58:21.924496,luxury,0,mobile
10972,kabir.banerjee.5e9ad0,kabir.banerjee.5e9ad0@trendlytics.io,Kabir,Banerjee,2026-08-28 20:58:21.924496,budget,1,desktop
10973,kabir.banerjee.aadce8,kabir.banerjee.aadce8@trendlytics.io,Kabir,Banerjee,2026-08-29 20:58:21.924496,occasional,1,mobile
10974,kabir.mehta.c2a9ee,kabir.mehta.c2a9ee@trendlytics.io,Kabir,Mehta,2026-08-24 20:58:21.924496,trendsetter,1,desktop
10975,vikram.kapoor.3711cb,vikram.kapoor.3711cb@trendlytics.io,Vikram,Kapoor,2026-08-13 20:58:21.924496,budget,0,mobile
10976,priya.das.1a35bc,priya.das.1a35bc@trendlytics.io,Priya,Das,2026-08-02 20:58:21.924496,occasional,0,desktop
10977,ananya.joshi.a246b4,ananya.joshi.a246b4@trendlytics.io,Ananya,Joshi,2026-08-08 20:58:21.924496,budget,1,mobile
10978,vikram.das.d7b962,vikram.das.d7b962@trendlytics.io,Vikram,Das,2026-08-06 20:58:21.924496,trendsetter,0,desktop
10979,kabir.nair.0a2ac1,kabir.nair.0a2ac1@trendlytics.io,Kabir,Nair,2026-08-21 20:58:21.924496,budget,0,mobile
10980,tanvi.nair.7713fe,tanvi.nair.7713fe@trendlytics.io,Tanvi,Nair,2026-08-01 20:58:21.924496,occasional,1,mobile
10981,riya.banerjee.67a98b,riya.banerjee.67a98b@trendlytics.io,Riya,Banerjee,2026-08-24 20:58:21.924496,occasional,0,mobile
10982,kabir.nair.8ac3be,kabir.nair.8ac3be@trendlytics.io,Kabir,Nair,2026-08-10 20:58:21.924496,occasional,1,desktop
10983,rahul.das.757d6f,rahul.das.757d6f@trendlytics.io,Rahul,Das,2026-08-12 20:58:21.924496,luxury,0,tablet
10984,aarav.sharma.4e3bcd,aarav.sharma.4e3bcd@trendlytics.io,Aarav,Sharma,2026-08-16 20:58:21.924496,budget,0,mobile
10985,vikram.das.da30df,vikram.das.da30df@trendlytics.io,Vikram,Das,2026-08-25 20:58:21.924496,trendsetter,1,mobile
10986,priya.banerjee.7fb3aa,priya.banerjee.7fb3aa@trendlytics.io,Priya,Banerjee,2026-08-19 20:58:21.924496,occasional,0,mobile
10987,pooja.mehta.ee7b36,pooja.mehta.ee7b36@trendlytics.io,Pooja,Mehta,2026-08-12 20:58:21.924496,luxury,1,mobile
10988,sneha.gupta.f41157,sneha.gupta.f41157@trendlytics.io,Sneha,Gupta,2026-08-24 20:58:21.924496,occasional,0,desktop
10989,vikram.gupta.df08ab,vikram.gupta.df08ab@trendlytics.io,Vikram,Gupta,2026-07-31 20:58:21.924496,occasional,1,mobile
10990,sneha.das.33e54d,sneha.das.33e54d@trendlytics.io,Sneha,Das,2026-08-12 20:58:21.924496,luxury,0,mobile
10991,rahul.mehta.3b9d68,rahul.mehta.3b9d68@trendlytics.io,Rahul,Mehta,2026-08-28 20:58:21.924496,trendsetter,1,tablet
10992,kabir.mehta.6e0af8,kabir.mehta.6e0af8@trendlytics.io,Kabir,Mehta,2026-08-21 20:58:21.924496,trendsetter,0,tablet
10993,pooja.nair.2d8e07,pooja.nair.2d8e07@trendlytics.io,Pooja,Nair,2026-08-07 20:58:21.924496,budget,0,desktop
10994,arjun.kapoor.b53255,arjun.kapoor.b53255@trendlytics.io,Arjun,Kapoor,2026-08-16 20:58:21.924496,occasional,0,mobile
10995,karan.chopra.f57275,karan.chopra.f57275@trendlytics.io,Karan,Chopra,2026-08-09 20:58:21.924496,occasional,1,desktop
10996,ananya.patel.9c0b73,ananya.patel.9c0b73@trendlytics.io,Ananya,Patel,2026-07-30 20:58:21.924496,trendsetter,0,desktop
10997,rahul.verma.17a3f9,rahul.verma.17a3f9@trendlytics.io,Rahul,Verma,2026-08-06 20:58:21.924496,trendsetter,0,desktop
10998,rohan.banerjee.b3ab60,rohan.banerjee.b3ab60@trendlytics.io,Rohan,Banerjee,2026-08-28 20:58:21.924496,occasional,1,desktop
10999,riya.das.3b4a3c,riya.das.3b4a3c@trendlytics.io,Riya,Das,2026-08-16 20:58:21.924496,trendsetter,1,mobile
11000,ananya.nair.1d1492,ananya.nair.1d1492@trendlytics.io,Ananya,Nair,2026-08-23 20:58:21.924496,luxury,0,mobile
11001,pooja.kapoor.87b21c,pooja.kapoor.87b21c@trendlytics.io,Pooja,Kapoor,2026-08-27 20:58:21.924496,luxury,1,mobile
11002,arjun.joshi.0a3f7f,arjun.joshi.0a3f7f@trendlytics.io,Arjun,Joshi,2026-08-27 20:58:21.924496,luxury,0,mobile
11003,pooja.iyer.6f950b,pooja.iyer.6f950b@trendlytics.io,Pooja,Iyer,2026-07-30 20:58:21.924496,occasional,0,mobile
11004,riya.sen.73c2f1,riya.sen.73c2f1@trendlytics.io,Riya,Sen,2026-08-23 20:58:21.924496,luxury,0,mobile
11005,pooja.reddy.32cde6,pooja.reddy.32cde6@trendlytics.io,Pooja,Reddy,2026-08-05 20:58:21.924496,occasional,0,mobile
11006,kabir.nair.7b4f45,kabir.nair.7b4f45@trendlytics.io,Kabir,Nair,2026-08-29 20:58:21.924496,occasional,0,desktop
11007,ananya.mehta.4370ec,ananya.mehta.4370ec@trendlytics.io,Ananya,Mehta,2026-08-08 20:58:21.924496,trendsetter,1,desktop
11008,arjun.joshi.c38058,arjun.joshi.c38058@trendlytics.io,Arjun,Joshi,2026-08-09 20:58:21.924496,luxury,1,desktop
11009,pooja.reddy.3b18e7,pooja.reddy.3b18e7@trendlytics.io,Pooja,Reddy,2026-08-15 20:58:21.924496,trendsetter,0,desktop
11010,vikram.sharma.b0d7f3,vikram.sharma.b0d7f3@trendlytics.io,Vikram,Sharma,2026-08-09 20:58:21.924496,budget,0,mobile
11011,arjun.iyer.41081e,arjun.iyer.41081e@trendlytics.io,Arjun,Iyer,2026-08-26 20:58:21.924496,occasional,1,mobile
11012,kabir.chopra.afde4a,kabir.chopra.afde4a@trendlytics.io,Kabir,Chopra,2026-08-12 20:58:21.924496,trendsetter,1,desktop
11013,rohan.chopra.272c70,rohan.chopra.272c70@trendlytics.io,Rohan,Chopra,2026-08-11 20:58:21.924496,trendsetter,1,desktop
11014,arjun.chopra.c00e75,arjun.chopra.c00e75@trendlytics.io,Arjun,Chopra,2026-08-17 20:58:21.924496,occasional,0,desktop
11015,aditya.kapoor.36b49f,aditya.kapoor.36b49f@trendlytics.io,Aditya,Kapoor,2026-08-05 20:58:21.924496,luxury,0,mobile
11016,neha.sen.48b3c7,neha.sen.48b3c7@trendlytics.io,Neha,Sen,2026-08-25 20:58:21.924496,budget,0,mobile
11017,riya.mehta.d34a28,riya.mehta.d34a28@trendlytics.io,Riya,Mehta,2026-08-25 20:58:21.924496,luxury,1,mobile
11018,tanvi.patel.648d7e,tanvi.patel.648d7e@trendlytics.io,Tanvi,Patel,2026-08-06 20:58:21.924496,luxury,1,desktop
11019,tanvi.verma.6fbac2,tanvi.verma.6fbac2@trendlytics.io,Tanvi,Verma,2026-08-16 20:58:21.924496,budget,0,desktop
11020,neha.das.56500b,neha.das.56500b@trendlytics.io,Neha,Das,2026-08-26 20:58:21.924496,trendsetter,0,desktop
11021,arjun.banerjee.db0554,arjun.banerjee.db0554@trendlytics.io,Arjun,Banerjee,2026-07-30 20:58:21.924496,luxury,0,mobile
11022,kabir.mehta.a8eee6,kabir.mehta.a8eee6@trendlytics.io,Kabir,Mehta,2026-08-18 20:58:21.924496,trendsetter,0,mobile
11023,riya.banerjee.2d5106,riya.banerjee.2d5106@trendlytics.io,Riya,Banerjee,2026-08-21 20:58:21.924496,occasional,0,tablet
11024,rahul.joshi.a7c1a2,rahul.joshi.a7c1a2@trendlytics.io,Rahul,Joshi,2026-08-18 20:58:21.924496,luxury,0,mobile
11025,arjun.das.54bac5,arjun.das.54bac5@trendlytics.io,Arjun,Das,2026-08-26 20:58:21.924496,luxury,0,mobile
11026,sneha.verma.262c7f,sneha.verma.262c7f@trendlytics.io,Sneha,Verma,2026-08-14 20:58:21.924496,trendsetter,0,mobile
11027,karan.banerjee.13b433,karan.banerjee.13b433@trendlytics.io,Karan,Banerjee,2026-08-05 20:58:21.924496,budget,0,mobile
11028,riya.gupta.8758fe,riya.gupta.8758fe@trendlytics.io,Riya,Gupta,2026-08-08 20:58:21.924496,occasional,0,mobile
11029,meera.iyer.62cc93,meera.iyer.62cc93@trendlytics.io,Meera,Iyer,2026-08-15 20:58:21.924496,luxury,1,mobile
11030,arjun.gupta.a39311,arjun.gupta.a39311@trendlytics.io,Arjun,Gupta,2026-08-19 20:58:21.924496,budget,0,mobile
11031,sneha.patel.5080ba,sneha.patel.5080ba@trendlytics.io,Sneha,Patel,2026-07-30 20:58:21.924496,budget,0,tablet
11032,vikram.patel.58b15e,vikram.patel.58b15e@trendlytics.io,Vikram,Patel,2026-08-25 20:58:21.924496,trendsetter,0,mobile
11033,tanvi.reddy.9f8a0c,tanvi.reddy.9f8a0c@trendlytics.io,Tanvi,Reddy,2026-08-22 20:58:21.924496,occasional,1,mobile
11034,aarav.nair.1e4303,aarav.nair.1e4303@trendlytics.io,Aarav,Nair,2026-08-22 20:58:21.924496,occasional,0,desktop
11035,rohan.mehta.e3156f,rohan.mehta.e3156f@trendlytics.io,Rohan,Mehta,2026-08-26 20:58:21.924496,occasional,0,mobile
11036,rahul.banerjee.fabe93,rahul.banerjee.fabe93@trendlytics.io,Rahul,Banerjee,2026-08-20 20:58:21.924496,budget,1,mobile
11037,aarav.sharma.963031,aarav.sharma.963031@trendlytics.io,Aarav,Sharma,2026-08-25 20:58:21.924496,trendsetter,1,mobile
11038,priya.chopra.933dd7,priya.chopra.933dd7@trendlytics.io,Priya,Chopra,2026-08-06 20:58:21.924496,occasional,0,mobile
11039,rahul.verma.0de265,rahul.verma.0de265@trendlytics.io,Rahul,Verma,2026-08-03 20:58:21.924496,occasional,0,desktop
11040,rohan.banerjee.d7918e,rohan.banerjee.d7918e@trendlytics.io,Rohan,Banerjee,2026-08-15 20:58:21.924496,occasional,0,mobile
11041,riya.banerjee.b042cd,riya.banerjee.b042cd@trendlytics.io,Riya,Banerjee,2026-08-16 20:58:21.924496,luxury,1,mobile
11042,neha.mehta.1d8aaa,neha.mehta.1d8aaa@trendlytics.io,Neha,Mehta,2026-08-08 20:58:21.924496,budget,0,tablet
11043,ananya.mehta.c6200d,ananya.mehta.c6200d@trendlytics.io,Ananya,Mehta,2026-08-14 20:58:21.924496,budget,0,mobile
11044,tanvi.chopra.6f236c,tanvi.chopra.6f236c@trendlytics.io,Tanvi,Chopra,2026-08-01 20:58:21.924496,occasional,1,mobile
11045,priya.joshi.67e1d1,priya.joshi.67e1d1@trendlytics.io,Priya,Joshi,2026-08-29 20:58:21.924496,luxury,0,mobile
11046,aarav.sen.c1d361,aarav.sen.c1d361@trendlytics.io,Aarav,Sen,2026-08-18 20:58:21.924496,occasional,1,desktop
11047,karan.sen.2f69df,karan.sen.2f69df@trendlytics.io,Karan,Sen,2026-08-25 20:58:21.924496,budget,0,mobile
11048,aarav.reddy.805707,aarav.reddy.805707@trendlytics.io,Aarav,Reddy,2026-07-30 20:58:21.924496,luxury,1,mobile
11049,rohan.sharma.78d9e7,rohan.sharma.78d9e7@trendlytics.io,Rohan,Sharma,2026-08-15 20:58:21.924496,trendsetter,0,desktop
11050,aditya.banerjee.2eb6c3,aditya.banerjee.2eb6c3@trendlytics.io,Aditya,Banerjee,2026-07-31 20:58:21.924496,occasional,0,desktop
11051,arjun.gupta.219611,arjun.gupta.219611@trendlytics.io,Arjun,Gupta,2026-08-11 20:58:21.924496,luxury,1,mobile
11052,riya.reddy.6a52e9,riya.reddy.6a52e9@trendlytics.io,Riya,Reddy,2026-08-09 20:58:21.924496,luxury,1,desktop
11053,arjun.joshi.2e1383,arjun.joshi.2e1383@trendlytics.io,Arjun,Joshi,2026-08-03 20:58:21.924496,budget,0,desktop
11054,karan.verma.16eebc,karan.verma.16eebc@trendlytics.io,Karan,Verma,2026-08-01 20:58:21.924496,occasional,1,mobile
11055,pooja.banerjee.0a6c26,pooja.banerjee.0a6c26@trendlytics.io,Pooja,Banerjee,2026-08-29 20:58:21.924496,luxury,1,mobile
11056,sneha.gupta.2bb161,sneha.gupta.2bb161@trendlytics.io,Sneha,Gupta,2026-08-16 20:58:21.924496,budget,0,mobile
11057,vikram.reddy.fb6980,vikram.reddy.fb6980@trendlytics.io,Vikram,Reddy,2026-07-31 20:58:21.924496,occasional,1,tablet
11058,priya.joshi.b91e88,priya.joshi.b91e88@trendlytics.io,Priya,Joshi,2026-08-03 20:58:21.924496,luxury,0,desktop
11059,aditya.sharma.8cbbff,aditya.sharma.8cbbff@trendlytics.io,Aditya,Sharma,2026-08-19 20:58:21.924496,trendsetter,0,mobile
11060,ananya.verma.3f00f6,ananya.verma.3f00f6@trendlytics.io,Ananya,Verma,2026-08-19 20:58:21.924496,occasional,1,mobile
11061,riya.chopra.30d217,riya.chopra.30d217@trendlytics.io,Riya,Chopra,2026-08-19 20:58:21.924496,budget,0,desktop
11062,rohan.sen.3c2d7e,rohan.sen.3c2d7e@trendlytics.io,Rohan,Sen,2026-08-28 20:58:21.924496,occasional,0,desktop
11063,riya.mehta.37eb2e,riya.mehta.37eb2e@trendlytics.io,Riya,Mehta,2026-08-15 20:58:21.924496,budget,0,mobile
11064,priya.das.020e55,priya.das.020e55@trendlytics.io,Priya,Das,2026-08-13 20:58:21.924496,budget,0,desktop
11065,ananya.joshi.bf05bb,ananya.joshi.bf05bb@trendlytics.io,Ananya,Joshi,2026-08-10 20:58:21.924496,trendsetter,0,mobile
11066,karan.mehta.f7d0ee,karan.mehta.f7d0ee@trendlytics.io,Karan,Mehta,2026-08-28 20:58:21.924496,luxury,0,mobile
11067,priya.gupta.516792,priya.gupta.516792@trendlytics.io,Priya,Gupta,2026-08-12 20:58:21.924496,budget,1,desktop
11068,vikram.sharma.4e5bae,vikram.sharma.4e5bae@trendlytics.io,Vikram,Sharma,2026-08-13 20:58:21.924496,trendsetter,1,tablet
11069,aarav.chopra.034e60,aarav.chopra.034e60@trendlytics.io,Aarav,Chopra,2026-08-11 20:58:21.924496,trendsetter,0,mobile
11070,kabir.patel.19d896,kabir.patel.19d896@trendlytics.io,Kabir,Patel,2026-08-04 20:58:21.924496,luxury,0,mobile
11071,aarav.banerjee.a776e0,aarav.banerjee.a776e0@trendlytics.io,Aarav,Banerjee,2026-08-07 20:58:21.924496,luxury,1,mobile
11072,riya.nair.3d8971,riya.nair.3d8971@trendlytics.io,Riya,Nair,2026-08-18 20:58:21.924496,trendsetter,1,mobile
11073,pooja.das.0aa39c,pooja.das.0aa39c@trendlytics.io,Pooja,Das,2026-07-31 20:58:21.924496,trendsetter,0,mobile
11074,priya.kapoor.a0e8f4,priya.kapoor.a0e8f4@trendlytics.io,Priya,Kapoor,2026-08-27 20:58:21.924496,budget,1,mobile
11075,aarav.gupta.7213ab,aarav.gupta.7213ab@trendlytics.io,Aarav,Gupta,2026-08-29 20:58:21.924496,luxury,0,mobile
11076,vikram.joshi.e66caa,vikram.joshi.e66caa@trendlytics.io,Vikram,Joshi,2026-08-04 20:58:21.924496,luxury,0,desktop
11077,meera.mehta.aa19a9,meera.mehta.aa19a9@trendlytics.io,Meera,Mehta,2026-08-21 20:58:21.924496,trendsetter,0,mobile
11078,riya.patel.7b5b54,riya.patel.7b5b54@trendlytics.io,Riya,Patel,2026-08-20 20:58:21.924496,luxury,0,desktop
11079,kabir.das.fbe3dd,kabir.das.fbe3dd@trendlytics.io,Kabir,Das,2026-08-26 20:58:21.924496,budget,0,desktop
11080,aarav.verma.3b6a1a,aarav.verma.3b6a1a@trendlytics.io,Aarav,Verma,2026-08-29 20:58:21.924496,budget,1,mobile
11081,riya.reddy.859f04,riya.reddy.859f04@trendlytics.io,Riya,Reddy,2026-08-12 20:58:21.924496,trendsetter,0,mobile
11082,pooja.banerjee.67c74e,pooja.banerjee.67c74e@trendlytics.io,Pooja,Banerjee,2026-08-06 20:58:21.924496,occasional,0,mobile
11083,priya.singh.af9c16,priya.singh.af9c16@trendlytics.io,Priya,Singh,2026-08-12 20:58:21.924496,luxury,0,desktop
11084,neha.kapoor.cbb765,neha.kapoor.cbb765@trendlytics.io,Neha,Kapoor,2026-08-22 20:58:21.924496,occasional,0,mobile
11085,vikram.nair.13e991,vikram.nair.13e991@trendlytics.io,Vikram,Nair,2026-08-15 20:58:21.924496,occasional,0,mobile
11086,pooja.iyer.e872e5,pooja.iyer.e872e5@trendlytics.io,Pooja,Iyer,2026-08-17 20:58:21.924496,trendsetter,0,tablet
11087,arjun.iyer.7b2c35,arjun.iyer.7b2c35@trendlytics.io,Arjun,Iyer,2026-08-08 20:58:21.924496,occasional,1,mobile
11088,meera.iyer.c98712,meera.iyer.c98712@trendlytics.io,Meera,Iyer,2026-08-24 20:58:21.924496,trendsetter,1,mobile
11089,rahul.sen.4e5309,rahul.sen.4e5309@trendlytics.io,Rahul,Sen,2026-08-18 20:58:21.924496,trendsetter,0,mobile
11090,neha.singh.1156b9,neha.singh.1156b9@trendlytics.io,Neha,Singh,2026-08-21 20:58:21.924496,luxury,1,desktop
11091,riya.gupta.07459f,riya.gupta.07459f@trendlytics.io,Riya,Gupta,2026-08-28 20:58:21.924496,budget,0,mobile
11092,rohan.mehta.86607e,rohan.mehta.86607e@trendlytics.io,Rohan,Mehta,2026-08-26 20:58:21.924496,trendsetter,1,desktop
11093,tanvi.gupta.69fa41,tanvi.gupta.69fa41@trendlytics.io,Tanvi,Gupta,2026-08-29 20:58:21.924496,trendsetter,0,mobile
11094,kabir.nair.7a3cb6,kabir.nair.7a3cb6@trendlytics.io,Kabir,Nair,2026-08-09 20:58:21.924496,occasional,0,desktop
11095,rohan.sen.c002ef,rohan.sen.c002ef@trendlytics.io,Rohan,Sen,2026-08-24 20:58:21.924496,budget,0,desktop
11096,rahul.kapoor.aaaee4,rahul.kapoor.aaaee4@trendlytics.io,Rahul,Kapoor,2026-08-21 20:58:21.924496,luxury,0,mobile
11097,aditya.reddy.2bb478,aditya.reddy.2bb478@trendlytics.io,Aditya,Reddy,2026-08-04 20:58:21.924496,trendsetter,1,desktop
11098,rohan.singh.123eed,rohan.singh.123eed@trendlytics.io,Rohan,Singh,2026-08-29 20:58:21.924496,luxury,0,mobile
11099,rohan.joshi.78a287,rohan.joshi.78a287@trendlytics.io,Rohan,Joshi,2026-07-30 20:58:21.924496,budget,0,desktop
11100,aarav.mehta.87258e,aarav.mehta.87258e@trendlytics.io,Aarav,Mehta,2026-08-04 20:58:21.924496,occasional,1,mobile
11101,kabir.gupta.b646b5,kabir.gupta.b646b5@trendlytics.io,Kabir,Gupta,2026-08-20 20:58:21.924496,budget,1,mobile
11102,riya.gupta.c37cb9,riya.gupta.c37cb9@trendlytics.io,Riya,Gupta,2026-08-29 20:58:21.924496,luxury,1,mobile
11103,sneha.joshi.e5f651,sneha.joshi.e5f651@trendlytics.io,Sneha,Joshi,2026-08-15 20:58:21.924496,luxury,0,mobile
11104,riya.verma.d4a4ff,riya.verma.d4a4ff@trendlytics.io,Riya,Verma,2026-08-26 20:58:21.924496,trendsetter,1,mobile
11105,priya.nair.d175f8,priya.nair.d175f8@trendlytics.io,Priya,Nair,2026-08-21 20:58:21.924496,luxury,1,mobile
11106,riya.iyer.f0b267,riya.iyer.f0b267@trendlytics.io,Riya,Iyer,2026-08-02 20:58:21.924496,trendsetter,0,desktop
11107,pooja.banerjee.7d33a2,pooja.banerjee.7d33a2@trendlytics.io,Pooja,Banerjee,2026-08-22 20:58:21.924496,budget,0,mobile
11108,rohan.reddy.451498,rohan.reddy.451498@trendlytics.io,Rohan,Reddy,2026-08-18 20:58:21.924496,occasional,1,mobile
11109,rahul.joshi.766042,rahul.joshi.766042@trendlytics.io,Rahul,Joshi,2026-08-22 20:58:21.924496,trendsetter,1,desktop
11110,ananya.chopra.b59c29,ananya.chopra.b59c29@trendlytics.io,Ananya,Chopra,2026-08-04 20:58:21.924496,budget,0,mobile
11111,priya.sen.42e65b,priya.sen.42e65b@trendlytics.io,Priya,Sen,2026-08-03 20:58:21.924496,luxury,0,mobile
11112,riya.gupta.fceced,riya.gupta.fceced@trendlytics.io,Riya,Gupta,2026-08-16 20:58:21.924496,trendsetter,0,mobile
11113,kabir.mehta.5dd975,kabir.mehta.5dd975@trendlytics.io,Kabir,Mehta,2026-08-15 20:58:21.924496,budget,0,desktop
11114,aditya.joshi.621416,aditya.joshi.621416@trendlytics.io,Aditya,Joshi,2026-08-15 20:58:21.924496,trendsetter,0,desktop
11115,aditya.banerjee.49e044,aditya.banerjee.49e044@trendlytics.io,Aditya,Banerjee,2026-08-14 20:58:21.924496,occasional,1,mobile
11116,vikram.banerjee.9a8eaa,vikram.banerjee.9a8eaa@trendlytics.io,Vikram,Banerjee,2026-07-30 20:58:21.924496,occasional,0,mobile
11117,aditya.mehta.80fae8,aditya.mehta.80fae8@trendlytics.io,Aditya,Mehta,2026-08-17 20:58:21.924496,occasional,0,mobile
11118,sneha.iyer.d1129e,sneha.iyer.d1129e@trendlytics.io,Sneha,Iyer,2026-08-17 20:58:21.924496,trendsetter,1,mobile
11119,kabir.gupta.89c4f4,kabir.gupta.89c4f4@trendlytics.io,Kabir,Gupta,2026-08-19 20:58:21.924496,trendsetter,0,mobile
11120,meera.joshi.5af5c2,meera.joshi.5af5c2@trendlytics.io,Meera,Joshi,2026-08-07 20:58:21.924496,trendsetter,0,mobile
11121,vikram.verma.731ba5,vikram.verma.731ba5@trendlytics.io,Vikram,Verma,2026-08-23 20:58:21.924496,occasional,0,desktop
11122,kabir.mehta.5f988b,kabir.mehta.5f988b@trendlytics.io,Kabir,Mehta,2026-07-30 20:58:21.924496,occasional,1,desktop
11123,vikram.kapoor.96fdd4,vikram.kapoor.96fdd4@trendlytics.io,Vikram,Kapoor,2026-08-27 20:58:21.924496,occasional,1,mobile
11124,neha.sen.19d000,neha.sen.19d000@trendlytics.io,Neha,Sen,2026-08-05 20:58:21.924496,trendsetter,1,mobile
11125,riya.banerjee.bcc2a8,riya.banerjee.bcc2a8@trendlytics.io,Riya,Banerjee,2026-08-11 20:58:21.924496,luxury,1,tablet
11126,vikram.kapoor.f779f2,vikram.kapoor.f779f2@trendlytics.io,Vikram,Kapoor,2026-08-24 20:58:21.924496,occasional,0,mobile
11127,kabir.sen.5aa744,kabir.sen.5aa744@trendlytics.io,Kabir,Sen,2026-07-31 20:58:21.924496,luxury,1,mobile
11128,rohan.banerjee.495304,rohan.banerjee.495304@trendlytics.io,Rohan,Banerjee,2026-08-24 20:58:21.924496,occasional,0,desktop
11129,riya.iyer.1021b3,riya.iyer.1021b3@trendlytics.io,Riya,Iyer,2026-08-14 20:58:21.924496,budget,0,mobile
11130,neha.banerjee.824060,neha.banerjee.824060@trendlytics.io,Neha,Banerjee,2026-08-28 20:58:21.924496,budget,1,desktop
11131,ananya.reddy.b06bad,ananya.reddy.b06bad@trendlytics.io,Ananya,Reddy,2026-08-28 20:58:21.924496,budget,0,mobile
11132,priya.singh.16c73f,priya.singh.16c73f@trendlytics.io,Priya,Singh,2026-08-11 20:58:21.924496,budget,0,mobile
11133,arjun.sharma.f10127,arjun.sharma.f10127@trendlytics.io,Arjun,Sharma,2026-08-24 20:58:21.924496,luxury,0,mobile
11134,neha.nair.ec8de9,neha.nair.ec8de9@trendlytics.io,Neha,Nair,2026-08-25 20:58:21.924496,occasional,0,mobile
11135,priya.chopra.1245e4,priya.chopra.1245e4@trendlytics.io,Priya,Chopra,2026-08-10 20:58:21.924496,occasional,0,mobile
11136,tanvi.das.b334d6,tanvi.das.b334d6@trendlytics.io,Tanvi,Das,2026-07-30 20:58:21.924496,occasional,1,mobile
11137,vikram.nair.638f58,vikram.nair.638f58@trendlytics.io,Vikram,Nair,2026-08-28 20:58:21.924496,budget,1,desktop
11138,aarav.banerjee.50b7c9,aarav.banerjee.50b7c9@trendlytics.io,Aarav,Banerjee,2026-08-22 20:58:21.924496,luxury,1,desktop
11139,priya.verma.62025e,priya.verma.62025e@trendlytics.io,Priya,Verma,2026-08-21 20:58:21.924496,luxury,1,mobile
11140,sneha.banerjee.c1a278,sneha.banerjee.c1a278@trendlytics.io,Sneha,Banerjee,2026-08-10 20:58:21.924496,occasional,1,mobile
11141,kabir.sen.96f554,kabir.sen.96f554@trendlytics.io,Kabir,Sen,2026-08-05 20:58:21.924496,occasional,1,mobile
11142,riya.iyer.5723d0,riya.iyer.5723d0@trendlytics.io,Riya,Iyer,2026-07-31 20:58:21.924496,luxury,1,desktop
11143,neha.gupta.d69cde,neha.gupta.d69cde@trendlytics.io,Neha,Gupta,2026-08-21 20:58:21.924496,luxury,0,mobile
11144,neha.iyer.87b339,neha.iyer.87b339@trendlytics.io,Neha,Iyer,2026-08-26 20:58:21.924496,budget,0,mobile
11145,aditya.nair.72a33a,aditya.nair.72a33a@trendlytics.io,Aditya,Nair,2026-08-16 20:58:21.924496,occasional,0,desktop
11146,rohan.reddy.03f92f,rohan.reddy.03f92f@trendlytics.io,Rohan,Reddy,2026-08-11 20:58:21.924496,occasional,0,desktop
11147,aditya.verma.e75a03,aditya.verma.e75a03@trendlytics.io,Aditya,Verma,2026-08-11 20:58:21.924496,trendsetter,1,desktop
11148,riya.sharma.1d9a56,riya.sharma.1d9a56@trendlytics.io,Riya,Sharma,2026-08-17 20:58:21.924496,budget,1,mobile
11149,aditya.patel.a51cc1,aditya.patel.a51cc1@trendlytics.io,Aditya,Patel,2026-08-21 20:58:21.924496,luxury,0,mobile
11150,sneha.mehta.078aa7,sneha.mehta.078aa7@trendlytics.io,Sneha,Mehta,2026-08-17 20:58:21.924496,occasional,0,desktop
11151,arjun.nair.bb9ba7,arjun.nair.bb9ba7@trendlytics.io,Arjun,Nair,2026-08-26 20:58:21.924496,luxury,1,desktop
11152,tanvi.iyer.fc7445,tanvi.iyer.fc7445@trendlytics.io,Tanvi,Iyer,2026-08-03 20:58:21.924496,luxury,0,mobile
11153,aditya.chopra.79c640,aditya.chopra.79c640@trendlytics.io,Aditya,Chopra,2026-08-13 20:58:21.924496,luxury,1,desktop
11154,karan.gupta.67a894,karan.gupta.67a894@trendlytics.io,Karan,Gupta,2026-08-28 20:58:21.924496,occasional,1,tablet
11155,rahul.chopra.c28b94,rahul.chopra.c28b94@trendlytics.io,Rahul,Chopra,2026-08-17 20:58:21.924496,trendsetter,1,mobile
11156,tanvi.nair.1fafc3,tanvi.nair.1fafc3@trendlytics.io,Tanvi,Nair,2026-07-31 20:58:21.924496,trendsetter,0,desktop
11157,rohan.kapoor.dd06f9,rohan.kapoor.dd06f9@trendlytics.io,Rohan,Kapoor,2026-08-15 20:58:21.924496,occasional,1,desktop
11158,priya.sharma.1e4d7b,priya.sharma.1e4d7b@trendlytics.io,Priya,Sharma,2026-08-27 20:58:21.924496,budget,0,tablet
11159,priya.singh.d00767,priya.singh.d00767@trendlytics.io,Priya,Singh,2026-08-13 20:58:21.924496,budget,0,mobile
11160,rohan.kapoor.dd13da,rohan.kapoor.dd13da@trendlytics.io,Rohan,Kapoor,2026-08-18 20:58:21.924496,occasional,1,mobile
11161,vikram.nair.d9367b,vikram.nair.d9367b@trendlytics.io,Vikram,Nair,2026-08-27 20:58:21.924496,luxury,0,mobile
11162,arjun.patel.b17d8d,arjun.patel.b17d8d@trendlytics.io,Arjun,Patel,2026-08-16 20:58:21.924496,luxury,0,mobile
11163,pooja.verma.271539,pooja.verma.271539@trendlytics.io,Pooja,Verma,2026-08-21 20:58:21.924496,luxury,0,desktop
11164,sneha.patel.1d6438,sneha.patel.1d6438@trendlytics.io,Sneha,Patel,2026-08-02 20:58:21.924496,trendsetter,0,mobile
11165,meera.patel.956837,meera.patel.956837@trendlytics.io,Meera,Patel,2026-08-10 20:58:21.924496,luxury,1,desktop
11166,ananya.chopra.475f4b,ananya.chopra.475f4b@trendlytics.io,Ananya,Chopra,2026-07-31 20:58:21.924496,budget,0,desktop
11167,arjun.singh.3a787d,arjun.singh.3a787d@trendlytics.io,Arjun,Singh,2026-08-05 20:58:21.924496,budget,1,mobile
11168,rahul.nair.1474ab,rahul.nair.1474ab@trendlytics.io,Rahul,Nair,2026-08-05 20:58:21.924496,occasional,1,mobile
11169,rahul.kapoor.5be6bc,rahul.kapoor.5be6bc@trendlytics.io,Rahul,Kapoor,2026-08-06 20:58:21.924496,luxury,1,desktop
11170,neha.verma.6e6f0b,neha.verma.6e6f0b@trendlytics.io,Neha,Verma,2026-08-16 20:58:21.924496,budget,1,mobile
11171,meera.sen.eac25e,meera.sen.eac25e@trendlytics.io,Meera,Sen,2026-08-21 20:58:21.924496,trendsetter,1,mobile
11172,neha.gupta.52f8b6,neha.gupta.52f8b6@trendlytics.io,Neha,Gupta,2026-08-05 20:58:21.924496,trendsetter,1,mobile
11173,rahul.sharma.eef10c,rahul.sharma.eef10c@trendlytics.io,Rahul,Sharma,2026-08-01 20:58:21.924496,trendsetter,1,desktop
11174,neha.chopra.73489e,neha.chopra.73489e@trendlytics.io,Neha,Chopra,2026-08-19 20:58:21.924496,occasional,0,mobile
11175,pooja.nair.4004ce,pooja.nair.4004ce@trendlytics.io,Pooja,Nair,2026-08-01 20:58:21.924496,occasional,0,desktop
11176,karan.reddy.109402,karan.reddy.109402@trendlytics.io,Karan,Reddy,2026-08-27 20:58:21.924496,luxury,0,mobile
11177,ananya.joshi.24c176,ananya.joshi.24c176@trendlytics.io,Ananya,Joshi,2026-08-16 20:58:21.924496,trendsetter,0,desktop
11178,sneha.gupta.4f3aa3,sneha.gupta.4f3aa3@trendlytics.io,Sneha,Gupta,2026-08-07 20:58:21.924496,luxury,0,mobile
11179,aarav.joshi.8e8d36,aarav.joshi.8e8d36@trendlytics.io,Aarav,Joshi,2026-07-31 20:58:21.924496,luxury,0,mobile
11180,kabir.chopra.c251e6,kabir.chopra.c251e6@trendlytics.io,Kabir,Chopra,2026-08-23 20:58:21.924496,luxury,1,mobile
11181,rohan.chopra.cea89d,rohan.chopra.cea89d@trendlytics.io,Rohan,Chopra,2026-08-12 20:58:21.924496,trendsetter,0,mobile
11182,pooja.joshi.cfdfa8,pooja.joshi.cfdfa8@trendlytics.io,Pooja,Joshi,2026-07-30 20:58:21.924496,luxury,0,mobile
11183,rohan.gupta.40e6b9,rohan.gupta.40e6b9@trendlytics.io,Rohan,Gupta,2026-08-25 20:58:21.924496,budget,0,mobile
11184,aarav.sen.9f245e,aarav.sen.9f245e@trendlytics.io,Aarav,Sen,2026-08-03 20:58:21.924496,luxury,0,desktop
11185,neha.joshi.a6a087,neha.joshi.a6a087@trendlytics.io,Neha,Joshi,2026-08-28 20:58:21.924496,budget,0,mobile
11186,rohan.banerjee.69417f,rohan.banerjee.69417f@trendlytics.io,Rohan,Banerjee,2026-08-02 20:58:21.924496,trendsetter,1,mobile
11187,priya.iyer.92cc14,priya.iyer.92cc14@trendlytics.io,Priya,Iyer,2026-08-01 20:58:21.924496,luxury,0,desktop
11188,rahul.singh.f1d163,rahul.singh.f1d163@trendlytics.io,Rahul,Singh,2026-08-27 20:58:21.924496,budget,1,mobile
11189,riya.joshi.051508,riya.joshi.051508@trendlytics.io,Riya,Joshi,2026-08-07 20:58:21.924496,budget,1,desktop
11190,aditya.verma.03fc08,aditya.verma.03fc08@trendlytics.io,Aditya,Verma,2026-08-11 20:58:21.924496,occasional,0,mobile
11191,rohan.banerjee.9316ec,rohan.banerjee.9316ec@trendlytics.io,Rohan,Banerjee,2026-08-17 20:58:21.924496,occasional,0,mobile
11192,meera.iyer.f466c9,meera.iyer.f466c9@trendlytics.io,Meera,Iyer,2026-08-24 20:58:21.924496,trendsetter,0,mobile
11193,riya.reddy.900fd0,riya.reddy.900fd0@trendlytics.io,Riya,Reddy,2026-08-17 20:58:21.924496,luxury,1,tablet
11194,meera.nair.9036e2,meera.nair.9036e2@trendlytics.io,Meera,Nair,2026-08-08 20:58:21.924496,occasional,1,mobile
11195,meera.singh.adede2,meera.singh.adede2@trendlytics.io,Meera,Singh,2026-08-18 20:58:21.924496,budget,0,mobile
11196,priya.nair.bedf33,priya.nair.bedf33@trendlytics.io,Priya,Nair,2026-08-01 20:58:21.924496,trendsetter,1,mobile
11197,rahul.kapoor.47e189,rahul.kapoor.47e189@trendlytics.io,Rahul,Kapoor,2026-08-13 20:58:21.924496,budget,1,mobile
11198,sneha.joshi.09f5c7,sneha.joshi.09f5c7@trendlytics.io,Sneha,Joshi,2026-08-21 20:58:21.924496,trendsetter,0,tablet
11199,aditya.patel.690770,aditya.patel.690770@trendlytics.io,Aditya,Patel,2026-08-04 20:58:21.924496,luxury,1,desktop
11200,sneha.chopra.75fe7f,sneha.chopra.75fe7f@trendlytics.io,Sneha,Chopra,2026-08-01 20:58:21.924496,trendsetter,0,mobile
11201,meera.singh.9efdab,meera.singh.9efdab@trendlytics.io,Meera,Singh,2026-08-26 20:58:21.924496,trendsetter,0,mobile
11202,neha.banerjee.6c9ca5,neha.banerjee.6c9ca5@trendlytics.io,Neha,Banerjee,2026-08-15 20:58:21.924496,luxury,0,mobile
11203,arjun.das.89fd20,arjun.das.89fd20@trendlytics.io,Arjun,Das,2026-07-31 20:58:21.924496,trendsetter,0,desktop
11204,karan.gupta.b702c4,karan.gupta.b702c4@trendlytics.io,Karan,Gupta,2026-08-07 20:58:21.924496,occasional,1,mobile
11205,vikram.iyer.98926f,vikram.iyer.98926f@trendlytics.io,Vikram,Iyer,2026-08-19 20:58:21.924496,budget,0,desktop
11206,priya.iyer.d3d544,priya.iyer.d3d544@trendlytics.io,Priya,Iyer,2026-08-08 20:58:21.924496,budget,0,mobile
11207,riya.mehta.339fea,riya.mehta.339fea@trendlytics.io,Riya,Mehta,2026-07-30 20:58:21.924496,occasional,0,desktop
11208,aarav.banerjee.5dbd2c,aarav.banerjee.5dbd2c@trendlytics.io,Aarav,Banerjee,2026-08-27 20:58:21.924496,trendsetter,1,mobile
11209,aarav.iyer.e1bbfa,aarav.iyer.e1bbfa@trendlytics.io,Aarav,Iyer,2026-08-19 20:58:21.924496,budget,1,mobile
11210,pooja.gupta.57d798,pooja.gupta.57d798@trendlytics.io,Pooja,Gupta,2026-08-09 20:58:21.924496,trendsetter,0,desktop
11211,karan.verma.98c608,karan.verma.98c608@trendlytics.io,Karan,Verma,2026-07-30 20:58:21.924496,luxury,0,desktop
11212,rahul.iyer.e8813a,rahul.iyer.e8813a@trendlytics.io,Rahul,Iyer,2026-08-06 20:58:21.924496,trendsetter,0,mobile
11213,sneha.patel.a29e99,sneha.patel.a29e99@trendlytics.io,Sneha,Patel,2026-08-17 20:58:21.924496,budget,0,mobile
11214,neha.mehta.3be973,neha.mehta.3be973@trendlytics.io,Neha,Mehta,2026-08-24 20:58:21.924496,budget,0,mobile
11215,tanvi.gupta.efc57b,tanvi.gupta.efc57b@trendlytics.io,Tanvi,Gupta,2026-08-29 20:58:21.924496,budget,0,mobile
11216,neha.sharma.963810,neha.sharma.963810@trendlytics.io,Neha,Sharma,2026-08-04 20:58:21.924496,budget,1,mobile
11217,aarav.das.eb3300,aarav.das.eb3300@trendlytics.io,Aarav,Das,2026-08-21 20:58:21.924496,budget,0,desktop
11218,aditya.sen.2b1e4e,aditya.sen.2b1e4e@trendlytics.io,Aditya,Sen,2026-08-16 20:58:21.924496,budget,0,mobile
11219,aarav.kapoor.79e77d,aarav.kapoor.79e77d@trendlytics.io,Aarav,Kapoor,2026-08-16 20:58:21.924496,luxury,1,desktop
11220,arjun.sharma.9bb604,arjun.sharma.9bb604@trendlytics.io,Arjun,Sharma,2026-08-04 20:58:21.924496,occasional,1,mobile
11221,vikram.sen.922ada,vikram.sen.922ada@trendlytics.io,Vikram,Sen,2026-08-10 20:58:21.924496,trendsetter,1,desktop
11222,aarav.mehta.bd5933,aarav.mehta.bd5933@trendlytics.io,Aarav,Mehta,2026-08-14 20:58:21.924496,budget,0,mobile
11223,aditya.mehta.536621,aditya.mehta.536621@trendlytics.io,Aditya,Mehta,2026-08-09 20:58:21.924496,luxury,1,desktop
11224,karan.joshi.9117ec,karan.joshi.9117ec@trendlytics.io,Karan,Joshi,2026-08-12 20:58:21.924496,luxury,1,mobile
11225,aarav.banerjee.09199f,aarav.banerjee.09199f@trendlytics.io,Aarav,Banerjee,2026-08-24 20:58:21.924496,occasional,0,mobile
11226,aarav.joshi.ace9d5,aarav.joshi.ace9d5@trendlytics.io,Aarav,Joshi,2026-08-15 20:58:21.924496,trendsetter,1,desktop
11227,sneha.reddy.b915da,sneha.reddy.b915da@trendlytics.io,Sneha,Reddy,2026-08-05 20:58:21.924496,occasional,0,mobile
11228,rohan.banerjee.e3a382,rohan.banerjee.e3a382@trendlytics.io,Rohan,Banerjee,2026-08-11 20:58:21.924496,trendsetter,1,mobile
11229,kabir.das.b39857,kabir.das.b39857@trendlytics.io,Kabir,Das,2026-08-01 20:58:21.924496,luxury,0,desktop
11230,meera.singh.15066f,meera.singh.15066f@trendlytics.io,Meera,Singh,2026-08-15 20:58:21.924496,occasional,0,mobile
11231,tanvi.sharma.64b93c,tanvi.sharma.64b93c@trendlytics.io,Tanvi,Sharma,2026-08-22 20:58:21.924496,trendsetter,0,desktop
11232,neha.sharma.5f1a88,neha.sharma.5f1a88@trendlytics.io,Neha,Sharma,2026-08-08 20:58:21.924496,luxury,0,mobile
11233,ananya.joshi.e584f0,ananya.joshi.e584f0@trendlytics.io,Ananya,Joshi,2026-08-20 20:58:21.924496,budget,0,mobile
11234,kabir.nair.181055,kabir.nair.181055@trendlytics.io,Kabir,Nair,2026-08-23 20:58:21.924496,trendsetter,0,desktop
11235,neha.verma.8480cc,neha.verma.8480cc@trendlytics.io,Neha,Verma,2026-08-15 20:58:21.924496,trendsetter,0,mobile
11236,pooja.chopra.e92a40,pooja.chopra.e92a40@trendlytics.io,Pooja,Chopra,2026-08-04 20:58:21.924496,trendsetter,0,desktop
11237,sneha.sen.16ee6c,sneha.sen.16ee6c@trendlytics.io,Sneha,Sen,2026-08-21 20:58:21.924496,trendsetter,0,mobile
11238,rohan.banerjee.967097,rohan.banerjee.967097@trendlytics.io,Rohan,Banerjee,2026-08-16 20:58:21.924496,budget,1,mobile
11239,rohan.sharma.f4b724,rohan.sharma.f4b724@trendlytics.io,Rohan,Sharma,2026-08-27 20:58:21.924496,luxury,0,tablet
11240,rahul.verma.c7317a,rahul.verma.c7317a@trendlytics.io,Rahul,Verma,2026-08-27 20:58:21.924496,occasional,1,mobile
11241,arjun.joshi.d352d9,arjun.joshi.d352d9@trendlytics.io,Arjun,Joshi,2026-08-08 20:58:21.924496,budget,0,desktop
11242,karan.verma.9f7a5a,karan.verma.9f7a5a@trendlytics.io,Karan,Verma,2026-08-09 20:58:21.924496,budget,0,desktop
11243,pooja.nair.be142f,pooja.nair.be142f@trendlytics.io,Pooja,Nair,2026-08-05 20:58:21.924496,budget,1,mobile
11244,arjun.iyer.01d21d,arjun.iyer.01d21d@trendlytics.io,Arjun,Iyer,2026-08-29 20:58:21.924496,budget,0,mobile
11245,pooja.nair.23ae9e,pooja.nair.23ae9e@trendlytics.io,Pooja,Nair,2026-08-16 20:58:21.924496,luxury,0,mobile
11246,pooja.sen.7ce246,pooja.sen.7ce246@trendlytics.io,Pooja,Sen,2026-08-26 20:58:21.924496,occasional,0,desktop
11247,priya.verma.261b2c,priya.verma.261b2c@trendlytics.io,Priya,Verma,2026-08-15 20:58:21.924496,occasional,1,desktop
11248,sneha.sharma.8e6e98,sneha.sharma.8e6e98@trendlytics.io,Sneha,Sharma,2026-08-19 20:58:21.924496,budget,1,mobile
11249,neha.nair.186559,neha.nair.186559@trendlytics.io,Neha,Nair,2026-08-27 20:58:21.924496,trendsetter,1,mobile
11250,kabir.chopra.547152,kabir.chopra.547152@trendlytics.io,Kabir,Chopra,2026-08-04 20:58:21.924496,luxury,1,desktop
11251,sneha.chopra.eeb09a,sneha.chopra.eeb09a@trendlytics.io,Sneha,Chopra,2026-08-24 20:58:21.924496,budget,0,desktop
11252,aditya.sharma.54a93b,aditya.sharma.54a93b@trendlytics.io,Aditya,Sharma,2026-08-27 20:58:21.924496,budget,0,desktop
11253,kabir.iyer.124871,kabir.iyer.124871@trendlytics.io,Kabir,Iyer,2026-08-13 20:58:21.924496,occasional,0,mobile
11254,tanvi.kapoor.e337be,tanvi.kapoor.e337be@trendlytics.io,Tanvi,Kapoor,2026-07-31 20:58:21.924496,trendsetter,0,mobile
11255,karan.sen.d2db26,karan.sen.d2db26@trendlytics.io,Karan,Sen,2026-08-23 20:58:21.924496,trendsetter,1,mobile
11256,tanvi.chopra.2722ce,tanvi.chopra.2722ce@trendlytics.io,Tanvi,Chopra,2026-07-30 20:58:21.924496,luxury,0,tablet
11257,priya.singh.2f4cb0,priya.singh.2f4cb0@trendlytics.io,Priya,Singh,2026-07-30 20:58:21.924496,budget,0,mobile
11258,arjun.gupta.8a2ab2,arjun.gupta.8a2ab2@trendlytics.io,Arjun,Gupta,2026-08-05 20:58:21.924496,occasional,0,mobile
11259,rohan.singh.bfc3ef,rohan.singh.bfc3ef@trendlytics.io,Rohan,Singh,2026-08-02 20:58:21.924496,occasional,1,mobile
11260,aarav.iyer.0829c8,aarav.iyer.0829c8@trendlytics.io,Aarav,Iyer,2026-08-27 20:58:21.924496,occasional,0,mobile
11261,riya.iyer.6d33e0,riya.iyer.6d33e0@trendlytics.io,Riya,Iyer,2026-08-14 20:58:21.924496,luxury,0,desktop
11262,aditya.sen.6e3fc6,aditya.sen.6e3fc6@trendlytics.io,Aditya,Sen,2026-08-24 20:58:21.924496,luxury,1,desktop
11263,aarav.gupta.07dc13,aarav.gupta.07dc13@trendlytics.io,Aarav,Gupta,2026-08-24 20:58:21.924496,trendsetter,1,mobile
11264,ananya.kapoor.82758a,ananya.kapoor.82758a@trendlytics.io,Ananya,Kapoor,2026-08-19 20:58:21.924496,budget,0,desktop
11265,tanvi.das.c60ec5,tanvi.das.c60ec5@trendlytics.io,Tanvi,Das,2026-08-02 20:58:21.924496,budget,1,mobile
11266,tanvi.singh.32fced,tanvi.singh.32fced@trendlytics.io,Tanvi,Singh,2026-08-21 20:58:21.924496,occasional,0,tablet
11267,riya.reddy.2ede07,riya.reddy.2ede07@trendlytics.io,Riya,Reddy,2026-08-25 20:58:21.924496,occasional,0,mobile
11268,pooja.sharma.5d38e7,pooja.sharma.5d38e7@trendlytics.io,Pooja,Sharma,2026-08-25 20:58:21.924496,occasional,1,mobile
11269,rahul.gupta.86d481,rahul.gupta.86d481@trendlytics.io,Rahul,Gupta,2026-08-20 20:58:21.924496,budget,1,mobile
11270,riya.patel.74b4a2,riya.patel.74b4a2@trendlytics.io,Riya,Patel,2026-08-15 20:58:21.924496,luxury,0,mobile
11271,ananya.kapoor.097228,ananya.kapoor.097228@trendlytics.io,Ananya,Kapoor,2026-08-20 20:58:21.924496,luxury,1,mobile
11272,kabir.gupta.92dd2c,kabir.gupta.92dd2c@trendlytics.io,Kabir,Gupta,2026-08-16 20:58:21.924496,trendsetter,0,mobile
11273,sneha.gupta.49ab1b,sneha.gupta.49ab1b@trendlytics.io,Sneha,Gupta,2026-08-11 20:58:21.924496,trendsetter,1,mobile
11274,pooja.iyer.3e2d11,pooja.iyer.3e2d11@trendlytics.io,Pooja,Iyer,2026-08-29 20:58:21.924496,trendsetter,0,mobile
11275,aditya.reddy.cc319c,aditya.reddy.cc319c@trendlytics.io,Aditya,Reddy,2026-08-26 20:58:21.924496,budget,0,mobile
11276,tanvi.iyer.50d81b,tanvi.iyer.50d81b@trendlytics.io,Tanvi,Iyer,2026-08-02 20:58:21.924496,occasional,1,desktop
11277,arjun.banerjee.f5150c,arjun.banerjee.f5150c@trendlytics.io,Arjun,Banerjee,2026-08-29 20:58:21.924496,trendsetter,1,mobile
11278,rahul.chopra.0dd1fe,rahul.chopra.0dd1fe@trendlytics.io,Rahul,Chopra,2026-08-14 20:58:21.924496,luxury,0,desktop
11279,karan.gupta.8b4add,karan.gupta.8b4add@trendlytics.io,Karan,Gupta,2026-08-23 20:58:21.924496,occasional,1,mobile
11280,aarav.joshi.bc79ab,aarav.joshi.bc79ab@trendlytics.io,Aarav,Joshi,2026-08-08 20:58:21.924496,budget,0,mobile
11281,tanvi.banerjee.7f17c4,tanvi.banerjee.7f17c4@trendlytics.io,Tanvi,Banerjee,2026-08-09 20:58:21.924496,occasional,1,mobile
11282,neha.singh.183eb7,neha.singh.183eb7@trendlytics.io,Neha,Singh,2026-08-26 20:58:21.924496,budget,1,mobile
11283,vikram.kapoor.dd7698,vikram.kapoor.dd7698@trendlytics.io,Vikram,Kapoor,2026-08-18 20:58:21.924496,trendsetter,0,mobile
11284,rohan.sen.97a294,rohan.sen.97a294@trendlytics.io,Rohan,Sen,2026-08-21 20:58:21.924496,occasional,1,desktop
11285,rohan.singh.f0fee7,rohan.singh.f0fee7@trendlytics.io,Rohan,Singh,2026-08-04 20:58:21.924496,luxury,1,mobile
11286,priya.sen.3a692b,priya.sen.3a692b@trendlytics.io,Priya,Sen,2026-08-11 20:58:21.924496,budget,0,desktop
11287,riya.banerjee.ef869d,riya.banerjee.ef869d@trendlytics.io,Riya,Banerjee,2026-08-26 20:58:21.924496,luxury,0,tablet
11288,neha.verma.a3ddb8,neha.verma.a3ddb8@trendlytics.io,Neha,Verma,2026-08-28 20:58:21.924496,budget,0,mobile
11289,aditya.kapoor.4c42ac,aditya.kapoor.4c42ac@trendlytics.io,Aditya,Kapoor,2026-08-01 20:58:21.924496,trendsetter,0,mobile
11290,priya.patel.cccf98,priya.patel.cccf98@trendlytics.io,Priya,Patel,2026-08-09 20:58:21.924496,budget,1,desktop
11291,pooja.sen.d92918,pooja.sen.d92918@trendlytics.io,Pooja,Sen,2026-08-03 20:58:21.924496,trendsetter,1,desktop
11292,neha.iyer.bf0833,neha.iyer.bf0833@trendlytics.io,Neha,Iyer,2026-08-28 20:58:21.924496,occasional,1,mobile
11293,arjun.chopra.b511bf,arjun.chopra.b511bf@trendlytics.io,Arjun,Chopra,2026-08-09 20:58:21.924496,trendsetter,1,mobile
11294,rohan.verma.67fab7,rohan.verma.67fab7@trendlytics.io,Rohan,Verma,2026-08-20 20:58:21.924496,trendsetter,0,mobile
11295,rohan.verma.2e6c58,rohan.verma.2e6c58@trendlytics.io,Rohan,Verma,2026-08-20 20:58:21.924496,budget,1,desktop
11296,tanvi.singh.c7f08d,tanvi.singh.c7f08d@trendlytics.io,Tanvi,Singh,2026-08-18 20:58:21.924496,luxury,0,desktop
11297,neha.chopra.929eb5,neha.chopra.929eb5@trendlytics.io,Neha,Chopra,2026-08-08 20:58:21.924496,budget,0,mobile
11298,rohan.nair.fcafca,rohan.nair.fcafca@trendlytics.io,Rohan,Nair,2026-08-11 20:58:21.924496,luxury,0,desktop
11299,arjun.verma.e7eab3,arjun.verma.e7eab3@trendlytics.io,Arjun,Verma,2026-08-23 20:58:21.924496,trendsetter,0,mobile
11300,karan.sen.1ee1ed,karan.sen.1ee1ed@trendlytics.io,Karan,Sen,2026-08-12 20:58:21.924496,budget,1,mobile
11301,rohan.mehta.f29116,rohan.mehta.f29116@trendlytics.io,Rohan,Mehta,2026-08-01 20:58:21.924496,occasional,1,mobile
11302,karan.verma.59053a,karan.verma.59053a@trendlytics.io,Karan,Verma,2026-08-07 20:58:21.924496,luxury,1,mobile
11303,rahul.joshi.762d32,rahul.joshi.762d32@trendlytics.io,Rahul,Joshi,2026-08-02 20:58:21.924496,occasional,0,desktop
11304,kabir.sharma.871411,kabir.sharma.871411@trendlytics.io,Kabir,Sharma,2026-07-30 20:58:21.924496,budget,1,mobile
11305,ananya.sen.0dab8b,ananya.sen.0dab8b@trendlytics.io,Ananya,Sen,2026-08-14 20:58:21.924496,budget,0,desktop
11306,sneha.joshi.bdbf02,sneha.joshi.bdbf02@trendlytics.io,Sneha,Joshi,2026-08-15 20:58:21.924496,occasional,1,mobile
11307,riya.iyer.42329d,riya.iyer.42329d@trendlytics.io,Riya,Iyer,2026-08-19 20:58:21.924496,luxury,0,mobile
11308,meera.kapoor.9a0938,meera.kapoor.9a0938@trendlytics.io,Meera,Kapoor,2026-08-07 20:58:21.924496,occasional,1,mobile
11309,pooja.sen.61ab74,pooja.sen.61ab74@trendlytics.io,Pooja,Sen,2026-08-15 20:58:21.924496,luxury,1,desktop
11310,vikram.singh.384178,vikram.singh.384178@trendlytics.io,Vikram,Singh,2026-08-10 20:58:21.924496,budget,0,desktop
11311,ananya.iyer.35f95c,ananya.iyer.35f95c@trendlytics.io,Ananya,Iyer,2026-08-08 20:58:21.924496,luxury,1,mobile
11312,rohan.kapoor.4faf1f,rohan.kapoor.4faf1f@trendlytics.io,Rohan,Kapoor,2026-07-30 20:58:21.924496,occasional,0,mobile
11313,kabir.patel.8b83cc,kabir.patel.8b83cc@trendlytics.io,Kabir,Patel,2026-08-18 20:58:21.924496,trendsetter,1,mobile
11314,rohan.das.e9ace2,rohan.das.e9ace2@trendlytics.io,Rohan,Das,2026-08-27 20:58:21.924496,trendsetter,1,desktop
11315,ananya.patel.f58616,ananya.patel.f58616@trendlytics.io,Ananya,Patel,2026-08-07 20:58:21.924496,luxury,0,mobile
11316,aditya.das.54b3b1,aditya.das.54b3b1@trendlytics.io,Aditya,Das,2026-08-02 20:58:21.924496,trendsetter,1,mobile
11317,pooja.mehta.a9bb66,pooja.mehta.a9bb66@trendlytics.io,Pooja,Mehta,2026-08-24 20:58:21.924496,budget,0,tablet
11318,neha.das.e7b795,neha.das.e7b795@trendlytics.io,Neha,Das,2026-08-01 20:58:21.924496,occasional,0,desktop
11319,arjun.reddy.f22134,arjun.reddy.f22134@trendlytics.io,Arjun,Reddy,2026-08-24 20:58:21.924496,luxury,0,desktop
11320,priya.das.5c2159,priya.das.5c2159@trendlytics.io,Priya,Das,2026-08-23 20:58:21.924496,budget,1,mobile
11321,sneha.reddy.910d6d,sneha.reddy.910d6d@trendlytics.io,Sneha,Reddy,2026-08-10 20:58:21.924496,budget,1,desktop
11322,pooja.mehta.ff1c69,pooja.mehta.ff1c69@trendlytics.io,Pooja,Mehta,2026-08-28 20:58:21.924496,trendsetter,0,desktop
11323,rahul.gupta.c076fa,rahul.gupta.c076fa@trendlytics.io,Rahul,Gupta,2026-08-18 20:58:21.924496,luxury,1,mobile
11324,karan.reddy.45ca35,karan.reddy.45ca35@trendlytics.io,Karan,Reddy,2026-08-01 20:58:21.924496,trendsetter,0,mobile
11325,karan.mehta.af7f3a,karan.mehta.af7f3a@trendlytics.io,Karan,Mehta,2026-07-30 20:58:21.924496,occasional,0,desktop
11326,meera.iyer.802126,meera.iyer.802126@trendlytics.io,Meera,Iyer,2026-08-20 20:58:21.924496,budget,0,desktop
11327,aditya.patel.545703,aditya.patel.545703@trendlytics.io,Aditya,Patel,2026-08-19 20:58:21.924496,budget,0,mobile
11328,karan.das.137101,karan.das.137101@trendlytics.io,Karan,Das,2026-08-07 20:58:21.924496,budget,0,mobile
11329,pooja.sharma.5ebdbb,pooja.sharma.5ebdbb@trendlytics.io,Pooja,Sharma,2026-08-03 20:58:21.924496,trendsetter,0,desktop
11330,neha.mehta.6c0808,neha.mehta.6c0808@trendlytics.io,Neha,Mehta,2026-08-13 20:58:21.924496,occasional,0,mobile
11331,pooja.banerjee.0bb35f,pooja.banerjee.0bb35f@trendlytics.io,Pooja,Banerjee,2026-07-31 20:58:21.924496,trendsetter,0,mobile
11332,aarav.banerjee.72cf75,aarav.banerjee.72cf75@trendlytics.io,Aarav,Banerjee,2026-08-26 20:58:21.924496,budget,1,desktop
11333,neha.patel.418d78,neha.patel.418d78@trendlytics.io,Neha,Patel,2026-08-11 20:58:21.924496,budget,0,mobile
11334,rahul.nair.7316f9,rahul.nair.7316f9@trendlytics.io,Rahul,Nair,2026-08-06 20:58:21.924496,occasional,0,mobile
11335,aditya.joshi.69f5f8,aditya.joshi.69f5f8@trendlytics.io,Aditya,Joshi,2026-08-21 20:58:21.924496,luxury,0,mobile
11336,karan.kapoor.3b6b68,karan.kapoor.3b6b68@trendlytics.io,Karan,Kapoor,2026-08-28 20:58:21.924496,budget,1,mobile
11337,vikram.reddy.cca020,vikram.reddy.cca020@trendlytics.io,Vikram,Reddy,2026-08-07 20:58:21.924496,luxury,0,tablet
11338,kabir.sharma.3bcc13,kabir.sharma.3bcc13@trendlytics.io,Kabir,Sharma,2026-08-18 20:58:21.924496,luxury,0,mobile
11339,kabir.kapoor.29a191,kabir.kapoor.29a191@trendlytics.io,Kabir,Kapoor,2026-08-02 20:58:21.924496,budget,0,mobile
11340,ananya.kapoor.463f8a,ananya.kapoor.463f8a@trendlytics.io,Ananya,Kapoor,2026-08-02 20:58:21.924496,budget,1,mobile
11341,tanvi.mehta.760235,tanvi.mehta.760235@trendlytics.io,Tanvi,Mehta,2026-07-31 20:58:21.924496,occasional,0,tablet
11342,tanvi.singh.99ec5d,tanvi.singh.99ec5d@trendlytics.io,Tanvi,Singh,2026-08-24 20:58:21.924496,trendsetter,1,mobile
11343,aditya.chopra.58d6db,aditya.chopra.58d6db@trendlytics.io,Aditya,Chopra,2026-08-08 20:58:21.924496,trendsetter,0,desktop
11344,pooja.patel.cfc839,pooja.patel.cfc839@trendlytics.io,Pooja,Patel,2026-07-30 20:58:21.924496,luxury,1,mobile
11345,riya.das.d2c872,riya.das.d2c872@trendlytics.io,Riya,Das,2026-08-12 20:58:21.924496,occasional,1,mobile
11346,aarav.gupta.65ba70,aarav.gupta.65ba70@trendlytics.io,Aarav,Gupta,2026-08-06 20:58:21.924496,luxury,1,mobile
11347,rahul.nair.7f9481,rahul.nair.7f9481@trendlytics.io,Rahul,Nair,2026-08-11 20:58:21.924496,budget,0,mobile
11348,priya.joshi.c94c8a,priya.joshi.c94c8a@trendlytics.io,Priya,Joshi,2026-08-20 20:58:21.924496,trendsetter,0,mobile
11349,sneha.kapoor.b1bbf5,sneha.kapoor.b1bbf5@trendlytics.io,Sneha,Kapoor,2026-08-04 20:58:21.924496,budget,1,mobile
11350,tanvi.singh.5e6dd3,tanvi.singh.5e6dd3@trendlytics.io,Tanvi,Singh,2026-07-30 20:58:21.924496,trendsetter,0,mobile
11351,sneha.iyer.3d12ea,sneha.iyer.3d12ea@trendlytics.io,Sneha,Iyer,2026-08-25 20:58:21.924496,occasional,1,mobile
11352,sneha.chopra.4f27a9,sneha.chopra.4f27a9@trendlytics.io,Sneha,Chopra,2026-08-20 20:58:21.924496,budget,0,mobile
11353,neha.gupta.c6270e,neha.gupta.c6270e@trendlytics.io,Neha,Gupta,2026-08-28 20:58:21.924496,occasional,0,desktop
11354,aditya.mehta.741fae,aditya.mehta.741fae@trendlytics.io,Aditya,Mehta,2026-07-31 20:58:21.924496,occasional,0,mobile
11355,arjun.gupta.5a60d0,arjun.gupta.5a60d0@trendlytics.io,Arjun,Gupta,2026-08-04 20:58:21.924496,budget,0,mobile
11356,aarav.mehta.c9df2f,aarav.mehta.c9df2f@trendlytics.io,Aarav,Mehta,2026-08-26 20:58:21.924496,budget,0,mobile
11357,sneha.sharma.311266,sneha.sharma.311266@trendlytics.io,Sneha,Sharma,2026-08-14 20:58:21.924496,budget,0,desktop
11358,vikram.gupta.c98bbc,vikram.gupta.c98bbc@trendlytics.io,Vikram,Gupta,2026-08-12 20:58:21.924496,luxury,0,desktop
11359,karan.banerjee.3fc12c,karan.banerjee.3fc12c@trendlytics.io,Karan,Banerjee,2026-08-06 20:58:21.924496,occasional,1,mobile
11360,rohan.patel.1f829b,rohan.patel.1f829b@trendlytics.io,Rohan,Patel,2026-08-01 20:58:21.924496,trendsetter,0,desktop
11361,aarav.sharma.128ee4,aarav.sharma.128ee4@trendlytics.io,Aarav,Sharma,2026-08-19 20:58:21.924496,luxury,0,desktop
11362,tanvi.banerjee.365a69,tanvi.banerjee.365a69@trendlytics.io,Tanvi,Banerjee,2026-08-09 20:58:21.924496,budget,1,mobile
11363,arjun.gupta.e6ae76,arjun.gupta.e6ae76@trendlytics.io,Arjun,Gupta,2026-08-29 20:58:21.924496,occasional,1,mobile
11364,rohan.verma.85d9a7,rohan.verma.85d9a7@trendlytics.io,Rohan,Verma,2026-08-16 20:58:21.924496,budget,0,desktop
11365,rohan.mehta.63463f,rohan.mehta.63463f@trendlytics.io,Rohan,Mehta,2026-08-09 20:58:21.924496,budget,0,mobile
11366,aditya.chopra.081052,aditya.chopra.081052@trendlytics.io,Aditya,Chopra,2026-08-25 20:58:21.924496,luxury,1,mobile
11367,sneha.reddy.48ae5d,sneha.reddy.48ae5d@trendlytics.io,Sneha,Reddy,2026-08-04 20:58:21.924496,budget,0,mobile
11368,karan.banerjee.7c7d07,karan.banerjee.7c7d07@trendlytics.io,Karan,Banerjee,2026-08-03 20:58:21.924496,trendsetter,0,mobile
11369,aarav.nair.4f1ccd,aarav.nair.4f1ccd@trendlytics.io,Aarav,Nair,2026-08-19 20:58:21.924496,budget,0,mobile
11370,rohan.joshi.376098,rohan.joshi.376098@trendlytics.io,Rohan,Joshi,2026-08-25 20:58:21.924496,budget,0,mobile
11371,meera.mehta.2f3f31,meera.mehta.2f3f31@trendlytics.io,Meera,Mehta,2026-08-09 20:58:21.924496,luxury,1,desktop
11372,ananya.sen.bbb0ff,ananya.sen.bbb0ff@trendlytics.io,Ananya,Sen,2026-08-27 20:58:21.924496,budget,0,mobile
11373,tanvi.banerjee.f36474,tanvi.banerjee.f36474@trendlytics.io,Tanvi,Banerjee,2026-08-15 20:58:21.924496,budget,1,tablet
11374,kabir.reddy.5afaa8,kabir.reddy.5afaa8@trendlytics.io,Kabir,Reddy,2026-08-27 20:58:21.924496,luxury,0,mobile
11375,ananya.iyer.625e79,ananya.iyer.625e79@trendlytics.io,Ananya,Iyer,2026-08-10 20:58:21.924496,budget,1,mobile
11376,aarav.gupta.75a216,aarav.gupta.75a216@trendlytics.io,Aarav,Gupta,2026-08-27 20:58:21.924496,luxury,1,desktop
11377,tanvi.banerjee.c28107,tanvi.banerjee.c28107@trendlytics.io,Tanvi,Banerjee,2026-08-23 20:58:21.924496,luxury,0,mobile
11378,arjun.iyer.0f6473,arjun.iyer.0f6473@trendlytics.io,Arjun,Iyer,2026-08-20 20:58:21.924496,luxury,0,mobile
11379,neha.gupta.bcb47c,neha.gupta.bcb47c@trendlytics.io,Neha,Gupta,2026-08-13 20:58:21.924496,trendsetter,0,mobile
11380,sneha.sen.b6b26b,sneha.sen.b6b26b@trendlytics.io,Sneha,Sen,2026-08-15 20:58:21.924496,budget,0,desktop
11381,tanvi.sen.880b79,tanvi.sen.880b79@trendlytics.io,Tanvi,Sen,2026-08-12 20:58:21.924496,luxury,0,desktop
11382,rohan.chopra.e2c3e4,rohan.chopra.e2c3e4@trendlytics.io,Rohan,Chopra,2026-08-15 20:58:21.924496,budget,1,mobile
11383,rahul.patel.1b9397,rahul.patel.1b9397@trendlytics.io,Rahul,Patel,2026-07-30 20:58:21.924496,occasional,0,mobile
11384,priya.reddy.805f40,priya.reddy.805f40@trendlytics.io,Priya,Reddy,2026-08-17 20:58:21.924496,occasional,1,mobile
11385,aarav.gupta.3c345b,aarav.gupta.3c345b@trendlytics.io,Aarav,Gupta,2026-08-08 20:58:21.924496,occasional,0,mobile
11386,tanvi.patel.476b07,tanvi.patel.476b07@trendlytics.io,Tanvi,Patel,2026-08-06 20:58:21.924496,luxury,1,mobile
11387,aarav.verma.f36e77,aarav.verma.f36e77@trendlytics.io,Aarav,Verma,2026-08-18 20:58:21.924496,luxury,0,mobile
11388,rahul.sharma.6dd0bd,rahul.sharma.6dd0bd@trendlytics.io,Rahul,Sharma,2026-08-07 20:58:21.924496,luxury,0,mobile
11389,rohan.nair.282691,rohan.nair.282691@trendlytics.io,Rohan,Nair,2026-08-03 20:58:21.924496,occasional,0,mobile
11390,karan.kapoor.c8d998,karan.kapoor.c8d998@trendlytics.io,Karan,Kapoor,2026-08-10 20:58:21.924496,luxury,1,mobile
11391,rohan.kapoor.0ceda7,rohan.kapoor.0ceda7@trendlytics.io,Rohan,Kapoor,2026-08-06 20:58:21.924496,luxury,0,desktop
11392,rohan.singh.f54cbc,rohan.singh.f54cbc@trendlytics.io,Rohan,Singh,2026-08-03 20:58:21.924496,luxury,1,mobile
11393,rohan.reddy.b8ca54,rohan.reddy.b8ca54@trendlytics.io,Rohan,Reddy,2026-08-02 20:58:21.924496,budget,1,mobile
11394,priya.mehta.c1ce4e,priya.mehta.c1ce4e@trendlytics.io,Priya,Mehta,2026-08-13 20:58:21.924496,budget,1,mobile
11395,riya.banerjee.efc5f9,riya.banerjee.efc5f9@trendlytics.io,Riya,Banerjee,2026-08-14 20:58:21.924496,occasional,0,mobile
11396,tanvi.nair.6a60ce,tanvi.nair.6a60ce@trendlytics.io,Tanvi,Nair,2026-08-03 20:58:21.924496,luxury,1,mobile
11397,tanvi.banerjee.c9039a,tanvi.banerjee.c9039a@trendlytics.io,Tanvi,Banerjee,2026-08-11 20:58:21.924496,luxury,1,mobile
11398,kabir.singh.0326ec,kabir.singh.0326ec@trendlytics.io,Kabir,Singh,2026-08-15 20:58:21.924496,occasional,1,desktop
11399,sneha.verma.7fbdc2,sneha.verma.7fbdc2@trendlytics.io,Sneha,Verma,2026-08-22 20:58:21.924496,budget,1,mobile
11400,ananya.chopra.666959,ananya.chopra.666959@trendlytics.io,Ananya,Chopra,2026-08-15 20:58:21.924496,budget,0,mobile
11401,ananya.mehta.a2422d,ananya.mehta.a2422d@trendlytics.io,Ananya,Mehta,2026-08-25 20:58:21.924496,occasional,1,desktop
11402,pooja.reddy.acabb5,pooja.reddy.acabb5@trendlytics.io,Pooja,Reddy,2026-08-28 20:58:21.924496,budget,0,mobile
11403,ananya.kapoor.dcb6ac,ananya.kapoor.dcb6ac@trendlytics.io,Ananya,Kapoor,2026-08-20 20:58:21.924496,occasional,1,desktop
11404,aditya.das.a2d427,aditya.das.a2d427@trendlytics.io,Aditya,Das,2026-08-15 20:58:21.924496,luxury,0,mobile
11405,riya.das.d3d779,riya.das.d3d779@trendlytics.io,Riya,Das,2026-08-27 20:58:21.924496,trendsetter,0,desktop
11406,aarav.nair.c3bbb7,aarav.nair.c3bbb7@trendlytics.io,Aarav,Nair,2026-08-07 20:58:21.924496,occasional,0,mobile
11407,ananya.reddy.1401ea,ananya.reddy.1401ea@trendlytics.io,Ananya,Reddy,2026-08-08 20:58:21.924496,trendsetter,0,tablet
11408,sneha.verma.c9d989,sneha.verma.c9d989@trendlytics.io,Sneha,Verma,2026-08-07 20:58:21.924496,luxury,1,desktop
11409,aditya.sen.52d247,aditya.sen.52d247@trendlytics.io,Aditya,Sen,2026-08-22 20:58:21.924496,occasional,1,mobile
11410,pooja.mehta.2706e4,pooja.mehta.2706e4@trendlytics.io,Pooja,Mehta,2026-08-16 20:58:21.924496,occasional,0,desktop
11411,tanvi.reddy.5e3294,tanvi.reddy.5e3294@trendlytics.io,Tanvi,Reddy,2026-08-19 20:58:21.924496,luxury,1,mobile
11412,karan.singh.536928,karan.singh.536928@trendlytics.io,Karan,Singh,2026-07-30 20:58:21.924496,trendsetter,1,desktop
11413,karan.chopra.7e3648,karan.chopra.7e3648@trendlytics.io,Karan,Chopra,2026-08-23 20:58:21.924496,trendsetter,0,mobile
11414,arjun.singh.4e6a57,arjun.singh.4e6a57@trendlytics.io,Arjun,Singh,2026-08-19 20:58:21.924496,luxury,1,mobile
11415,ananya.joshi.fecf1e,ananya.joshi.fecf1e@trendlytics.io,Ananya,Joshi,2026-08-03 20:58:21.924496,occasional,1,mobile
11416,karan.joshi.74a2ea,karan.joshi.74a2ea@trendlytics.io,Karan,Joshi,2026-08-20 20:58:21.924496,trendsetter,0,mobile
11417,aditya.singh.8b6022,aditya.singh.8b6022@trendlytics.io,Aditya,Singh,2026-07-31 20:58:21.924496,trendsetter,1,tablet
11418,neha.kapoor.1ace2d,neha.kapoor.1ace2d@trendlytics.io,Neha,Kapoor,2026-08-04 20:58:21.924496,trendsetter,0,mobile
11419,riya.verma.7a2c01,riya.verma.7a2c01@trendlytics.io,Riya,Verma,2026-08-20 20:58:21.924496,trendsetter,1,mobile
11420,vikram.kapoor.652a11,vikram.kapoor.652a11@trendlytics.io,Vikram,Kapoor,2026-08-01 20:58:21.924496,budget,0,mobile
11421,vikram.sharma.95e6de,vikram.sharma.95e6de@trendlytics.io,Vikram,Sharma,2026-08-04 20:58:21.924496,trendsetter,1,desktop
11422,arjun.nair.19e670,arjun.nair.19e670@trendlytics.io,Arjun,Nair,2026-08-21 20:58:21.924496,budget,1,mobile
11423,neha.verma.f4f82f,neha.verma.f4f82f@trendlytics.io,Neha,Verma,2026-08-15 20:58:21.924496,trendsetter,1,desktop
11424,aditya.singh.36ffb7,aditya.singh.36ffb7@trendlytics.io,Aditya,Singh,2026-08-05 20:58:21.924496,occasional,0,desktop
11425,rohan.banerjee.0d6d02,rohan.banerjee.0d6d02@trendlytics.io,Rohan,Banerjee,2026-08-10 20:58:21.924496,luxury,0,mobile
11426,pooja.kapoor.e14007,pooja.kapoor.e14007@trendlytics.io,Pooja,Kapoor,2026-08-02 20:58:21.924496,occasional,0,mobile
11427,meera.gupta.acd499,meera.gupta.acd499@trendlytics.io,Meera,Gupta,2026-07-30 20:58:21.924496,occasional,0,desktop
11428,kabir.joshi.76663a,kabir.joshi.76663a@trendlytics.io,Kabir,Joshi,2026-08-29 20:58:21.924496,budget,0,desktop
11429,aditya.verma.d719ab,aditya.verma.d719ab@trendlytics.io,Aditya,Verma,2026-08-16 20:58:21.924496,budget,0,desktop
11430,sneha.banerjee.542f7f,sneha.banerjee.542f7f@trendlytics.io,Sneha,Banerjee,2026-08-07 20:58:21.924496,budget,1,mobile
11431,arjun.mehta.ab59f4,arjun.mehta.ab59f4@trendlytics.io,Arjun,Mehta,2026-08-09 20:58:21.924496,luxury,1,desktop
11432,kabir.nair.7f4ea1,kabir.nair.7f4ea1@trendlytics.io,Kabir,Nair,2026-08-22 20:58:21.924496,trendsetter,0,mobile
11433,arjun.singh.ba2122,arjun.singh.ba2122@trendlytics.io,Arjun,Singh,2026-08-02 20:58:21.924496,occasional,1,mobile
11434,rohan.patel.846491,rohan.patel.846491@trendlytics.io,Rohan,Patel,2026-08-26 20:58:21.924496,budget,1,mobile
11435,aarav.patel.c164b0,aarav.patel.c164b0@trendlytics.io,Aarav,Patel,2026-08-16 20:58:21.924496,trendsetter,0,mobile
11436,pooja.verma.3dc92f,pooja.verma.3dc92f@trendlytics.io,Pooja,Verma,2026-08-22 20:58:21.924496,budget,0,desktop
11437,pooja.gupta.5e4d67,pooja.gupta.5e4d67@trendlytics.io,Pooja,Gupta,2026-08-26 20:58:21.924496,trendsetter,1,desktop
11438,kabir.sen.d85b3f,kabir.sen.d85b3f@trendlytics.io,Kabir,Sen,2026-08-27 20:58:21.924496,budget,0,desktop
11439,arjun.sharma.9763b5,arjun.sharma.9763b5@trendlytics.io,Arjun,Sharma,2026-08-24 20:58:21.924496,luxury,1,desktop
11440,rahul.das.48fd1b,rahul.das.48fd1b@trendlytics.io,Rahul,Das,2026-08-28 20:58:21.924496,trendsetter,1,desktop
11441,kabir.iyer.d36d78,kabir.iyer.d36d78@trendlytics.io,Kabir,Iyer,2026-07-31 20:58:21.924496,occasional,1,mobile
11442,rohan.gupta.97ee10,rohan.gupta.97ee10@trendlytics.io,Rohan,Gupta,2026-08-14 20:58:21.924496,luxury,0,mobile
11443,sneha.reddy.5fb89c,sneha.reddy.5fb89c@trendlytics.io,Sneha,Reddy,2026-08-10 20:58:21.924496,budget,0,desktop
11444,ananya.kapoor.a8dbdb,ananya.kapoor.a8dbdb@trendlytics.io,Ananya,Kapoor,2026-08-29 20:58:21.924496,luxury,0,mobile
11445,tanvi.singh.93f290,tanvi.singh.93f290@trendlytics.io,Tanvi,Singh,2026-08-15 20:58:21.924496,trendsetter,0,mobile
11446,riya.chopra.229696,riya.chopra.229696@trendlytics.io,Riya,Chopra,2026-08-19 20:58:21.924496,budget,1,mobile
11447,priya.banerjee.572aa4,priya.banerjee.572aa4@trendlytics.io,Priya,Banerjee,2026-08-11 20:58:21.924496,budget,0,mobile
11448,rahul.patel.515ba3,rahul.patel.515ba3@trendlytics.io,Rahul,Patel,2026-08-22 20:58:21.924496,occasional,1,desktop
11449,meera.reddy.cff03d,meera.reddy.cff03d@trendlytics.io,Meera,Reddy,2026-08-17 20:58:21.924496,occasional,1,desktop
11450,kabir.joshi.a8b37d,kabir.joshi.a8b37d@trendlytics.io,Kabir,Joshi,2026-08-23 20:58:21.924496,trendsetter,1,mobile
11451,vikram.iyer.e8247c,vikram.iyer.e8247c@trendlytics.io,Vikram,Iyer,2026-08-01 20:58:21.924496,luxury,0,desktop
11452,vikram.mehta.990620,vikram.mehta.990620@trendlytics.io,Vikram,Mehta,2026-08-08 20:58:21.924496,budget,0,desktop
11453,riya.patel.5d4e5b,riya.patel.5d4e5b@trendlytics.io,Riya,Patel,2026-08-10 20:58:21.924496,luxury,0,tablet
11454,riya.patel.c1a35f,riya.patel.c1a35f@trendlytics.io,Riya,Patel,2026-08-24 20:58:21.924496,budget,0,desktop
11455,aarav.chopra.b639d4,aarav.chopra.b639d4@trendlytics.io,Aarav,Chopra,2026-08-26 20:58:21.924496,budget,1,mobile
11456,arjun.gupta.32a1e1,arjun.gupta.32a1e1@trendlytics.io,Arjun,Gupta,2026-08-25 20:58:21.924496,occasional,0,mobile
11457,arjun.das.084944,arjun.das.084944@trendlytics.io,Arjun,Das,2026-08-17 20:58:21.924496,budget,1,desktop
11458,arjun.iyer.ab7729,arjun.iyer.ab7729@trendlytics.io,Arjun,Iyer,2026-08-01 20:58:21.924496,trendsetter,0,mobile
11459,sneha.nair.679cf9,sneha.nair.679cf9@trendlytics.io,Sneha,Nair,2026-08-18 20:58:21.924496,trendsetter,0,mobile
11460,tanvi.sen.1dd3b7,tanvi.sen.1dd3b7@trendlytics.io,Tanvi,Sen,2026-07-31 20:58:21.924496,occasional,0,mobile
11461,tanvi.sen.3bf901,tanvi.sen.3bf901@trendlytics.io,Tanvi,Sen,2026-08-07 20:58:21.924496,occasional,1,mobile
11462,pooja.reddy.8b52dc,pooja.reddy.8b52dc@trendlytics.io,Pooja,Reddy,2026-08-26 20:58:21.924496,luxury,0,desktop
11463,ananya.patel.f2b33f,ananya.patel.f2b33f@trendlytics.io,Ananya,Patel,2026-08-25 20:58:21.924496,luxury,0,mobile
11464,rahul.mehta.81c688,rahul.mehta.81c688@trendlytics.io,Rahul,Mehta,2026-08-08 20:58:21.924496,luxury,0,mobile
11465,arjun.patel.592edb,arjun.patel.592edb@trendlytics.io,Arjun,Patel,2026-08-27 20:58:21.924496,budget,0,mobile
11466,priya.mehta.880f4f,priya.mehta.880f4f@trendlytics.io,Priya,Mehta,2026-08-05 20:58:21.924496,trendsetter,1,mobile
11467,aditya.iyer.9f61cf,aditya.iyer.9f61cf@trendlytics.io,Aditya,Iyer,2026-08-05 20:58:21.924496,luxury,0,mobile
11468,aarav.singh.be6878,aarav.singh.be6878@trendlytics.io,Aarav,Singh,2026-08-28 20:58:21.924496,trendsetter,0,desktop
11469,riya.nair.a6421d,riya.nair.a6421d@trendlytics.io,Riya,Nair,2026-08-03 20:58:21.924496,occasional,1,desktop
11470,priya.joshi.f71b27,priya.joshi.f71b27@trendlytics.io,Priya,Joshi,2026-08-26 20:58:21.924496,occasional,1,mobile
11471,rohan.joshi.096ee7,rohan.joshi.096ee7@trendlytics.io,Rohan,Joshi,2026-08-05 20:58:21.924496,occasional,1,mobile
11472,meera.verma.7ade79,meera.verma.7ade79@trendlytics.io,Meera,Verma,2026-08-27 20:58:21.924496,trendsetter,0,mobile
11473,aarav.singh.934c98,aarav.singh.934c98@trendlytics.io,Aarav,Singh,2026-08-12 20:58:21.924496,trendsetter,1,mobile
11474,riya.banerjee.764cb0,riya.banerjee.764cb0@trendlytics.io,Riya,Banerjee,2026-07-30 20:58:21.924496,luxury,1,desktop
11475,aarav.kapoor.26eb43,aarav.kapoor.26eb43@trendlytics.io,Aarav,Kapoor,2026-08-22 20:58:21.924496,occasional,0,mobile
11476,tanvi.iyer.a37ea2,tanvi.iyer.a37ea2@trendlytics.io,Tanvi,Iyer,2026-08-24 20:58:21.924496,trendsetter,0,mobile
11477,sneha.sharma.3a984b,sneha.sharma.3a984b@trendlytics.io,Sneha,Sharma,2026-07-30 20:58:21.924496,luxury,0,mobile
11478,priya.iyer.1814f4,priya.iyer.1814f4@trendlytics.io,Priya,Iyer,2026-07-31 20:58:21.924496,budget,1,desktop
11479,kabir.sharma.602477,kabir.sharma.602477@trendlytics.io,Kabir,Sharma,2026-08-11 20:58:21.924496,occasional,1,desktop
11480,riya.kapoor.e7971a,riya.kapoor.e7971a@trendlytics.io,Riya,Kapoor,2026-08-02 20:58:21.924496,luxury,0,mobile
11481,kabir.mehta.c39c53,kabir.mehta.c39c53@trendlytics.io,Kabir,Mehta,2026-08-19 20:58:21.924496,occasional,0,mobile
11482,tanvi.mehta.f63b46,tanvi.mehta.f63b46@trendlytics.io,Tanvi,Mehta,2026-08-09 20:58:21.924496,trendsetter,1,mobile
11483,riya.reddy.e0aea5,riya.reddy.e0aea5@trendlytics.io,Riya,Reddy,2026-08-27 20:58:21.924496,trendsetter,1,mobile
11484,meera.verma.8ec751,meera.verma.8ec751@trendlytics.io,Meera,Verma,2026-08-07 20:58:21.924496,budget,0,mobile
11485,tanvi.sen.e3bb64,tanvi.sen.e3bb64@trendlytics.io,Tanvi,Sen,2026-08-12 20:58:21.924496,budget,0,mobile
11486,meera.sharma.a12d3d,meera.sharma.a12d3d@trendlytics.io,Meera,Sharma,2026-08-10 20:58:21.924496,trendsetter,1,mobile
11487,karan.reddy.d29502,karan.reddy.d29502@trendlytics.io,Karan,Reddy,2026-08-02 20:58:21.924496,occasional,0,desktop
11488,tanvi.reddy.1fb8f6,tanvi.reddy.1fb8f6@trendlytics.io,Tanvi,Reddy,2026-07-30 20:58:21.924496,budget,0,mobile
11489,priya.sharma.321953,priya.sharma.321953@trendlytics.io,Priya,Sharma,2026-08-02 20:58:21.924496,budget,0,mobile
11490,aditya.patel.c85e99,aditya.patel.c85e99@trendlytics.io,Aditya,Patel,2026-08-06 20:58:21.924496,luxury,0,mobile
11491,arjun.kapoor.36a58b,arjun.kapoor.36a58b@trendlytics.io,Arjun,Kapoor,2026-08-22 20:58:21.924496,occasional,1,mobile
11492,tanvi.gupta.b2f668,tanvi.gupta.b2f668@trendlytics.io,Tanvi,Gupta,2026-08-06 20:58:21.924496,occasional,0,mobile
11493,aarav.chopra.6c0eee,aarav.chopra.6c0eee@trendlytics.io,Aarav,Chopra,2026-08-26 20:58:21.924496,trendsetter,1,desktop
11494,kabir.banerjee.295a37,kabir.banerjee.295a37@trendlytics.io,Kabir,Banerjee,2026-08-14 20:58:21.924496,budget,0,mobile
11495,neha.reddy.aa88bb,neha.reddy.aa88bb@trendlytics.io,Neha,Reddy,2026-07-30 20:58:21.924496,trendsetter,0,mobile
11496,tanvi.banerjee.e8de90,tanvi.banerjee.e8de90@trendlytics.io,Tanvi,Banerjee,2026-08-06 20:58:21.924496,luxury,0,mobile
11497,meera.singh.56fa1b,meera.singh.56fa1b@trendlytics.io,Meera,Singh,2026-08-26 20:58:21.924496,occasional,1,mobile
11498,aditya.banerjee.f461ce,aditya.banerjee.f461ce@trendlytics.io,Aditya,Banerjee,2026-08-18 20:58:21.924496,luxury,0,desktop
11499,tanvi.singh.2c51af,tanvi.singh.2c51af@trendlytics.io,Tanvi,Singh,2026-08-07 20:58:21.924496,occasional,1,mobile
11500,arjun.sharma.86474e,arjun.sharma.86474e@trendlytics.io,Arjun,Sharma,2026-08-23 20:58:21.924496,trendsetter,1,mobile
11501,rohan.sharma.dd8a71,rohan.sharma.dd8a71@trendlytics.io,Rohan,Sharma,2026-08-22 20:58:21.924496,trendsetter,0,tablet
11502,neha.singh.8ab528,neha.singh.8ab528@trendlytics.io,Neha,Singh,2026-08-10 20:58:21.924496,luxury,0,mobile
11503,pooja.verma.3dba0a,pooja.verma.3dba0a@trendlytics.io,Pooja,Verma,2026-08-27 20:58:21.924496,trendsetter,0,mobile
11504,karan.sharma.f146d3,karan.sharma.f146d3@trendlytics.io,Karan,Sharma,2026-08-07 20:58:21.924496,occasional,0,mobile
11505,karan.gupta.d96557,karan.gupta.d96557@trendlytics.io,Karan,Gupta,2026-08-20 20:58:21.924496,luxury,1,mobile
11506,pooja.nair.519f4e,pooja.nair.519f4e@trendlytics.io,Pooja,Nair,2026-08-26 20:58:21.924496,trendsetter,0,mobile
11507,rohan.patel.03ebb2,rohan.patel.03ebb2@trendlytics.io,Rohan,Patel,2026-08-24 20:58:21.924496,occasional,1,mobile
11508,arjun.sen.c8dc94,arjun.sen.c8dc94@trendlytics.io,Arjun,Sen,2026-08-19 20:58:21.924496,luxury,0,mobile
11509,ananya.das.5391c1,ananya.das.5391c1@trendlytics.io,Ananya,Das,2026-08-19 20:58:21.924496,occasional,0,desktop
11510,aarav.patel.6ba6c9,aarav.patel.6ba6c9@trendlytics.io,Aarav,Patel,2026-08-06 20:58:21.924496,trendsetter,1,desktop
11511,kabir.verma.28bc3c,kabir.verma.28bc3c@trendlytics.io,Kabir,Verma,2026-08-06 20:58:21.924496,occasional,1,mobile
11512,sneha.kapoor.0ff0a7,sneha.kapoor.0ff0a7@trendlytics.io,Sneha,Kapoor,2026-08-03 20:58:21.924496,trendsetter,0,desktop
11513,ananya.mehta.18ce72,ananya.mehta.18ce72@trendlytics.io,Ananya,Mehta,2026-08-15 20:58:21.924496,trendsetter,1,mobile
11514,riya.patel.633a6d,riya.patel.633a6d@trendlytics.io,Riya,Patel,2026-08-04 20:58:21.924496,luxury,1,desktop
11515,arjun.patel.6c75e0,arjun.patel.6c75e0@trendlytics.io,Arjun,Patel,2026-08-20 20:58:21.924496,luxury,1,desktop
11516,pooja.nair.b6f3d3,pooja.nair.b6f3d3@trendlytics.io,Pooja,Nair,2026-08-18 20:58:21.924496,budget,0,mobile
11517,meera.iyer.7d9af5,meera.iyer.7d9af5@trendlytics.io,Meera,Iyer,2026-08-06 20:58:21.924496,occasional,1,mobile
11518,rahul.gupta.55b654,rahul.gupta.55b654@trendlytics.io,Rahul,Gupta,2026-08-13 20:58:21.924496,luxury,1,mobile
11519,vikram.patel.bbfd78,vikram.patel.bbfd78@trendlytics.io,Vikram,Patel,2026-08-27 20:58:21.924496,budget,0,mobile
11520,pooja.singh.e004e3,pooja.singh.e004e3@trendlytics.io,Pooja,Singh,2026-08-15 20:58:21.924496,trendsetter,1,mobile
11521,priya.reddy.9554d6,priya.reddy.9554d6@trendlytics.io,Priya,Reddy,2026-08-15 20:58:21.924496,trendsetter,0,desktop
11522,karan.patel.cfe72b,karan.patel.cfe72b@trendlytics.io,Karan,Patel,2026-08-09 20:58:21.924496,luxury,1,mobile
11523,rahul.reddy.f0b461,rahul.reddy.f0b461@trendlytics.io,Rahul,Reddy,2026-08-17 20:58:21.924496,occasional,0,mobile
11524,karan.singh.8307bb,karan.singh.8307bb@trendlytics.io,Karan,Singh,2026-08-03 20:58:21.924496,luxury,0,desktop
11525,karan.chopra.962e34,karan.chopra.962e34@trendlytics.io,Karan,Chopra,2026-08-15 20:58:21.924496,luxury,1,mobile
11526,priya.mehta.30df76,priya.mehta.30df76@trendlytics.io,Priya,Mehta,2026-08-09 20:58:21.924496,luxury,0,mobile
11527,priya.patel.4c5a0b,priya.patel.4c5a0b@trendlytics.io,Priya,Patel,2026-08-25 20:58:21.924496,trendsetter,0,mobile
11528,tanvi.mehta.dacd31,tanvi.mehta.dacd31@trendlytics.io,Tanvi,Mehta,2026-08-09 20:58:21.924496,budget,1,desktop
11529,kabir.sharma.a5344a,kabir.sharma.a5344a@trendlytics.io,Kabir,Sharma,2026-08-04 20:58:21.924496,occasional,0,mobile
11530,riya.singh.9bb4fb,riya.singh.9bb4fb@trendlytics.io,Riya,Singh,2026-08-18 20:58:21.924496,occasional,0,desktop
11531,aditya.sharma.2e6cff,aditya.sharma.2e6cff@trendlytics.io,Aditya,Sharma,2026-08-22 20:58:21.924496,trendsetter,0,mobile
11532,priya.chopra.7cfef2,priya.chopra.7cfef2@trendlytics.io,Priya,Chopra,2026-08-04 20:58:21.924496,luxury,0,desktop
11533,pooja.chopra.8fd530,pooja.chopra.8fd530@trendlytics.io,Pooja,Chopra,2026-07-31 20:58:21.924496,occasional,0,mobile
11534,rahul.banerjee.2bde28,rahul.banerjee.2bde28@trendlytics.io,Rahul,Banerjee,2026-07-31 20:58:21.924496,trendsetter,1,desktop
11535,rohan.iyer.099737,rohan.iyer.099737@trendlytics.io,Rohan,Iyer,2026-08-17 20:58:21.924496,occasional,0,mobile
11536,aarav.das.3a12dd,aarav.das.3a12dd@trendlytics.io,Aarav,Das,2026-08-10 20:58:21.924496,luxury,1,mobile
11537,neha.reddy.5dc671,neha.reddy.5dc671@trendlytics.io,Neha,Reddy,2026-08-27 20:58:21.924496,trendsetter,0,mobile
11538,pooja.reddy.6f22e9,pooja.reddy.6f22e9@trendlytics.io,Pooja,Reddy,2026-08-01 20:58:21.924496,occasional,0,tablet
11539,neha.gupta.6ebdf8,neha.gupta.6ebdf8@trendlytics.io,Neha,Gupta,2026-08-28 20:58:21.924496,occasional,0,mobile
11540,neha.patel.c215da,neha.patel.c215da@trendlytics.io,Neha,Patel,2026-08-01 20:58:21.924496,luxury,0,desktop
11541,vikram.mehta.a7bbea,vikram.mehta.a7bbea@trendlytics.io,Vikram,Mehta,2026-08-21 20:58:21.924496,trendsetter,1,mobile
11542,karan.das.a7cd74,karan.das.a7cd74@trendlytics.io,Karan,Das,2026-08-24 20:58:21.924496,luxury,0,desktop
11543,kabir.kapoor.0df0e5,kabir.kapoor.0df0e5@trendlytics.io,Kabir,Kapoor,2026-08-13 20:58:21.924496,trendsetter,1,desktop
11544,karan.mehta.f47f3f,karan.mehta.f47f3f@trendlytics.io,Karan,Mehta,2026-08-02 20:58:21.924496,trendsetter,0,mobile
11545,rahul.verma.169040,rahul.verma.169040@trendlytics.io,Rahul,Verma,2026-08-05 20:58:21.924496,occasional,1,mobile
11546,rahul.banerjee.136a35,rahul.banerjee.136a35@trendlytics.io,Rahul,Banerjee,2026-08-05 20:58:21.924496,budget,0,mobile
11547,meera.das.ab4335,meera.das.ab4335@trendlytics.io,Meera,Das,2026-08-06 20:58:21.924496,budget,0,desktop
11548,karan.mehta.200573,karan.mehta.200573@trendlytics.io,Karan,Mehta,2026-08-08 20:58:21.924496,luxury,0,mobile
11549,meera.verma.49665a,meera.verma.49665a@trendlytics.io,Meera,Verma,2026-08-29 20:58:21.924496,budget,1,mobile
11550,neha.iyer.da828b,neha.iyer.da828b@trendlytics.io,Neha,Iyer,2026-08-12 20:58:21.924496,budget,1,desktop
11551,priya.gupta.c2ba0a,priya.gupta.c2ba0a@trendlytics.io,Priya,Gupta,2026-08-12 20:58:21.924496,luxury,0,mobile
11552,arjun.iyer.5500dc,arjun.iyer.5500dc@trendlytics.io,Arjun,Iyer,2026-08-13 20:58:21.924496,trendsetter,1,desktop
11553,sneha.sen.d760c2,sneha.sen.d760c2@trendlytics.io,Sneha,Sen,2026-08-03 20:58:21.924496,luxury,0,desktop
11554,aarav.reddy.a21ec5,aarav.reddy.a21ec5@trendlytics.io,Aarav,Reddy,2026-08-23 20:58:21.924496,budget,0,mobile
11555,rohan.joshi.54d8a8,rohan.joshi.54d8a8@trendlytics.io,Rohan,Joshi,2026-08-24 20:58:21.924496,budget,0,desktop
11556,rohan.patel.3ec276,rohan.patel.3ec276@trendlytics.io,Rohan,Patel,2026-07-31 20:58:21.924496,budget,0,mobile
11557,karan.singh.998cfb,karan.singh.998cfb@trendlytics.io,Karan,Singh,2026-08-16 20:58:21.924496,occasional,1,mobile
11558,rahul.nair.a5723b,rahul.nair.a5723b@trendlytics.io,Rahul,Nair,2026-08-12 20:58:21.924496,trendsetter,0,mobile
11559,ananya.banerjee.a61bba,ananya.banerjee.a61bba@trendlytics.io,Ananya,Banerjee,2026-08-08 20:58:21.924496,occasional,1,desktop
11560,arjun.gupta.edd3fb,arjun.gupta.edd3fb@trendlytics.io,Arjun,Gupta,2026-08-25 20:58:21.924496,occasional,0,desktop
11561,pooja.sharma.9a906e,pooja.sharma.9a906e@trendlytics.io,Pooja,Sharma,2026-08-03 20:58:21.924496,occasional,0,mobile
11562,sneha.verma.36bb79,sneha.verma.36bb79@trendlytics.io,Sneha,Verma,2026-08-28 20:58:21.924496,occasional,0,mobile
11563,karan.singh.7b2c1d,karan.singh.7b2c1d@trendlytics.io,Karan,Singh,2026-08-29 20:58:21.924496,luxury,0,mobile
11564,meera.sharma.40cc2a,meera.sharma.40cc2a@trendlytics.io,Meera,Sharma,2026-08-05 20:58:21.924496,trendsetter,0,mobile
11565,sneha.kapoor.de406e,sneha.kapoor.de406e@trendlytics.io,Sneha,Kapoor,2026-08-29 20:58:21.924496,occasional,0,mobile
11566,vikram.kapoor.a5f7d6,vikram.kapoor.a5f7d6@trendlytics.io,Vikram,Kapoor,2026-08-11 20:58:21.924496,luxury,0,mobile
11567,priya.reddy.518001,priya.reddy.518001@trendlytics.io,Priya,Reddy,2026-08-05 20:58:21.924496,luxury,0,mobile
11568,ananya.das.799f75,ananya.das.799f75@trendlytics.io,Ananya,Das,2026-08-16 20:58:21.924496,occasional,1,desktop
11569,tanvi.banerjee.c15480,tanvi.banerjee.c15480@trendlytics.io,Tanvi,Banerjee,2026-08-22 20:58:21.924496,occasional,0,mobile
11570,arjun.patel.7c2c9d,arjun.patel.7c2c9d@trendlytics.io,Arjun,Patel,2026-08-18 20:58:21.924496,luxury,1,mobile
11571,kabir.verma.a0a0be,kabir.verma.a0a0be@trendlytics.io,Kabir,Verma,2026-08-23 20:58:21.924496,trendsetter,1,mobile
11572,meera.nair.89c982,meera.nair.89c982@trendlytics.io,Meera,Nair,2026-08-03 20:58:21.924496,budget,0,desktop
11573,aarav.iyer.7ea177,aarav.iyer.7ea177@trendlytics.io,Aarav,Iyer,2026-08-14 20:58:21.924496,budget,0,mobile
11574,karan.mehta.a6c29b,karan.mehta.a6c29b@trendlytics.io,Karan,Mehta,2026-07-31 20:58:21.924496,trendsetter,0,mobile
11575,ananya.kapoor.41a4d2,ananya.kapoor.41a4d2@trendlytics.io,Ananya,Kapoor,2026-08-29 20:58:21.924496,luxury,1,mobile
11576,riya.kapoor.aa5df2,riya.kapoor.aa5df2@trendlytics.io,Riya,Kapoor,2026-08-19 20:58:21.924496,trendsetter,1,mobile
11577,priya.iyer.cad84c,priya.iyer.cad84c@trendlytics.io,Priya,Iyer,2026-08-12 20:58:21.924496,luxury,1,desktop
11578,ananya.chopra.79b4c9,ananya.chopra.79b4c9@trendlytics.io,Ananya,Chopra,2026-08-22 20:58:21.924496,trendsetter,1,desktop
11579,aarav.sen.ec4bc9,aarav.sen.ec4bc9@trendlytics.io,Aarav,Sen,2026-08-21 20:58:21.924496,budget,0,mobile
11580,rahul.gupta.df2f07,rahul.gupta.df2f07@trendlytics.io,Rahul,Gupta,2026-08-22 20:58:21.924496,trendsetter,1,mobile
11581,karan.sharma.1d7307,karan.sharma.1d7307@trendlytics.io,Karan,Sharma,2026-08-28 20:58:21.924496,luxury,0,desktop
11582,meera.das.2cb217,meera.das.2cb217@trendlytics.io,Meera,Das,2026-07-30 20:58:21.924496,budget,0,mobile
11583,priya.gupta.fe4dfb,priya.gupta.fe4dfb@trendlytics.io,Priya,Gupta,2026-08-10 20:58:21.924496,budget,0,mobile
11584,sneha.mehta.be8687,sneha.mehta.be8687@trendlytics.io,Sneha,Mehta,2026-08-19 20:58:21.924496,budget,0,mobile
11585,rohan.patel.276aa5,rohan.patel.276aa5@trendlytics.io,Rohan,Patel,2026-08-11 20:58:21.924496,occasional,0,mobile
11586,rahul.sharma.d5cc5c,rahul.sharma.d5cc5c@trendlytics.io,Rahul,Sharma,2026-08-27 20:58:21.924496,luxury,0,mobile
11587,priya.chopra.b11fc1,priya.chopra.b11fc1@trendlytics.io,Priya,Chopra,2026-08-10 20:58:21.924496,budget,0,mobile
11588,riya.sen.b5630f,riya.sen.b5630f@trendlytics.io,Riya,Sen,2026-07-31 20:58:21.924496,luxury,0,mobile
11589,kabir.chopra.e07ce0,kabir.chopra.e07ce0@trendlytics.io,Kabir,Chopra,2026-08-21 20:58:21.924496,trendsetter,1,mobile
11590,ananya.reddy.2e1843,ananya.reddy.2e1843@trendlytics.io,Ananya,Reddy,2026-08-05 20:58:21.924496,budget,0,mobile
11591,riya.mehta.1c7be3,riya.mehta.1c7be3@trendlytics.io,Riya,Mehta,2026-08-13 20:58:21.924496,budget,0,desktop
11592,aditya.das.b78917,aditya.das.b78917@trendlytics.io,Aditya,Das,2026-08-19 20:58:21.924496,trendsetter,0,desktop
11593,vikram.iyer.415bad,vikram.iyer.415bad@trendlytics.io,Vikram,Iyer,2026-07-31 20:58:21.924496,trendsetter,1,mobile
11594,neha.singh.654122,neha.singh.654122@trendlytics.io,Neha,Singh,2026-08-27 20:58:21.924496,luxury,1,mobile
11595,meera.banerjee.1c4b55,meera.banerjee.1c4b55@trendlytics.io,Meera,Banerjee,2026-08-24 20:58:21.924496,trendsetter,1,desktop
11596,rohan.sharma.3572a6,rohan.sharma.3572a6@trendlytics.io,Rohan,Sharma,2026-08-12 20:58:21.924496,luxury,0,mobile
11597,rahul.joshi.9fea5e,rahul.joshi.9fea5e@trendlytics.io,Rahul,Joshi,2026-08-18 20:58:21.924496,budget,1,tablet
11598,kabir.mehta.6e0f90,kabir.mehta.6e0f90@trendlytics.io,Kabir,Mehta,2026-08-01 20:58:21.924496,budget,1,mobile
11599,vikram.nair.ede0c3,vikram.nair.ede0c3@trendlytics.io,Vikram,Nair,2026-08-01 20:58:21.924496,luxury,0,mobile
11600,kabir.iyer.1d83bf,kabir.iyer.1d83bf@trendlytics.io,Kabir,Iyer,2026-08-12 20:58:21.924496,trendsetter,0,tablet
11601,tanvi.nair.d78c0e,tanvi.nair.d78c0e@trendlytics.io,Tanvi,Nair,2026-08-21 20:58:21.924496,trendsetter,1,desktop
11602,rohan.nair.6d1197,rohan.nair.6d1197@trendlytics.io,Rohan,Nair,2026-08-12 20:58:21.924496,trendsetter,0,mobile
11603,neha.iyer.fc9504,neha.iyer.fc9504@trendlytics.io,Neha,Iyer,2026-08-07 20:58:21.924496,occasional,0,mobile
11604,kabir.banerjee.5ab6b1,kabir.banerjee.5ab6b1@trendlytics.io,Kabir,Banerjee,2026-08-19 20:58:21.924496,trendsetter,0,mobile
11605,sneha.banerjee.0a5da6,sneha.banerjee.0a5da6@trendlytics.io,Sneha,Banerjee,2026-08-11 20:58:21.924496,trendsetter,1,mobile
11606,meera.sen.339703,meera.sen.339703@trendlytics.io,Meera,Sen,2026-08-15 20:58:21.924496,luxury,0,mobile
11607,pooja.mehta.44061f,pooja.mehta.44061f@trendlytics.io,Pooja,Mehta,2026-08-08 20:58:21.924496,luxury,1,tablet
11608,neha.kapoor.2d3f21,neha.kapoor.2d3f21@trendlytics.io,Neha,Kapoor,2026-08-26 20:58:21.924496,budget,1,desktop
11609,kabir.das.244413,kabir.das.244413@trendlytics.io,Kabir,Das,2026-08-05 20:58:21.924496,occasional,0,mobile
11610,neha.reddy.224442,neha.reddy.224442@trendlytics.io,Neha,Reddy,2026-08-09 20:58:21.924496,luxury,1,mobile
11611,rahul.singh.aa7fd4,rahul.singh.aa7fd4@trendlytics.io,Rahul,Singh,2026-08-06 20:58:21.924496,budget,0,mobile
11612,tanvi.das.e1dcb1,tanvi.das.e1dcb1@trendlytics.io,Tanvi,Das,2026-08-25 20:58:21.924496,occasional,1,mobile
11613,arjun.verma.27c79d,arjun.verma.27c79d@trendlytics.io,Arjun,Verma,2026-08-09 20:58:21.924496,luxury,0,desktop
11614,rohan.gupta.946fc0,rohan.gupta.946fc0@trendlytics.io,Rohan,Gupta,2026-08-12 20:58:21.924496,trendsetter,1,mobile
11615,karan.das.9d9240,karan.das.9d9240@trendlytics.io,Karan,Das,2026-08-13 20:58:21.924496,budget,1,desktop
11616,vikram.reddy.ba90c9,vikram.reddy.ba90c9@trendlytics.io,Vikram,Reddy,2026-08-07 20:58:21.924496,luxury,0,mobile
11617,meera.das.edf8ef,meera.das.edf8ef@trendlytics.io,Meera,Das,2026-08-05 20:58:21.924496,budget,0,desktop
11618,ananya.patel.b400ec,ananya.patel.b400ec@trendlytics.io,Ananya,Patel,2026-08-22 20:58:21.924496,budget,1,desktop
11619,vikram.chopra.7d573f,vikram.chopra.7d573f@trendlytics.io,Vikram,Chopra,2026-08-04 20:58:21.924496,trendsetter,0,desktop
11620,priya.chopra.376f30,priya.chopra.376f30@trendlytics.io,Priya,Chopra,2026-08-14 20:58:21.924496,luxury,1,mobile
11621,arjun.iyer.2f9e17,arjun.iyer.2f9e17@trendlytics.io,Arjun,Iyer,2026-08-10 20:58:21.924496,luxury,0,desktop
11622,pooja.reddy.e85387,pooja.reddy.e85387@trendlytics.io,Pooja,Reddy,2026-08-13 20:58:21.924496,occasional,1,mobile
11623,kabir.singh.1d0528,kabir.singh.1d0528@trendlytics.io,Kabir,Singh,2026-07-30 20:58:21.924496,occasional,0,desktop
11624,priya.gupta.4e7e51,priya.gupta.4e7e51@trendlytics.io,Priya,Gupta,2026-08-28 20:58:21.924496,luxury,0,mobile
11625,sneha.kapoor.bf932c,sneha.kapoor.bf932c@trendlytics.io,Sneha,Kapoor,2026-08-02 20:58:21.924496,budget,0,mobile
11626,pooja.gupta.28af59,pooja.gupta.28af59@trendlytics.io,Pooja,Gupta,2026-08-28 20:58:21.924496,occasional,0,mobile
11627,tanvi.gupta.007bd7,tanvi.gupta.007bd7@trendlytics.io,Tanvi,Gupta,2026-08-11 20:58:21.924496,occasional,0,mobile
11628,aarav.patel.d9ba85,aarav.patel.d9ba85@trendlytics.io,Aarav,Patel,2026-08-03 20:58:21.924496,trendsetter,1,desktop
11629,sneha.nair.17d8ec,sneha.nair.17d8ec@trendlytics.io,Sneha,Nair,2026-08-01 20:58:21.924496,luxury,0,desktop
11630,arjun.singh.b80873,arjun.singh.b80873@trendlytics.io,Arjun,Singh,2026-08-05 20:58:21.924496,occasional,0,mobile
11631,kabir.sharma.66ccc3,kabir.sharma.66ccc3@trendlytics.io,Kabir,Sharma,2026-08-22 20:58:21.924496,luxury,0,mobile
11632,aditya.reddy.6cae73,aditya.reddy.6cae73@trendlytics.io,Aditya,Reddy,2026-08-22 20:58:21.924496,luxury,1,mobile
11633,rohan.iyer.32225e,rohan.iyer.32225e@trendlytics.io,Rohan,Iyer,2026-08-06 20:58:21.924496,occasional,0,mobile
11634,arjun.sharma.0a5141,arjun.sharma.0a5141@trendlytics.io,Arjun,Sharma,2026-08-26 20:58:21.924496,budget,1,mobile
11635,aarav.joshi.8424b8,aarav.joshi.8424b8@trendlytics.io,Aarav,Joshi,2026-08-27 20:58:21.924496,budget,0,desktop
11636,vikram.sharma.e3c44f,vikram.sharma.e3c44f@trendlytics.io,Vikram,Sharma,2026-08-07 20:58:21.924496,trendsetter,0,mobile
11637,neha.kapoor.430130,neha.kapoor.430130@trendlytics.io,Neha,Kapoor,2026-08-24 20:58:21.924496,occasional,0,mobile
11638,sneha.das.9e366a,sneha.das.9e366a@trendlytics.io,Sneha,Das,2026-08-19 20:58:21.924496,luxury,0,tablet
11639,aarav.chopra.32cfe6,aarav.chopra.32cfe6@trendlytics.io,Aarav,Chopra,2026-08-10 20:58:21.924496,trendsetter,0,desktop
11640,aarav.nair.0f92be,aarav.nair.0f92be@trendlytics.io,Aarav,Nair,2026-08-01 20:58:21.924496,budget,0,mobile
11641,priya.nair.714ff2,priya.nair.714ff2@trendlytics.io,Priya,Nair,2026-08-05 20:58:21.924496,budget,0,mobile
11642,rohan.iyer.b533a3,rohan.iyer.b533a3@trendlytics.io,Rohan,Iyer,2026-08-28 20:58:21.924496,budget,0,desktop
11643,pooja.nair.f810c7,pooja.nair.f810c7@trendlytics.io,Pooja,Nair,2026-08-22 20:58:21.924496,luxury,1,mobile
11644,rohan.banerjee.c7b73d,rohan.banerjee.c7b73d@trendlytics.io,Rohan,Banerjee,2026-08-20 20:58:21.924496,trendsetter,0,mobile
11645,rohan.iyer.e3d5e8,rohan.iyer.e3d5e8@trendlytics.io,Rohan,Iyer,2026-08-21 20:58:21.924496,luxury,1,tablet
11646,arjun.reddy.d07421,arjun.reddy.d07421@trendlytics.io,Arjun,Reddy,2026-08-02 20:58:21.924496,budget,1,mobile
11647,riya.banerjee.d1d991,riya.banerjee.d1d991@trendlytics.io,Riya,Banerjee,2026-08-16 20:58:21.924496,trendsetter,1,desktop
11648,vikram.nair.3767c5,vikram.nair.3767c5@trendlytics.io,Vikram,Nair,2026-08-15 20:58:21.924496,trendsetter,0,mobile
11649,ananya.mehta.c886c7,ananya.mehta.c886c7@trendlytics.io,Ananya,Mehta,2026-08-07 20:58:21.924496,trendsetter,0,mobile
11650,sneha.gupta.c8d976,sneha.gupta.c8d976@trendlytics.io,Sneha,Gupta,2026-08-11 20:58:21.924496,budget,0,mobile
11651,aditya.singh.e175e2,aditya.singh.e175e2@trendlytics.io,Aditya,Singh,2026-08-07 20:58:21.924496,budget,0,mobile
11652,neha.das.974d65,neha.das.974d65@trendlytics.io,Neha,Das,2026-08-01 20:58:21.924496,luxury,0,mobile
11653,karan.kapoor.6f371b,karan.kapoor.6f371b@trendlytics.io,Karan,Kapoor,2026-07-31 20:58:21.924496,luxury,1,desktop
11654,vikram.das.070a4a,vikram.das.070a4a@trendlytics.io,Vikram,Das,2026-08-11 20:58:21.924496,budget,0,desktop
11655,aditya.joshi.9b4368,aditya.joshi.9b4368@trendlytics.io,Aditya,Joshi,2026-08-22 20:58:21.924496,occasional,1,mobile
11656,tanvi.gupta.34074f,tanvi.gupta.34074f@trendlytics.io,Tanvi,Gupta,2026-08-11 20:58:21.924496,luxury,1,mobile
11657,aditya.iyer.300c3c,aditya.iyer.300c3c@trendlytics.io,Aditya,Iyer,2026-08-24 20:58:21.924496,luxury,0,mobile
11658,arjun.verma.e40b95,arjun.verma.e40b95@trendlytics.io,Arjun,Verma,2026-08-23 20:58:21.924496,trendsetter,1,mobile
11659,neha.sharma.3d62b0,neha.sharma.3d62b0@trendlytics.io,Neha,Sharma,2026-08-16 20:58:21.924496,budget,0,mobile
11660,arjun.patel.25b56f,arjun.patel.25b56f@trendlytics.io,Arjun,Patel,2026-08-09 20:58:21.924496,occasional,0,mobile
11661,karan.verma.4ac427,karan.verma.4ac427@trendlytics.io,Karan,Verma,2026-08-07 20:58:21.924496,budget,0,mobile
11662,riya.kapoor.d14cf8,riya.kapoor.d14cf8@trendlytics.io,Riya,Kapoor,2026-08-15 20:58:21.924496,budget,0,mobile
11663,riya.kapoor.cfd387,riya.kapoor.cfd387@trendlytics.io,Riya,Kapoor,2026-08-09 20:58:21.924496,luxury,0,tablet
11664,tanvi.singh.cfb863,tanvi.singh.cfb863@trendlytics.io,Tanvi,Singh,2026-08-16 20:58:21.924496,luxury,0,mobile
11665,priya.mehta.37e5d3,priya.mehta.37e5d3@trendlytics.io,Priya,Mehta,2026-08-11 20:58:21.924496,budget,0,desktop
11666,aditya.verma.c18e55,aditya.verma.c18e55@trendlytics.io,Aditya,Verma,2026-07-30 20:58:21.924496,trendsetter,0,mobile
11667,pooja.das.2faa38,pooja.das.2faa38@trendlytics.io,Pooja,Das,2026-08-19 20:58:21.924496,budget,0,tablet
11668,neha.reddy.2aa98c,neha.reddy.2aa98c@trendlytics.io,Neha,Reddy,2026-08-16 20:58:21.924496,luxury,1,mobile
11669,aditya.chopra.302076,aditya.chopra.302076@trendlytics.io,Aditya,Chopra,2026-08-02 20:58:21.924496,occasional,0,desktop
11670,arjun.banerjee.141684,arjun.banerjee.141684@trendlytics.io,Arjun,Banerjee,2026-08-02 20:58:21.924496,occasional,1,mobile
11671,neha.chopra.aecc5e,neha.chopra.aecc5e@trendlytics.io,Neha,Chopra,2026-08-07 20:58:21.924496,budget,0,desktop
11672,riya.sharma.bf189b,riya.sharma.bf189b@trendlytics.io,Riya,Sharma,2026-08-01 20:58:21.924496,trendsetter,1,desktop
11673,rahul.iyer.d5310a,rahul.iyer.d5310a@trendlytics.io,Rahul,Iyer,2026-08-11 20:58:21.924496,trendsetter,1,mobile
11674,priya.sen.fb3cee,priya.sen.fb3cee@trendlytics.io,Priya,Sen,2026-08-16 20:58:21.924496,luxury,0,mobile
11675,vikram.reddy.8e9f56,vikram.reddy.8e9f56@trendlytics.io,Vikram,Reddy,2026-07-31 20:58:21.924496,trendsetter,0,mobile
11676,karan.banerjee.274779,karan.banerjee.274779@trendlytics.io,Karan,Banerjee,2026-08-23 20:58:21.924496,luxury,1,desktop
11677,priya.iyer.54796a,priya.iyer.54796a@trendlytics.io,Priya,Iyer,2026-08-21 20:58:21.924496,luxury,0,desktop
11678,ananya.kapoor.f3bcbb,ananya.kapoor.f3bcbb@trendlytics.io,Ananya,Kapoor,2026-08-18 20:58:21.924496,luxury,0,desktop
11679,rohan.gupta.d32f2a,rohan.gupta.d32f2a@trendlytics.io,Rohan,Gupta,2026-07-30 20:58:21.924496,trendsetter,0,mobile
11680,karan.singh.4b86cd,karan.singh.4b86cd@trendlytics.io,Karan,Singh,2026-08-20 20:58:21.924496,budget,0,mobile
11681,aditya.joshi.a8177a,aditya.joshi.a8177a@trendlytics.io,Aditya,Joshi,2026-08-29 20:58:21.924496,occasional,0,desktop
11682,meera.das.089d49,meera.das.089d49@trendlytics.io,Meera,Das,2026-08-08 20:58:21.924496,occasional,0,mobile
11683,rahul.reddy.7dbc81,rahul.reddy.7dbc81@trendlytics.io,Rahul,Reddy,2026-08-07 20:58:21.924496,occasional,1,mobile
11684,priya.sen.81ecdf,priya.sen.81ecdf@trendlytics.io,Priya,Sen,2026-08-05 20:58:21.924496,luxury,1,mobile
11685,pooja.verma.5a9c84,pooja.verma.5a9c84@trendlytics.io,Pooja,Verma,2026-08-18 20:58:21.924496,luxury,1,desktop
11686,ananya.nair.27375f,ananya.nair.27375f@trendlytics.io,Ananya,Nair,2026-08-12 20:58:21.924496,trendsetter,1,mobile
11687,pooja.reddy.5360ba,pooja.reddy.5360ba@trendlytics.io,Pooja,Reddy,2026-08-15 20:58:21.924496,luxury,0,mobile
11688,vikram.singh.3c8cb3,vikram.singh.3c8cb3@trendlytics.io,Vikram,Singh,2026-08-02 20:58:21.924496,luxury,1,tablet
11689,arjun.gupta.0e003e,arjun.gupta.0e003e@trendlytics.io,Arjun,Gupta,2026-08-16 20:58:21.924496,budget,0,mobile
11690,karan.iyer.2cc537,karan.iyer.2cc537@trendlytics.io,Karan,Iyer,2026-08-13 20:58:21.924496,luxury,1,mobile
11691,sneha.nair.dcf71e,sneha.nair.dcf71e@trendlytics.io,Sneha,Nair,2026-08-19 20:58:21.924496,luxury,0,mobile
11692,priya.iyer.fe27e5,priya.iyer.fe27e5@trendlytics.io,Priya,Iyer,2026-08-27 20:58:21.924496,trendsetter,0,mobile
11693,pooja.reddy.095e6c,pooja.reddy.095e6c@trendlytics.io,Pooja,Reddy,2026-08-29 20:58:21.924496,trendsetter,1,desktop
11694,meera.joshi.d77b25,meera.joshi.d77b25@trendlytics.io,Meera,Joshi,2026-08-14 20:58:21.924496,trendsetter,0,mobile
11695,pooja.banerjee.422ba9,pooja.banerjee.422ba9@trendlytics.io,Pooja,Banerjee,2026-07-31 20:58:21.924496,trendsetter,1,tablet
11696,riya.nair.8b3326,riya.nair.8b3326@trendlytics.io,Riya,Nair,2026-08-29 20:58:21.924496,occasional,1,desktop
11697,sneha.sen.453325,sneha.sen.453325@trendlytics.io,Sneha,Sen,2026-08-22 20:58:21.924496,budget,1,desktop
11698,riya.singh.4431d5,riya.singh.4431d5@trendlytics.io,Riya,Singh,2026-08-02 20:58:21.924496,luxury,0,mobile
11699,vikram.sharma.23c805,vikram.sharma.23c805@trendlytics.io,Vikram,Sharma,2026-08-07 20:58:21.924496,luxury,1,mobile
11700,vikram.sen.3ee353,vikram.sen.3ee353@trendlytics.io,Vikram,Sen,2026-08-01 20:58:21.924496,occasional,0,mobile
11701,arjun.singh.949102,arjun.singh.949102@trendlytics.io,Arjun,Singh,2026-08-05 20:58:21.924496,luxury,1,tablet
11702,kabir.sharma.7d1d9d,kabir.sharma.7d1d9d@trendlytics.io,Kabir,Sharma,2026-08-22 20:58:21.924496,budget,1,mobile
11703,vikram.patel.17765f,vikram.patel.17765f@trendlytics.io,Vikram,Patel,2026-08-09 20:58:21.924496,occasional,0,mobile
11704,karan.chopra.83d662,karan.chopra.83d662@trendlytics.io,Karan,Chopra,2026-08-21 20:58:21.924496,occasional,1,mobile
11705,kabir.kapoor.9a2f6d,kabir.kapoor.9a2f6d@trendlytics.io,Kabir,Kapoor,2026-08-01 20:58:21.924496,trendsetter,0,mobile
11706,sneha.verma.c388f4,sneha.verma.c388f4@trendlytics.io,Sneha,Verma,2026-07-30 20:58:21.924496,occasional,0,mobile
11707,riya.reddy.ba3c4a,riya.reddy.ba3c4a@trendlytics.io,Riya,Reddy,2026-08-07 20:58:21.924496,budget,0,mobile
11708,meera.patel.cf930a,meera.patel.cf930a@trendlytics.io,Meera,Patel,2026-08-02 20:58:21.924496,occasional,1,desktop
11709,kabir.reddy.c5149e,kabir.reddy.c5149e@trendlytics.io,Kabir,Reddy,2026-08-02 20:58:21.924496,budget,0,mobile
11710,ananya.mehta.ddd685,ananya.mehta.ddd685@trendlytics.io,Ananya,Mehta,2026-08-25 20:58:21.924496,occasional,0,mobile
11711,aarav.nair.1d82f3,aarav.nair.1d82f3@trendlytics.io,Aarav,Nair,2026-08-05 20:58:21.924496,luxury,0,mobile
11712,tanvi.gupta.d94435,tanvi.gupta.d94435@trendlytics.io,Tanvi,Gupta,2026-08-21 20:58:21.924496,budget,0,desktop
11713,vikram.singh.57eb38,vikram.singh.57eb38@trendlytics.io,Vikram,Singh,2026-08-15 20:58:21.924496,budget,0,desktop
11714,arjun.mehta.6653ba,arjun.mehta.6653ba@trendlytics.io,Arjun,Mehta,2026-08-27 20:58:21.924496,luxury,0,mobile
11715,vikram.iyer.a59541,vikram.iyer.a59541@trendlytics.io,Vikram,Iyer,2026-08-01 20:58:21.924496,budget,0,mobile
11716,meera.gupta.dd80f6,meera.gupta.dd80f6@trendlytics.io,Meera,Gupta,2026-08-24 20:58:21.924496,trendsetter,0,mobile
11717,sneha.singh.646169,sneha.singh.646169@trendlytics.io,Sneha,Singh,2026-08-10 20:58:21.924496,luxury,0,desktop
11718,aditya.nair.321760,aditya.nair.321760@trendlytics.io,Aditya,Nair,2026-08-07 20:58:21.924496,budget,1,mobile
11719,priya.joshi.1da162,priya.joshi.1da162@trendlytics.io,Priya,Joshi,2026-08-01 20:58:21.924496,occasional,0,mobile
11720,priya.reddy.be43c8,priya.reddy.be43c8@trendlytics.io,Priya,Reddy,2026-08-26 20:58:21.924496,occasional,1,desktop
11721,meera.iyer.337864,meera.iyer.337864@trendlytics.io,Meera,Iyer,2026-08-02 20:58:21.924496,trendsetter,0,mobile
11722,arjun.sen.94c3b5,arjun.sen.94c3b5@trendlytics.io,Arjun,Sen,2026-08-15 20:58:21.924496,trendsetter,0,mobile
11723,kabir.kapoor.b8a388,kabir.kapoor.b8a388@trendlytics.io,Kabir,Kapoor,2026-08-08 20:58:21.924496,trendsetter,0,mobile
11724,sneha.patel.5e52db,sneha.patel.5e52db@trendlytics.io,Sneha,Patel,2026-08-12 20:58:21.924496,luxury,0,desktop
11725,priya.kapoor.0183c0,priya.kapoor.0183c0@trendlytics.io,Priya,Kapoor,2026-08-11 20:58:21.924496,budget,1,desktop
11726,aditya.singh.b31990,aditya.singh.b31990@trendlytics.io,Aditya,Singh,2026-08-19 20:58:21.924496,trendsetter,1,desktop
11727,rohan.banerjee.281262,rohan.banerjee.281262@trendlytics.io,Rohan,Banerjee,2026-08-17 20:58:21.924496,trendsetter,0,mobile
11728,tanvi.sen.9e44fc,tanvi.sen.9e44fc@trendlytics.io,Tanvi,Sen,2026-08-27 20:58:21.924496,occasional,0,mobile
11729,karan.reddy.c2666a,karan.reddy.c2666a@trendlytics.io,Karan,Reddy,2026-08-24 20:58:21.924496,budget,0,mobile
11730,kabir.banerjee.f343ae,kabir.banerjee.f343ae@trendlytics.io,Kabir,Banerjee,2026-08-03 20:58:21.924496,occasional,0,mobile
11731,tanvi.sharma.46e5af,tanvi.sharma.46e5af@trendlytics.io,Tanvi,Sharma,2026-08-15 20:58:21.924496,occasional,0,mobile
11732,priya.kapoor.31b912,priya.kapoor.31b912@trendlytics.io,Priya,Kapoor,2026-08-13 20:58:21.924496,occasional,0,desktop
11733,karan.verma.65bf1b,karan.verma.65bf1b@trendlytics.io,Karan,Verma,2026-08-24 20:58:21.924496,trendsetter,1,mobile
11734,karan.joshi.81af14,karan.joshi.81af14@trendlytics.io,Karan,Joshi,2026-08-22 20:58:21.924496,budget,0,tablet
11735,pooja.joshi.7e56ee,pooja.joshi.7e56ee@trendlytics.io,Pooja,Joshi,2026-08-05 20:58:21.924496,luxury,0,mobile
11736,rahul.sharma.62c257,rahul.sharma.62c257@trendlytics.io,Rahul,Sharma,2026-08-20 20:58:21.924496,luxury,0,mobile
11737,meera.patel.18fe30,meera.patel.18fe30@trendlytics.io,Meera,Patel,2026-08-05 20:58:21.924496,occasional,0,mobile
11738,aditya.joshi.6244a5,aditya.joshi.6244a5@trendlytics.io,Aditya,Joshi,2026-08-05 20:58:21.924496,trendsetter,1,mobile
11739,tanvi.sharma.1207e6,tanvi.sharma.1207e6@trendlytics.io,Tanvi,Sharma,2026-08-23 20:58:21.924496,trendsetter,0,mobile
11740,aarav.iyer.5a12ff,aarav.iyer.5a12ff@trendlytics.io,Aarav,Iyer,2026-08-22 20:58:21.924496,occasional,0,desktop
11741,pooja.verma.68d9b2,pooja.verma.68d9b2@trendlytics.io,Pooja,Verma,2026-08-08 20:58:21.924496,luxury,0,mobile
11742,meera.das.08448e,meera.das.08448e@trendlytics.io,Meera,Das,2026-08-22 20:58:21.924496,budget,1,desktop
11743,vikram.das.bae966,vikram.das.bae966@trendlytics.io,Vikram,Das,2026-08-15 20:58:21.924496,trendsetter,0,desktop
11744,karan.verma.9745d6,karan.verma.9745d6@trendlytics.io,Karan,Verma,2026-07-31 20:58:21.924496,luxury,0,mobile
11745,ananya.singh.280d0e,ananya.singh.280d0e@trendlytics.io,Ananya,Singh,2026-08-01 20:58:21.924496,occasional,0,mobile
11746,neha.kapoor.17a3ab,neha.kapoor.17a3ab@trendlytics.io,Neha,Kapoor,2026-08-13 20:58:21.924496,trendsetter,0,mobile
11747,priya.das.c64d54,priya.das.c64d54@trendlytics.io,Priya,Das,2026-08-13 20:58:21.924496,budget,0,desktop
11748,neha.iyer.f3929f,neha.iyer.f3929f@trendlytics.io,Neha,Iyer,2026-08-13 20:58:21.924496,trendsetter,0,desktop
11749,priya.reddy.cafb28,priya.reddy.cafb28@trendlytics.io,Priya,Reddy,2026-08-18 20:58:21.924496,trendsetter,1,mobile
11750,tanvi.iyer.2b2014,tanvi.iyer.2b2014@trendlytics.io,Tanvi,Iyer,2026-08-29 20:58:21.924496,luxury,1,mobile
11751,rahul.singh.29a4f8,rahul.singh.29a4f8@trendlytics.io,Rahul,Singh,2026-08-19 20:58:21.924496,occasional,1,mobile
11752,kabir.verma.c8cc1b,kabir.verma.c8cc1b@trendlytics.io,Kabir,Verma,2026-08-25 20:58:21.924496,trendsetter,0,desktop
11753,karan.das.917dec,karan.das.917dec@trendlytics.io,Karan,Das,2026-08-12 20:58:21.924496,budget,0,mobile
11754,meera.verma.a4d0e0,meera.verma.a4d0e0@trendlytics.io,Meera,Verma,2026-08-21 20:58:21.924496,occasional,0,mobile
11755,arjun.reddy.b6c50c,arjun.reddy.b6c50c@trendlytics.io,Arjun,Reddy,2026-08-22 20:58:21.924496,budget,0,tablet
11756,tanvi.reddy.a6ef51,tanvi.reddy.a6ef51@trendlytics.io,Tanvi,Reddy,2026-07-31 20:58:21.924496,occasional,0,mobile
11757,riya.verma.f0bffa,riya.verma.f0bffa@trendlytics.io,Riya,Verma,2026-08-14 20:58:21.924496,trendsetter,0,desktop
11758,kabir.banerjee.02f40d,kabir.banerjee.02f40d@trendlytics.io,Kabir,Banerjee,2026-08-28 20:58:21.924496,occasional,1,tablet
11759,priya.nair.62babb,priya.nair.62babb@trendlytics.io,Priya,Nair,2026-08-06 20:58:21.924496,trendsetter,1,mobile
11760,aditya.iyer.710e49,aditya.iyer.710e49@trendlytics.io,Aditya,Iyer,2026-08-02 20:58:21.924496,trendsetter,0,mobile
11761,kabir.kapoor.92cc1e,kabir.kapoor.92cc1e@trendlytics.io,Kabir,Kapoor,2026-08-01 20:58:21.924496,trendsetter,0,mobile
11762,rohan.chopra.043f7f,rohan.chopra.043f7f@trendlytics.io,Rohan,Chopra,2026-08-06 20:58:21.924496,luxury,0,desktop
11763,riya.das.5af962,riya.das.5af962@trendlytics.io,Riya,Das,2026-08-04 20:58:21.924496,trendsetter,1,mobile
11764,tanvi.singh.dc42c3,tanvi.singh.dc42c3@trendlytics.io,Tanvi,Singh,2026-08-05 20:58:21.924496,budget,0,mobile
11765,pooja.mehta.667f47,pooja.mehta.667f47@trendlytics.io,Pooja,Mehta,2026-08-23 20:58:21.924496,luxury,0,mobile
11766,kabir.nair.e17bd5,kabir.nair.e17bd5@trendlytics.io,Kabir,Nair,2026-08-11 20:58:21.924496,budget,1,tablet
11767,karan.nair.94b41e,karan.nair.94b41e@trendlytics.io,Karan,Nair,2026-08-14 20:58:21.924496,trendsetter,0,desktop
11768,riya.gupta.1133a9,riya.gupta.1133a9@trendlytics.io,Riya,Gupta,2026-08-03 20:58:21.924496,occasional,0,desktop
11769,pooja.reddy.194df3,pooja.reddy.194df3@trendlytics.io,Pooja,Reddy,2026-08-11 20:58:21.924496,budget,1,mobile
11770,neha.iyer.962ea8,neha.iyer.962ea8@trendlytics.io,Neha,Iyer,2026-08-12 20:58:21.924496,occasional,1,desktop
11771,kabir.mehta.a55112,kabir.mehta.a55112@trendlytics.io,Kabir,Mehta,2026-08-16 20:58:21.924496,budget,1,mobile
11772,arjun.das.71ab6e,arjun.das.71ab6e@trendlytics.io,Arjun,Das,2026-08-09 20:58:21.924496,luxury,0,mobile
11773,arjun.das.642141,arjun.das.642141@trendlytics.io,Arjun,Das,2026-07-30 20:58:21.924496,trendsetter,1,desktop
11774,aditya.gupta.e67653,aditya.gupta.e67653@trendlytics.io,Aditya,Gupta,2026-08-22 20:58:21.924496,luxury,0,mobile
11775,vikram.banerjee.823275,vikram.banerjee.823275@trendlytics.io,Vikram,Banerjee,2026-08-15 20:58:21.924496,budget,1,desktop
11776,tanvi.joshi.914f45,tanvi.joshi.914f45@trendlytics.io,Tanvi,Joshi,2026-07-31 20:58:21.924496,luxury,0,mobile
11777,tanvi.chopra.b43e68,tanvi.chopra.b43e68@trendlytics.io,Tanvi,Chopra,2026-08-25 20:58:21.924496,budget,1,tablet
11778,neha.nair.3c075a,neha.nair.3c075a@trendlytics.io,Neha,Nair,2026-08-20 20:58:21.924496,luxury,0,desktop
11779,aditya.iyer.aa4923,aditya.iyer.aa4923@trendlytics.io,Aditya,Iyer,2026-08-21 20:58:21.924496,trendsetter,0,mobile
11780,vikram.patel.7539a2,vikram.patel.7539a2@trendlytics.io,Vikram,Patel,2026-08-02 20:58:21.924496,budget,0,mobile
11781,neha.gupta.327b49,neha.gupta.327b49@trendlytics.io,Neha,Gupta,2026-08-05 20:58:21.924496,budget,1,mobile
11782,pooja.nair.944a3f,pooja.nair.944a3f@trendlytics.io,Pooja,Nair,2026-08-21 20:58:21.924496,budget,1,desktop
11783,ananya.banerjee.95e030,ananya.banerjee.95e030@trendlytics.io,Ananya,Banerjee,2026-08-09 20:58:21.924496,budget,0,mobile
11784,kabir.das.505922,kabir.das.505922@trendlytics.io,Kabir,Das,2026-08-10 20:58:21.924496,budget,1,mobile
11785,sneha.sen.921f50,sneha.sen.921f50@trendlytics.io,Sneha,Sen,2026-08-16 20:58:21.924496,trendsetter,0,mobile
11786,tanvi.joshi.f7470f,tanvi.joshi.f7470f@trendlytics.io,Tanvi,Joshi,2026-08-20 20:58:21.924496,budget,0,desktop
11787,rohan.sen.38945a,rohan.sen.38945a@trendlytics.io,Rohan,Sen,2026-08-10 20:58:21.924496,occasional,0,mobile
11788,sneha.sharma.56fed3,sneha.sharma.56fed3@trendlytics.io,Sneha,Sharma,2026-08-21 20:58:21.924496,occasional,1,mobile
11789,arjun.chopra.a1bc00,arjun.chopra.a1bc00@trendlytics.io,Arjun,Chopra,2026-08-10 20:58:21.924496,budget,0,mobile
11790,tanvi.mehta.89aaa9,tanvi.mehta.89aaa9@trendlytics.io,Tanvi,Mehta,2026-08-21 20:58:21.924496,budget,0,desktop
11791,aarav.joshi.310fe6,aarav.joshi.310fe6@trendlytics.io,Aarav,Joshi,2026-08-23 20:58:21.924496,trendsetter,0,mobile
11792,arjun.banerjee.ae7bfd,arjun.banerjee.ae7bfd@trendlytics.io,Arjun,Banerjee,2026-08-19 20:58:21.924496,occasional,0,desktop
11793,aditya.das.979293,aditya.das.979293@trendlytics.io,Aditya,Das,2026-08-12 20:58:21.924496,luxury,0,mobile
11794,karan.kapoor.a47857,karan.kapoor.a47857@trendlytics.io,Karan,Kapoor,2026-08-25 20:58:21.924496,budget,1,mobile
11795,sneha.patel.c8a2c7,sneha.patel.c8a2c7@trendlytics.io,Sneha,Patel,2026-08-27 20:58:21.924496,trendsetter,1,desktop
11796,priya.singh.c28f5b,priya.singh.c28f5b@trendlytics.io,Priya,Singh,2026-08-25 20:58:21.924496,occasional,1,mobile
11797,aditya.gupta.0e1f9b,aditya.gupta.0e1f9b@trendlytics.io,Aditya,Gupta,2026-08-02 20:58:21.924496,budget,1,mobile
11798,rohan.kapoor.cfcacb,rohan.kapoor.cfcacb@trendlytics.io,Rohan,Kapoor,2026-08-17 20:58:21.924496,luxury,0,mobile
11799,arjun.joshi.ea9025,arjun.joshi.ea9025@trendlytics.io,Arjun,Joshi,2026-08-08 20:58:21.924496,occasional,0,desktop
11800,aarav.gupta.9d1b09,aarav.gupta.9d1b09@trendlytics.io,Aarav,Gupta,2026-08-11 20:58:21.924496,luxury,1,tablet
11801,pooja.chopra.9b17ff,pooja.chopra.9b17ff@trendlytics.io,Pooja,Chopra,2026-08-18 20:58:21.924496,occasional,1,mobile
11802,pooja.das.a4bf8b,pooja.das.a4bf8b@trendlytics.io,Pooja,Das,2026-08-26 20:58:21.924496,trendsetter,1,mobile
11803,ananya.gupta.60c99e,ananya.gupta.60c99e@trendlytics.io,Ananya,Gupta,2026-08-26 20:58:21.924496,occasional,0,mobile
11804,karan.patel.630637,karan.patel.630637@trendlytics.io,Karan,Patel,2026-08-13 20:58:21.924496,trendsetter,0,mobile
11805,tanvi.kapoor.3b69c7,tanvi.kapoor.3b69c7@trendlytics.io,Tanvi,Kapoor,2026-08-15 20:58:21.924496,occasional,1,mobile
11806,vikram.nair.9c84b5,vikram.nair.9c84b5@trendlytics.io,Vikram,Nair,2026-08-03 20:58:21.924496,trendsetter,0,mobile
11807,rohan.singh.20ba98,rohan.singh.20ba98@trendlytics.io,Rohan,Singh,2026-08-25 20:58:21.924496,trendsetter,1,desktop
11808,aarav.nair.13c36e,aarav.nair.13c36e@trendlytics.io,Aarav,Nair,2026-08-03 20:58:21.924496,luxury,1,desktop
11809,aditya.sen.cc514b,aditya.sen.cc514b@trendlytics.io,Aditya,Sen,2026-08-01 20:58:21.924496,luxury,0,mobile
11810,arjun.mehta.dddc42,arjun.mehta.dddc42@trendlytics.io,Arjun,Mehta,2026-08-20 20:58:21.924496,trendsetter,1,mobile
11811,sneha.patel.c7bc91,sneha.patel.c7bc91@trendlytics.io,Sneha,Patel,2026-08-24 20:58:21.924496,occasional,0,mobile
11812,meera.patel.91d005,meera.patel.91d005@trendlytics.io,Meera,Patel,2026-08-19 20:58:21.924496,luxury,0,desktop
11813,tanvi.singh.50c050,tanvi.singh.50c050@trendlytics.io,Tanvi,Singh,2026-08-15 20:58:21.924496,luxury,1,tablet
11814,arjun.gupta.4643a9,arjun.gupta.4643a9@trendlytics.io,Arjun,Gupta,2026-08-02 20:58:21.924496,trendsetter,0,desktop
11815,rohan.sharma.a63eed,rohan.sharma.a63eed@trendlytics.io,Rohan,Sharma,2026-08-12 20:58:21.924496,occasional,0,mobile
11816,meera.joshi.c82595,meera.joshi.c82595@trendlytics.io,Meera,Joshi,2026-08-18 20:58:21.924496,luxury,1,desktop
11817,rohan.joshi.8eb2bf,rohan.joshi.8eb2bf@trendlytics.io,Rohan,Joshi,2026-08-15 20:58:21.924496,budget,1,mobile
11818,sneha.chopra.e9ab37,sneha.chopra.e9ab37@trendlytics.io,Sneha,Chopra,2026-08-07 20:58:21.924496,occasional,1,desktop
11819,tanvi.verma.aac1c5,tanvi.verma.aac1c5@trendlytics.io,Tanvi,Verma,2026-08-07 20:58:21.924496,budget,1,desktop
11820,karan.nair.8f8ee5,karan.nair.8f8ee5@trendlytics.io,Karan,Nair,2026-08-15 20:58:21.924496,budget,0,mobile
11821,kabir.reddy.07628f,kabir.reddy.07628f@trendlytics.io,Kabir,Reddy,2026-08-26 20:58:21.924496,budget,0,mobile
11822,aarav.patel.5037d8,aarav.patel.5037d8@trendlytics.io,Aarav,Patel,2026-08-26 20:58:21.924496,luxury,0,mobile
11823,pooja.nair.07a079,pooja.nair.07a079@trendlytics.io,Pooja,Nair,2026-08-11 20:58:21.924496,luxury,0,mobile
11824,aditya.banerjee.9c6152,aditya.banerjee.9c6152@trendlytics.io,Aditya,Banerjee,2026-08-15 20:58:21.924496,occasional,1,mobile
11825,tanvi.mehta.70bbae,tanvi.mehta.70bbae@trendlytics.io,Tanvi,Mehta,2026-08-13 20:58:21.924496,trendsetter,1,mobile
11826,neha.das.b062bf,neha.das.b062bf@trendlytics.io,Neha,Das,2026-07-31 20:58:21.924496,occasional,1,mobile
11827,arjun.nair.0114ab,arjun.nair.0114ab@trendlytics.io,Arjun,Nair,2026-08-13 20:58:21.924496,occasional,1,mobile
11828,meera.kapoor.659445,meera.kapoor.659445@trendlytics.io,Meera,Kapoor,2026-08-07 20:58:21.924496,luxury,1,mobile
11829,priya.reddy.4a4bfc,priya.reddy.4a4bfc@trendlytics.io,Priya,Reddy,2026-08-26 20:58:21.924496,luxury,0,mobile
11830,ananya.kapoor.efeb7f,ananya.kapoor.efeb7f@trendlytics.io,Ananya,Kapoor,2026-08-06 20:58:21.924496,budget,1,mobile
11831,meera.joshi.b0be9f,meera.joshi.b0be9f@trendlytics.io,Meera,Joshi,2026-08-16 20:58:21.924496,luxury,0,mobile
11832,karan.patel.fbef58,karan.patel.fbef58@trendlytics.io,Karan,Patel,2026-08-08 20:58:21.924496,occasional,0,mobile
11833,rahul.banerjee.723991,rahul.banerjee.723991@trendlytics.io,Rahul,Banerjee,2026-08-24 20:58:21.924496,budget,1,desktop
11834,vikram.joshi.1a2084,vikram.joshi.1a2084@trendlytics.io,Vikram,Joshi,2026-08-05 20:58:21.924496,budget,1,desktop
11835,ananya.joshi.bd8fc3,ananya.joshi.bd8fc3@trendlytics.io,Ananya,Joshi,2026-08-07 20:58:21.924496,luxury,0,desktop
11836,ananya.sharma.b80dfc,ananya.sharma.b80dfc@trendlytics.io,Ananya,Sharma,2026-08-15 20:58:21.924496,luxury,0,mobile
11837,meera.banerjee.1f539e,meera.banerjee.1f539e@trendlytics.io,Meera,Banerjee,2026-08-14 20:58:21.924496,occasional,0,desktop
11838,priya.joshi.a6c787,priya.joshi.a6c787@trendlytics.io,Priya,Joshi,2026-08-25 20:58:21.924496,trendsetter,1,desktop
11839,aditya.patel.d33c38,aditya.patel.d33c38@trendlytics.io,Aditya,Patel,2026-08-22 20:58:21.924496,trendsetter,1,mobile
11840,vikram.joshi.7bdc06,vikram.joshi.7bdc06@trendlytics.io,Vikram,Joshi,2026-07-31 20:58:21.924496,trendsetter,1,mobile
11841,aarav.mehta.1f5e09,aarav.mehta.1f5e09@trendlytics.io,Aarav,Mehta,2026-08-03 20:58:21.924496,luxury,0,mobile
11842,vikram.sharma.89079a,vikram.sharma.89079a@trendlytics.io,Vikram,Sharma,2026-08-21 20:58:21.924496,budget,1,desktop
11843,vikram.iyer.776f67,vikram.iyer.776f67@trendlytics.io,Vikram,Iyer,2026-08-10 20:58:21.924496,luxury,1,mobile
11844,karan.sharma.d68930,karan.sharma.d68930@trendlytics.io,Karan,Sharma,2026-08-24 20:58:21.924496,occasional,1,mobile
11845,aarav.kapoor.63c565,aarav.kapoor.63c565@trendlytics.io,Aarav,Kapoor,2026-08-11 20:58:21.924496,trendsetter,1,mobile
11846,tanvi.das.1b5f44,tanvi.das.1b5f44@trendlytics.io,Tanvi,Das,2026-08-18 20:58:21.924496,luxury,1,desktop
11847,karan.singh.e0493e,karan.singh.e0493e@trendlytics.io,Karan,Singh,2026-08-04 20:58:21.924496,budget,0,mobile
11848,priya.chopra.aa09fb,priya.chopra.aa09fb@trendlytics.io,Priya,Chopra,2026-08-10 20:58:21.924496,luxury,1,mobile
11849,sneha.chopra.2df456,sneha.chopra.2df456@trendlytics.io,Sneha,Chopra,2026-08-24 20:58:21.924496,luxury,0,mobile
11850,aarav.reddy.fbce4b,aarav.reddy.fbce4b@trendlytics.io,Aarav,Reddy,2026-08-04 20:58:21.924496,occasional,1,mobile
11851,aarav.joshi.36af3c,aarav.joshi.36af3c@trendlytics.io,Aarav,Joshi,2026-08-11 20:58:21.924496,luxury,0,desktop
11852,kabir.mehta.febd9b,kabir.mehta.febd9b@trendlytics.io,Kabir,Mehta,2026-08-16 20:58:21.924496,budget,0,desktop
11853,rohan.joshi.af9303,rohan.joshi.af9303@trendlytics.io,Rohan,Joshi,2026-08-24 20:58:21.924496,budget,1,mobile
11854,karan.kapoor.3d54dd,karan.kapoor.3d54dd@trendlytics.io,Karan,Kapoor,2026-08-28 20:58:21.924496,trendsetter,0,mobile
11855,sneha.singh.d0d4ec,sneha.singh.d0d4ec@trendlytics.io,Sneha,Singh,2026-07-30 20:58:21.924496,occasional,1,mobile
11856,aditya.patel.347fae,aditya.patel.347fae@trendlytics.io,Aditya,Patel,2026-08-15 20:58:21.924496,luxury,1,desktop
11857,aditya.banerjee.519234,aditya.banerjee.519234@trendlytics.io,Aditya,Banerjee,2026-08-28 20:58:21.924496,trendsetter,0,mobile
11858,kabir.chopra.68c060,kabir.chopra.68c060@trendlytics.io,Kabir,Chopra,2026-08-09 20:58:21.924496,occasional,0,mobile
11859,rahul.gupta.e841b9,rahul.gupta.e841b9@trendlytics.io,Rahul,Gupta,2026-08-02 20:58:21.924496,trendsetter,0,desktop
11860,rahul.kapoor.28bf42,rahul.kapoor.28bf42@trendlytics.io,Rahul,Kapoor,2026-08-20 20:58:21.924496,luxury,0,mobile
11861,rahul.das.b26159,rahul.das.b26159@trendlytics.io,Rahul,Das,2026-08-12 20:58:21.924496,occasional,1,mobile
11862,rohan.das.9754dc,rohan.das.9754dc@trendlytics.io,Rohan,Das,2026-08-18 20:58:21.924496,occasional,0,tablet
11863,rohan.sharma.0e91f4,rohan.sharma.0e91f4@trendlytics.io,Rohan,Sharma,2026-08-08 20:58:21.924496,luxury,1,mobile
11864,tanvi.das.5069e2,tanvi.das.5069e2@trendlytics.io,Tanvi,Das,2026-08-27 20:58:21.924496,occasional,1,desktop
11865,meera.patel.513a4c,meera.patel.513a4c@trendlytics.io,Meera,Patel,2026-08-04 20:58:21.924496,trendsetter,1,mobile
11866,kabir.banerjee.1e20c2,kabir.banerjee.1e20c2@trendlytics.io,Kabir,Banerjee,2026-08-22 20:58:21.924496,occasional,0,mobile
11867,karan.iyer.66598c,karan.iyer.66598c@trendlytics.io,Karan,Iyer,2026-08-02 20:58:21.924496,occasional,1,tablet
11868,neha.sharma.0580e0,neha.sharma.0580e0@trendlytics.io,Neha,Sharma,2026-07-31 20:58:21.924496,occasional,0,mobile
11869,priya.singh.81cb02,priya.singh.81cb02@trendlytics.io,Priya,Singh,2026-08-15 20:58:21.924496,budget,0,desktop
11870,vikram.das.d55976,vikram.das.d55976@trendlytics.io,Vikram,Das,2026-07-30 20:58:21.924496,occasional,1,mobile
11871,neha.kapoor.42d514,neha.kapoor.42d514@trendlytics.io,Neha,Kapoor,2026-08-22 20:58:21.924496,trendsetter,1,mobile
11872,riya.kapoor.2dcfdc,riya.kapoor.2dcfdc@trendlytics.io,Riya,Kapoor,2026-08-25 20:58:21.924496,occasional,1,mobile
11873,meera.gupta.ef320f,meera.gupta.ef320f@trendlytics.io,Meera,Gupta,2026-08-26 20:58:21.924496,occasional,0,mobile
11874,arjun.sharma.a1eef6,arjun.sharma.a1eef6@trendlytics.io,Arjun,Sharma,2026-08-01 20:58:21.924496,trendsetter,1,desktop
11875,riya.joshi.d8096a,riya.joshi.d8096a@trendlytics.io,Riya,Joshi,2026-08-07 20:58:21.924496,luxury,0,mobile
11876,tanvi.verma.e96c30,tanvi.verma.e96c30@trendlytics.io,Tanvi,Verma,2026-08-12 20:58:21.924496,occasional,1,mobile
11877,rahul.singh.a6b293,rahul.singh.a6b293@trendlytics.io,Rahul,Singh,2026-08-03 20:58:21.924496,luxury,1,mobile
11878,rahul.chopra.46927e,rahul.chopra.46927e@trendlytics.io,Rahul,Chopra,2026-08-15 20:58:21.924496,occasional,0,mobile
11879,ananya.singh.3d921d,ananya.singh.3d921d@trendlytics.io,Ananya,Singh,2026-08-06 20:58:21.924496,budget,1,mobile
11880,aditya.singh.f3cf19,aditya.singh.f3cf19@trendlytics.io,Aditya,Singh,2026-08-29 20:58:21.924496,luxury,0,mobile
11881,rohan.joshi.43a8ee,rohan.joshi.43a8ee@trendlytics.io,Rohan,Joshi,2026-08-27 20:58:21.924496,luxury,0,mobile
11882,riya.iyer.32663d,riya.iyer.32663d@trendlytics.io,Riya,Iyer,2026-08-07 20:58:21.924496,budget,1,mobile
11883,pooja.patel.c6ba77,pooja.patel.c6ba77@trendlytics.io,Pooja,Patel,2026-07-31 20:58:21.924496,occasional,1,mobile
11884,pooja.gupta.25f461,pooja.gupta.25f461@trendlytics.io,Pooja,Gupta,2026-08-08 20:58:21.924496,trendsetter,1,mobile
11885,neha.gupta.4c7a33,neha.gupta.4c7a33@trendlytics.io,Neha,Gupta,2026-08-17 20:58:21.924496,luxury,1,desktop
11886,rahul.banerjee.be4d8a,rahul.banerjee.be4d8a@trendlytics.io,Rahul,Banerjee,2026-08-26 20:58:21.924496,budget,1,desktop
11887,priya.chopra.946311,priya.chopra.946311@trendlytics.io,Priya,Chopra,2026-08-22 20:58:21.924496,luxury,0,desktop
11888,sneha.joshi.6488a9,sneha.joshi.6488a9@trendlytics.io,Sneha,Joshi,2026-08-06 20:58:21.924496,occasional,0,desktop
11889,riya.chopra.3c6889,riya.chopra.3c6889@trendlytics.io,Riya,Chopra,2026-08-11 20:58:21.924496,trendsetter,0,mobile
11890,aditya.reddy.a925a9,aditya.reddy.a925a9@trendlytics.io,Aditya,Reddy,2026-08-13 20:58:21.924496,occasional,1,desktop
11891,priya.gupta.ec00e6,priya.gupta.ec00e6@trendlytics.io,Priya,Gupta,2026-08-24 20:58:21.924496,trendsetter,1,mobile
11892,sneha.reddy.96f3cb,sneha.reddy.96f3cb@trendlytics.io,Sneha,Reddy,2026-08-06 20:58:21.924496,trendsetter,0,tablet
11893,vikram.chopra.a69b17,vikram.chopra.a69b17@trendlytics.io,Vikram,Chopra,2026-08-06 20:58:21.924496,trendsetter,0,tablet
11894,meera.das.1cdb8d,meera.das.1cdb8d@trendlytics.io,Meera,Das,2026-08-08 20:58:21.924496,trendsetter,0,mobile
11895,rahul.verma.13b1e5,rahul.verma.13b1e5@trendlytics.io,Rahul,Verma,2026-08-03 20:58:21.924496,budget,0,mobile
11896,pooja.verma.cc8258,pooja.verma.cc8258@trendlytics.io,Pooja,Verma,2026-08-10 20:58:21.924496,luxury,1,mobile
11897,priya.mehta.6379c0,priya.mehta.6379c0@trendlytics.io,Priya,Mehta,2026-08-14 20:58:21.924496,budget,0,mobile
11898,rohan.gupta.65b449,rohan.gupta.65b449@trendlytics.io,Rohan,Gupta,2026-08-02 20:58:21.924496,luxury,0,mobile
11899,tanvi.sharma.aecece,tanvi.sharma.aecece@trendlytics.io,Tanvi,Sharma,2026-08-14 20:58:21.924496,budget,0,desktop
11900,aditya.nair.14a335,aditya.nair.14a335@trendlytics.io,Aditya,Nair,2026-07-31 20:58:21.924496,occasional,1,mobile
11901,karan.kapoor.32cf5f,karan.kapoor.32cf5f@trendlytics.io,Karan,Kapoor,2026-07-31 20:58:21.924496,trendsetter,0,mobile
11902,meera.verma.efc600,meera.verma.efc600@trendlytics.io,Meera,Verma,2026-08-24 20:58:21.924496,trendsetter,0,mobile
11903,sneha.banerjee.15aed1,sneha.banerjee.15aed1@trendlytics.io,Sneha,Banerjee,2026-08-27 20:58:21.924496,trendsetter,0,mobile
11904,arjun.mehta.af64d8,arjun.mehta.af64d8@trendlytics.io,Arjun,Mehta,2026-08-23 20:58:21.924496,trendsetter,1,mobile
11905,kabir.kapoor.bdb68f,kabir.kapoor.bdb68f@trendlytics.io,Kabir,Kapoor,2026-08-21 20:58:21.924496,trendsetter,0,mobile
11906,arjun.nair.fc85eb,arjun.nair.fc85eb@trendlytics.io,Arjun,Nair,2026-08-25 20:58:21.924496,trendsetter,0,tablet
11907,pooja.banerjee.ffe9d5,pooja.banerjee.ffe9d5@trendlytics.io,Pooja,Banerjee,2026-08-05 20:58:21.924496,budget,1,mobile
11908,sneha.gupta.ae32b6,sneha.gupta.ae32b6@trendlytics.io,Sneha,Gupta,2026-08-11 20:58:21.924496,budget,1,desktop
11909,aditya.iyer.c79bb8,aditya.iyer.c79bb8@trendlytics.io,Aditya,Iyer,2026-08-11 20:58:21.924496,luxury,0,mobile
11910,neha.gupta.a25390,neha.gupta.a25390@trendlytics.io,Neha,Gupta,2026-08-03 20:58:21.924496,occasional,1,mobile
11911,neha.iyer.5114b4,neha.iyer.5114b4@trendlytics.io,Neha,Iyer,2026-08-17 20:58:21.924496,occasional,0,mobile
11912,sneha.verma.da885e,sneha.verma.da885e@trendlytics.io,Sneha,Verma,2026-08-06 20:58:21.924496,occasional,0,desktop
11913,priya.iyer.88180a,priya.iyer.88180a@trendlytics.io,Priya,Iyer,2026-08-26 20:58:21.924496,budget,0,mobile
11914,riya.sharma.871095,riya.sharma.871095@trendlytics.io,Riya,Sharma,2026-08-26 20:58:21.924496,budget,1,mobile
11915,sneha.reddy.f12870,sneha.reddy.f12870@trendlytics.io,Sneha,Reddy,2026-08-12 20:58:21.924496,occasional,1,mobile
11916,kabir.sharma.b80d63,kabir.sharma.b80d63@trendlytics.io,Kabir,Sharma,2026-08-25 20:58:21.924496,luxury,1,desktop
11917,ananya.mehta.cc3f05,ananya.mehta.cc3f05@trendlytics.io,Ananya,Mehta,2026-08-26 20:58:21.924496,luxury,0,desktop
11918,aarav.das.41fbe3,aarav.das.41fbe3@trendlytics.io,Aarav,Das,2026-08-11 20:58:21.924496,occasional,0,desktop
11919,aarav.reddy.7b1644,aarav.reddy.7b1644@trendlytics.io,Aarav,Reddy,2026-08-06 20:58:21.924496,occasional,0,mobile
11920,priya.patel.918ad9,priya.patel.918ad9@trendlytics.io,Priya,Patel,2026-07-31 20:58:21.924496,occasional,0,desktop
11921,riya.chopra.10bd8f,riya.chopra.10bd8f@trendlytics.io,Riya,Chopra,2026-08-22 20:58:21.924496,occasional,0,mobile
11922,neha.mehta.2d2a71,neha.mehta.2d2a71@trendlytics.io,Neha,Mehta,2026-08-03 20:58:21.924496,occasional,0,mobile
11923,sneha.banerjee.014dd9,sneha.banerjee.014dd9@trendlytics.io,Sneha,Banerjee,2026-08-02 20:58:21.924496,luxury,1,mobile
11924,rahul.sen.1ed394,rahul.sen.1ed394@trendlytics.io,Rahul,Sen,2026-08-03 20:58:21.924496,trendsetter,1,tablet
11925,vikram.iyer.6123a7,vikram.iyer.6123a7@trendlytics.io,Vikram,Iyer,2026-08-21 20:58:21.924496,occasional,1,desktop
11926,rahul.patel.a0744a,rahul.patel.a0744a@trendlytics.io,Rahul,Patel,2026-08-12 20:58:21.924496,budget,1,desktop
11927,priya.patel.b00a86,priya.patel.b00a86@trendlytics.io,Priya,Patel,2026-08-25 20:58:21.924496,trendsetter,1,desktop
11928,aarav.verma.18143d,aarav.verma.18143d@trendlytics.io,Aarav,Verma,2026-07-31 20:58:21.924496,luxury,1,mobile
11929,rahul.sen.8493c1,rahul.sen.8493c1@trendlytics.io,Rahul,Sen,2026-08-01 20:58:21.924496,occasional,1,mobile
11930,rahul.banerjee.473a8f,rahul.banerjee.473a8f@trendlytics.io,Rahul,Banerjee,2026-08-22 20:58:21.924496,luxury,1,desktop
11931,vikram.verma.385b79,vikram.verma.385b79@trendlytics.io,Vikram,Verma,2026-08-21 20:58:21.924496,budget,0,desktop
11932,aarav.mehta.5f0bfa,aarav.mehta.5f0bfa@trendlytics.io,Aarav,Mehta,2026-08-27 20:58:21.924496,trendsetter,0,mobile
11933,ananya.singh.779015,ananya.singh.779015@trendlytics.io,Ananya,Singh,2026-08-04 20:58:21.924496,luxury,0,mobile
11934,riya.verma.b2d3bf,riya.verma.b2d3bf@trendlytics.io,Riya,Verma,2026-08-10 20:58:21.924496,budget,0,mobile
11935,aditya.das.babf1c,aditya.das.babf1c@trendlytics.io,Aditya,Das,2026-08-09 20:58:21.924496,trendsetter,0,mobile
11936,karan.singh.2a0f52,karan.singh.2a0f52@trendlytics.io,Karan,Singh,2026-08-05 20:58:21.924496,luxury,1,mobile
11937,neha.das.aede46,neha.das.aede46@trendlytics.io,Neha,Das,2026-08-27 20:58:21.924496,occasional,0,mobile
11938,rahul.chopra.20f6ed,rahul.chopra.20f6ed@trendlytics.io,Rahul,Chopra,2026-08-22 20:58:21.924496,luxury,1,mobile
11939,ananya.patel.5547df,ananya.patel.5547df@trendlytics.io,Ananya,Patel,2026-08-16 20:58:21.924496,luxury,0,desktop
11940,arjun.patel.0e17e2,arjun.patel.0e17e2@trendlytics.io,Arjun,Patel,2026-08-28 20:58:21.924496,trendsetter,1,mobile
11941,sneha.patel.579df3,sneha.patel.579df3@trendlytics.io,Sneha,Patel,2026-08-06 20:58:21.924496,luxury,0,mobile
11942,arjun.mehta.b20fa3,arjun.mehta.b20fa3@trendlytics.io,Arjun,Mehta,2026-08-24 20:58:21.924496,luxury,1,mobile
11943,sneha.kapoor.d9ceae,sneha.kapoor.d9ceae@trendlytics.io,Sneha,Kapoor,2026-08-13 20:58:21.924496,luxury,0,desktop
11944,neha.verma.a1f012,neha.verma.a1f012@trendlytics.io,Neha,Verma,2026-08-04 20:58:21.924496,luxury,1,desktop
11945,rahul.nair.3d55f1,rahul.nair.3d55f1@trendlytics.io,Rahul,Nair,2026-08-22 20:58:21.924496,luxury,1,desktop
11946,riya.nair.490593,riya.nair.490593@trendlytics.io,Riya,Nair,2026-08-02 20:58:21.924496,trendsetter,0,tablet
11947,rohan.sen.8cb476,rohan.sen.8cb476@trendlytics.io,Rohan,Sen,2026-08-20 20:58:21.924496,budget,1,mobile
11948,arjun.sharma.121b18,arjun.sharma.121b18@trendlytics.io,Arjun,Sharma,2026-08-09 20:58:21.924496,budget,0,mobile
11949,ananya.joshi.0078e4,ananya.joshi.0078e4@trendlytics.io,Ananya,Joshi,2026-08-26 20:58:21.924496,trendsetter,1,tablet
11950,sneha.sharma.aa7668,sneha.sharma.aa7668@trendlytics.io,Sneha,Sharma,2026-08-23 20:58:21.924496,trendsetter,0,mobile
11951,vikram.reddy.bd3304,vikram.reddy.bd3304@trendlytics.io,Vikram,Reddy,2026-08-24 20:58:21.924496,occasional,1,desktop
11952,riya.chopra.baadd9,riya.chopra.baadd9@trendlytics.io,Riya,Chopra,2026-08-06 20:58:21.924496,occasional,1,mobile
11953,aarav.das.140651,aarav.das.140651@trendlytics.io,Aarav,Das,2026-08-09 20:58:21.924496,trendsetter,0,mobile
11954,aditya.sharma.0ea683,aditya.sharma.0ea683@trendlytics.io,Aditya,Sharma,2026-08-01 20:58:21.924496,trendsetter,0,desktop
11955,rahul.sen.55a7e6,rahul.sen.55a7e6@trendlytics.io,Rahul,Sen,2026-08-22 20:58:21.924496,trendsetter,1,mobile
11956,riya.singh.3a38c9,riya.singh.3a38c9@trendlytics.io,Riya,Singh,2026-08-22 20:58:21.924496,budget,1,mobile
11957,ananya.reddy.9263f1,ananya.reddy.9263f1@trendlytics.io,Ananya,Reddy,2026-08-21 20:58:21.924496,occasional,1,mobile
11958,sneha.gupta.a35e99,sneha.gupta.a35e99@trendlytics.io,Sneha,Gupta,2026-08-13 20:58:21.924496,trendsetter,0,mobile
11959,ananya.singh.0091ba,ananya.singh.0091ba@trendlytics.io,Ananya,Singh,2026-08-19 20:58:21.924496,occasional,1,desktop
11960,riya.chopra.f351a2,riya.chopra.f351a2@trendlytics.io,Riya,Chopra,2026-08-24 20:58:21.924496,occasional,0,mobile
11961,rohan.patel.0046b1,rohan.patel.0046b1@trendlytics.io,Rohan,Patel,2026-08-20 20:58:21.924496,trendsetter,0,mobile
11962,riya.kapoor.10a0ab,riya.kapoor.10a0ab@trendlytics.io,Riya,Kapoor,2026-08-16 20:58:21.924496,budget,1,desktop
11963,riya.mehta.0d0844,riya.mehta.0d0844@trendlytics.io,Riya,Mehta,2026-08-23 20:58:21.924496,luxury,1,mobile
11964,ananya.singh.fc0f8d,ananya.singh.fc0f8d@trendlytics.io,Ananya,Singh,2026-08-19 20:58:21.924496,trendsetter,0,mobile
11965,kabir.sharma.120652,kabir.sharma.120652@trendlytics.io,Kabir,Sharma,2026-08-11 20:58:21.924496,luxury,0,mobile
11966,rohan.singh.1099a6,rohan.singh.1099a6@trendlytics.io,Rohan,Singh,2026-08-14 20:58:21.924496,budget,1,mobile
11967,aditya.verma.0fcf42,aditya.verma.0fcf42@trendlytics.io,Aditya,Verma,2026-07-31 20:58:21.924496,occasional,0,mobile
11968,vikram.sen.bac347,vikram.sen.bac347@trendlytics.io,Vikram,Sen,2026-08-20 20:58:21.924496,luxury,0,desktop
11969,sneha.chopra.e972b3,sneha.chopra.e972b3@trendlytics.io,Sneha,Chopra,2026-08-02 20:58:21.924496,occasional,1,mobile
11970,ananya.mehta.dc3f59,ananya.mehta.dc3f59@trendlytics.io,Ananya,Mehta,2026-08-04 20:58:21.924496,trendsetter,0,mobile
11971,arjun.sharma.c8a506,arjun.sharma.c8a506@trendlytics.io,Arjun,Sharma,2026-08-11 20:58:21.924496,luxury,1,desktop
11972,neha.kapoor.0544d9,neha.kapoor.0544d9@trendlytics.io,Neha,Kapoor,2026-08-10 20:58:21.924496,luxury,0,mobile
11973,riya.joshi.c3b47a,riya.joshi.c3b47a@trendlytics.io,Riya,Joshi,2026-08-01 20:58:21.924496,trendsetter,1,mobile
11974,kabir.gupta.968815,kabir.gupta.968815@trendlytics.io,Kabir,Gupta,2026-08-25 20:58:21.924496,budget,1,mobile
11975,rohan.sen.fa2d82,rohan.sen.fa2d82@trendlytics.io,Rohan,Sen,2026-08-20 20:58:21.924496,occasional,1,mobile
11976,karan.mehta.02b6c4,karan.mehta.02b6c4@trendlytics.io,Karan,Mehta,2026-08-26 20:58:21.924496,luxury,1,mobile
11977,arjun.kapoor.783f0c,arjun.kapoor.783f0c@trendlytics.io,Arjun,Kapoor,2026-08-21 20:58:21.924496,budget,0,mobile
11978,pooja.sharma.41b008,pooja.sharma.41b008@trendlytics.io,Pooja,Sharma,2026-08-20 20:58:21.924496,budget,0,desktop
11979,sneha.iyer.24d5b0,sneha.iyer.24d5b0@trendlytics.io,Sneha,Iyer,2026-08-26 20:58:21.924496,budget,1,desktop
11980,riya.reddy.8a2c21,riya.reddy.8a2c21@trendlytics.io,Riya,Reddy,2026-08-06 20:58:21.924496,budget,1,mobile
11981,aditya.sharma.b06e48,aditya.sharma.b06e48@trendlytics.io,Aditya,Sharma,2026-07-30 20:58:21.924496,occasional,0,mobile
11982,neha.patel.9e6ab6,neha.patel.9e6ab6@trendlytics.io,Neha,Patel,2026-08-28 20:58:21.924496,luxury,1,desktop
11983,sneha.chopra.5f46f4,sneha.chopra.5f46f4@trendlytics.io,Sneha,Chopra,2026-08-09 20:58:21.924496,occasional,0,tablet
11984,pooja.singh.caba3b,pooja.singh.caba3b@trendlytics.io,Pooja,Singh,2026-08-11 20:58:21.924496,occasional,0,mobile
11985,arjun.reddy.1cadf1,arjun.reddy.1cadf1@trendlytics.io,Arjun,Reddy,2026-08-04 20:58:21.924496,budget,1,mobile
11986,arjun.kapoor.ab4f93,arjun.kapoor.ab4f93@trendlytics.io,Arjun,Kapoor,2026-08-04 20:58:21.924496,trendsetter,1,desktop
11987,ananya.sen.e4c615,ananya.sen.e4c615@trendlytics.io,Ananya,Sen,2026-08-03 20:58:21.924496,luxury,0,desktop
11988,aditya.joshi.a4a295,aditya.joshi.a4a295@trendlytics.io,Aditya,Joshi,2026-08-02 20:58:21.924496,luxury,0,mobile
11989,riya.gupta.4b8649,riya.gupta.4b8649@trendlytics.io,Riya,Gupta,2026-07-31 20:58:21.924496,trendsetter,0,mobile
11990,meera.nair.2613e7,meera.nair.2613e7@trendlytics.io,Meera,Nair,2026-08-23 20:58:21.924496,luxury,0,mobile
11991,tanvi.sharma.5fe0f8,tanvi.sharma.5fe0f8@trendlytics.io,Tanvi,Sharma,2026-08-10 20:58:21.924496,luxury,1,mobile
11992,ananya.das.a01af3,ananya.das.a01af3@trendlytics.io,Ananya,Das,2026-08-29 20:58:21.924496,budget,0,mobile
11993,aditya.reddy.15a916,aditya.reddy.15a916@trendlytics.io,Aditya,Reddy,2026-08-01 20:58:21.924496,trendsetter,0,tablet
11994,arjun.chopra.c651d9,arjun.chopra.c651d9@trendlytics.io,Arjun,Chopra,2026-08-25 20:58:21.924496,trendsetter,1,desktop
11995,vikram.sen.3c06d1,vikram.sen.3c06d1@trendlytics.io,Vikram,Sen,2026-07-31 20:58:21.924496,occasional,0,mobile
11996,aditya.gupta.0e834b,aditya.gupta.0e834b@trendlytics.io,Aditya,Gupta,2026-08-02 20:58:21.924496,trendsetter,1,mobile
11997,rohan.sen.330773,rohan.sen.330773@trendlytics.io,Rohan,Sen,2026-08-16 20:58:21.924496,luxury,0,mobile
11998,priya.nair.686168,priya.nair.686168@trendlytics.io,Priya,Nair,2026-08-01 20:58:21.924496,occasional,1,desktop
11999,ananya.iyer.db6e55,ananya.iyer.db6e55@trendlytics.io,Ananya,Iyer,2026-08-19 20:58:21.924496,luxury,0,desktop
12000,sneha.sen.f4ac80,sneha.sen.f4ac80@trendlytics.io,Sneha,Sen,2026-08-27 20:58:21.924496,budget,0,desktop
