order_id,user_id,session_id,total_amount,discount_amount,delivery_fee,final_amount,delivery_days,payment_method,status,shipping_city,shipping_pincode,created_at,order_date
TL-ORD-4E5A5E630E,6582.0,sess_e79590cf28574e43,2936,440.4,0,2495.6,4,COD,CONFIRMED,Pune,616574,2026-08-20 05:09:07.129477,2026-08-20
TL-ORD-6A1CB688EC,9725.0,sess_793dadbb959642a4,3471,520.65,0,2950.35,3,UPI,CONFIRMED,Pune,277247,2026-08-25 17:38:03.008106,2026-08-25
TL-ORD-B8B30A4691,7310.0,sess_4d6828b94399449c,2773,0.0,0,2773.0,2,NetBanking,CONFIRMED,Chennai,444901,2026-09-10 01:51:16.014449,2026-09-10
TL-ORD-C0623286F2,6477.0,sess_61808ffda2aa4e06,5006,0.0,0,5006.0,6,Card,CONFIRMED,Bengaluru,473788,2026-09-05 07:35:57.931329,2026-09-05
TL-ORD-9AE39DA1C9,7501.0,sess_77e76111b65e4bbe,2589,388.35,0,2200.65,2,UPI,CONFIRMED,Pune,530885,2026-08-15 11:53:23.973803,2026-08-15
TL-ORD-44F08856A4,8923.0,sess_606b607d49ce43cb,1299,0.0,0,1299.0,3,UPI,CONFIRMED,Chennai,356085,2026-09-05 03:15:00.397061,2026-09-05
TL-ORD-5380776477,9266.0,sess_8515e7352ac24d76,2339,0.0,0,2339.0,2,UPI,CONFIRMED,Pune,361485,2026-09-05 14:13:01.734590,2026-09-05
TL-ORD-913931458B,,sess_e30cc90271fb4940,1339,0.0,0,1339.0,3,UPI,CONFIRMED,Mumbai,294561,2026-09-10 19:52:34.924500,2026-09-10
TL-ORD-7FC44E1F2F,6432.0,sess_a442b06024654ac5,3177,0.0,0,3177.0,3,UPI,CONFIRMED,Chennai,380998,2026-08-18 03:25:44.157286,2026-08-18
TL-ORD-7ED50766C3,8295.0,sess_aef00cdb0d464ea2,3421,513.15,0,2907.85,6,UPI,CONFIRMED,Pune,668915,2026-08-14 23:36:49.644426,2026-08-14
TL-ORD-725AD63653,8819.0,sess_f7bd6150fb824f59,1564,0.0,0,1564.0,2,NetBanking,CONFIRMED,Pune,601517,2026-09-02 13:03:54.473870,2026-09-02
TL-ORD-2110A0CCDE,9072.0,sess_1ccfb15538c64a54,5184,777.6,0,4406.4,6,UPI,CONFIRMED,Delhi NCR,532797,2026-09-04 04:50:06.031893,2026-09-04
TL-ORD-9B5481B5C0,11963.0,sess_4497f72897dd46c1,4596,689.4,0,3906.6,3,Card,CONFIRMED,Pune,498222,2026-08-16 18:46:47.625800,2026-08-16
TL-ORD-719E907FE0,10715.0,sess_0d1a766727254329,3976,0.0,0,3976.0,2,Card,CONFIRMED,Delhi NCR,651096,2026-09-04 16:50:12.127740,2026-09-04
TL-ORD-4CC041383C,6611.0,sess_f77b267c8075497e,1875,0.0,0,1875.0,4,Card,CONFIRMED,Bengaluru,478742,2026-08-25 14:13:07.354656,2026-08-25
TL-ORD-177A3EDA3E,6663.0,sess_d45e0556b8d745c2,3777,0.0,0,3777.0,4,COD,CONFIRMED,Delhi NCR,649033,2026-08-29 20:42:46.255843,2026-08-29
TL-ORD-BB96C1C043,,sess_cbb7247296cf448a,1199,0.0,0,1199.0,2,COD,CONFIRMED,Bengaluru,157790,2026-09-03 22:15:32.445015,2026-09-03
TL-ORD-014BDA751C,10657.0,sess_43a314c1def1403f,3857,0.0,0,3857.0,5,UPI,CONFIRMED,Chennai,378285,2026-08-24 20:38:41.314821,2026-08-24
TL-ORD-E4AA311A79,10020.0,sess_1bc636d96dbf480a,3177,0.0,0,3177.0,3,UPI,CONFIRMED,Pune,445735,2026-08-20 08:36:47.016904,2026-08-20
TL-ORD-076935E7CE,6231.0,sess_5699018b52d14242,2435,365.25,0,2069.75,2,NetBanking,CONFIRMED,Delhi NCR,174707,2026-08-21 07:27:56.658887,2026-08-21
TL-ORD-8A3AF8A1B1,,sess_e7729d89ad4f4589,2550,0.0,0,2550.0,2,COD,CONFIRMED,Chennai,432976,2026-08-22 18:44:12.105246,2026-08-22
TL-ORD-1F543EDEDD,9381.0,sess_c9052bd531984ace,4299,644.85,0,3654.15,2,COD,CONFIRMED,Mumbai,455009,2026-09-05 18:11:14.775864,2026-09-05
TL-ORD-E72DCA4D3F,,sess_23f1a4196a3340d9,1914,287.1,0,1626.9,3,UPI,CONFIRMED,Delhi NCR,508890,2026-08-17 12:55:52.762952,2026-08-17
TL-ORD-9891E12A27,9338.0,sess_d0fdf71da16b4c45,1170,0.0,0,1170.0,5,COD,CONFIRMED,Pune,599431,2026-08-26 00:01:34.124439,2026-08-26
TL-ORD-E69F0F86D4,6721.0,sess_893b69c2d22e4dcc,3775,566.25,0,3208.75,5,NetBanking,CONFIRMED,Mumbai,439115,2026-08-15 22:37:11.780828,2026-08-15
TL-ORD-723EB20603,8996.0,sess_04c8198a6ea549f7,3152,472.8,0,2679.2,2,Card,CONFIRMED,Bengaluru,325821,2026-08-25 05:27:04.804680,2026-08-25
TL-ORD-0E398484ED,6074.0,sess_b57aa58c262840d4,4992,748.8,0,4243.2,2,NetBanking,CONFIRMED,Chennai,456005,2026-08-27 13:38:45.716316,2026-08-27
TL-ORD-5B35C4FDE0,7340.0,sess_1177be8793e44e54,3316,0.0,0,3316.0,3,NetBanking,CONFIRMED,Bengaluru,178708,2026-08-27 23:01:01.308011,2026-08-27
TL-ORD-46037F8A1D,8138.0,sess_f9cc5ef2d14c4609,3294,0.0,0,3294.0,4,COD,CONFIRMED,Bengaluru,378949,2026-08-24 22:45:59.500750,2026-08-24
TL-ORD-191EBDABAC,,sess_02ddd914a9b44d08,4499,674.85,0,3824.15,2,UPI,CONFIRMED,Pune,325762,2026-09-08 21:17:26.424691,2026-09-08
TL-ORD-CB3F530AF2,,sess_35c9289400b04a45,1308,196.2,0,1111.8,3,COD,CONFIRMED,Hyderabad,614367,2026-08-22 13:14:05.951092,2026-08-22
TL-ORD-596207E358,,sess_1b1e9886979a485f,1899,0.0,0,1899.0,4,UPI,CONFIRMED,Pune,182689,2026-09-03 13:43:49.940400,2026-09-03
TL-ORD-EF60D17825,11832.0,sess_db759c9aa0094032,1107,0.0,0,1107.0,4,Card,CONFIRMED,Hyderabad,540054,2026-08-20 01:40:03.006056,2026-08-20
TL-ORD-0658C4C79F,10460.0,sess_da38737c749d4508,1684,252.6,0,1431.4,2,NetBanking,CONFIRMED,Delhi NCR,211709,2026-08-18 18:25:02.510489,2026-08-18
TL-ORD-8F272D1E22,8610.0,sess_af66c91617654115,2792,0.0,0,2792.0,2,COD,CONFIRMED,Bengaluru,245468,2026-09-05 12:04:11.938927,2026-09-05
TL-ORD-6EEE294D12,6089.0,sess_5ea9b48aabc740f0,3024,0.0,0,3024.0,5,COD,CONFIRMED,Pune,282708,2026-09-07 20:19:00.528840,2026-09-07
TL-ORD-1E6A5C1BE5,,sess_56552bf01cee4ff5,4817,0.0,0,4817.0,2,UPI,CONFIRMED,Mumbai,522573,2026-08-19 09:18:00.653817,2026-08-19
TL-ORD-6D5AE1B406,10230.0,sess_63f05f4841814b38,2673,0.0,0,2673.0,2,Card,CONFIRMED,Bengaluru,386082,2026-09-05 10:14:52.094618,2026-09-05
TL-ORD-814549B366,,sess_70dbf99722a24c16,3537,530.55,0,3006.45,3,Card,CONFIRMED,Chennai,300675,2026-09-06 15:09:13.119714,2026-09-06
TL-ORD-A7AB288FA3,10444.0,sess_5bd1e09b3e744b9d,2312,346.8,0,1965.2,5,UPI,CONFIRMED,Hyderabad,167840,2026-08-30 22:21:06.002520,2026-08-30
TL-ORD-89DB1A0A69,,sess_fef5356d2dfa4b20,7008,0.0,0,7008.0,3,NetBanking,CONFIRMED,Bengaluru,292254,2026-09-10 17:51:29.082447,2026-09-10
TL-ORD-C34A29A983,10038.0,sess_e1b8cdf36bd24904,1728,0.0,0,1728.0,2,Card,CONFIRMED,Pune,141880,2026-08-25 04:55:03.761681,2026-08-25
TL-ORD-468B8011B1,8695.0,sess_88569ccd703c4556,3019,0.0,0,3019.0,2,UPI,CONFIRMED,Mumbai,674632,2026-08-26 13:26:47.760343,2026-08-26
TL-ORD-27D9DFEC43,7569.0,sess_e049e9125cb84f8f,3857,0.0,0,3857.0,5,COD,CONFIRMED,Mumbai,580733,2026-09-11 05:28:43.555919,2026-09-11
TL-ORD-922AAA531C,6199.0,sess_0cbc97043ae447be,3556,533.4,0,3022.6,2,UPI,CONFIRMED,Chennai,202545,2026-09-05 10:19:43.276772,2026-09-05
TL-ORD-6ECCCB5B2C,,sess_eaa8a77efd2241a3,1617,242.55,0,1374.45,3,Card,CONFIRMED,Mumbai,284559,2026-09-01 19:03:27.079515,2026-09-01
TL-ORD-7605EDD37E,11918.0,sess_3463010b021a4482,3367,0.0,0,3367.0,3,COD,CONFIRMED,Chennai,565563,2026-08-27 07:52:49.395419,2026-08-27
TL-ORD-1EFA20BD31,7258.0,sess_976ac2ddad7341fd,4180,627.0,0,3553.0,3,NetBanking,CONFIRMED,Mumbai,582044,2026-09-01 17:35:59.584681,2026-09-01
TL-ORD-819280F682,,sess_3078233780c745bd,2799,0.0,0,2799.0,2,Card,CONFIRMED,Mumbai,263498,2026-09-08 01:58:20.889756,2026-09-08
TL-ORD-91D770137C,11936.0,sess_4ca85f4950a841de,4869,730.35,0,4138.65,3,UPI,CONFIRMED,Hyderabad,434950,2026-08-16 14:23:54.431001,2026-08-16
TL-ORD-ACC19241F4,6445.0,sess_c43ab02d0efa4a09,2435,0.0,0,2435.0,2,COD,CONFIRMED,Chennai,487408,2026-09-11 16:01:53.576888,2026-09-11
TL-ORD-AF65B51715,,sess_82b0ae2ccb6d4e89,3577,0.0,0,3577.0,2,COD,CONFIRMED,Mumbai,252177,2026-09-03 17:49:51.998161,2026-09-03
TL-ORD-FFC0902A74,11664.0,sess_80e7f8ea27404b39,1061,0.0,0,1061.0,3,NetBanking,CONFIRMED,Mumbai,485013,2026-08-23 04:08:25.935853,2026-08-23
TL-ORD-8B01D24854,8116.0,sess_39e8a0bf6fd144ab,4723,0.0,0,4723.0,4,Card,CONFIRMED,Pune,463892,2026-08-23 14:07:22.515988,2026-08-23
TL-ORD-937D7E38C8,,sess_42d30c0794ce441e,3041,0.0,0,3041.0,4,NetBanking,CONFIRMED,Pune,358278,2026-08-19 20:35:20.731788,2026-08-19
TL-ORD-2BACC34B53,,sess_727acd30918e459e,2799,0.0,0,2799.0,2,UPI,CONFIRMED,Mumbai,410010,2026-08-24 08:11:51.918295,2026-08-24
TL-ORD-C2C350C00D,9163.0,sess_dbeff601f6a2472b,4992,0.0,0,4992.0,2,NetBanking,CONFIRMED,Bengaluru,484521,2026-09-04 21:39:15.090738,2026-09-04
TL-ORD-2AEC7D776A,8217.0,sess_d1f2076d53204b5d,4723,708.45,0,4014.55,4,UPI,CONFIRMED,Hyderabad,429147,2026-08-17 11:46:44.490410,2026-08-17
TL-ORD-96D3ECFCEC,,sess_6b4f06060a0d46be,1061,0.0,0,1061.0,3,Card,CONFIRMED,Delhi NCR,478196,2026-09-02 04:35:58.423497,2026-09-02
TL-ORD-D58373A6FF,10005.0,sess_ec6968c90684469a,1899,0.0,0,1899.0,2,UPI,CONFIRMED,Bengaluru,481180,2026-09-08 01:59:54.806545,2026-09-08
TL-ORD-549704C4BF,11016.0,sess_7f539b6a5441438a,1040,156.0,0,884.0,2,COD,CONFIRMED,Delhi NCR,320325,2026-08-25 05:15:30.423709,2026-08-25
TL-ORD-010D557593,,sess_1a24c2dafa454e02,4999,0.0,0,4999.0,3,COD,CONFIRMED,Chennai,326863,2026-08-25 20:31:54.491481,2026-08-25
TL-ORD-9B37697B5D,,sess_aa33a4771e974ec0,2403,360.45,0,2042.55,2,Card,CONFIRMED,Mumbai,222526,2026-08-17 10:02:07.069539,2026-08-17
TL-ORD-1294DAB732,10043.0,sess_a734bab4b81b4f00,3233,0.0,0,3233.0,3,Card,CONFIRMED,Delhi NCR,200871,2026-08-25 12:08:21.452805,2026-08-25
TL-ORD-0999EC3BC9,10247.0,sess_001dbb60c6cd4930,6489,0.0,0,6489.0,2,UPI,CONFIRMED,Bengaluru,360188,2026-09-10 07:42:42.893380,2026-09-10
TL-ORD-7693B3E0B0,11443.0,sess_259e3065ff3b4610,3316,497.4,0,2818.6,3,COD,CONFIRMED,Hyderabad,640499,2026-09-03 21:01:46.971545,2026-09-03
TL-ORD-2633813DFA,,sess_60201bcbc22b4d89,4645,696.75,0,3948.25,2,COD,CONFIRMED,Chennai,580182,2026-09-07 10:52:49.061457,2026-09-07
TL-ORD-52C0B9AA13,10948.0,sess_a40bd5bda4fe40b3,1564,234.6,0,1329.4,2,NetBanking,CONFIRMED,Pune,332515,2026-08-30 00:43:06.371989,2026-08-30
TL-ORD-4E7F52FF04,9637.0,sess_21d6da7cb2484f4c,1906,285.9,0,1620.1,3,NetBanking,CONFIRMED,Bengaluru,171873,2026-08-16 20:49:53.879630,2026-08-16
TL-ORD-0AF73673E0,8628.0,sess_8a5cae4fd558428d,4617,692.55,0,3924.45,2,NetBanking,CONFIRMED,Chennai,200123,2026-08-24 17:39:26.713533,2026-08-24
TL-ORD-4C7964B775,7792.0,sess_3dfa1dc273194abe,1971,295.65,0,1675.35,3,NetBanking,CONFIRMED,Chennai,679427,2026-09-11 21:59:18.417697,2026-09-11
TL-ORD-C9DA827CAA,10286.0,sess_d0b9edb0c8e140e3,3670,0.0,0,3670.0,3,Card,CONFIRMED,Delhi NCR,494235,2026-08-24 06:09:07.865738,2026-08-24
TL-ORD-C5D403B192,6768.0,sess_6e69ebe547bc4fd7,5596,0.0,0,5596.0,2,NetBanking,CONFIRMED,Chennai,568024,2026-09-07 08:34:03.484387,2026-09-07
TL-ORD-E1809AFF47,,sess_da2e30029f4e4f9f,5450,0.0,0,5450.0,2,UPI,CONFIRMED,Bengaluru,304605,2026-09-03 09:10:32.176699,2026-09-03
TL-ORD-294A53F3F2,11830.0,sess_dfe29a03106946c1,1299,194.85,0,1104.15,3,UPI,CONFIRMED,Chennai,538695,2026-09-13 19:08:22.424455,2026-09-13
TL-ORD-40F38538CE,11427.0,sess_67f16fdf63864d19,2637,395.55,0,2241.45,3,COD,CONFIRMED,Hyderabad,116755,2026-08-31 19:43:57.769255,2026-08-31
TL-ORD-33AFA31A55,9080.0,sess_822d50b746c34846,1557,0.0,0,1557.0,4,COD,CONFIRMED,Delhi NCR,422467,2026-09-10 00:07:58.539479,2026-09-10
TL-ORD-331E728A2E,9168.0,sess_7d1cfd62d9c84063,2438,365.7,0,2072.3,3,COD,CONFIRMED,Delhi NCR,448185,2026-08-25 16:33:16.692935,2026-08-25
TL-ORD-EE5AB09B34,11659.0,sess_bcd4fa82524c40bd,4958,0.0,0,4958.0,3,NetBanking,CONFIRMED,Delhi NCR,245502,2026-09-07 12:46:49.267393,2026-09-07
TL-ORD-507EA7827F,11743.0,sess_fe8abd2743b3473a,3777,0.0,0,3777.0,4,Card,CONFIRMED,Pune,369832,2026-08-18 00:40:01.784390,2026-08-18
TL-ORD-BCDFC69237,7628.0,sess_1732b47456354648,2936,440.4,0,2495.6,4,NetBanking,CONFIRMED,Hyderabad,188068,2026-08-25 02:20:10.012033,2026-08-25
TL-ORD-A8FC369C19,8167.0,sess_5cc3ecf32d484caf,642,0.0,99,741.0,5,UPI,CONFIRMED,Mumbai,333306,2026-08-20 22:38:38.552002,2026-08-20
TL-ORD-E239E3A9DE,8827.0,sess_bf944b70cd424f22,2662,399.3,0,2262.7,2,Card,CONFIRMED,Delhi NCR,583010,2026-09-07 15:38:29.482549,2026-09-07
TL-ORD-D300C98CFE,10293.0,sess_7c47ab7b498e4d5f,4320,648.0,0,3672.0,4,UPI,CONFIRMED,Pune,527532,2026-09-08 00:44:23.009429,2026-09-08
TL-ORD-B6F79F9039,,sess_0160e7c7b2714aa0,1018,0.0,0,1018.0,5,UPI,CONFIRMED,Hyderabad,388209,2026-08-22 19:44:00.384194,2026-08-22
TL-ORD-7403CD1117,,sess_8dfd1b842ee24b91,3621,543.15,0,3077.85,3,COD,CONFIRMED,Delhi NCR,674765,2026-08-23 02:11:32.287132,2026-08-23
TL-ORD-4846D80A06,11613.0,sess_4ec94e2caf8847a8,1774,0.0,0,1774.0,2,Card,CONFIRMED,Pune,143803,2026-08-17 16:04:55.319370,2026-08-17
TL-ORD-A09ECFBBA9,8774.0,sess_bd5a94103cfd44c6,1928,0.0,0,1928.0,2,COD,CONFIRMED,Delhi NCR,371204,2026-08-19 06:39:43.509181,2026-08-19
TL-ORD-16B359CD4E,,sess_79a0c8c8c6384280,4481,0.0,0,4481.0,5,COD,CONFIRMED,Pune,358167,2026-08-17 19:11:18.246499,2026-08-17
TL-ORD-1942884645,8204.0,sess_54c64dbec1f44857,5842,0.0,0,5842.0,2,Card,CONFIRMED,Delhi NCR,694136,2026-08-28 07:57:35.861235,2026-08-28
TL-ORD-D6E2AA6431,,sess_f9bddb314c3e4de8,2769,0.0,0,2769.0,2,UPI,CONFIRMED,Hyderabad,463250,2026-08-21 16:52:40.225692,2026-08-21
TL-ORD-21791ABD37,10808.0,sess_de24c49f89704b86,4617,692.55,0,3924.45,2,Card,CONFIRMED,Hyderabad,560734,2026-09-04 10:34:06.827871,2026-09-04
TL-ORD-F0F292C02C,9943.0,sess_406788046f164e24,956,0.0,99,1055.0,4,COD,CONFIRMED,Bengaluru,360010,2026-09-11 14:33:49.235436,2026-09-11
TL-ORD-B3535D4F38,10904.0,sess_ff0ce9e528444f21,3471,0.0,0,3471.0,3,Card,CONFIRMED,Mumbai,473904,2026-09-04 17:57:08.485156,2026-09-04
TL-ORD-8FEA2BC046,,sess_74d8cf035e3e4f8e,2195,0.0,0,2195.0,4,UPI,CONFIRMED,Hyderabad,289999,2026-08-22 07:56:26.728028,2026-08-22
TL-ORD-8103AEA240,,sess_11afe4bbfdc54210,5184,0.0,0,5184.0,6,Card,CONFIRMED,Pune,124221,2026-08-17 02:18:38.561557,2026-08-17
TL-ORD-C8F30128DB,7416.0,sess_b5acdbca85384e31,3389,0.0,0,3389.0,2,COD,CONFIRMED,Pune,565621,2026-09-12 01:14:24.580959,2026-09-12
TL-ORD-8E4DF558C3,,sess_f8e341c7969c47b8,2499,0.0,0,2499.0,3,Card,CONFIRMED,Delhi NCR,686397,2026-08-29 14:04:29.288185,2026-08-29
TL-ORD-BCA150740F,8251.0,sess_cea94e28be3745c9,4284,0.0,0,4284.0,2,NetBanking,CONFIRMED,Bengaluru,395397,2026-09-01 09:21:00.987454,2026-09-01
TL-ORD-CE230F5B74,6854.0,sess_f54741549c6d4fca,1061,0.0,0,1061.0,3,COD,CONFIRMED,Bengaluru,243919,2026-09-08 06:05:44.442521,2026-09-08
TL-ORD-3673C22CE4,8461.0,sess_59ade004ba74415c,2686,402.9,0,2283.1,4,Card,CONFIRMED,Delhi NCR,504175,2026-09-05 17:39:59.840591,2026-09-05
TL-ORD-1CA858958E,11962.0,sess_83360b6f53c04ecc,5450,817.5,0,4632.5,3,COD,CONFIRMED,Bengaluru,120057,2026-08-25 04:22:12.895563,2026-08-25
TL-ORD-922E419232,7755.0,sess_0f064b3c54de4fa0,3559,0.0,0,3559.0,2,NetBanking,CONFIRMED,Hyderabad,369637,2026-09-09 05:43:50.552895,2026-09-09
TL-ORD-4E444D86CC,6952.0,sess_6d3f3827a62041d7,1276,0.0,0,1276.0,5,COD,CONFIRMED,Chennai,145369,2026-08-24 02:32:48.733625,2026-08-24
TL-ORD-C131CE6E08,7645.0,sess_1950c645f391490f,2717,0.0,0,2717.0,3,COD,CONFIRMED,Bengaluru,205068,2026-08-19 06:41:13.114533,2026-08-19
TL-ORD-EE2C0360A4,6015.0,sess_d6b922924ce441a7,4320,0.0,0,4320.0,4,COD,CONFIRMED,Chennai,475681,2026-09-11 02:46:18.957414,2026-09-11
TL-ORD-D55454170A,8454.0,sess_a8b44555ed6a4fac,1044,0.0,0,1044.0,3,UPI,CONFIRMED,Hyderabad,222387,2026-08-22 10:18:34.067927,2026-08-22
TL-ORD-DD680D066D,,sess_664b0ae67a9847a9,2334,0.0,0,2334.0,5,NetBanking,CONFIRMED,Pune,416225,2026-09-05 08:12:31.576457,2026-09-05
TL-ORD-839E5DB572,,sess_39e977f722c14fa7,5322,798.3,0,4523.7,4,Card,CONFIRMED,Pune,638916,2026-08-31 06:05:22.639909,2026-08-31
TL-ORD-2299052707,9772.0,sess_fd469f5a4a3b4c12,1875,0.0,0,1875.0,4,NetBanking,CONFIRMED,Chennai,195163,2026-09-05 09:57:35.391639,2026-09-05
TL-ORD-BD0E3F7319,,sess_7d52a32f13784eed,4299,0.0,0,4299.0,2,COD,CONFIRMED,Pune,126226,2026-09-05 10:58:21.446889,2026-09-05
TL-ORD-309BF8C7FF,,sess_7a150d8555924847,2195,329.25,0,1865.75,4,Card,CONFIRMED,Delhi NCR,509162,2026-08-15 19:35:18.824636,2026-08-15
TL-ORD-02BD06CEC2,6859.0,sess_8cb87bba91f54011,2640,0.0,0,2640.0,3,NetBanking,CONFIRMED,Chennai,169233,2026-08-22 10:11:39.360164,2026-08-22
TL-ORD-C55CCE9874,10894.0,sess_de70ce39a19a4874,3090,463.5,0,2626.5,2,NetBanking,CONFIRMED,Chennai,293129,2026-09-04 02:57:18.808332,2026-09-04
TL-ORD-78127B5099,6468.0,sess_cbe3878d76f742ef,4645,0.0,0,4645.0,2,NetBanking,CONFIRMED,Delhi NCR,305442,2026-09-10 00:38:17.121155,2026-09-10
TL-ORD-A669ACD9CD,7064.0,sess_99b2eb618a3e4f5a,956,0.0,99,1055.0,4,NetBanking,CONFIRMED,Mumbai,309827,2026-09-04 20:40:59.320129,2026-09-04
TL-ORD-D4C7C9A7F0,6164.0,sess_1d2672b85e624d24,4299,644.85,0,3654.15,2,COD,CONFIRMED,Delhi NCR,646418,2026-08-22 03:41:00.539605,2026-08-22
TL-ORD-C5A96974FA,,sess_a8eaf1e8f27b43b1,2673,400.95,0,2272.05,2,NetBanking,CONFIRMED,Bengaluru,281617,2026-09-12 00:12:29.843722,2026-09-12
TL-ORD-BAAC2EA1A1,7820.0,sess_fb9edb13efbd4ac5,1018,152.7,0,865.3,5,COD,CONFIRMED,Delhi NCR,326367,2026-09-13 15:09:46.286860,2026-09-13
TL-ORD-F9A27BF24A,7855.0,sess_9467a228d3d440eb,2773,0.0,0,2773.0,2,NetBanking,CONFIRMED,Hyderabad,168033,2026-09-08 01:47:07.344178,2026-09-08
TL-ORD-F569B96A17,8630.0,sess_604fb5de789f46e9,6999,1049.85,0,5949.15,2,Card,CONFIRMED,Pune,147448,2026-08-26 23:36:39.849247,2026-08-26
TL-ORD-42E59F64F9,6166.0,sess_dfa7c4a1b95449ce,3177,476.55,0,2700.45,3,NetBanking,CONFIRMED,Delhi NCR,114660,2026-08-28 10:57:59.450220,2026-08-28
TL-ORD-3E12A25912,,sess_6f68a12ec33547af,3174,0.0,0,3174.0,5,UPI,CONFIRMED,Delhi NCR,472543,2026-09-06 19:58:22.280522,2026-09-06
TL-ORD-D8F2CECC9E,8009.0,sess_4af36dd0cd91407c,550,0.0,99,649.0,5,COD,CONFIRMED,Pune,189383,2026-08-27 10:00:37.277250,2026-08-27
TL-ORD-585112B41D,11689.0,sess_6fdbd9950c444186,1829,0.0,0,1829.0,2,Card,CONFIRMED,Delhi NCR,642441,2026-08-31 13:15:22.851137,2026-08-31
TL-ORD-3F567E1179,11109.0,sess_f3b114c0c25d4d7e,1251,187.65,0,1063.35,3,COD,CONFIRMED,Bengaluru,390691,2026-08-25 06:12:23.580140,2026-08-25
TL-ORD-148D632F09,,sess_b50c639ee50c4416,4645,0.0,0,4645.0,2,COD,CONFIRMED,Pune,303749,2026-08-15 18:20:27.891479,2026-08-15
TL-ORD-1975D0F8B9,8539.0,sess_3f35976cbe704787,1103,0.0,0,1103.0,2,Card,CONFIRMED,Bengaluru,459062,2026-08-28 03:43:15.260361,2026-08-28
TL-ORD-7BE6A46DF1,9186.0,sess_864c44b0d9ef41fd,1533,0.0,0,1533.0,2,COD,CONFIRMED,Bengaluru,537789,2026-08-30 02:35:47.899646,2026-08-30
TL-ORD-C8BA3743E3,6101.0,sess_5c5997caa4144536,743,111.45,99,730.55,3,COD,CONFIRMED,Hyderabad,650186,2026-08-18 08:39:09.357138,2026-08-18
TL-ORD-93FEB853C8,10485.0,sess_950d38be5f9a409c,4958,743.7,0,4214.3,3,NetBanking,CONFIRMED,Bengaluru,690731,2026-08-28 04:25:19.748342,2026-08-28
TL-ORD-4164D528B5,7932.0,sess_1e6f75e8291740a5,999,0.0,0,999.0,2,COD,CONFIRMED,Delhi NCR,470249,2026-08-25 11:12:49.881856,2026-08-25
TL-ORD-B99BD845F7,9044.0,sess_c1740f9060d3444b,4320,0.0,0,4320.0,4,COD,CONFIRMED,Delhi NCR,257144,2026-09-12 10:41:47.998167,2026-09-12
TL-ORD-65FCDF3B60,,sess_f3cac17fa87e4e6e,6489,0.0,0,6489.0,2,NetBanking,CONFIRMED,Bengaluru,494300,2026-08-27 21:44:53.166127,2026-08-27
TL-ORD-0ADB43DCEB,11060.0,sess_146b6662949a4980,3246,0.0,0,3246.0,6,Card,CONFIRMED,Pune,120198,2026-09-09 08:23:54.624307,2026-09-09
TL-ORD-277B194211,7128.0,sess_c44438dd8782407d,1089,163.35,0,925.65,3,Card,CONFIRMED,Mumbai,597629,2026-08-30 12:55:39.856944,2026-08-30
TL-ORD-F94FA63392,,sess_4df154215ed5498f,4284,642.6,0,3641.4,2,NetBanking,CONFIRMED,Delhi NCR,134937,2026-08-21 07:59:09.600660,2026-08-21
TL-ORD-9B59644E44,8566.0,sess_46c3351a9b274df4,1847,0.0,0,1847.0,3,NetBanking,CONFIRMED,Pune,630346,2026-08-19 18:09:49.549180,2026-08-19
TL-ORD-44F9CFFCBF,,sess_8a9b79b567f640c1,3748,0.0,0,3748.0,2,NetBanking,CONFIRMED,Pune,280372,2026-08-23 03:33:02.419924,2026-08-23
TL-ORD-0AE63AB28A,7140.0,sess_5b69fad1bbb44c8d,3938,0.0,0,3938.0,3,Card,CONFIRMED,Hyderabad,569750,2026-08-23 02:50:46.532377,2026-08-23
TL-ORD-5360465D11,9506.0,sess_2db3c3532453412d,3985,597.75,0,3387.25,3,UPI,CONFIRMED,Mumbai,255793,2026-08-28 02:05:40.359173,2026-08-28
TL-ORD-313C1306F8,8560.0,sess_ec4ac065282748d3,3531,529.65,0,3001.35,3,NetBanking,CONFIRMED,Chennai,394855,2026-08-27 11:21:00.835170,2026-08-27
TL-ORD-3B8F391235,8658.0,sess_221eb1486d444327,1684,0.0,0,1684.0,2,UPI,CONFIRMED,Mumbai,318237,2026-08-24 19:45:52.747141,2026-08-24
TL-ORD-4ED29E4E47,,sess_d7592049d9c94b9d,6594,989.1,0,5604.9,3,COD,CONFIRMED,Hyderabad,595711,2026-09-04 23:45:20.236812,2026-09-04
TL-ORD-62F6099977,,sess_e6dba37f5432430b,2589,388.35,0,2200.65,2,COD,CONFIRMED,Mumbai,327507,2026-08-27 09:25:30.907233,2026-08-27
TL-ORD-FD90737170,7762.0,sess_f2ec0e3f80224356,1103,0.0,0,1103.0,5,COD,CONFIRMED,Bengaluru,255488,2026-09-06 12:18:03.728609,2026-09-06
TL-ORD-F16ADDE948,11200.0,sess_898a24dbd2e94a9c,1899,284.85,0,1614.15,4,UPI,CONFIRMED,Mumbai,182849,2026-09-02 05:34:58.650445,2026-09-02
TL-ORD-75C833DEFE,7900.0,sess_0d7cb5588a16484e,4499,0.0,0,4499.0,2,NetBanking,CONFIRMED,Hyderabad,197863,2026-08-22 04:36:15.783517,2026-08-22
TL-ORD-5D4B3C1C15,8944.0,sess_460dc7fcec874f2d,2550,382.5,0,2167.5,2,Card,CONFIRMED,Pune,689065,2026-08-24 20:07:17.965070,2026-08-24
TL-ORD-53852DEC64,,sess_8644cca762ef44a3,829,0.0,99,928.0,6,COD,CONFIRMED,Chennai,532293,2026-08-23 07:54:13.194230,2026-08-23
TL-ORD-D33F2DE66D,11787.0,sess_c032ca6e264b4e96,1270,190.5,0,1079.5,5,NetBanking,CONFIRMED,Bengaluru,248899,2026-09-02 13:33:34.015152,2026-09-02
TL-ORD-793A6BE988,9762.0,sess_34a627f7d5194c65,2550,0.0,0,2550.0,2,Card,CONFIRMED,Mumbai,407044,2026-08-19 16:43:41.882970,2026-08-19
TL-ORD-B68F45F6BC,7188.0,sess_192ddb59082c415a,1914,287.1,0,1626.9,3,Card,CONFIRMED,Mumbai,595151,2026-08-24 01:33:59.076492,2026-08-24
TL-ORD-35744D9025,9389.0,sess_349cb131ddca4ea9,2511,376.65,0,2134.35,2,UPI,CONFIRMED,Delhi NCR,422153,2026-08-29 04:03:49.204119,2026-08-29
TL-ORD-209D720B01,8302.0,sess_c9706657694a4fd1,1733,259.95,0,1473.05,3,NetBanking,CONFIRMED,Bengaluru,460789,2026-08-31 21:10:10.178336,2026-08-31
TL-ORD-03194FAA09,,sess_9c3c535d863041ef,1906,0.0,0,1906.0,3,COD,CONFIRMED,Mumbai,615508,2026-09-08 10:22:06.568500,2026-09-08
TL-ORD-6A6394F6FE,7905.0,sess_ed239c0c773441be,1802,0.0,0,1802.0,3,NetBanking,CONFIRMED,Bengaluru,619115,2026-09-03 11:26:24.914217,2026-09-03
TL-ORD-9D210312DE,11290.0,sess_7cff1bb130e14cc1,956,0.0,99,1055.0,4,COD,CONFIRMED,Pune,369605,2026-08-15 23:14:03.165385,2026-08-15
TL-ORD-74F74F1069,8751.0,sess_67880fb6fec64253,1263,0.0,0,1263.0,5,COD,CONFIRMED,Pune,396572,2026-09-12 07:28:29.151996,2026-09-12
TL-ORD-E7289C7C52,11076.0,sess_25bd5d2a12f44bd8,1018,0.0,0,1018.0,5,NetBanking,CONFIRMED,Pune,206750,2026-09-07 11:31:50.396603,2026-09-07
TL-ORD-B21B142179,8518.0,sess_a192843334d44151,4723,708.45,0,4014.55,4,Card,CONFIRMED,Bengaluru,682660,2026-09-12 20:44:53.334100,2026-09-12
TL-ORD-12E0C44DC1,,sess_803d97d22e7943f8,5421,813.15,0,4607.85,4,Card,CONFIRMED,Chennai,246037,2026-08-26 00:39:16.986470,2026-08-26
TL-ORD-BF390C0F4C,10155.0,sess_1b1ba82a0e3c4d2f,1728,0.0,0,1728.0,2,Card,CONFIRMED,Hyderabad,682111,2026-08-30 08:12:36.741840,2026-08-30
TL-ORD-839863F577,9350.0,sess_b644a75e7a7a456f,7008,1051.2,0,5956.8,3,NetBanking,CONFIRMED,Delhi NCR,491807,2026-09-05 19:19:23.015736,2026-09-05
TL-ORD-5A1D71E653,11491.0,sess_74b6ed10046f49c0,1802,270.3,0,1531.7,3,Card,CONFIRMED,Bengaluru,135519,2026-09-08 10:27:09.341410,2026-09-08
TL-ORD-576206B450,,sess_7cef7b92be174d92,4180,0.0,0,4180.0,3,NetBanking,CONFIRMED,Chennai,636713,2026-09-03 15:29:53.210241,2026-09-03
TL-ORD-9D28ABFDE8,9505.0,sess_37e63ca197e7439e,4758,0.0,0,4758.0,2,UPI,CONFIRMED,Mumbai,252448,2026-08-16 06:00:05.192403,2026-08-16
TL-ORD-319BF27403,9275.0,sess_5a8d807410c04048,6999,1049.85,0,5949.15,2,COD,CONFIRMED,Delhi NCR,344118,2026-09-12 16:45:09.949669,2026-09-12
TL-ORD-26D66F2D3D,6244.0,sess_28f11b90e4db47d0,2999,449.85,0,2549.15,3,Card,CONFIRMED,Bengaluru,382595,2026-08-31 19:14:07.501638,2026-08-31
TL-ORD-5EEBAA91FC,10966.0,sess_601df5498bf14dcc,3582,0.0,0,3582.0,4,UPI,CONFIRMED,Hyderabad,411271,2026-08-29 07:53:28.821863,2026-08-29
TL-ORD-16331414BC,6603.0,sess_28aa08edd0d145af,2794,0.0,0,2794.0,5,COD,CONFIRMED,Bengaluru,508612,2026-08-15 06:19:15.129317,2026-08-15
TL-ORD-C414824CA6,8859.0,sess_8a677e51fc034f9e,1270,0.0,0,1270.0,5,COD,CONFIRMED,Mumbai,139811,2026-08-21 15:25:20.881851,2026-08-21
TL-ORD-F1BDFB34C7,,sess_d04fa76703314e8f,2199,0.0,0,2199.0,4,UPI,CONFIRMED,Delhi NCR,579124,2026-08-21 06:52:32.741342,2026-08-21
TL-ORD-4D8765C61D,,sess_04c3403eb6644bd9,829,0.0,99,928.0,6,COD,CONFIRMED,Mumbai,321607,2026-09-02 15:26:44.001153,2026-09-02
TL-ORD-1CF771FD07,9528.0,sess_1a73f96038534ce2,2036,0.0,0,2036.0,2,Card,CONFIRMED,Bengaluru,423262,2026-08-31 10:50:14.649919,2026-08-31
TL-ORD-7916D5B2D8,,sess_fd17d62418e94e01,4869,730.35,0,4138.65,3,Card,CONFIRMED,Bengaluru,422856,2026-08-19 18:07:41.153228,2026-08-19
TL-ORD-2365162CB7,9507.0,sess_6328e80128b24b65,550,0.0,99,649.0,5,UPI,CONFIRMED,Mumbai,258643,2026-08-15 18:35:23.635463,2026-08-15
TL-ORD-D074935C50,10520.0,sess_7f851ae4cdbf495e,3143,471.45,0,2671.55,2,Card,CONFIRMED,Hyderabad,198285,2026-09-02 00:35:42.335455,2026-09-02
TL-ORD-C34EE3D361,,sess_ce2f3a0d463849af,5322,798.3,0,4523.7,4,NetBanking,CONFIRMED,Pune,653618,2026-08-14 23:55:11.604584,2026-08-14
TL-ORD-AA9346B49F,6501.0,sess_0b4a3e60f1cc4d3e,3857,0.0,0,3857.0,5,NetBanking,CONFIRMED,Bengaluru,372262,2026-09-06 20:57:29.424836,2026-09-06
TL-ORD-2EE12DDA1D,10593.0,sess_02b36e6760d04680,2688,0.0,0,2688.0,2,COD,CONFIRMED,Hyderabad,139079,2026-08-21 09:30:09.609009,2026-08-21
TL-ORD-40CBAE5E07,11875.0,sess_b712d87dfb2e4068,1829,0.0,0,1829.0,6,NetBanking,CONFIRMED,Hyderabad,610795,2026-09-04 22:53:18.385448,2026-09-04
TL-ORD-F351034DEF,,sess_acf0c8969919497d,1617,0.0,0,1617.0,3,UPI,CONFIRMED,Bengaluru,691085,2026-08-22 16:16:14.893819,2026-08-22
TL-ORD-AB1A96915A,8955.0,sess_0d946b80f9da4240,1829,0.0,0,1829.0,6,NetBanking,CONFIRMED,Bengaluru,439738,2026-08-16 16:26:43.073990,2026-08-16
TL-ORD-3E743602E6,,sess_320391aac1e94e03,4965,0.0,0,4965.0,4,NetBanking,CONFIRMED,Chennai,699556,2026-09-06 01:10:57.196420,2026-09-06
TL-ORD-35EAB037F5,8993.0,sess_b61594fcc24045df,5450,817.5,0,4632.5,2,UPI,CONFIRMED,Chennai,602098,2026-08-24 14:37:12.727283,2026-08-24
TL-ORD-F298B367DF,6827.0,sess_8a96dce325d84e65,3389,508.35,0,2880.65,2,UPI,CONFIRMED,Pune,562466,2026-08-18 23:14:37.713333,2026-08-18
TL-ORD-D785261223,9170.0,sess_827f2be779e8484d,3019,452.85,0,2566.15,2,NetBanking,CONFIRMED,Chennai,282607,2026-09-04 01:00:10.474752,2026-09-04
TL-ORD-502065DF45,,sess_20ea0e53fbcb4af4,3556,0.0,0,3556.0,2,COD,CONFIRMED,Pune,315854,2026-08-24 23:45:37.267211,2026-08-24
TL-ORD-242DB190E5,8531.0,sess_77ca543bca8846ed,5322,798.3,0,4523.7,4,COD,CONFIRMED,Bengaluru,350940,2026-08-29 12:20:14.026756,2026-08-29
TL-ORD-BF72791438,9581.0,sess_7519bcb15fe84a29,4237,0.0,0,4237.0,4,UPI,CONFIRMED,Bengaluru,584594,2026-08-26 09:34:10.793857,2026-08-26
TL-ORD-3AD9D679F0,6670.0,sess_ced15ac510154ba9,3499,524.85,0,2974.15,2,COD,CONFIRMED,Hyderabad,670141,2026-09-10 11:14:23.771910,2026-09-10
TL-ORD-1CC036AEB8,10878.0,sess_793b7bcbafeb4a0a,3582,0.0,0,3582.0,4,COD,CONFIRMED,Chennai,569085,2026-08-25 15:32:26.986590,2026-08-25
TL-ORD-58B93D22E1,10290.0,sess_5a08cff567cc48f4,2617,0.0,0,2617.0,4,Card,CONFIRMED,Pune,211166,2026-09-01 09:14:50.086104,2026-09-01
TL-ORD-016C71459A,8999.0,sess_9a78a1e51ef14527,1299,194.85,0,1104.15,3,Card,CONFIRMED,Chennai,611346,2026-09-02 13:55:31.768287,2026-09-02
TL-ORD-4CD3D6EAD0,9694.0,sess_ec5ef18871484936,2339,0.0,0,2339.0,2,UPI,CONFIRMED,Chennai,230371,2026-09-09 10:03:33.213064,2026-09-09
TL-ORD-EF89D94431,9305.0,sess_2cba6282daec4a72,3024,453.6,0,2570.4,5,COD,CONFIRMED,Chennai,592883,2026-09-10 12:39:44.473457,2026-09-10
TL-ORD-65A2B3ABA7,,sess_76421bf718734b6b,2312,0.0,0,2312.0,5,NetBanking,CONFIRMED,Pune,589421,2026-08-28 19:13:24.937664,2026-08-28
TL-ORD-FD0A0B6F11,8258.0,sess_b6d923837d624cb3,4180,0.0,0,4180.0,3,Card,CONFIRMED,Chennai,555058,2026-08-27 02:09:38.773717,2026-08-27
TL-ORD-9C0255254E,6094.0,sess_a769741de22948d1,1299,194.85,0,1104.15,3,UPI,CONFIRMED,Pune,252181,2026-09-02 11:11:04.214019,2026-09-02
TL-ORD-710506E1E7,7949.0,sess_978de0de0b984c26,859,0.0,99,958.0,2,NetBanking,CONFIRMED,Mumbai,362131,2026-08-20 10:47:18.049636,2026-08-20
TL-ORD-F2A304CC81,,sess_d70c40bf51f74c7e,2279,341.85,0,1937.15,4,UPI,CONFIRMED,Mumbai,358936,2026-08-28 06:14:55.676336,2026-08-28
TL-ORD-9E08A7D422,,sess_eb81f0d369bc4a16,4758,713.7,0,4044.3,2,Card,CONFIRMED,Pune,112126,2026-08-16 23:01:30.404696,2026-08-16
TL-ORD-2DCD85D3EA,11678.0,sess_8b034310832146ca,751,112.65,99,737.35,4,UPI,CONFIRMED,Hyderabad,163242,2026-09-12 09:56:10.432151,2026-09-12
TL-ORD-7B823DDD31,8463.0,sess_d7204523ac66484c,1044,156.6,0,887.4,3,Card,CONFIRMED,Chennai,280771,2026-08-19 00:26:46.243264,2026-08-19
TL-ORD-C0A84D7A6C,10967.0,sess_1cbace5d79d849f7,1739,260.85,0,1478.15,5,COD,CONFIRMED,Hyderabad,613663,2026-09-08 10:18:31.187463,2026-09-08
TL-ORD-AA54A1649D,,sess_e2e0776a36cf4093,550,0.0,99,649.0,5,COD,CONFIRMED,Hyderabad,176067,2026-08-27 03:42:02.457611,2026-08-27
TL-ORD-563B444A46,,sess_2a6ff23eb9454edd,2589,388.35,0,2200.65,2,NetBanking,CONFIRMED,Bengaluru,683480,2026-08-27 16:14:40.217666,2026-08-27
TL-ORD-086803EFD7,10894.0,sess_305bbeb98fbd4075,2339,0.0,0,2339.0,2,Card,CONFIRMED,Bengaluru,216527,2026-09-04 13:48:35.902373,2026-09-04
TL-ORD-9C594EA8EF,7863.0,sess_4a1aa08e720d4c7f,2617,0.0,0,2617.0,4,UPI,CONFIRMED,Bengaluru,358995,2026-08-15 02:35:28.559369,2026-08-15
TL-ORD-A58899BC75,8240.0,sess_969deca26d914cfc,1299,0.0,0,1299.0,3,NetBanking,CONFIRMED,Hyderabad,195935,2026-08-16 17:11:51.652170,2026-08-16
TL-ORD-6F0B01C9AD,,sess_470383e5968b41a3,1506,225.9,0,1280.1,3,UPI,CONFIRMED,Bengaluru,387075,2026-08-25 00:47:05.454927,2026-08-25
TL-ORD-D3536289A8,,sess_866a89656222462d,3775,566.25,0,3208.75,5,UPI,CONFIRMED,Bengaluru,403936,2026-09-10 15:17:29.025513,2026-09-10
TL-ORD-54FC9F317A,,sess_3ad1aba282884ebc,1954,0.0,0,1954.0,6,Card,CONFIRMED,Mumbai,384652,2026-08-26 13:18:20.879215,2026-08-26
TL-ORD-E8CFDC800A,10377.0,sess_87dc20c2963746cf,4168,0.0,0,4168.0,3,UPI,CONFIRMED,Pune,690724,2026-08-23 08:11:09.163923,2026-08-23
TL-ORD-4F11D1D9A4,10020.0,sess_5cd5ed2d7f184ad5,1733,0.0,0,1733.0,3,COD,CONFIRMED,Bengaluru,258500,2026-09-05 17:10:33.773116,2026-09-05
TL-ORD-063823E1AC,6002.0,sess_7c7ae969981c475b,3879,581.85,0,3297.15,5,COD,CONFIRMED,Delhi NCR,284288,2026-09-06 22:49:15.444746,2026-09-06
TL-ORD-506882E8F0,7932.0,sess_86c0c42c02a64297,2235,0.0,0,2235.0,3,UPI,CONFIRMED,Hyderabad,466531,2026-09-09 18:17:25.017968,2026-09-09
TL-ORD-D05F286E2B,7859.0,sess_4196bedd52194353,1230,0.0,0,1230.0,4,UPI,CONFIRMED,Chennai,480969,2026-08-23 01:14:03.156574,2026-08-23
TL-ORD-D6189519B4,10232.0,sess_814ff2e80bf54543,5070,0.0,0,5070.0,5,NetBanking,CONFIRMED,Bengaluru,520445,2026-08-30 06:23:51.473961,2026-08-30
TL-ORD-ED65A214FE,10949.0,sess_e0926d9440ab4153,5322,0.0,0,5322.0,4,NetBanking,CONFIRMED,Hyderabad,288895,2026-09-11 21:53:44.313187,2026-09-11
TL-ORD-5644226D8C,11205.0,sess_6a87e22fc17f4bf1,2499,374.85,0,2124.15,3,Card,CONFIRMED,Hyderabad,433640,2026-08-29 17:21:34.648870,2026-08-29
TL-ORD-F29A348AFB,9563.0,sess_0b9c445beac24a8d,2403,360.45,0,2042.55,2,UPI,CONFIRMED,Hyderabad,126397,2026-09-05 17:18:17.933208,2026-09-05
TL-ORD-92A5AC75B2,7483.0,sess_91c1b58ce2fe429e,5322,0.0,0,5322.0,4,NetBanking,CONFIRMED,Delhi NCR,668146,2026-09-02 21:05:34.442277,2026-09-02
TL-ORD-FEDE0EA52C,,sess_14fc5d60a75949a0,2550,382.5,0,2167.5,2,NetBanking,CONFIRMED,Pune,229751,2026-09-01 03:46:20.114523,2026-09-01
TL-ORD-B71717A4B1,9265.0,sess_71c227ebcd4341bc,2450,0.0,0,2450.0,3,COD,CONFIRMED,Delhi NCR,305430,2026-08-22 19:50:19.326237,2026-08-22
TL-ORD-AEB7C81D7E,6027.0,sess_8c91c899a4f84ee8,2853,427.95,0,2425.05,4,COD,CONFIRMED,Hyderabad,479279,2026-08-28 17:49:44.012222,2026-08-28
TL-ORD-60A7A10286,6526.0,sess_769f437bf82e48c6,1728,0.0,0,1728.0,2,UPI,CONFIRMED,Mumbai,293101,2026-08-15 17:34:51.028174,2026-08-15
TL-ORD-ADD643187E,,sess_77859a6ab4bb47f9,5816,872.4,0,4943.6,2,NetBanking,CONFIRMED,Mumbai,302036,2026-09-08 10:16:22.081740,2026-09-08
TL-ORD-0D248B1515,9904.0,sess_22f5404b6c4f4973,1210,0.0,0,1210.0,2,Card,CONFIRMED,Chennai,278562,2026-08-27 09:17:14.347726,2026-08-27
TL-ORD-DD0047D8BC,10002.0,sess_71b6e9a87e7848a3,3985,597.75,0,3387.25,3,Card,CONFIRMED,Pune,282772,2026-09-04 22:58:48.766597,2026-09-04
TL-ORD-6BBFA2662C,,sess_1adf932b69444fd8,1089,0.0,0,1089.0,3,NetBanking,CONFIRMED,Mumbai,686780,2026-08-24 15:10:55.498851,2026-08-24
TL-ORD-0D2572D9AD,10432.0,sess_c9eed37fdea645ec,1299,194.85,0,1104.15,3,Card,CONFIRMED,Chennai,602202,2026-09-03 04:38:19.497683,2026-09-03
TL-ORD-020B0C3087,10299.0,sess_7e7a9713e66d4b37,2350,0.0,0,2350.0,2,UPI,CONFIRMED,Chennai,412412,2026-08-27 13:02:14.227708,2026-08-27
TL-ORD-4064365813,,sess_77e60867f5db4a68,4596,689.4,0,3906.6,3,UPI,CONFIRMED,Mumbai,382219,2026-08-24 19:14:15.714488,2026-08-24
TL-ORD-C108C6E43F,10023.0,sess_1fdc670691164ccc,1322,0.0,0,1322.0,4,NetBanking,CONFIRMED,Pune,144747,2026-08-16 04:25:56.000075,2026-08-16
TL-ORD-4651C361EA,10798.0,sess_8d329df56d78423e,2172,0.0,0,2172.0,6,UPI,CONFIRMED,Mumbai,432702,2026-09-06 09:48:50.101497,2026-09-06
TL-ORD-CE1F4DB74A,7405.0,sess_ad9701f960964849,1844,276.6,0,1567.4,3,NetBanking,CONFIRMED,Delhi NCR,443880,2026-09-05 12:12:48.679511,2026-09-05
TL-ORD-1BF06BD5CA,7048.0,sess_da7914394fd14512,779,116.85,99,761.15,2,UPI,CONFIRMED,Chennai,469279,2026-08-21 16:22:04.729463,2026-08-21
TL-ORD-B575B034EA,8874.0,sess_815270c40e7e4c22,4645,696.75,0,3948.25,2,Card,CONFIRMED,Mumbai,667304,2026-08-16 06:20:42.285639,2026-08-16
TL-ORD-D4312A1233,9551.0,sess_93bd095afae14d69,1802,0.0,0,1802.0,3,UPI,CONFIRMED,Mumbai,590952,2026-08-28 19:10:15.914918,2026-08-28
TL-ORD-78C2C48668,6547.0,sess_1e23ac76fc23486e,4499,674.85,0,3824.15,2,Card,CONFIRMED,Pune,356875,2026-08-22 12:36:44.583697,2026-08-22
TL-ORD-309C0B6922,8853.0,sess_aad53194fcb84e0d,3008,0.0,0,3008.0,3,NetBanking,CONFIRMED,Pune,455155,2026-08-28 08:40:38.741154,2026-08-28
TL-ORD-8E2ED6252D,11512.0,sess_a30903d12acd43af,1899,0.0,0,1899.0,2,UPI,CONFIRMED,Pune,409639,2026-09-06 11:40:57.366127,2026-09-06
TL-ORD-C550BA0B41,,sess_7551938547a04f6c,4958,0.0,0,4958.0,3,NetBanking,CONFIRMED,Hyderabad,401121,2026-08-29 21:59:41.500511,2026-08-29
TL-ORD-61DDCB9260,,sess_c02d58fe27454527,3499,0.0,0,3499.0,3,NetBanking,CONFIRMED,Mumbai,661338,2026-09-07 18:49:43.773367,2026-09-07
TL-ORD-D08309CF41,7845.0,sess_897a26e6b7884587,1244,186.6,0,1057.4,3,UPI,CONFIRMED,Chennai,311300,2026-09-04 16:36:12.726049,2026-09-04
TL-ORD-D148E79DF7,10605.0,sess_53e7d863f74e4861,1829,0.0,0,1829.0,6,UPI,CONFIRMED,Hyderabad,118328,2026-08-15 20:20:57.053901,2026-08-15
TL-ORD-5ED0377F8A,,sess_d5dd3199caf64532,2622,393.3,0,2228.7,3,COD,CONFIRMED,Pune,564054,2026-08-15 12:57:45.549447,2026-08-15
TL-ORD-8EBF35FE71,9240.0,sess_b02b0a0a4d544075,1733,259.95,0,1473.05,3,Card,CONFIRMED,Delhi NCR,142126,2026-08-27 01:09:47.290750,2026-08-27
TL-ORD-7A3EA8E971,,sess_01ea610e5fa44875,751,112.65,99,737.35,4,COD,CONFIRMED,Chennai,607663,2026-09-04 05:26:23.691089,2026-09-04
TL-ORD-91E461F6AB,,sess_89bf075e4ccb4bf2,2195,329.25,0,1865.75,4,Card,CONFIRMED,Mumbai,526603,2026-08-20 19:40:51.951001,2026-08-20
TL-ORD-E07F531CC2,,sess_1be433e5c13244ea,3985,597.75,0,3387.25,3,UPI,CONFIRMED,Pune,681265,2026-09-05 19:26:40.125747,2026-09-05
TL-ORD-FBB8CC8668,6649.0,sess_376b8a4abedc4d95,1604,240.6,0,1363.4,3,COD,CONFIRMED,Chennai,662479,2026-08-16 04:11:28.207555,2026-08-16
TL-ORD-C788FB7A5D,6548.0,sess_412a490b378e4e68,3499,524.85,0,2974.15,2,COD,CONFIRMED,Mumbai,213913,2026-09-10 12:46:36.616649,2026-09-10
TL-ORD-33B4F59F2A,,sess_9124ae1bce944061,4645,696.75,0,3948.25,2,COD,CONFIRMED,Delhi NCR,429969,2026-08-17 02:14:33.856595,2026-08-17
TL-ORD-A88B3C86F3,6696.0,sess_f03683fb12594b56,1802,270.3,0,1531.7,3,COD,CONFIRMED,Chennai,123757,2026-09-13 07:11:23.396896,2026-09-13
TL-ORD-EB51D53192,,sess_be1bf40744ca4835,1270,0.0,0,1270.0,5,UPI,CONFIRMED,Pune,528847,2026-08-20 19:44:53.083513,2026-08-20
TL-ORD-7F0B76B01B,7042.0,sess_dded20e29ce848c3,3712,556.8,0,3155.2,2,COD,CONFIRMED,Chennai,354160,2026-08-26 05:57:29.357533,2026-08-26
TL-ORD-4D8D8CFB12,,sess_47dbce0f03b047e9,1089,0.0,0,1089.0,3,UPI,CONFIRMED,Pune,552221,2026-09-02 08:17:51.063519,2026-09-02
TL-ORD-FD44C0BFEA,8483.0,sess_c28291241b1e4984,3471,0.0,0,3471.0,3,NetBanking,CONFIRMED,Chennai,277335,2026-09-12 18:31:20.212424,2026-09-12
TL-ORD-CD8926D434,10034.0,sess_60f31bc23b924b56,852,0.0,99,951.0,2,COD,CONFIRMED,Bengaluru,612755,2026-08-30 03:48:05.730830,2026-08-30
TL-ORD-F5EE5830BA,6548.0,sess_35171b286866467b,3499,524.85,0,2974.15,3,UPI,CONFIRMED,Pune,658778,2026-09-07 08:41:19.198528,2026-09-07
TL-ORD-C2EC77BB83,8634.0,sess_262a958c9c1d4eb7,2438,365.7,0,2072.3,3,Card,CONFIRMED,Mumbai,355062,2026-09-03 13:59:00.208521,2026-09-03
TL-ORD-3AFA0C62F5,,sess_382299ad2e1f4cb1,3019,0.0,0,3019.0,2,UPI,CONFIRMED,Delhi NCR,162143,2026-09-09 15:23:28.126382,2026-09-09
TL-ORD-028BD73975,,sess_da5df024e87e47d1,779,116.85,99,761.15,2,UPI,CONFIRMED,Delhi NCR,219257,2026-08-19 06:57:26.487365,2026-08-19
TL-ORD-9D5A9CB3F2,11048.0,sess_41de211df109428f,2686,0.0,0,2686.0,4,COD,CONFIRMED,Hyderabad,157552,2026-09-13 10:36:58.378209,2026-09-13
TL-ORD-CB190DCA97,7270.0,sess_d2ec0ed71f454e9b,3421,0.0,0,3421.0,6,Card,CONFIRMED,Delhi NCR,180798,2026-09-08 18:47:54.660393,2026-09-08
TL-ORD-D5E36291CD,11025.0,sess_2c0adab2e8c34afc,3143,0.0,0,3143.0,2,COD,CONFIRMED,Bengaluru,539385,2026-09-05 22:24:39.663650,2026-09-05
TL-ORD-F7241700A9,6664.0,sess_0a9f532bccd341f2,5450,817.5,0,4632.5,2,NetBanking,CONFIRMED,Mumbai,669730,2026-09-05 13:40:37.934121,2026-09-05
TL-ORD-ED22CFCA00,,sess_01d82cf848c447f2,1557,233.55,0,1323.45,4,COD,CONFIRMED,Delhi NCR,323301,2026-08-27 18:11:24.203997,2026-08-27
TL-ORD-193148D2AB,11009.0,sess_c004fc399b174751,2403,360.45,0,2042.55,2,UPI,CONFIRMED,Delhi NCR,218109,2026-08-23 23:35:39.375038,2026-08-23
TL-ORD-BCD25179D1,10957.0,sess_d51309b61d674b0d,2999,449.85,0,2549.15,3,Card,CONFIRMED,Delhi NCR,433249,2026-08-31 16:15:24.568189,2026-08-31
TL-ORD-DD8DBAAB65,11462.0,sess_3cb7bebc31874bb3,3985,597.75,0,3387.25,3,UPI,CONFIRMED,Delhi NCR,182048,2026-08-16 10:41:34.608006,2026-08-16
TL-ORD-402BE8DAF1,9551.0,sess_0fd680cf82474ded,1506,225.9,0,1280.1,3,NetBanking,CONFIRMED,Chennai,315689,2026-09-13 04:11:33.671850,2026-09-13
TL-ORD-6DC3C065F5,8287.0,sess_14eeda06a2864f96,2673,0.0,0,2673.0,2,UPI,CONFIRMED,Pune,661599,2026-08-25 11:49:27.284048,2026-08-25
TL-ORD-24E8F586D3,7146.0,sess_7dea7d79ffcd446e,3294,0.0,0,3294.0,4,NetBanking,CONFIRMED,Hyderabad,342444,2026-08-22 08:05:37.026705,2026-08-22
TL-ORD-0C85B20053,6953.0,sess_8cf022da94224ac1,5184,0.0,0,5184.0,6,COD,CONFIRMED,Pune,224864,2026-08-16 13:20:40.011623,2026-08-16
TL-ORD-1A57E326FD,8885.0,sess_cd9baf12f70d4f8c,3879,0.0,0,3879.0,5,UPI,CONFIRMED,Pune,588684,2026-08-19 04:38:54.591170,2026-08-19
TL-ORD-A72C3C5320,6942.0,sess_6a83c58fb94d464c,3389,0.0,0,3389.0,2,COD,CONFIRMED,Hyderabad,207576,2026-09-05 17:19:44.495458,2026-09-05
TL-ORD-399607A6B9,,sess_7aff9b4c968f46ed,4072,610.8,0,3461.2,2,Card,CONFIRMED,Delhi NCR,428069,2026-09-04 09:03:45.699842,2026-09-04
TL-ORD-661F9193A4,10170.0,sess_3b58161057b343aa,1899,0.0,0,1899.0,2,UPI,CONFIRMED,Pune,672997,2026-08-24 07:23:02.710367,2026-08-24
TL-ORD-0486985771,6219.0,sess_869d33952cce42d5,999,0.0,0,999.0,2,UPI,CONFIRMED,Hyderabad,442631,2026-08-20 12:01:42.888139,2026-08-20
TL-ORD-2D5E765D85,,sess_c1128d9ed58b4ec4,2334,0.0,0,2334.0,5,UPI,CONFIRMED,Hyderabad,675472,2026-09-10 22:06:29.125448,2026-09-10
TL-ORD-764648D1DC,7068.0,sess_9197ddfa86c64994,2999,449.85,0,2549.15,3,UPI,CONFIRMED,Mumbai,393484,2026-08-16 16:14:01.287098,2026-08-16
TL-ORD-7E7FB3E41B,9531.0,sess_2bb8af28057c4233,2403,0.0,0,2403.0,2,Card,CONFIRMED,Hyderabad,511058,2026-08-23 08:25:34.979666,2026-08-23
TL-ORD-52462B0E29,10599.0,sess_b1fede06f8584e74,2437,0.0,0,2437.0,4,UPI,CONFIRMED,Mumbai,391740,2026-08-16 16:02:19.211328,2026-08-16
TL-ORD-4AC36EB0D7,7641.0,sess_7fe9fe381bed4ae7,4758,0.0,0,4758.0,2,NetBanking,CONFIRMED,Hyderabad,321174,2026-09-06 02:14:25.142222,2026-09-06
TL-ORD-6CA0150E0A,,sess_07d4c62be2954f33,2781,0.0,0,2781.0,2,COD,CONFIRMED,Hyderabad,597249,2026-09-11 18:32:01.112721,2026-09-11
TL-ORD-AE2A2890D0,6285.0,sess_b19fdae4977b452b,1103,0.0,0,1103.0,5,NetBanking,CONFIRMED,Pune,310718,2026-09-07 12:38:21.557364,2026-09-07
TL-ORD-9A9EBC00F1,9041.0,sess_2741d25492794088,2403,0.0,0,2403.0,2,Card,CONFIRMED,Bengaluru,347390,2026-08-26 17:05:56.688130,2026-08-26
TL-ORD-8D9BC5E794,9649.0,sess_b545f76bc6b64577,1899,0.0,0,1899.0,2,NetBanking,CONFIRMED,Bengaluru,484875,2026-09-02 18:11:46.869024,2026-09-02
TL-ORD-22B7DCCAF5,6216.0,sess_76e29acad1754ae2,1829,274.35,0,1554.65,6,Card,CONFIRMED,Delhi NCR,643332,2026-08-18 12:17:01.188175,2026-08-18
TL-ORD-E8BDED097C,9561.0,sess_7be3c9e019544e25,4758,713.7,0,4044.3,2,NetBanking,CONFIRMED,Pune,536150,2026-08-30 05:00:27.760567,2026-08-30
TL-ORD-25105EFBDF,10378.0,sess_c6636da129aa451c,4645,696.75,0,3948.25,2,UPI,CONFIRMED,Chennai,482323,2026-09-07 03:52:42.371240,2026-09-07
TL-ORD-24F677F2CF,6721.0,sess_4ac95249525140e6,3499,524.85,0,2974.15,2,COD,CONFIRMED,Bengaluru,530073,2026-08-22 06:29:29.335231,2026-08-22
TL-ORD-25AAFCC433,10757.0,sess_2a608a5079ff4b83,3152,472.8,0,2679.2,2,Card,CONFIRMED,Hyderabad,647869,2026-09-06 18:05:47.716496,2026-09-06
TL-ORD-9211002A3E,8308.0,sess_aaa8b555cfe74229,3019,0.0,0,3019.0,2,Card,CONFIRMED,Bengaluru,188764,2026-08-16 12:58:12.828109,2026-08-16
TL-ORD-A111D704FB,11311.0,sess_f71f86ea274c471e,577,0.0,99,676.0,2,Card,CONFIRMED,Bengaluru,279634,2026-08-17 00:15:42.863288,2026-08-17
TL-ORD-5191B61169,11527.0,sess_d897eea93c104977,4700,705.0,0,3995.0,3,NetBanking,CONFIRMED,Pune,565195,2026-09-06 06:00:45.480674,2026-09-06
TL-ORD-B3076BD038,10167.0,sess_1c0c3ab25700460d,3389,0.0,0,3389.0,2,NetBanking,CONFIRMED,Chennai,191518,2026-08-30 23:25:07.317992,2026-08-30
TL-ORD-8ABB3FEFD6,,sess_8cb85249a0034857,3019,0.0,0,3019.0,2,UPI,CONFIRMED,Hyderabad,342787,2026-08-16 19:19:34.163965,2026-08-16
TL-ORD-DE633579A9,10682.0,sess_b8d48224d8ad4e66,2853,0.0,0,2853.0,4,Card,CONFIRMED,Pune,443462,2026-08-24 13:49:39.120216,2026-08-24
TL-ORD-7CEB3A58AC,11888.0,sess_b550e723e2644bf2,2499,0.0,0,2499.0,3,COD,CONFIRMED,Chennai,693237,2026-09-06 02:59:58.393801,2026-09-06
TL-ORD-90143AA72B,11907.0,sess_1eeffc7467df413d,894,134.1,99,858.9,2,COD,CONFIRMED,Chennai,337003,2026-09-03 07:24:07.314871,2026-09-03
TL-ORD-46A7A9352C,11212.0,sess_6789dcedd2624a36,3019,452.85,0,2566.15,2,Card,CONFIRMED,Mumbai,536149,2026-09-03 22:56:08.396159,2026-09-03
TL-ORD-8084993C73,11168.0,sess_bc6722cf19da474b,1882,282.3,0,1599.7,2,UPI,CONFIRMED,Delhi NCR,389374,2026-09-05 06:27:38.782516,2026-09-05
TL-ORD-B7A86CF375,6177.0,sess_bf22f17412524247,3577,536.55,0,3040.45,2,NetBanking,CONFIRMED,Pune,438679,2026-08-23 23:03:53.481656,2026-08-23
TL-ORD-28DE31CF02,7402.0,sess_08c0453403bb41af,1899,284.85,0,1614.15,4,COD,CONFIRMED,Bengaluru,518736,2026-09-07 02:22:07.415487,2026-09-07
TL-ORD-71CE1B42CE,11743.0,sess_6909b3a766f249c7,1847,0.0,0,1847.0,3,UPI,CONFIRMED,Chennai,209851,2026-09-07 04:39:08.284864,2026-09-07
TL-ORD-EBA722BF0F,8709.0,sess_a42f1974a0524e36,4237,0.0,0,4237.0,4,UPI,CONFIRMED,Hyderabad,217740,2026-09-01 19:21:51.739781,2026-09-01
TL-ORD-132DFC4C9F,,sess_12af7339e2ed4eff,5322,0.0,0,5322.0,4,NetBanking,CONFIRMED,Mumbai,249909,2026-09-06 07:19:47.589107,2026-09-06
TL-ORD-9D3EB8FF4C,11643.0,sess_a000a6b6d1da4f7c,2029,304.35,0,1724.65,5,COD,CONFIRMED,Bengaluru,649512,2026-08-28 17:31:21.342608,2026-08-28
TL-ORD-2626468017,8972.0,sess_670b2c0aebb34a7c,4304,0.0,0,4304.0,4,UPI,CONFIRMED,Delhi NCR,188142,2026-08-31 03:58:14.811436,2026-08-31
TL-ORD-E5D39CFBC2,10660.0,sess_8c28244704474fbf,894,0.0,99,993.0,2,NetBanking,CONFIRMED,Delhi NCR,316981,2026-08-25 11:08:47.436431,2026-08-25
TL-ORD-8C30AC151E,10893.0,sess_a5e474738c104dac,2853,427.95,0,2425.05,4,NetBanking,CONFIRMED,Delhi NCR,534464,2026-08-28 02:39:10.245255,2026-08-28
TL-ORD-0B820A3BE5,7222.0,sess_f6f3b301751542c0,2769,0.0,0,2769.0,2,Card,CONFIRMED,Hyderabad,324573,2026-08-29 01:37:23.198718,2026-08-29
TL-ORD-B0311D1D84,,sess_ce437bc12c3941f5,550,0.0,99,649.0,5,Card,CONFIRMED,Chennai,581281,2026-08-30 09:32:48.235522,2026-08-30
TL-ORD-C20505D79C,7690.0,sess_fe2ab76be8f1489f,1308,0.0,0,1308.0,3,COD,CONFIRMED,Chennai,635039,2026-08-16 08:23:30.943517,2026-08-16
TL-ORD-340C240286,8599.0,sess_e23663a049324634,4869,730.35,0,4138.65,3,COD,CONFIRMED,Chennai,530934,2026-09-10 10:07:56.148213,2026-09-10
TL-ORD-4504AAED51,11736.0,sess_4794e8574c2e4612,3177,0.0,0,3177.0,3,Card,CONFIRMED,Bengaluru,167005,2026-09-12 13:20:58.666857,2026-09-12
TL-ORD-95D9D56EC3,,sess_8197e49c152542fc,2773,0.0,0,2773.0,2,NetBanking,CONFIRMED,Bengaluru,691497,2026-09-01 02:23:21.070158,2026-09-01
TL-ORD-057D375377,,sess_6658bb14432c42f4,2199,0.0,0,2199.0,4,Card,CONFIRMED,Mumbai,465059,2026-08-24 03:56:45.550188,2026-08-24
TL-ORD-2B3320057E,9895.0,sess_84cd2180e9ba451d,1844,0.0,0,1844.0,3,UPI,CONFIRMED,Pune,331679,2026-08-31 18:54:52.415271,2026-08-31
TL-ORD-9565392843,8468.0,sess_250ba9950f6340fb,1617,242.55,0,1374.45,3,NetBanking,CONFIRMED,Delhi NCR,321738,2026-08-24 12:59:31.332963,2026-08-24
TL-ORD-6D0872DE95,8106.0,sess_31c9b8190dd34727,1724,0.0,0,1724.0,4,UPI,CONFIRMED,Pune,230284,2026-09-13 12:01:02.566603,2026-09-13
TL-ORD-AE1EB9BC3C,11277.0,sess_fe7a5497396b405d,1882,0.0,0,1882.0,2,Card,CONFIRMED,Delhi NCR,391681,2026-09-09 06:44:15.571014,2026-09-09
TL-ORD-FF48162DCC,,sess_ee9f2e6476634eed,1604,0.0,0,1604.0,3,COD,CONFIRMED,Bengaluru,552647,2026-08-15 23:21:46.235487,2026-08-15
TL-ORD-28B02D799F,10888.0,sess_d9f8e1f7571145a8,2799,419.85,0,2379.15,5,Card,CONFIRMED,Pune,389396,2026-08-26 08:17:40.046867,2026-08-26
TL-ORD-5D9DA2649E,7758.0,sess_e49a8fb072254686,3421,513.15,0,2907.85,6,NetBanking,CONFIRMED,Hyderabad,521220,2026-08-30 18:56:50.106541,2026-08-30
TL-ORD-E4362E3861,,sess_d44b4beb873b4442,2339,0.0,0,2339.0,2,NetBanking,CONFIRMED,Mumbai,477939,2026-08-16 12:32:05.588048,2026-08-16
TL-ORD-18BDE951AE,,sess_3af96eb479f6476b,3621,0.0,0,3621.0,3,Card,CONFIRMED,Delhi NCR,342866,2026-09-06 06:17:06.048884,2026-09-06
TL-ORD-36E29F606B,,sess_3f377430a1a549f2,4299,0.0,0,4299.0,2,COD,CONFIRMED,Mumbai,226202,2026-09-01 14:15:17.331870,2026-09-01
TL-ORD-E15E6B7E84,7143.0,sess_aa408e3b978e41da,1199,0.0,0,1199.0,2,NetBanking,CONFIRMED,Bengaluru,131191,2026-08-27 06:43:19.123542,2026-08-27
TL-ORD-FC2C665C37,6947.0,sess_1411cccd308d45fa,1389,0.0,0,1389.0,3,NetBanking,CONFIRMED,Bengaluru,699298,2026-09-02 00:00:14.936479,2026-09-02
TL-ORD-AC61C6C369,8236.0,sess_002f28699fac4859,4237,635.55,0,3601.45,4,COD,CONFIRMED,Pune,460722,2026-08-29 04:46:51.369319,2026-08-29
TL-ORD-9F6E99CEDA,9842.0,sess_e33b8121f2214d92,3282,0.0,0,3282.0,4,COD,CONFIRMED,Pune,455286,2026-08-16 05:39:17.201751,2026-08-16
TL-ORD-77E98347A1,9294.0,sess_0e1657c19fc94c96,3938,590.7,0,3347.3,3,NetBanking,CONFIRMED,Delhi NCR,516438,2026-08-28 23:55:12.542504,2026-08-28
TL-ORD-2B131B0C07,,sess_ed02daa7500b47d7,1500,225.0,0,1275.0,3,NetBanking,CONFIRMED,Pune,376427,2026-09-12 17:57:57.920823,2026-09-12
TL-ORD-1AB8D0AEE9,,sess_8043653942a649e2,2773,415.95,0,2357.05,2,NetBanking,CONFIRMED,Pune,301538,2026-08-17 06:16:07.503461,2026-08-17
TL-ORD-C5FAB04908,9239.0,sess_743d67aee5914e17,2550,0.0,0,2550.0,2,UPI,CONFIRMED,Pune,239948,2026-08-23 17:22:52.754414,2026-08-23
TL-ORD-26BC61F516,,sess_4deadbc196cc4527,1299,0.0,0,1299.0,3,NetBanking,CONFIRMED,Bengaluru,389607,2026-08-31 15:22:26.856726,2026-08-31
TL-ORD-AD8BD1A6B8,,sess_541bb3857f114730,3389,508.35,0,2880.65,2,Card,CONFIRMED,Pune,619323,2026-09-01 11:38:35.887249,2026-09-01
TL-ORD-1C2DE92468,7858.0,sess_41d19794ed9d426d,3410,511.5,0,2898.5,4,Card,CONFIRMED,Delhi NCR,326382,2026-08-31 16:47:55.296424,2026-08-31
TL-ORD-B3868B35E7,,sess_bad4ba980f2e4c94,1034,155.1,0,878.9,4,Card,CONFIRMED,Mumbai,330041,2026-08-25 02:56:55.914453,2026-08-25
TL-ORD-966284FDDD,7317.0,sess_8bc9eb0787b14402,1276,0.0,0,1276.0,5,Card,CONFIRMED,Bengaluru,503987,2026-08-31 04:33:19.201571,2026-08-31
TL-ORD-D27959F587,,sess_9ee70cde17a64ede,2717,407.55,0,2309.45,3,UPI,CONFIRMED,Hyderabad,409506,2026-08-17 01:39:34.482832,2026-08-17
TL-ORD-01948CE819,,sess_7e63e0f2e9d64c80,2550,0.0,0,2550.0,2,UPI,CONFIRMED,Chennai,113276,2026-08-15 11:45:29.423777,2026-08-15
TL-ORD-A938ADE4B7,10404.0,sess_29f2c27fa7f84cd8,2116,0.0,0,2116.0,2,Card,CONFIRMED,Mumbai,227735,2026-08-21 12:25:52.996663,2026-08-21
TL-ORD-C100C039B2,,sess_24e6b5361cdf4c4f,3559,0.0,0,3559.0,2,NetBanking,CONFIRMED,Delhi NCR,448337,2026-08-25 18:57:33.063416,2026-08-25
TL-ORD-7B56F35F37,10252.0,sess_1d5fce77284a46f6,1899,0.0,0,1899.0,2,UPI,CONFIRMED,Mumbai,375244,2026-09-05 16:39:46.334501,2026-09-05
TL-ORD-5BF2BB6A53,8485.0,sess_2f5552dd603d4682,859,128.85,99,829.15,2,COD,CONFIRMED,Bengaluru,511761,2026-08-17 21:33:43.930113,2026-08-17
TL-ORD-CC7F197D28,11256.0,sess_751b98180eb34dcc,2769,0.0,0,2769.0,2,NetBanking,CONFIRMED,Delhi NCR,332047,2026-09-11 22:17:42.437229,2026-09-11
TL-ORD-3CD28417FA,11598.0,sess_d6c94de296924727,1506,225.9,0,1280.1,3,NetBanking,CONFIRMED,Mumbai,280698,2026-08-25 19:10:48.563802,2026-08-25
TL-ORD-B3CFD3A4CA,,sess_36e51f68d3c34ad9,1308,0.0,0,1308.0,3,UPI,CONFIRMED,Hyderabad,175984,2026-08-21 16:41:02.514291,2026-08-21
TL-ORD-A840C304D2,6331.0,sess_1215c95ece2444ee,2640,0.0,0,2640.0,3,COD,CONFIRMED,Hyderabad,315677,2026-09-13 17:46:27.687016,2026-09-13
TL-ORD-F4C03ACFD9,7735.0,sess_246a261156344ee0,869,0.0,99,968.0,3,UPI,CONFIRMED,Hyderabad,391883,2026-08-31 14:14:04.157097,2026-08-31
TL-ORD-6E9396440A,,sess_693862b3d4c848a1,1928,289.2,0,1638.8,2,Card,CONFIRMED,Hyderabad,202294,2026-08-16 21:18:34.241139,2026-08-16
TL-ORD-93D6824476,8532.0,sess_b64ca7d8a0b54d68,2773,0.0,0,2773.0,2,COD,CONFIRMED,Mumbai,270760,2026-09-06 13:51:42.515461,2026-09-06
TL-ORD-4E55D3F5A3,10161.0,sess_0078409e4e484f55,4992,0.0,0,4992.0,2,NetBanking,CONFIRMED,Chennai,539718,2026-08-25 23:41:12.356653,2026-08-25
TL-ORD-2F06ABE313,,sess_c89d400d49e5486a,2334,0.0,0,2334.0,5,UPI,CONFIRMED,Bengaluru,267691,2026-08-21 03:28:18.071897,2026-08-21
TL-ORD-668DB36B81,,sess_8b18dfc9cc8d4edf,1068,0.0,0,1068.0,4,UPI,CONFIRMED,Delhi NCR,592830,2026-08-28 18:13:09.941306,2026-08-28
TL-ORD-D7B6D77A1D,7814.0,sess_5039854a53ce41a0,6999,0.0,0,6999.0,2,Card,CONFIRMED,Pune,284626,2026-08-29 16:41:04.095595,2026-08-29
TL-ORD-29D80FE2A4,7258.0,sess_fd730112725a42ae,1733,0.0,0,1733.0,3,NetBanking,CONFIRMED,Bengaluru,340228,2026-08-30 20:42:18.423451,2026-08-30
TL-ORD-78D848C4F6,11108.0,sess_3efbc40a614c43e0,3674,551.1,0,3122.9,5,UPI,CONFIRMED,Bengaluru,241002,2026-09-03 09:35:28.413758,2026-09-03
TL-ORD-38EA4A56BB,11864.0,sess_f4d9664c3b384cb2,743,0.0,99,842.0,3,COD,CONFIRMED,Delhi NCR,595435,2026-09-09 11:40:12.353529,2026-09-09
TL-ORD-29BB05BF06,,sess_01eb1747a54548c6,577,0.0,99,676.0,2,Card,CONFIRMED,Delhi NCR,480432,2026-08-17 16:05:11.627077,2026-08-17
TL-ORD-7778429F8B,9156.0,sess_af5b2828e09b4f3c,2622,0.0,0,2622.0,3,NetBanking,CONFIRMED,Pune,351704,2026-09-09 15:47:08.688574,2026-09-09
TL-ORD-F42707091C,10490.0,sess_4c684a00fcf24885,1107,0.0,0,1107.0,4,NetBanking,CONFIRMED,Pune,366502,2026-09-11 06:31:20.810964,2026-09-11
TL-ORD-9656BD04B4,7095.0,sess_d6b330218b094a3b,5450,817.5,0,4632.5,3,NetBanking,CONFIRMED,Bengaluru,297307,2026-09-01 04:56:31.052314,2026-09-01
TL-ORD-896DE3FA10,8090.0,sess_f586f651ed404ed1,3899,0.0,0,3899.0,2,Card,CONFIRMED,Bengaluru,262758,2026-08-19 14:41:36.638556,2026-08-19
TL-ORD-522B876BCD,8216.0,sess_1747fa62a7f84396,3019,452.85,0,2566.15,2,NetBanking,CONFIRMED,Delhi NCR,120561,2026-09-04 01:06:02.500875,2026-09-04
TL-ORD-E0FED6737F,10815.0,sess_eced6548e2c443bd,2631,394.65,0,2236.35,2,UPI,CONFIRMED,Bengaluru,259918,2026-08-17 04:30:55.478053,2026-08-17
TL-ORD-192B696EBD,,sess_54fdef8e54644a74,3471,0.0,0,3471.0,3,Card,CONFIRMED,Chennai,249337,2026-09-12 07:56:41.224403,2026-09-12
TL-ORD-C85066C22F,,sess_7093b1ae88d44025,1899,0.0,0,1899.0,2,COD,CONFIRMED,Pune,223472,2026-08-21 09:10:41.593857,2026-08-21
TL-ORD-9BB2C4E14C,10224.0,sess_da162c79f7164843,1660,249.0,0,1411.0,2,NetBanking,CONFIRMED,Hyderabad,522103,2026-09-11 23:19:10.130005,2026-09-11
TL-ORD-E963C604EA,11268.0,sess_9959ca5015a34990,4617,0.0,0,4617.0,2,COD,CONFIRMED,Delhi NCR,577521,2026-08-22 01:33:33.312418,2026-08-22
TL-ORD-23CEA36838,6168.0,sess_8d153c69611c4bfe,1914,0.0,0,1914.0,3,Card,CONFIRMED,Pune,218469,2026-08-28 21:24:39.656764,2026-08-28
TL-ORD-181A7CF5BA,,sess_c7547787889845fe,1299,194.85,0,1104.15,3,NetBanking,CONFIRMED,Pune,177081,2026-09-04 09:54:11.671333,2026-09-04
TL-ORD-CA545E3EDD,6228.0,sess_cd89b5fb1a134e46,2450,0.0,0,2450.0,3,COD,CONFIRMED,Pune,687375,2026-09-04 22:18:09.718191,2026-09-04
TL-ORD-566A38EE49,7015.0,sess_7e83272d86fd4b2f,1103,165.45,0,937.55,5,NetBanking,CONFIRMED,Delhi NCR,538106,2026-08-26 00:34:24.921088,2026-08-26
TL-ORD-EEE19BCB93,,sess_49d974d07a1d4be4,2622,393.3,0,2228.7,3,COD,CONFIRMED,Mumbai,120169,2026-08-20 00:17:38.084136,2026-08-20
TL-ORD-8D776255F1,,sess_5ca7c32cfc684923,4304,0.0,0,4304.0,4,Card,CONFIRMED,Chennai,694688,2026-08-23 18:27:42.073060,2026-08-23
TL-ORD-713A149BDB,,sess_3783f6c16f644b5a,1210,0.0,0,1210.0,2,COD,CONFIRMED,Pune,186412,2026-08-19 19:23:20.815700,2026-08-19
TL-ORD-EFD390907F,9980.0,sess_24bcb334dce54656,642,96.3,99,644.7,5,NetBanking,CONFIRMED,Pune,319024,2026-09-03 23:52:56.104474,2026-09-03
TL-ORD-124C490FFC,9139.0,sess_ed77fe81ef434ee4,1774,0.0,0,1774.0,2,NetBanking,CONFIRMED,Bengaluru,476928,2026-09-05 23:29:56.160111,2026-09-05
TL-ORD-FE91DC8B40,11667.0,sess_9a78f93cded24c04,2799,0.0,0,2799.0,5,NetBanking,CONFIRMED,Mumbai,450139,2026-08-23 21:47:55.884971,2026-08-23
TL-ORD-EE8504A38D,7525.0,sess_25750b86c03f4618,3361,0.0,0,3361.0,4,COD,CONFIRMED,Mumbai,410959,2026-08-27 19:51:10.940565,2026-08-27
TL-ORD-3D3C4AAA53,6625.0,sess_9befd5bd82b34fb8,2622,0.0,0,2622.0,3,UPI,CONFIRMED,Pune,568291,2026-08-23 05:14:45.569033,2026-08-23
TL-ORD-8E587A330E,7442.0,sess_fe3e0b14c14048af,7844,0.0,0,7844.0,2,UPI,CONFIRMED,Chennai,587748,2026-09-01 15:33:35.591587,2026-09-01
TL-ORD-143255ED81,8932.0,sess_955c4dea19be4e22,1664,0.0,0,1664.0,3,NetBanking,CONFIRMED,Chennai,325103,2026-08-28 02:57:42.267948,2026-08-28
TL-ORD-9617F7E11A,10458.0,sess_a8d095c3177547b5,3621,543.15,0,3077.85,3,NetBanking,CONFIRMED,Hyderabad,629928,2026-09-01 22:07:26.677196,2026-09-01
TL-ORD-DDBAA1C1CC,,sess_c6ef66256cda48fe,3708,556.2,0,3151.8,4,Card,CONFIRMED,Pune,130567,2026-09-10 14:12:03.849275,2026-09-10
TL-ORD-0CFC8F26D7,9031.0,sess_9cba85fdaef341cf,3361,0.0,0,3361.0,4,NetBanking,CONFIRMED,Mumbai,470667,2026-08-30 21:24:58.781335,2026-08-30
TL-ORD-CB04EE3CD7,9952.0,sess_016a999c9a164b3a,1276,191.4,0,1084.6,5,NetBanking,CONFIRMED,Hyderabad,642653,2026-09-04 00:49:54.952088,2026-09-04
TL-ORD-408F46E3CD,,sess_18d655d1e79e4f43,7008,0.0,0,7008.0,3,COD,CONFIRMED,Chennai,513539,2026-08-25 21:14:58.102772,2026-08-25
TL-ORD-99ADA91423,9388.0,sess_00cddd9173df4272,4723,708.45,0,4014.55,4,COD,CONFIRMED,Mumbai,573292,2026-09-01 15:45:44.760143,2026-09-01
TL-ORD-C555F9806B,11268.0,sess_713d7cc0dc1f44fc,4817,0.0,0,4817.0,2,Card,CONFIRMED,Pune,501904,2026-09-01 18:19:18.011856,2026-09-01
TL-ORD-643CF2FA84,8527.0,sess_db48b4f9b79e4bdc,3143,0.0,0,3143.0,2,Card,CONFIRMED,Bengaluru,266561,2026-09-05 01:32:38.616959,2026-09-05
TL-ORD-BC9F99E96D,6718.0,sess_c77422f4dc7148d0,779,116.85,99,761.15,2,UPI,CONFIRMED,Mumbai,684871,2026-09-08 11:58:24.642143,2026-09-08
TL-ORD-C8C20C5262,7895.0,sess_15cc1067ab674705,3233,0.0,0,3233.0,3,UPI,CONFIRMED,Delhi NCR,513198,2026-08-18 12:09:03.019744,2026-08-18
TL-ORD-BF3BE73FBC,,sess_00e3c899ad684741,3748,0.0,0,3748.0,2,Card,CONFIRMED,Chennai,342695,2026-09-08 04:47:29.334609,2026-09-08
TL-ORD-334C3C40BB,,sess_3d424c2eabc54d90,3857,578.55,0,3278.45,5,NetBanking,CONFIRMED,Hyderabad,551667,2026-08-19 06:56:19.465522,2026-08-19
TL-ORD-C59E3BBE8F,,sess_5ea74db1037843f2,1276,0.0,0,1276.0,5,Card,CONFIRMED,Pune,682210,2026-08-15 19:51:58.020879,2026-08-15
TL-ORD-50000E0937,6896.0,sess_3baeff02d3c24a93,4072,0.0,0,4072.0,2,UPI,CONFIRMED,Pune,481057,2026-08-27 22:01:50.610675,2026-08-27
TL-ORD-FDE7E26B6C,10035.0,sess_be252c43d0454b4d,4072,0.0,0,4072.0,2,Card,CONFIRMED,Bengaluru,278491,2026-08-24 02:22:02.886037,2026-08-24
TL-ORD-53F9D8F3FB,8936.0,sess_35c38814509f48cd,1844,0.0,0,1844.0,2,NetBanking,CONFIRMED,Bengaluru,144623,2026-08-17 06:40:31.788588,2026-08-17
TL-ORD-AB3B8F7762,10329.0,sess_9d7010d4568a4ef1,1270,190.5,0,1079.5,5,COD,CONFIRMED,Bengaluru,246601,2026-08-24 22:31:18.308794,2026-08-24
TL-ORD-C36C810971,,sess_4beef47463344110,869,0.0,99,968.0,3,NetBanking,CONFIRMED,Delhi NCR,304281,2026-08-22 16:04:30.536497,2026-08-22
TL-ORD-0BA6283A4D,,sess_1b9d65627b404789,3410,0.0,0,3410.0,4,NetBanking,CONFIRMED,Hyderabad,134154,2026-08-25 11:06:23.942114,2026-08-25
TL-ORD-BC73CD11C7,7082.0,sess_afe6fc3b63d34f93,3537,0.0,0,3537.0,3,NetBanking,CONFIRMED,Bengaluru,117662,2026-08-14 23:58:18.817962,2026-08-14
TL-ORD-505F7A9CAF,8031.0,sess_db2de98e486a43ff,1733,259.95,0,1473.05,3,Card,CONFIRMED,Pune,533861,2026-09-03 06:34:33.064648,2026-09-03
TL-ORD-BEE2FAFFA2,10417.0,sess_e3339c547bee4c3f,2279,341.85,0,1937.15,4,Card,CONFIRMED,Mumbai,629877,2026-09-02 22:36:26.836121,2026-09-02
TL-ORD-F0681D4C13,11148.0,sess_624bcc03ea0f413d,999,149.85,0,849.15,2,Card,CONFIRMED,Chennai,580494,2026-08-25 23:27:44.268062,2026-08-25
TL-ORD-58E66E174D,,sess_08b598df22cc471b,2688,0.0,0,2688.0,2,COD,CONFIRMED,Delhi NCR,699043,2026-09-07 14:28:16.119530,2026-09-07
TL-ORD-9EBA1D511B,9737.0,sess_29125bce272f43bf,550,0.0,99,649.0,5,COD,CONFIRMED,Chennai,528549,2026-08-19 22:55:33.114299,2026-08-19
TL-ORD-7F6B04CA32,9572.0,sess_d0511f9eb75c428f,1107,0.0,0,1107.0,4,UPI,CONFIRMED,Bengaluru,230370,2026-08-21 12:10:08.319518,2026-08-21
TL-ORD-95DBDFE8D9,11522.0,sess_c038182a56da40ad,1733,0.0,0,1733.0,3,NetBanking,CONFIRMED,Pune,692482,2026-08-21 04:36:37.646914,2026-08-21
TL-ORD-07A8AEFFA9,7643.0,sess_06a216b1011c4b4c,4299,0.0,0,4299.0,2,Card,CONFIRMED,Bengaluru,128314,2026-08-25 14:21:47.541272,2026-08-25
TL-ORD-8AB8683C49,7518.0,sess_c20d95f27d9e4f23,3748,0.0,0,3748.0,2,NetBanking,CONFIRMED,Bengaluru,523897,2026-09-10 19:53:10.065170,2026-09-10
TL-ORD-DE0A1E2813,8082.0,sess_7e7bf6a005364c8e,1251,0.0,0,1251.0,3,Card,CONFIRMED,Mumbai,409450,2026-09-11 12:28:51.744744,2026-09-11
TL-ORD-3D65CE5950,7642.0,sess_d8efa1b32590409a,4284,0.0,0,4284.0,2,UPI,CONFIRMED,Chennai,699797,2026-08-22 13:39:02.914396,2026-08-22
TL-ORD-6CB222D148,9185.0,sess_d7004d19181d46d0,3748,562.2,0,3185.8,2,NetBanking,CONFIRMED,Pune,289474,2026-09-02 02:31:03.083874,2026-09-02
TL-ORD-153E0AEC93,9262.0,sess_ac887b3c13e444db,2769,415.35,0,2353.65,2,COD,CONFIRMED,Bengaluru,400012,2026-08-15 13:01:44.947702,2026-08-15
TL-ORD-25448B105D,8462.0,sess_141b1362fb924445,1604,240.6,0,1363.4,3,UPI,CONFIRMED,Chennai,175144,2026-08-26 04:13:07.829910,2026-08-26
TL-ORD-5C10F824C4,9833.0,sess_aa498d48654942a7,1604,240.6,0,1363.4,3,UPI,CONFIRMED,Bengaluru,420452,2026-08-26 04:44:39.508258,2026-08-26
TL-ORD-0C6DAFD0CE,,sess_ce92b6f2b2954ae4,1299,194.85,0,1104.15,3,NetBanking,CONFIRMED,Chennai,616900,2026-08-31 10:40:25.022371,2026-08-31
TL-ORD-21A0260979,10544.0,sess_efd35f32384d4072,3857,0.0,0,3857.0,5,NetBanking,CONFIRMED,Chennai,186269,2026-09-04 21:38:18.420471,2026-09-04
TL-ORD-3CCF6DDD7E,10103.0,sess_ad4576b3016547bd,2622,393.3,0,2228.7,3,NetBanking,CONFIRMED,Pune,524763,2026-08-22 13:10:51.989340,2026-08-22
TL-ORD-A2EEA28BF4,,sess_46ec4679785044b5,1928,0.0,0,1928.0,2,COD,CONFIRMED,Bengaluru,296271,2026-09-12 20:20:15.059339,2026-09-12
TL-ORD-31673CFC25,,sess_3d65b102edad4323,4304,0.0,0,4304.0,4,Card,CONFIRMED,Delhi NCR,336905,2026-09-05 01:39:16.578650,2026-09-05
TL-ORD-12C01996D0,,sess_44ac08726c7f42ef,2108,0.0,0,2108.0,6,NetBanking,CONFIRMED,Mumbai,111247,2026-09-12 02:17:06.958337,2026-09-12
TL-ORD-9AA00C4974,7262.0,sess_db928fd18a074a9a,4299,0.0,0,4299.0,2,Card,CONFIRMED,Mumbai,333175,2026-09-02 00:22:17.858724,2026-09-02
TL-ORD-A073DFB64B,9060.0,sess_42197ab840c5424c,4700,0.0,0,4700.0,3,NetBanking,CONFIRMED,Bengaluru,672428,2026-09-09 00:57:48.610755,2026-09-09
TL-ORD-7015537986,,sess_3cbb4bb3b9f841b2,4030,0.0,0,4030.0,4,NetBanking,CONFIRMED,Mumbai,661476,2026-08-21 02:59:35.082041,2026-08-21
TL-ORD-4557ACD083,,sess_fc31cc4acf084422,5596,0.0,0,5596.0,2,Card,CONFIRMED,Mumbai,232435,2026-09-13 02:58:30.900097,2026-09-13
TL-ORD-4C7D70E095,9597.0,sess_08f6834d6acf40bc,5322,798.3,0,4523.7,4,NetBanking,CONFIRMED,Pune,596951,2026-08-28 16:29:31.703431,2026-08-28
TL-ORD-65E302901D,10250.0,sess_92bc889e4ddd4c0b,3008,451.2,0,2556.8,3,NetBanking,CONFIRMED,Hyderabad,493342,2026-08-19 16:53:40.757923,2026-08-19
TL-ORD-08DB83E228,11490.0,sess_fb4d2621e8b94dfa,3316,0.0,0,3316.0,3,NetBanking,CONFIRMED,Delhi NCR,658021,2026-08-15 04:42:35.871284,2026-08-15
TL-ORD-A459928E06,,sess_a8ac0dc26f764aa3,2464,369.6,0,2094.4,3,Card,CONFIRMED,Hyderabad,359578,2026-08-15 15:45:47.935845,2026-08-15
TL-ORD-11678C724D,11695.0,sess_9af040308d984a28,2403,360.45,0,2042.55,2,NetBanking,CONFIRMED,Chennai,167822,2026-09-12 12:25:42.115798,2026-09-12
TL-ORD-8A0B1FDE4F,7724.0,sess_3723cb25bb064801,2029,0.0,0,2029.0,5,UPI,CONFIRMED,Mumbai,442701,2026-09-12 11:57:40.119303,2026-09-12
TL-ORD-BC9E051857,,sess_e00f584b7b134ac7,4299,644.85,0,3654.15,2,Card,CONFIRMED,Mumbai,532078,2026-08-16 06:47:32.403484,2026-08-16
TL-ORD-55D0DFE693,,sess_cb9e6868eff542ca,1791,0.0,0,1791.0,3,UPI,CONFIRMED,Mumbai,680603,2026-08-17 18:56:44.941811,2026-08-17
TL-ORD-95A7407EFC,10846.0,sess_c8892167c34d4720,1251,187.65,0,1063.35,3,Card,CONFIRMED,Mumbai,238779,2026-09-11 08:28:16.094019,2026-09-11
TL-ORD-F7265615D3,10107.0,sess_7c52e332da6243e1,1774,0.0,0,1774.0,2,COD,CONFIRMED,Delhi NCR,204294,2026-09-07 21:55:39.101357,2026-09-07
TL-ORD-6D895B1774,7702.0,sess_4d9744705ba941cb,1389,0.0,0,1389.0,3,COD,CONFIRMED,Hyderabad,327012,2026-09-07 11:34:53.100496,2026-09-07
TL-ORD-5F9599881D,7900.0,sess_8acf583a2eb64aab,3985,597.75,0,3387.25,3,NetBanking,CONFIRMED,Hyderabad,615959,2026-08-29 12:03:24.282946,2026-08-29
TL-ORD-998C567F4A,6762.0,sess_34bdd5786f7946e7,1210,0.0,0,1210.0,2,Card,CONFIRMED,Delhi NCR,263391,2026-08-27 00:06:49.939449,2026-08-27
TL-ORD-479088EABA,8056.0,sess_1bca85ef147a40f5,2403,360.45,0,2042.55,2,UPI,CONFIRMED,Mumbai,339824,2026-09-09 01:09:05.837435,2026-09-09
TL-ORD-4E204B8D75,9604.0,sess_8cf9175bf717426a,1954,0.0,0,1954.0,6,COD,CONFIRMED,Mumbai,149029,2026-08-27 22:34:57.956181,2026-08-27
TL-ORD-DCDB459450,7949.0,sess_ea9962e9a3a144ac,1564,0.0,0,1564.0,2,NetBanking,CONFIRMED,Chennai,243624,2026-09-03 18:50:40.866259,2026-09-03
TL-ORD-0FA55BD37A,10462.0,sess_676593e31610406f,2550,382.5,0,2167.5,2,NetBanking,CONFIRMED,Pune,304277,2026-08-29 12:35:45.648826,2026-08-29
TL-ORD-075E2D2887,10609.0,sess_428c63ca457a4aeb,2268,0.0,0,2268.0,3,COD,CONFIRMED,Mumbai,293790,2026-08-21 02:48:02.943233,2026-08-21
TL-ORD-7D8061F338,7736.0,sess_eaa7c4b3e6f4441c,1802,270.3,0,1531.7,3,Card,CONFIRMED,Bengaluru,448541,2026-08-23 14:23:44.450811,2026-08-23
TL-ORD-163BF81954,10930.0,sess_25975e11faaf4f49,3621,543.15,0,3077.85,3,UPI,CONFIRMED,Chennai,284841,2026-08-27 06:21:06.539091,2026-08-27
TL-ORD-18B57F6E27,,sess_6fb934b19e8c4136,6999,1049.85,0,5949.15,2,COD,CONFIRMED,Chennai,494357,2026-09-02 09:45:17.064885,2026-09-02
TL-ORD-5A59B5EF7F,8005.0,sess_5a35306a7085449e,4284,642.6,0,3641.4,2,UPI,CONFIRMED,Delhi NCR,548532,2026-08-27 13:53:39.179206,2026-08-27
TL-ORD-A9F45FC8B0,8245.0,sess_42d948a0aad04421,1061,159.15,0,901.85,3,UPI,CONFIRMED,Pune,209485,2026-08-17 19:31:02.117468,2026-08-17
TL-ORD-FDDF69C474,11668.0,sess_45383f72a2bf4d73,2589,0.0,0,2589.0,2,NetBanking,CONFIRMED,Bengaluru,584491,2026-09-08 22:32:55.348493,2026-09-08
TL-ORD-230298CD63,10939.0,sess_eb9551f33b79445c,4499,674.85,0,3824.15,2,UPI,CONFIRMED,Mumbai,166032,2026-08-26 23:43:58.217444,2026-08-26
TL-ORD-A1278EC7A3,10206.0,sess_dfce45eedd5a44d5,1322,0.0,0,1322.0,4,UPI,CONFIRMED,Pune,481246,2026-09-12 21:18:50.432838,2026-09-12
TL-ORD-EF83CEF5EA,8634.0,sess_25ca336a515e4ddc,2631,0.0,0,2631.0,2,NetBanking,CONFIRMED,Delhi NCR,445117,2026-09-04 20:26:42.374569,2026-09-04
TL-ORD-CD2E778340,9366.0,sess_abae0ddafc0a45bd,3316,497.4,0,2818.6,3,Card,CONFIRMED,Bengaluru,186744,2026-08-30 20:07:28.915100,2026-08-30
TL-ORD-BE8F51B4C6,8507.0,sess_fc5104d26a7b424b,3024,453.6,0,2570.4,5,Card,CONFIRMED,Hyderabad,146553,2026-09-01 08:33:36.068507,2026-09-01
TL-ORD-5F8F446E85,7153.0,sess_9d8b2802d3804dd2,1089,163.35,0,925.65,3,COD,CONFIRMED,Pune,692193,2026-09-09 00:08:05.359756,2026-09-09
TL-ORD-5D62D55208,,sess_9a9ba41f7bfb41bd,4499,0.0,0,4499.0,2,UPI,CONFIRMED,Hyderabad,490833,2026-08-25 06:25:11.000273,2026-08-25
TL-ORD-63EC5A2236,7109.0,sess_bc5789135fcf4471,642,96.3,99,644.7,5,NetBanking,CONFIRMED,Pune,351575,2026-08-30 03:27:41.659724,2026-08-30
TL-ORD-289EF0445A,8571.0,sess_7cf9bd00755d48d3,2799,419.85,0,2379.15,2,UPI,CONFIRMED,Chennai,316664,2026-09-13 09:53:05.901153,2026-09-13
TL-ORD-B31F6FB7C3,,sess_c89ccb5ddf3b4887,4079,611.85,0,3467.15,2,NetBanking,CONFIRMED,Chennai,169617,2026-08-20 03:08:39.042227,2026-08-20
TL-ORD-6625408411,8887.0,sess_acbd92c3909c4011,4596,0.0,0,4596.0,3,UPI,CONFIRMED,Hyderabad,128879,2026-09-11 00:54:36.956407,2026-09-11
TL-ORD-08BD61E9AB,6294.0,sess_4b62676ec7804503,3024,453.6,0,2570.4,5,UPI,CONFIRMED,Delhi NCR,655330,2026-08-16 18:53:24.660552,2026-08-16
TL-ORD-8A987E78BC,9958.0,sess_216abe6d8c644b23,1971,0.0,0,1971.0,3,COD,CONFIRMED,Chennai,381105,2026-08-30 15:43:41.510296,2026-08-30
TL-ORD-96F246075C,9041.0,sess_01f0ca83df4b48d8,1276,0.0,0,1276.0,5,Card,CONFIRMED,Delhi NCR,121113,2026-09-02 17:30:37.611408,2026-09-02
TL-ORD-6CF36A3DC9,10701.0,sess_e7415ae594a2487c,1684,0.0,0,1684.0,2,COD,CONFIRMED,Bengaluru,537864,2026-08-23 17:42:27.921196,2026-08-23
TL-ORD-446E35B030,6359.0,sess_0ff2f530e7e1463d,2450,367.5,0,2082.5,3,Card,CONFIRMED,Hyderabad,425883,2026-08-15 10:03:53.650735,2026-08-15
TL-ORD-1C1C36BF1A,7559.0,sess_9e0c8b5d8fce4552,779,0.0,99,878.0,2,UPI,CONFIRMED,Delhi NCR,439471,2026-09-12 07:18:07.568596,2026-09-12
TL-ORD-9FB0DF5886,6800.0,sess_399fe926914d4d03,6594,0.0,0,6594.0,3,Card,CONFIRMED,Chennai,422685,2026-08-28 06:36:35.641924,2026-08-28
TL-ORD-E9A9880C9A,11484.0,sess_0849443dbbf14633,1899,0.0,0,1899.0,2,NetBanking,CONFIRMED,Hyderabad,378300,2026-09-02 16:12:47.520481,2026-09-02
TL-ORD-53F5DD4D36,,sess_8eb1129c7a1447ad,1971,295.65,0,1675.35,3,Card,CONFIRMED,Chennai,405965,2026-09-08 05:55:33.874105,2026-09-08
TL-ORD-2C8D61C8AA,8816.0,sess_c1858407a4734b1e,3471,0.0,0,3471.0,3,UPI,CONFIRMED,Mumbai,619672,2026-08-18 09:31:46.660053,2026-08-18
TL-ORD-AEE04DE5FB,,sess_9c3352589dda4e76,2116,0.0,0,2116.0,2,UPI,CONFIRMED,Mumbai,592158,2026-09-04 05:51:20.300533,2026-09-04
TL-ORD-A40E8ACF6B,11939.0,sess_513e6307c5df407a,2673,400.95,0,2272.05,2,Card,CONFIRMED,Chennai,415828,2026-09-10 19:36:59.139835,2026-09-10
TL-ORD-BAED72AF80,,sess_58777fd13a8f4cbc,2350,352.5,0,1997.5,2,UPI,CONFIRMED,Chennai,624473,2026-08-28 23:45:49.285593,2026-08-28
TL-ORD-F71F13C420,8872.0,sess_f73288fe9c284e3e,852,127.8,99,823.2,2,Card,CONFIRMED,Bengaluru,433785,2026-08-15 15:40:27.416180,2026-08-15
TL-ORD-6C48127B92,10013.0,sess_a2c02d3472fa40ad,1450,217.5,0,1232.5,2,Card,CONFIRMED,Pune,671335,2026-09-02 16:26:47.578679,2026-09-02
TL-ORD-F377234F74,,sess_d58896d9dd0644b4,1971,0.0,0,1971.0,3,UPI,CONFIRMED,Hyderabad,657342,2026-09-13 15:12:54.214629,2026-09-13
TL-ORD-DCCCEB21E5,,sess_86655c8670284a36,3857,0.0,0,3857.0,5,NetBanking,CONFIRMED,Delhi NCR,319015,2026-09-04 04:27:57.249330,2026-09-04
TL-ORD-FFF403E85A,6139.0,sess_84fecd939bab4406,2195,0.0,0,2195.0,4,COD,CONFIRMED,Mumbai,613489,2026-08-24 21:52:51.852389,2026-08-24
TL-ORD-34F5A98C6C,,sess_93ed7ca3ba674a49,577,86.55,99,589.45,2,UPI,CONFIRMED,Hyderabad,595854,2026-09-09 23:15:27.418930,2026-09-09
TL-ORD-1CC2C65EE3,,sess_f95115f67d4f4369,2622,0.0,0,2622.0,3,Card,CONFIRMED,Delhi NCR,558676,2026-08-22 15:43:28.482649,2026-08-22
TL-ORD-0CBFB2F789,7776.0,sess_f15439abf8384070,4320,0.0,0,4320.0,4,Card,CONFIRMED,Pune,409653,2026-08-27 15:29:29.426365,2026-08-27
TL-ORD-095E904252,7428.0,sess_37a40cf9de7d4b38,3777,0.0,0,3777.0,4,UPI,CONFIRMED,Pune,360359,2026-08-20 09:04:33.185613,2026-08-20
TL-ORD-2A67C9EA04,,sess_7daab88e086845d7,3389,0.0,0,3389.0,2,NetBanking,CONFIRMED,Pune,200714,2026-08-18 03:54:38.670821,2026-08-18
TL-ORD-F7A405138C,9183.0,sess_fe49c45f6f37469e,2108,0.0,0,2108.0,6,UPI,CONFIRMED,Bengaluru,217565,2026-08-29 18:48:53.421421,2026-08-29
TL-ORD-12CFFF364A,7636.0,sess_599b4ffc36204d18,2499,374.85,0,2124.15,3,NetBanking,CONFIRMED,Hyderabad,521197,2026-09-07 09:05:56.481347,2026-09-07
TL-ORD-AD8B2126EA,,sess_ff81d50dd4b44686,1899,284.85,0,1614.15,2,UPI,CONFIRMED,Mumbai,156015,2026-08-28 03:08:03.378467,2026-08-28
TL-ORD-D50FA13C16,11146.0,sess_14a2252034d44873,4897,0.0,0,4897.0,3,UPI,CONFIRMED,Chennai,394853,2026-08-31 02:19:57.500252,2026-08-31
TL-ORD-4EBAF3D805,9909.0,sess_1ccc184721354358,2235,335.25,0,1899.75,3,COD,CONFIRMED,Delhi NCR,587991,2026-09-12 05:37:59.290392,2026-09-12
TL-ORD-0CFC9B1EBE,10562.0,sess_194eb96a3f394c73,2622,0.0,0,2622.0,3,COD,CONFIRMED,Mumbai,434171,2026-09-05 07:28:56.691918,2026-09-05
TL-ORD-0CE5B291C7,7601.0,sess_384ccdb0ee344818,3938,0.0,0,3938.0,3,COD,CONFIRMED,Pune,586611,2026-09-11 23:57:37.487133,2026-09-11
TL-ORD-3426BC7EA8,,sess_74bd207a51614286,4999,749.85,0,4249.15,3,NetBanking,CONFIRMED,Pune,448327,2026-08-29 09:59:54.691959,2026-08-29
TL-ORD-865DD3AA48,8792.0,sess_d745733ac7b4411d,1040,0.0,0,1040.0,2,NetBanking,CONFIRMED,Bengaluru,691688,2026-08-28 10:37:33.878819,2026-08-28
TL-ORD-39F77CBCFB,,sess_c2d0139447674028,779,116.85,99,761.15,2,COD,CONFIRMED,Hyderabad,368029,2026-08-28 07:43:54.839551,2026-08-28
TL-ORD-60537FEF09,11081.0,sess_96a8f779cbf84d17,3777,0.0,0,3777.0,4,UPI,CONFIRMED,Delhi NCR,374282,2026-08-15 04:28:29.543230,2026-08-15
TL-ORD-08803120C6,,sess_acd8d0a852604e06,2781,417.15,0,2363.85,2,UPI,CONFIRMED,Mumbai,368317,2026-09-09 10:35:28.980050,2026-09-09
TL-ORD-5CFE89E729,6365.0,sess_8d7fd63c54ae4199,1251,0.0,0,1251.0,3,COD,CONFIRMED,Bengaluru,504542,2026-08-25 21:54:00.373719,2026-08-25
TL-ORD-D8610B0A99,10690.0,sess_681e08b997f64c09,3410,0.0,0,3410.0,4,NetBanking,CONFIRMED,Chennai,213298,2026-08-22 00:59:40.708202,2026-08-22
TL-ORD-7AD49A5A6B,7276.0,sess_be11d69a00eb415d,1604,0.0,0,1604.0,3,Card,CONFIRMED,Hyderabad,135460,2026-08-22 03:53:47.949160,2026-08-22
TL-ORD-4FE3FF81A2,,sess_8339865893324328,4758,713.7,0,4044.3,2,NetBanking,CONFIRMED,Bengaluru,688105,2026-08-22 07:45:18.268421,2026-08-22
TL-ORD-3EC8D7DA1E,7735.0,sess_6fe7a057ab544768,2279,0.0,0,2279.0,2,NetBanking,CONFIRMED,Chennai,681922,2026-09-07 20:08:13.880337,2026-09-07
TL-ORD-D096ECB5B0,9813.0,sess_7387ccb58b9f4458,2438,0.0,0,2438.0,3,UPI,CONFIRMED,Hyderabad,641970,2026-08-23 12:25:57.347482,2026-08-23
TL-ORD-100415623D,9193.0,sess_0976c22e2e9b4091,1450,0.0,0,1450.0,2,Card,CONFIRMED,Delhi NCR,575263,2026-08-30 09:54:59.202663,2026-08-30
TL-ORD-585E54B4FD,6078.0,sess_c70d5b8a00f84491,2279,341.85,0,1937.15,2,UPI,CONFIRMED,Pune,697001,2026-09-06 16:45:55.784257,2026-09-06
TL-ORD-4EA6E7658C,7545.0,sess_5f22be2f325a493f,1928,289.2,0,1638.8,2,COD,CONFIRMED,Bengaluru,369867,2026-09-05 13:46:50.101416,2026-09-05
TL-ORD-5D864FF624,6823.0,sess_e2ea66fdc4014099,999,149.85,0,849.15,2,NetBanking,CONFIRMED,Chennai,264669,2026-08-28 12:05:54.668501,2026-08-28
TL-ORD-7681DA405A,6590.0,sess_19def82ef27c4230,1179,0.0,0,1179.0,2,Card,CONFIRMED,Hyderabad,417389,2026-09-08 04:01:52.548832,2026-09-08
TL-ORD-7485A3CF1A,,sess_12aaeabfbc5d4160,3748,562.2,0,3185.8,2,COD,CONFIRMED,Chennai,189907,2026-09-13 01:51:55.236162,2026-09-13
TL-ORD-51093DEF44,6540.0,sess_281626872aff4785,999,0.0,0,999.0,6,UPI,CONFIRMED,Mumbai,226911,2026-08-22 18:00:47.090404,2026-08-22
TL-ORD-284186A164,10918.0,sess_0d6a18a70b414667,1829,0.0,0,1829.0,2,COD,CONFIRMED,Mumbai,201048,2026-08-31 13:32:19.969102,2026-08-31
TL-ORD-2B69E6F4D7,7111.0,sess_7fc36eb1e12b4bf4,3879,581.85,0,3297.15,5,COD,CONFIRMED,Pune,400160,2026-09-11 04:55:55.062577,2026-09-11
TL-ORD-27FBF1285E,,sess_4408f851066d4f0d,3316,0.0,0,3316.0,3,Card,CONFIRMED,Chennai,563875,2026-09-06 21:06:02.579761,2026-09-06
TL-ORD-F38727137E,6751.0,sess_11aab27a9d424e74,3233,484.95,0,2748.05,3,NetBanking,CONFIRMED,Delhi NCR,420054,2026-09-03 03:58:47.893955,2026-09-03
TL-ORD-C81A54B014,10684.0,sess_d55a5fee9d134601,2622,0.0,0,2622.0,3,NetBanking,CONFIRMED,Bengaluru,240500,2026-08-25 18:54:09.221065,2026-08-25
TL-ORD-9D5B65DD41,,sess_0f7764b2985d491e,4030,0.0,0,4030.0,4,Card,CONFIRMED,Mumbai,362958,2026-09-01 06:24:31.583195,2026-09-01
TL-ORD-3A4B56E5B8,,sess_027570515fcb41fd,3879,0.0,0,3879.0,5,COD,CONFIRMED,Chennai,654615,2026-09-01 04:59:09.134033,2026-09-01
TL-ORD-790A495BFB,7164.0,sess_b23ef831d2a5477f,2673,400.95,0,2272.05,2,COD,CONFIRMED,Hyderabad,394763,2026-09-05 06:19:41.655052,2026-09-05
TL-ORD-3323CE85E0,,sess_3fb118f0cc9745c9,1952,292.8,0,1659.2,2,Card,CONFIRMED,Bengaluru,363872,2026-09-10 17:44:18.400219,2026-09-10
TL-ORD-F84CEC4329,,sess_87468b8b2acb48dd,1875,0.0,0,1875.0,4,Card,CONFIRMED,Delhi NCR,391438,2026-08-31 23:25:03.266692,2026-08-31
TL-ORD-5A1C63D60C,6804.0,sess_4b4f9227af554ccb,999,149.85,0,849.15,2,COD,CONFIRMED,Mumbai,655611,2026-08-28 18:23:44.156952,2026-08-28
TL-ORD-03B39B745B,7382.0,sess_d13bbc0349f54f87,2688,0.0,0,2688.0,2,NetBanking,CONFIRMED,Delhi NCR,362347,2026-09-08 20:50:44.873753,2026-09-08
TL-ORD-9A624B9E8D,8616.0,sess_130cbdf7460f4ec5,1847,0.0,0,1847.0,3,NetBanking,CONFIRMED,Bengaluru,149329,2026-09-05 04:10:28.174661,2026-09-05
TL-ORD-8090733109,11654.0,sess_01fc577eed504ab9,1210,0.0,0,1210.0,2,NetBanking,CONFIRMED,Pune,310444,2026-09-01 00:44:48.851018,2026-09-01
TL-ORD-D949B49C70,6631.0,sess_90ae39b3d9a5482a,5659,0.0,0,5659.0,2,NetBanking,CONFIRMED,Bengaluru,539776,2026-09-09 16:07:35.876668,2026-09-09
TL-ORD-0C1D2C7521,9805.0,sess_f971e9269c1a424c,3899,584.85,0,3314.15,2,UPI,CONFIRMED,Hyderabad,300174,2026-08-24 21:40:52.287479,2026-08-24
TL-ORD-76416EB222,11064.0,sess_c180168d16424ae7,5596,0.0,0,5596.0,2,Card,CONFIRMED,Bengaluru,280972,2026-09-10 13:27:26.970661,2026-09-10
TL-ORD-899C6A6585,8715.0,sess_25116cb6f1a247f2,4320,0.0,0,4320.0,4,Card,CONFIRMED,Chennai,401830,2026-08-18 08:56:03.816931,2026-08-18
TL-ORD-FA2E485D87,9237.0,sess_ad81fcc25fbf4bf5,3367,505.05,0,2861.95,3,UPI,CONFIRMED,Hyderabad,503978,2026-09-08 03:25:06.919220,2026-09-08
TL-ORD-A9AE5A8960,11973.0,sess_b53fae59c4344655,4999,0.0,0,4999.0,3,UPI,CONFIRMED,Mumbai,305249,2026-08-19 18:02:06.309072,2026-08-19
TL-ORD-731C38665B,,sess_e3f27a64cb2e4292,3576,0.0,0,3576.0,6,UPI,CONFIRMED,Hyderabad,218594,2026-08-15 19:05:20.830419,2026-08-15
TL-ORD-8A3C1888F0,6883.0,sess_b872ac53dfd64aa8,5322,0.0,0,5322.0,4,Card,CONFIRMED,Bengaluru,395289,2026-08-24 03:05:15.603052,2026-08-24
TL-ORD-2CB1985751,,sess_7ce55cd71c094ab3,1542,231.3,0,1310.7,5,UPI,CONFIRMED,Mumbai,110096,2026-09-08 08:34:17.129149,2026-09-08
TL-ORD-72D0DA628F,9366.0,sess_d7af4092d3e94032,4237,635.55,0,3601.45,4,COD,CONFIRMED,Hyderabad,256186,2026-08-27 08:42:04.444665,2026-08-27
TL-ORD-59662A1AC5,10621.0,sess_1df9d0a8e5344c0c,3777,0.0,0,3777.0,4,COD,CONFIRMED,Mumbai,269968,2026-08-20 05:58:24.439297,2026-08-20
TL-ORD-FF1161D51E,,sess_110a2affd7f14101,2199,329.85,0,1869.15,4,NetBanking,CONFIRMED,Mumbai,195668,2026-09-04 08:06:38.590597,2026-09-04
TL-ORD-51C5C80ADD,6322.0,sess_9b4a80070444460b,2388,358.2,0,2029.8,4,NetBanking,CONFIRMED,Chennai,196922,2026-08-23 03:05:10.100328,2026-08-23
TL-ORD-68B6D4236C,,sess_77206d1c21994647,2235,0.0,0,2235.0,3,COD,CONFIRMED,Chennai,157190,2026-09-02 04:36:59.139479,2026-09-02
TL-ORD-7658384EA4,,sess_c373a9fa222c40e6,3577,0.0,0,3577.0,2,UPI,CONFIRMED,Mumbai,605922,2026-09-04 00:01:25.864050,2026-09-04
TL-ORD-205BAE9400,,sess_5e2239ab68c941cc,3777,0.0,0,3777.0,4,NetBanking,CONFIRMED,Pune,297546,2026-08-31 23:14:09.384843,2026-08-31
TL-ORD-FA46A28AB1,6381.0,sess_778f104412bb41fe,3041,456.15,0,2584.85,4,NetBanking,CONFIRMED,Mumbai,680281,2026-09-13 00:09:42.057054,2026-09-13
TL-ORD-2CE35F7173,11787.0,sess_b1b729a199574550,2268,0.0,0,2268.0,3,Card,CONFIRMED,Mumbai,398381,2026-09-03 21:46:03.390117,2026-09-03
TL-ORD-C51662400C,,sess_5e1dbe1692da43a4,6594,989.1,0,5604.9,3,NetBanking,CONFIRMED,Pune,592213,2026-08-16 01:12:53.501140,2026-08-16
TL-ORD-85F5C530AA,11831.0,sess_88c05c6e475f4bac,2853,0.0,0,2853.0,4,NetBanking,CONFIRMED,Chennai,156820,2026-08-25 05:50:49.017020,2026-08-25
TL-ORD-19E54D10D4,6991.0,sess_20c6d0cefd304add,2437,365.55,0,2071.45,4,COD,CONFIRMED,Pune,540857,2026-09-09 07:03:25.078030,2026-09-09
TL-ORD-0701867AE8,9708.0,sess_b3faf7d6f79c4183,1928,0.0,0,1928.0,2,NetBanking,CONFIRMED,Hyderabad,152616,2026-08-24 02:38:17.111434,2026-08-24
TL-ORD-53382034B5,7021.0,sess_394600bc1e904968,2450,0.0,0,2450.0,3,NetBanking,CONFIRMED,Mumbai,278256,2026-09-13 14:38:40.504496,2026-09-13
TL-ORD-3DDD50339A,10473.0,sess_78f8d4cc293a43f2,4723,0.0,0,4723.0,4,Card,CONFIRMED,Pune,371512,2026-09-12 16:24:42.111397,2026-09-12
TL-ORD-66623E1DE6,9555.0,sess_aa699894f9ff4503,5006,750.9,0,4255.1,6,COD,CONFIRMED,Hyderabad,528960,2026-08-20 13:01:14.016705,2026-08-20
TL-ORD-63C79F9D3A,,sess_b5b3dc8b7b5a4e11,2388,0.0,0,2388.0,4,Card,CONFIRMED,Hyderabad,488639,2026-08-16 19:10:40.382685,2026-08-16
TL-ORD-87AB46DD66,9416.0,sess_861e6e02daae4cd2,2029,0.0,0,2029.0,5,NetBanking,CONFIRMED,Chennai,514254,2026-09-08 03:44:40.795519,2026-09-08
TL-ORD-553E997352,11063.0,sess_371ffb9624954a21,5499,0.0,0,5499.0,3,UPI,CONFIRMED,Delhi NCR,499233,2026-08-21 17:53:07.340251,2026-08-21
TL-ORD-089E30DF1F,,sess_c1466e5917f844e2,1664,249.6,0,1414.4,3,UPI,CONFIRMED,Hyderabad,301443,2026-08-15 00:44:58.308610,2026-08-15
TL-ORD-0892973447,9174.0,sess_dba225f07ff34587,894,134.1,99,858.9,2,NetBanking,CONFIRMED,Bengaluru,287902,2026-09-08 08:32:01.213504,2026-09-08
TL-ORD-838BEC70A5,,sess_79b506ec77544274,4180,0.0,0,4180.0,3,Card,CONFIRMED,Pune,466720,2026-08-30 16:46:28.928239,2026-08-30
TL-ORD-7968FEB17F,8723.0,sess_af5c222d8a244cde,3361,0.0,0,3361.0,4,COD,CONFIRMED,Pune,641293,2026-09-12 12:56:09.158282,2026-09-12
TL-ORD-D9459FBBE8,7051.0,sess_647e3f3ac4c343a1,3008,0.0,0,3008.0,3,UPI,CONFIRMED,Mumbai,480792,2026-08-23 07:46:59.642012,2026-08-23
TL-ORD-F7E77B8B38,9841.0,sess_d249caad9f744118,3708,0.0,0,3708.0,4,NetBanking,CONFIRMED,Bengaluru,377975,2026-09-09 05:20:25.540581,2026-09-09
TL-ORD-07E63EE42C,6965.0,sess_337f88a3bf774134,4132,0.0,0,4132.0,2,Card,CONFIRMED,Pune,365186,2026-08-22 22:55:38.026984,2026-08-22
TL-ORD-423B5119A7,6867.0,sess_74b7798d048341fc,2794,0.0,0,2794.0,5,UPI,CONFIRMED,Hyderabad,584624,2026-08-19 09:49:27.778104,2026-08-19
TL-ORD-D3CBA3C740,,sess_60279421be8746c2,3976,0.0,0,3976.0,2,UPI,CONFIRMED,Bengaluru,360952,2026-09-05 22:57:51.675726,2026-09-05
TL-ORD-35133016B2,9587.0,sess_50e8c6f59439430c,2799,0.0,0,2799.0,5,UPI,CONFIRMED,Mumbai,515384,2026-09-06 06:00:21.366774,2026-09-06
TL-ORD-BAC986554F,6057.0,sess_bcc2b9d802744aaf,841,126.15,99,813.85,2,Card,CONFIRMED,Pune,326970,2026-09-02 03:48:30.759493,2026-09-02
TL-ORD-ADCF6AB940,11108.0,sess_09202091b90a4334,1882,0.0,0,1882.0,2,NetBanking,CONFIRMED,Delhi NCR,575404,2026-09-05 00:30:09.149451,2026-09-05
TL-ORD-29AF5D8DE0,11799.0,sess_2358e3eb0d7f405d,802,0.0,99,901.0,2,COD,CONFIRMED,Chennai,343925,2026-09-12 10:25:32.623292,2026-09-12
TL-ORD-570A519D54,7435.0,sess_20438ee1400d43db,3621,0.0,0,3621.0,3,NetBanking,CONFIRMED,Bengaluru,567887,2026-08-30 02:36:03.835042,2026-08-30
TL-ORD-B91ADE09B2,8763.0,sess_d4a056f86d0944a5,1733,259.95,0,1473.05,3,NetBanking,CONFIRMED,Mumbai,553485,2026-08-21 14:26:32.588075,2026-08-21
TL-ORD-B480C5E226,7907.0,sess_1cc4011cfc364730,3559,0.0,0,3559.0,2,UPI,CONFIRMED,Hyderabad,515835,2026-09-09 15:06:36.361612,2026-09-09
TL-ORD-1DB043C73D,,sess_358625dc44af4412,5499,0.0,0,5499.0,3,NetBanking,CONFIRMED,Chennai,389444,2026-09-11 10:17:38.025345,2026-09-11
TL-ORD-63B3090449,,sess_60be0ac4a6ab4d4e,2388,0.0,0,2388.0,4,Card,CONFIRMED,Hyderabad,319179,2026-09-02 12:01:47.713184,2026-09-02
TL-ORD-6CEAA07732,10858.0,sess_8b1cdd572d3e42fc,3938,0.0,0,3938.0,3,COD,CONFIRMED,Hyderabad,368710,2026-08-24 07:31:57.492738,2026-08-24
TL-ORD-7A4D4D590D,,sess_2c334de0b9ef41cc,2464,369.6,0,2094.4,3,NetBanking,CONFIRMED,Hyderabad,405985,2026-08-28 16:32:46.326265,2026-08-28
TL-ORD-86031446F2,6003.0,sess_fcc2812e67df4382,2686,0.0,0,2686.0,4,COD,CONFIRMED,Bengaluru,231752,2026-09-07 10:27:18.884894,2026-09-07
TL-ORD-977D018030,11861.0,sess_d6ef543b3e354be3,4817,722.55,0,4094.45,2,Card,CONFIRMED,Bengaluru,579723,2026-08-24 04:37:22.557451,2026-08-24
TL-ORD-6DC7BE21CE,6957.0,sess_cc33347255d64c3a,1664,0.0,0,1664.0,3,Card,CONFIRMED,Bengaluru,409873,2026-08-23 00:31:13.572237,2026-08-23
TL-ORD-FC5CF4D390,9555.0,sess_f6c6bee266b54e94,3090,463.5,0,2626.5,2,NetBanking,CONFIRMED,Chennai,678958,2026-08-17 01:00:24.278366,2026-08-17
TL-ORD-89D481FB29,,sess_f82dd3aee91743f5,1199,0.0,0,1199.0,2,Card,CONFIRMED,Bengaluru,279922,2026-09-04 18:22:42.683222,2026-09-04
TL-ORD-F02BF500BB,8105.0,sess_e5955eef4627462e,1068,0.0,0,1068.0,4,Card,CONFIRMED,Bengaluru,500671,2026-09-11 15:42:05.193210,2026-09-11
TL-ORD-7694D5D9A2,9817.0,sess_ac3fe399cd374df4,3361,0.0,0,3361.0,4,Card,CONFIRMED,Hyderabad,523788,2026-08-25 15:20:45.172734,2026-08-25
TL-ORD-2A7C4ACEB1,,sess_66fcfbbd11d5478e,7844,1176.6,0,6667.4,2,COD,CONFIRMED,Chennai,515950,2026-08-21 03:56:18.660310,2026-08-21
TL-ORD-544F44DD9B,6870.0,sess_bb1bb2f8dfc24885,2235,335.25,0,1899.75,3,NetBanking,CONFIRMED,Mumbai,327181,2026-08-15 04:42:19.275504,2026-08-15
TL-ORD-0D3416C886,,sess_0c75f4b358404160,1684,0.0,0,1684.0,2,NetBanking,CONFIRMED,Bengaluru,144160,2026-08-21 02:38:49.326481,2026-08-21
TL-ORD-0CA1C89EC4,10386.0,sess_67946ee6dd4a440c,6489,0.0,0,6489.0,2,NetBanking,CONFIRMED,Pune,263004,2026-09-02 05:57:19.439297,2026-09-02
TL-ORD-C1DA6BF52B,11767.0,sess_0a81d088864b4c33,3246,0.0,0,3246.0,6,Card,CONFIRMED,Hyderabad,546606,2026-08-27 06:56:12.543890,2026-08-27
TL-ORD-840332DCB1,8562.0,sess_1944598a33c74c3c,3531,0.0,0,3531.0,3,COD,CONFIRMED,Pune,395360,2026-08-29 17:30:38.529437,2026-08-29
TL-ORD-96E582A5D0,,sess_76a5846b6f6e4158,1500,225.0,0,1275.0,3,COD,CONFIRMED,Chennai,411429,2026-08-16 02:03:22.730074,2026-08-16
TL-ORD-E990131AE6,6610.0,sess_6c1e38f5be9943f7,5499,0.0,0,5499.0,3,COD,CONFIRMED,Hyderabad,652946,2026-08-28 19:06:45.075130,2026-08-28
TL-ORD-FFCCBBF511,,sess_0163b9103a604cc1,3499,0.0,0,3499.0,3,UPI,CONFIRMED,Pune,634608,2026-09-13 05:40:40.194727,2026-09-13
TL-ORD-488409C8D6,,sess_cb28c9790d9347ab,4965,0.0,0,4965.0,4,COD,CONFIRMED,Pune,617998,2026-09-09 22:12:38.341870,2026-09-09
TL-ORD-A932673E6B,7999.0,sess_372699969d354816,1743,0.0,0,1743.0,3,NetBanking,CONFIRMED,Chennai,467161,2026-09-06 15:43:47.718750,2026-09-06
TL-ORD-F5B573F685,,sess_bc1ff919cccf4a13,1179,0.0,0,1179.0,2,Card,CONFIRMED,Pune,164998,2026-08-21 02:07:58.614624,2026-08-21
TL-ORD-B97BC8B0B9,6256.0,sess_d23c7a4d36e34051,3985,597.75,0,3387.25,3,NetBanking,CONFIRMED,Bengaluru,550368,2026-09-07 19:07:40.155785,2026-09-07
TL-ORD-4624FD554C,9500.0,sess_86608afd661544c6,751,0.0,99,850.0,4,NetBanking,CONFIRMED,Mumbai,581382,2026-08-18 05:32:47.158908,2026-08-18
TL-ORD-8617D8EE33,,sess_b5a5bc6da60e4212,1040,156.0,0,884.0,2,Card,CONFIRMED,Hyderabad,676251,2026-09-06 09:25:43.995693,2026-09-06
TL-ORD-5C404EE08F,,sess_4484535791ac4df4,4617,692.55,0,3924.45,2,COD,CONFIRMED,Delhi NCR,518758,2026-09-04 18:37:30.068465,2026-09-04
TL-ORD-1879B45EBB,9453.0,sess_3b078016b3504c4b,2640,396.0,0,2244.0,3,COD,CONFIRMED,Pune,302677,2026-08-17 17:20:54.532192,2026-08-17
TL-ORD-47E346A08A,,sess_5524619f9efd402e,956,0.0,99,1055.0,4,COD,CONFIRMED,Pune,195811,2026-08-25 15:18:32.840439,2026-08-25
TL-ORD-9840C58791,6126.0,sess_38c96c622c16441d,1875,0.0,0,1875.0,4,NetBanking,CONFIRMED,Chennai,570498,2026-09-12 23:10:58.802717,2026-09-12
TL-ORD-ED033F2D82,10794.0,sess_52e6c54b2d864a63,3556,0.0,0,3556.0,2,NetBanking,CONFIRMED,Chennai,586845,2026-09-02 12:19:14.577470,2026-09-02
TL-ORD-9891025BFA,8732.0,sess_95866a466c1143aa,3844,0.0,0,3844.0,2,UPI,CONFIRMED,Delhi NCR,571280,2026-08-30 10:15:55.782704,2026-08-30
TL-ORD-4BF4667C3A,11963.0,sess_faae9f815d0b4f7d,2116,317.4,0,1798.6,2,NetBanking,CONFIRMED,Pune,596227,2026-09-05 02:19:20.442724,2026-09-05
TL-ORD-315D48FE94,10435.0,sess_f5bf865c4df34d83,2688,403.2,0,2284.8,2,NetBanking,CONFIRMED,Delhi NCR,596038,2026-08-24 21:28:34.463602,2026-08-24
TL-ORD-7BF6A6F403,7204.0,sess_ac7c5b5d25844123,3499,524.85,0,2974.15,3,UPI,CONFIRMED,Pune,250392,2026-08-30 22:32:58.595319,2026-08-30
TL-ORD-1918DC71C6,9870.0,sess_575ee418cd124b70,3410,511.5,0,2898.5,4,Card,CONFIRMED,Mumbai,410262,2026-08-30 11:25:45.140256,2026-08-30
TL-ORD-E48A93BD44,7009.0,sess_a4f87913ca3d4907,1276,0.0,0,1276.0,5,Card,CONFIRMED,Chennai,460965,2026-09-11 14:22:21.044102,2026-09-11
TL-ORD-7B72A16D20,8734.0,sess_3e5fece331d04159,4499,0.0,0,4499.0,2,Card,CONFIRMED,Hyderabad,626326,2026-08-29 16:51:11.577674,2026-08-29
TL-ORD-01BDE602AF,7448.0,sess_c63c1d96e0384318,3556,533.4,0,3022.6,2,COD,CONFIRMED,Delhi NCR,500724,2026-09-08 11:03:18.717151,2026-09-08
TL-ORD-8C7304095C,,sess_ea60be27f49c40d0,4499,674.85,0,3824.15,2,UPI,CONFIRMED,Hyderabad,445282,2026-09-13 17:21:53.156421,2026-09-13
TL-ORD-DC8EB9548B,10802.0,sess_55b704c11a2a4fa3,2853,427.95,0,2425.05,4,UPI,CONFIRMED,Delhi NCR,660174,2026-09-11 07:21:36.365667,2026-09-11
TL-ORD-2707AB7AFF,,sess_999f1248103540fd,4700,0.0,0,4700.0,3,Card,CONFIRMED,Delhi NCR,272732,2026-08-28 16:55:38.397623,2026-08-28
TL-ORD-8BD8633939,11657.0,sess_bde90ddfdb2e449b,3985,0.0,0,3985.0,3,COD,CONFIRMED,Bengaluru,513920,2026-09-10 03:03:55.280567,2026-09-10
TL-ORD-4A095631FE,,sess_28ca280c4e0e4827,3899,584.85,0,3314.15,2,Card,CONFIRMED,Pune,446056,2026-08-15 11:17:16.100670,2026-08-15
TL-ORD-2E8D55D850,7514.0,sess_cfa0b0d49476445d,1542,0.0,0,1542.0,5,NetBanking,CONFIRMED,Mumbai,375839,2026-08-30 14:56:59.203533,2026-08-30
TL-ORD-AC770BF5C7,11427.0,sess_cac992a9a22b4a5f,829,0.0,99,928.0,6,NetBanking,CONFIRMED,Bengaluru,575960,2026-08-23 02:00:22.940663,2026-08-23
TL-ORD-6B533E5684,,sess_9eb9e1a923d84635,5499,0.0,0,5499.0,3,Card,CONFIRMED,Bengaluru,232899,2026-09-12 21:49:57.185058,2026-09-12
TL-ORD-0C23632A3F,7234.0,sess_dcc5a739af534a87,1668,0.0,0,1668.0,3,UPI,CONFIRMED,Delhi NCR,422882,2026-09-08 07:50:10.992942,2026-09-08
TL-ORD-4844099B02,,sess_6c9c691eca364964,1018,152.7,0,865.3,5,NetBanking,CONFIRMED,Hyderabad,581257,2026-08-31 01:45:16.673818,2026-08-31
TL-ORD-4121F0FF3E,11842.0,sess_60118cf006f44206,4079,0.0,0,4079.0,2,COD,CONFIRMED,Mumbai,151004,2026-09-09 21:52:15.272811,2026-09-09
TL-ORD-FE91A53715,11941.0,sess_20f6b7fc18534af3,1179,0.0,0,1179.0,2,UPI,CONFIRMED,Bengaluru,390647,2026-09-11 14:24:31.459881,2026-09-11
TL-ORD-13BCD6DE47,,sess_da28adb7efda44bf,7844,0.0,0,7844.0,2,Card,CONFIRMED,Chennai,180431,2026-08-26 09:42:54.189854,2026-08-26
TL-ORD-5D34142EBD,9443.0,sess_d0f963a886bb4956,1617,0.0,0,1617.0,3,NetBanking,CONFIRMED,Pune,439508,2026-08-26 07:23:19.141134,2026-08-26
TL-ORD-8F883BC6A6,11536.0,sess_e0a7fa10efb64a6c,5596,0.0,0,5596.0,2,COD,CONFIRMED,Delhi NCR,663817,2026-08-31 03:51:09.248974,2026-08-31
TL-ORD-E179CC23EC,11210.0,sess_59dd5af293944858,4723,0.0,0,4723.0,4,NetBanking,CONFIRMED,Delhi NCR,228043,2026-08-17 23:18:22.779407,2026-08-17
TL-ORD-AB79A1B86B,11348.0,sess_9201e25decda4b67,1103,0.0,0,1103.0,2,NetBanking,CONFIRMED,Chennai,460243,2026-09-08 04:26:27.145157,2026-09-08
TL-ORD-75BC95AC24,6272.0,sess_e80ae240f8e3450b,3473,520.95,0,2952.05,3,Card,CONFIRMED,Delhi NCR,661183,2026-09-06 14:14:11.043471,2026-09-06
TL-ORD-C79EF2CC59,8511.0,sess_aa6492683e234f2f,4499,0.0,0,4499.0,2,UPI,CONFIRMED,Pune,363483,2026-08-21 12:49:37.320474,2026-08-21
TL-ORD-1763AD12FC,,sess_76ee07b59b46440f,577,86.55,99,589.45,2,UPI,CONFIRMED,Chennai,395188,2026-08-15 15:14:59.330090,2026-08-15
TL-ORD-2B0619A09B,11091.0,sess_d1f3eb6128524570,3410,0.0,0,3410.0,4,Card,CONFIRMED,Mumbai,326835,2026-08-20 18:54:26.331512,2026-08-20
TL-ORD-C6876EDBDE,,sess_f6042232f9dd4703,1952,292.8,0,1659.2,2,NetBanking,CONFIRMED,Hyderabad,142770,2026-09-12 00:28:27.970666,2026-09-12
TL-ORD-37F5C1D26F,7627.0,sess_43a880d8a3a54070,2781,0.0,0,2781.0,2,Card,CONFIRMED,Bengaluru,643404,2026-09-02 02:20:12.984340,2026-09-02
TL-ORD-612216FD18,9972.0,sess_f655d12430d04df8,2662,0.0,0,2662.0,2,UPI,CONFIRMED,Chennai,455143,2026-08-20 22:18:17.159924,2026-08-20
TL-ORD-1A82813FD4,7813.0,sess_fd7c7c399d0042a3,2792,0.0,0,2792.0,2,UPI,CONFIRMED,Pune,323897,2026-09-05 03:56:29.389431,2026-09-05
TL-ORD-6203B12FA7,,sess_724c2d840bec4e79,1276,0.0,0,1276.0,5,NetBanking,CONFIRMED,Bengaluru,364154,2026-09-03 13:02:49.223212,2026-09-03
TL-ORD-AD03107226,10820.0,sess_c09fc84d5c8c450b,2637,395.55,0,2241.45,3,COD,CONFIRMED,Bengaluru,434637,2026-08-16 17:25:24.402863,2026-08-16
TL-ORD-84B120A7FC,10573.0,sess_548f7b2122384a5c,1994,299.1,0,1694.9,2,Card,CONFIRMED,Pune,635085,2026-08-22 15:12:56.925332,2026-08-22
TL-ORD-9A1878F6AB,11962.0,sess_bb35cd81cf344161,7844,0.0,0,7844.0,2,COD,CONFIRMED,Hyderabad,359617,2026-08-25 04:45:11.999331,2026-08-25
TL-ORD-3A7E9C5B7F,10816.0,sess_e51dd64773db4479,1660,0.0,0,1660.0,2,UPI,CONFIRMED,Hyderabad,491901,2026-09-10 03:42:39.435203,2026-09-10
TL-ORD-3FD64E9BAE,6440.0,sess_b1743d91f1c54218,4999,0.0,0,4999.0,3,Card,CONFIRMED,Pune,500950,2026-08-15 12:47:26.143298,2026-08-15
TL-ORD-E0E7E7C657,10328.0,sess_07efdce4903e47bb,3708,0.0,0,3708.0,4,NetBanking,CONFIRMED,Mumbai,348815,2026-08-18 13:58:01.852676,2026-08-18
TL-ORD-2D9856FDAB,,sess_7c42e0a621cd4a2a,1500,0.0,0,1500.0,3,Card,CONFIRMED,Delhi NCR,677551,2026-08-28 05:21:37.013107,2026-08-28
TL-ORD-37419241F8,8085.0,sess_b064180f43f84e90,1244,0.0,0,1244.0,3,UPI,CONFIRMED,Bengaluru,288588,2026-08-23 08:12:23.693279,2026-08-23
TL-ORD-BF5E6A2E6D,11146.0,sess_f537ce44de744d1c,3844,0.0,0,3844.0,2,Card,CONFIRMED,Bengaluru,197667,2026-08-31 17:12:24.398737,2026-08-31
TL-ORD-6A5CE080D3,9033.0,sess_6f46ba38d56547f7,6594,0.0,0,6594.0,3,UPI,CONFIRMED,Bengaluru,677628,2026-09-05 05:41:51.717335,2026-09-05
TL-ORD-08BDBD8D9C,8422.0,sess_debffd60eced413b,3712,0.0,0,3712.0,2,UPI,CONFIRMED,Hyderabad,634420,2026-09-11 05:40:37.330855,2026-09-11
TL-ORD-2866575F62,8726.0,sess_d839d10ca1be4c51,2799,0.0,0,2799.0,2,COD,CONFIRMED,Chennai,155140,2026-08-27 21:41:57.136883,2026-08-27
TL-ORD-3D2D0C99C5,6518.0,sess_f8fb382a8cb649e0,2199,329.85,0,1869.15,4,NetBanking,CONFIRMED,Hyderabad,210944,2026-09-08 04:01:25.977090,2026-09-08
TL-ORD-08C1B2A6AF,11835.0,sess_84365264985245c5,3499,0.0,0,3499.0,2,COD,CONFIRMED,Hyderabad,379162,2026-09-09 11:27:43.595394,2026-09-09
TL-ORD-97AC9F183C,8644.0,sess_bc6dca00718941dd,1952,292.8,0,1659.2,2,Card,CONFIRMED,Bengaluru,371375,2026-08-27 16:43:45.658423,2026-08-27
TL-ORD-CAB48CC9C8,,sess_22323878de5d4b95,1954,293.1,0,1660.9,6,COD,CONFIRMED,Delhi NCR,463489,2026-08-15 15:16:46.064826,2026-08-15
TL-ORD-34E18FE70F,11958.0,sess_28a7c12701a74ba5,2673,0.0,0,2673.0,2,UPI,CONFIRMED,Bengaluru,410210,2026-09-01 11:50:07.223581,2026-09-01
TL-ORD-DE44A26966,8341.0,sess_f9ac4c735b7349f8,3316,497.4,0,2818.6,3,NetBanking,CONFIRMED,Bengaluru,578194,2026-08-25 13:14:09.011598,2026-08-25
TL-ORD-8A4C90ECD9,11475.0,sess_b0c7d71b670b468b,2631,0.0,0,2631.0,2,UPI,CONFIRMED,Delhi NCR,374517,2026-08-23 10:15:32.718861,2026-08-23
TL-ORD-48FCD38936,9232.0,sess_718efdcd07584f5a,1199,0.0,0,1199.0,2,Card,CONFIRMED,Delhi NCR,210514,2026-08-23 20:01:30.222100,2026-08-23
TL-ORD-62E473C6BB,7457.0,sess_faddd8f9ada94dab,5509,826.35,0,4682.65,5,COD,CONFIRMED,Delhi NCR,375158,2026-08-17 03:12:59.026569,2026-08-17
TL-ORD-DF8FD23D48,8212.0,sess_e05508a0584f412f,1389,208.35,0,1180.65,3,UPI,CONFIRMED,Pune,696653,2026-08-24 18:32:28.673396,2026-08-24
TL-ORD-08ACD9465C,10108.0,sess_993e39d43f954f2f,4999,749.85,0,4249.15,3,NetBanking,CONFIRMED,Mumbai,432004,2026-09-12 07:07:41.729208,2026-09-12
TL-ORD-C83D2791E6,6274.0,sess_d70bd34f8d25427f,6999,1049.85,0,5949.15,2,UPI,CONFIRMED,Mumbai,237682,2026-08-29 04:49:11.412431,2026-08-29
TL-ORD-A8804204C8,,sess_df1b39a81704456c,3143,471.45,0,2671.55,2,NetBanking,CONFIRMED,Mumbai,471517,2026-08-25 11:00:30.476832,2026-08-25
TL-ORD-906F71312C,7589.0,sess_670f9d40b9ee4029,1557,233.55,0,1323.45,4,COD,CONFIRMED,Delhi NCR,539422,2026-09-01 16:12:36.960242,2026-09-01
TL-ORD-8F7F5FFD7D,10592.0,sess_3cdd019d31994776,3152,0.0,0,3152.0,2,NetBanking,CONFIRMED,Pune,313790,2026-08-20 08:32:21.538695,2026-08-20
TL-ORD-183954F5A4,,sess_1014d70ad9584f0b,1906,0.0,0,1906.0,3,COD,CONFIRMED,Chennai,315620,2026-09-04 07:26:18.244000,2026-09-04
TL-ORD-47BA86379A,11233.0,sess_474ad54fc47c4bb2,2499,0.0,0,2499.0,3,NetBanking,CONFIRMED,Mumbai,549216,2026-09-06 13:48:21.902810,2026-09-06
TL-ORD-0FB0BE2A3D,,sess_dc5522e09e3a4e73,1230,184.5,0,1045.5,4,UPI,CONFIRMED,Delhi NCR,169588,2026-08-28 08:27:51.184110,2026-08-28
TL-ORD-8AF75C49C8,11983.0,sess_58806210bfe84817,869,0.0,99,968.0,3,COD,CONFIRMED,Chennai,697032,2026-09-05 06:37:55.500069,2026-09-05
TL-ORD-08A2AEBC37,,sess_3dbb85f571504b1e,4645,696.75,0,3948.25,2,Card,CONFIRMED,Pune,335617,2026-09-06 04:14:28.009771,2026-09-06
TL-ORD-25FED0418D,7307.0,sess_391f1f3615e748ec,4304,0.0,0,4304.0,4,UPI,CONFIRMED,Pune,467770,2026-09-08 16:08:43.420741,2026-09-08
TL-ORD-047A13E04A,7087.0,sess_b523da33de6846ee,4958,743.7,0,4214.3,3,NetBanking,CONFIRMED,Mumbai,589823,2026-09-06 17:34:51.250448,2026-09-06
TL-ORD-DB87ECD644,,sess_27698c5c6a8641ab,2773,415.95,0,2357.05,2,UPI,CONFIRMED,Delhi NCR,566300,2026-09-07 19:12:03.631327,2026-09-07
TL-ORD-9374C79987,8375.0,sess_b273660f76554828,5509,826.35,0,4682.65,5,NetBanking,CONFIRMED,Bengaluru,189466,2026-08-20 16:24:23.897533,2026-08-20
TL-ORD-9B91309E7F,6109.0,sess_8f979cf883644975,2799,0.0,0,2799.0,2,Card,CONFIRMED,Delhi NCR,349952,2026-08-30 15:02:19.476974,2026-08-30
TL-ORD-E250E18C26,,sess_559ba4179f054b98,2108,316.2,0,1791.8,6,COD,CONFIRMED,Pune,587364,2026-08-29 23:44:26.411183,2026-08-29
TL-ORD-17D31B3CCC,,sess_6d5003a190e34672,1339,0.0,0,1339.0,3,Card,CONFIRMED,Bengaluru,347582,2026-08-25 23:00:21.163041,2026-08-25
TL-ORD-D64D0A563B,7870.0,sess_dc3be996290c4e6e,7008,0.0,0,7008.0,3,Card,CONFIRMED,Chennai,693320,2026-08-24 12:43:37.485178,2026-08-24
TL-ORD-33F8A70B5A,7420.0,sess_55d52e26dd6b41f7,3674,0.0,0,3674.0,5,UPI,CONFIRMED,Pune,351574,2026-08-23 22:51:15.201741,2026-08-23
TL-ORD-C2D3700BC6,,sess_fbabc061a06845f3,829,0.0,99,928.0,6,UPI,CONFIRMED,Mumbai,348617,2026-09-05 03:35:20.730544,2026-09-05
TL-ORD-2414E9A603,8604.0,sess_2fe67d076c43485b,3674,551.1,0,3122.9,5,UPI,CONFIRMED,Mumbai,687608,2026-08-20 02:49:09.311947,2026-08-20
TL-ORD-626EC7B511,6958.0,sess_b90eb61b188841bd,2499,0.0,0,2499.0,3,COD,CONFIRMED,Hyderabad,386930,2026-09-05 16:22:50.056023,2026-09-05
TL-ORD-82FC3167E8,8232.0,sess_6b19c6a33ad24e68,1844,276.6,0,1567.4,3,UPI,CONFIRMED,Mumbai,198251,2026-09-08 02:21:24.813002,2026-09-08
TL-ORD-80577F30CD,,sess_a44d747701bb4323,1533,0.0,0,1533.0,2,NetBanking,CONFIRMED,Chennai,465505,2026-08-15 10:19:32.823552,2026-08-15
TL-ORD-F95816DA09,8147.0,sess_9dadf18fd00b46ca,2769,0.0,0,2769.0,2,Card,CONFIRMED,Delhi NCR,572557,2026-09-12 08:22:41.671352,2026-09-12
TL-ORD-A8BB8E69E1,8369.0,sess_49f4c500b3034ab7,2631,0.0,0,2631.0,2,Card,CONFIRMED,Chennai,231081,2026-09-11 10:14:05.728976,2026-09-11
TL-ORD-1260E68BE8,10437.0,sess_ac60ba55f30c493e,7008,1051.2,0,5956.8,3,NetBanking,CONFIRMED,Mumbai,674782,2026-09-01 10:06:25.450817,2026-09-01
TL-ORD-1586B297BB,9422.0,sess_92f422d5438d4c32,2662,399.3,0,2262.7,2,Card,CONFIRMED,Mumbai,649075,2026-09-02 15:00:41.957515,2026-09-02
TL-ORD-208DE6E977,8057.0,sess_bf8d3a2eca5749ed,3556,0.0,0,3556.0,2,COD,CONFIRMED,Mumbai,511235,2026-08-17 15:41:24.210600,2026-08-17
TL-ORD-CEBEFE01B5,10318.0,sess_45035ecb21f0492b,3174,0.0,0,3174.0,5,Card,CONFIRMED,Hyderabad,145931,2026-08-21 10:09:48.689852,2026-08-21
TL-ORD-9DEBA391E5,,sess_dcfff62e530e4371,743,0.0,99,842.0,3,NetBanking,CONFIRMED,Mumbai,520926,2026-09-02 11:12:34.990282,2026-09-02
TL-ORD-77B0788860,8345.0,sess_12d6e787c41242bc,7008,0.0,0,7008.0,3,COD,CONFIRMED,Chennai,162307,2026-08-22 00:00:24.263204,2026-08-22
TL-ORD-B07BCE8EB3,,sess_7a1580150e4945af,4299,644.85,0,3654.15,2,UPI,CONFIRMED,Delhi NCR,243084,2026-08-31 11:14:05.617836,2026-08-31
TL-ORD-A01769EB11,9130.0,sess_efe111f1202b4339,1103,0.0,0,1103.0,5,Card,CONFIRMED,Hyderabad,504434,2026-08-27 12:40:55.846871,2026-08-27
TL-ORD-2E0B4AE610,10395.0,sess_e15a595aeb374321,2235,335.25,0,1899.75,3,Card,CONFIRMED,Delhi NCR,691312,2026-09-04 15:42:45.278007,2026-09-04
TL-ORD-43E8BB7FBF,8173.0,sess_c8c23fdd3ad6440d,4168,0.0,0,4168.0,3,COD,CONFIRMED,Hyderabad,557151,2026-09-12 07:57:40.004292,2026-09-12
TL-ORD-39CEAE5979,9060.0,sess_0a665a46db744bec,2435,0.0,0,2435.0,2,Card,CONFIRMED,Chennai,403549,2026-08-27 05:04:50.527052,2026-08-27
TL-ORD-885789BBFA,,sess_677fd13ee3a343af,3777,0.0,0,3777.0,4,UPI,CONFIRMED,Mumbai,329582,2026-09-04 21:54:14.743619,2026-09-04
TL-ORD-03E7827C03,7419.0,sess_201931ff4ff14323,3177,0.0,0,3177.0,3,Card,CONFIRMED,Pune,419742,2026-09-01 03:46:21.794232,2026-09-01
TL-ORD-D6D3A8671B,,sess_75440e3caad64099,2688,0.0,0,2688.0,2,NetBanking,CONFIRMED,Chennai,289444,2026-09-13 15:34:32.590652,2026-09-13
TL-ORD-93F20D9B10,11623.0,sess_ab9c6cceb048446b,5816,0.0,0,5816.0,2,UPI,CONFIRMED,Hyderabad,379435,2026-09-10 21:20:18.542889,2026-09-10
TL-ORD-948E487995,,sess_34336901231e4d0c,4132,0.0,0,4132.0,2,Card,CONFIRMED,Bengaluru,480484,2026-08-28 11:04:55.151334,2026-08-28
TL-ORD-69AE25BF78,6804.0,sess_4cd1d7961e49452d,2350,0.0,0,2350.0,2,Card,CONFIRMED,Bengaluru,398167,2026-09-07 06:36:15.914837,2026-09-07
TL-ORD-5860821A93,6476.0,sess_ae3724728b7c4d84,1061,0.0,0,1061.0,3,NetBanking,CONFIRMED,Bengaluru,663259,2026-08-27 10:29:13.704991,2026-08-27
TL-ORD-39AC977B07,6969.0,sess_ed36436c792e40a5,848,0.0,99,947.0,6,Card,CONFIRMED,Delhi NCR,655347,2026-09-04 08:13:21.538207,2026-09-04
TL-ORD-9774DC84ED,,sess_daecd75426a74fe0,2437,0.0,0,2437.0,4,Card,CONFIRMED,Pune,264153,2026-08-29 07:44:05.275734,2026-08-29
TL-ORD-98BFA5421F,9258.0,sess_098ef076296144ff,4817,722.55,0,4094.45,2,UPI,CONFIRMED,Chennai,175316,2026-08-18 02:13:48.624274,2026-08-18
TL-ORD-0964B98FF7,8407.0,sess_146e620fbd8f4496,6188,0.0,0,6188.0,2,Card,CONFIRMED,Pune,339357,2026-09-02 12:02:14.614649,2026-09-02
TL-ORD-2C5D3076D3,10745.0,sess_d6f9845865104b13,1034,155.1,0,878.9,4,Card,CONFIRMED,Mumbai,556058,2026-08-26 16:58:50.914167,2026-08-26
TL-ORD-01AC37551C,8201.0,sess_41a0143a52e846ad,4758,0.0,0,4758.0,2,COD,CONFIRMED,Mumbai,469872,2026-08-30 00:36:26.945524,2026-08-30
TL-ORD-85EB4FC58F,10804.0,sess_4958331d08704f3d,3531,0.0,0,3531.0,3,NetBanking,CONFIRMED,Bengaluru,570238,2026-09-03 15:50:05.828886,2026-09-03
TL-ORD-A908B49869,10806.0,sess_fd6008b5b8b14ff4,2538,0.0,0,2538.0,2,Card,CONFIRMED,Mumbai,571515,2026-08-29 15:33:45.706143,2026-08-29
TL-ORD-0CA3F9C30C,11084.0,sess_f57f937017884fb1,3090,0.0,0,3090.0,2,UPI,CONFIRMED,Chennai,314539,2026-09-11 02:58:26.755651,2026-09-11
TL-ORD-9559B2A257,11845.0,sess_51991fcf900e4243,2268,340.2,0,1927.8,3,UPI,CONFIRMED,Chennai,136861,2026-08-25 15:57:59.017903,2026-08-25
TL-ORD-4321870DE3,9016.0,sess_615b998959154d67,2437,365.55,0,2071.45,4,COD,CONFIRMED,Pune,234531,2026-09-05 03:07:11.213510,2026-09-05
TL-ORD-B1E4070264,,sess_c20f013e8ec54552,1533,229.95,0,1303.05,2,UPI,CONFIRMED,Bengaluru,504539,2026-09-03 11:41:30.982631,2026-09-03
TL-ORD-4722F0E23E,8961.0,sess_144f81aee3d54be2,5509,826.35,0,4682.65,5,COD,CONFIRMED,Chennai,330732,2026-08-22 06:49:41.953920,2026-08-22
TL-ORD-68E9FDDFCB,,sess_f47f1847fe314244,2853,0.0,0,2853.0,4,Card,CONFIRMED,Chennai,137154,2026-08-20 06:33:31.388658,2026-08-20
TL-ORD-EDADAE0DDA,9946.0,sess_0081c080a62341df,4168,0.0,0,4168.0,3,Card,CONFIRMED,Mumbai,404720,2026-09-04 14:20:41.320136,2026-09-04
TL-ORD-6C61292B2B,7192.0,sess_caabfc718a484061,3282,492.3,0,2789.7,4,UPI,CONFIRMED,Hyderabad,565702,2026-09-09 23:30:28.647223,2026-09-09
TL-ORD-F0F82D0C13,,sess_5b4a154adf554b1b,1928,289.2,0,1638.8,2,UPI,CONFIRMED,Mumbai,685292,2026-08-19 15:49:24.960899,2026-08-19
TL-ORD-E89045FEC1,6670.0,sess_c37130c2081a49e9,5596,839.4,0,4756.6,2,Card,CONFIRMED,Chennai,552313,2026-08-27 17:22:58.481026,2026-08-27
TL-ORD-A49355929C,,sess_bd6b956280354700,2794,0.0,0,2794.0,5,UPI,CONFIRMED,Mumbai,309871,2026-09-10 22:53:06.006563,2026-09-10
TL-ORD-F5AEEDF1B1,11820.0,sess_a023c0a565a545b4,1952,0.0,0,1952.0,2,COD,CONFIRMED,Pune,315575,2026-09-08 10:54:47.529281,2026-09-08
TL-ORD-AFF848B212,8113.0,sess_af406756565b42c0,3090,463.5,0,2626.5,2,COD,CONFIRMED,Bengaluru,275434,2026-08-17 20:23:32.069901,2026-08-17
TL-ORD-D904B72D53,10878.0,sess_6dee13a30b464884,2403,0.0,0,2403.0,2,NetBanking,CONFIRMED,Delhi NCR,170089,2026-09-02 21:11:14.259567,2026-09-02
TL-ORD-1E42AD859A,11007.0,sess_0a4d198691154e1b,577,86.55,99,589.45,2,NetBanking,CONFIRMED,Mumbai,387370,2026-08-26 00:36:56.667203,2026-08-26
TL-ORD-AD936E1810,9861.0,sess_5e776063fcb741f3,779,0.0,99,878.0,2,Card,CONFIRMED,Bengaluru,240589,2026-08-17 20:08:10.444029,2026-08-17
TL-ORD-C07EE806B4,6464.0,sess_b046b2c58e9c4ec8,3976,0.0,0,3976.0,2,UPI,CONFIRMED,Pune,165398,2026-09-05 02:07:43.548271,2026-09-05
TL-ORD-731820E3BB,9002.0,sess_df8100c7356945a1,5816,872.4,0,4943.6,2,Card,CONFIRMED,Mumbai,463908,2026-08-18 14:56:21.405556,2026-08-18
TL-ORD-8FDEBA6199,,sess_590dc602268240f9,1829,274.35,0,1554.65,6,NetBanking,CONFIRMED,Delhi NCR,209029,2026-09-05 18:06:59.767517,2026-09-05
TL-ORD-32E38DC871,11474.0,sess_068fefb747974863,2662,0.0,0,2662.0,2,UPI,CONFIRMED,Chennai,285749,2026-09-06 10:03:48.511729,2026-09-06
TL-ORD-64904D55F0,11115.0,sess_b0ee5ae68f1a4e94,5842,876.3,0,4965.7,2,Card,CONFIRMED,Delhi NCR,497599,2026-08-27 06:55:39.239016,2026-08-27
TL-ORD-FB6CB2A842,8981.0,sess_40ae8f4b913e425d,1906,0.0,0,1906.0,3,NetBanking,CONFIRMED,Bengaluru,266411,2026-08-31 05:59:44.151757,2026-08-31
TL-ORD-2B2F37153A,6777.0,sess_93f7d3a1b82a4357,3582,0.0,0,3582.0,4,COD,CONFIRMED,Chennai,690206,2026-08-28 18:45:05.905642,2026-08-28
TL-ORD-3FF89BCF8E,9110.0,sess_f3c6e7b436e64ddb,1684,0.0,0,1684.0,2,COD,CONFIRMED,Mumbai,594365,2026-09-05 09:38:48.437822,2026-09-05
TL-ORD-4482ABC424,10257.0,sess_a852343415fc4cea,859,128.85,99,829.15,2,NetBanking,CONFIRMED,Pune,111168,2026-08-31 21:31:06.612265,2026-08-31
TL-ORD-E6134AFAD5,6514.0,sess_9a63df3f1c424018,4299,644.85,0,3654.15,2,COD,CONFIRMED,Bengaluru,453529,2026-09-06 13:34:04.802865,2026-09-06
TL-ORD-AA198D08EC,10509.0,sess_ac1f2e1887494c0c,3938,590.7,0,3347.3,3,NetBanking,CONFIRMED,Mumbai,255936,2026-08-28 00:57:54.901147,2026-08-28
TL-ORD-414679D7F2,11824.0,sess_804d721fcb7640c3,3844,576.6,0,3267.4,2,COD,CONFIRMED,Hyderabad,170366,2026-08-20 11:51:21.579160,2026-08-20
TL-ORD-55E8F368D1,6309.0,sess_611050db5dcf4daf,4645,0.0,0,4645.0,2,NetBanking,CONFIRMED,Mumbai,289214,2026-08-15 07:15:07.044997,2026-08-15
TL-ORD-3D8BF4800D,8689.0,sess_42780d93bdc94cb2,1276,0.0,0,1276.0,5,Card,CONFIRMED,Delhi NCR,130033,2026-09-08 12:31:46.127412,2026-09-08
TL-ORD-E25BC944BE,7622.0,sess_b04aa1d27a6c46a2,2792,0.0,0,2792.0,2,COD,CONFIRMED,Mumbai,182962,2026-09-02 05:37:42.520671,2026-09-02
TL-ORD-B3F97D15DB,7272.0,sess_9978043fa1f64b0b,2773,0.0,0,2773.0,2,UPI,CONFIRMED,Mumbai,637643,2026-09-06 10:24:48.695849,2026-09-06
TL-ORD-2A74EF8563,10716.0,sess_3061362f97874a7a,1276,0.0,0,1276.0,5,Card,CONFIRMED,Hyderabad,130556,2026-09-12 21:23:26.633098,2026-09-12
TL-ORD-6FF83CFCB7,8669.0,sess_4852d09af04d4506,4723,0.0,0,4723.0,4,NetBanking,CONFIRMED,Chennai,124063,2026-08-25 07:53:05.068972,2026-08-25
TL-ORD-FAD4B4337F,,sess_3d545b18542040a0,2794,419.1,0,2374.9,5,COD,CONFIRMED,Delhi NCR,539973,2026-08-24 07:02:41.304512,2026-08-24
TL-ORD-E6D6C24BBE,10388.0,sess_7d62fe5de9c04546,1244,0.0,0,1244.0,3,COD,CONFIRMED,Mumbai,652056,2026-09-12 12:14:23.871680,2026-09-12
TL-ORD-13D50A299C,9310.0,sess_aad62dcb253b4d61,2437,365.55,0,2071.45,4,UPI,CONFIRMED,Delhi NCR,615104,2026-09-11 07:47:57.318255,2026-09-11
TL-ORD-F16F77C2D4,6864.0,sess_8a7e022a34214b0c,6188,928.2,0,5259.8,2,Card,CONFIRMED,Delhi NCR,342336,2026-09-06 02:06:06.199691,2026-09-06
TL-ORD-F30D691A1F,8798.0,sess_c736473844514bb3,3985,0.0,0,3985.0,3,Card,CONFIRMED,Hyderabad,594106,2026-08-24 09:57:08.703129,2026-08-24
TL-ORD-E273F5F0A6,8872.0,sess_e4386ef151064ef8,4965,0.0,0,4965.0,4,Card,CONFIRMED,Mumbai,683236,2026-09-02 16:32:49.045753,2026-09-02
TL-ORD-C81244AE44,11845.0,sess_c80f15259b934513,4700,705.0,0,3995.0,3,UPI,CONFIRMED,Mumbai,334479,2026-09-09 02:08:49.580234,2026-09-09
TL-ORD-0BA16EBDFD,,sess_783ede9835944cf8,2437,0.0,0,2437.0,4,UPI,CONFIRMED,Bengaluru,315981,2026-09-01 06:44:21.837390,2026-09-01
TL-ORD-BE7971D625,10858.0,sess_b22853e28881419c,3938,590.7,0,3347.3,3,COD,CONFIRMED,Hyderabad,328851,2026-08-28 07:33:16.417659,2026-08-28
TL-ORD-735753DB39,8182.0,sess_d86fa20fbc464183,2312,0.0,0,2312.0,5,UPI,CONFIRMED,Bengaluru,266437,2026-09-06 05:18:52.656425,2026-09-06
TL-ORD-D12FC870B2,11382.0,sess_cd33019f5ee24505,5450,0.0,0,5450.0,3,UPI,CONFIRMED,Mumbai,230054,2026-08-31 01:38:32.123375,2026-08-31
TL-ORD-3F140D1D8A,,sess_6ead1cf364c64d3e,3976,596.4,0,3379.6,2,Card,CONFIRMED,Delhi NCR,431624,2026-08-20 02:28:32.668510,2026-08-20
TL-ORD-01C7D1E1FF,8713.0,sess_923ea8fff0f34e0c,1199,179.85,0,1019.15,2,UPI,CONFIRMED,Chennai,434309,2026-08-29 09:21:50.348686,2026-08-29
TL-ORD-35A95CDDA8,6838.0,sess_2f0c9502abd24337,1617,0.0,0,1617.0,3,Card,CONFIRMED,Chennai,473630,2026-09-02 01:45:04.660638,2026-09-02
TL-ORD-1F3244732D,7215.0,sess_b0fcc698da644b7b,2279,0.0,0,2279.0,4,UPI,CONFIRMED,Delhi NCR,332921,2026-08-27 14:42:53.871218,2026-08-27
TL-ORD-8347F79040,7125.0,sess_27cb7ff020a34b73,4992,0.0,0,4992.0,2,COD,CONFIRMED,Hyderabad,444205,2026-09-11 22:41:13.450666,2026-09-11
TL-ORD-A53B46263F,10010.0,sess_d6d0c28cfb394b43,3473,0.0,0,3473.0,3,UPI,CONFIRMED,Bengaluru,391419,2026-09-09 23:08:14.953199,2026-09-09
TL-ORD-F6B5B4BAFF,9056.0,sess_c87cf465b9574d37,1308,0.0,0,1308.0,3,UPI,CONFIRMED,Pune,383925,2026-08-26 12:47:58.038609,2026-08-26
TL-ORD-18EE30A7FF,7206.0,sess_c287a4fbc322432b,3481,522.15,0,2958.85,5,Card,CONFIRMED,Delhi NCR,139438,2026-09-05 15:24:05.450017,2026-09-05
TL-ORD-9C73D0D660,8699.0,sess_bb0ad566601840c8,2662,0.0,0,2662.0,2,NetBanking,CONFIRMED,Hyderabad,444720,2026-08-21 16:49:39.744881,2026-08-21
TL-ORD-6912E363A0,9634.0,sess_9f3d6de6786c4201,1899,0.0,0,1899.0,2,Card,CONFIRMED,Pune,648353,2026-08-29 17:03:36.131352,2026-08-29
TL-ORD-21DF2C66A7,,sess_98f44d13d8b94b42,4645,0.0,0,4645.0,2,UPI,CONFIRMED,Pune,539651,2026-09-07 17:30:43.269026,2026-09-07
TL-ORD-1DF5B42EE2,,sess_3fcf44dd43c34bbb,1952,0.0,0,1952.0,2,Card,CONFIRMED,Pune,617137,2026-09-08 21:53:59.277407,2026-09-08
TL-ORD-16575EB518,7332.0,sess_3bd3f380e30249ec,2799,0.0,0,2799.0,2,NetBanking,CONFIRMED,Hyderabad,672124,2026-08-25 16:56:18.442515,2026-08-25
TL-ORD-286950BD74,8481.0,sess_269b47704d274911,6489,973.35,0,5515.65,2,Card,CONFIRMED,Bengaluru,661502,2026-08-31 11:29:28.605400,2026-08-31
TL-ORD-18CDB3DB3F,,sess_58cafb40eb1d43df,3670,0.0,0,3670.0,3,Card,CONFIRMED,Pune,377694,2026-09-12 07:52:58.641377,2026-09-12
TL-ORD-6BE667B151,,sess_ce153ed1584e4d8c,4617,0.0,0,4617.0,2,COD,CONFIRMED,Delhi NCR,383025,2026-09-01 23:09:20.022884,2026-09-01
TL-ORD-DC11AFAB39,,sess_a4852dfe44bc48ae,3537,0.0,0,3537.0,3,Card,CONFIRMED,Chennai,602991,2026-08-30 18:48:39.704900,2026-08-30
TL-ORD-CD0E278F7E,11233.0,sess_1fdadbceb16d4f2e,1899,0.0,0,1899.0,2,NetBanking,CONFIRMED,Pune,292940,2026-08-17 11:20:19.192589,2026-08-17
TL-ORD-03B4ECFBC6,9828.0,sess_d4abb7876d3048a6,2206,330.9,0,1875.1,3,COD,CONFIRMED,Hyderabad,430334,2026-08-16 22:24:04.158655,2026-08-16
TL-ORD-A85A398A07,9548.0,sess_f0aae79e0a3648a0,4817,722.55,0,4094.45,2,UPI,CONFIRMED,Pune,176770,2026-08-30 01:47:20.635120,2026-08-30
TL-ORD-202330F094,7900.0,sess_39c72fd3932a4156,751,0.0,99,850.0,4,Card,CONFIRMED,Hyderabad,135536,2026-08-15 09:54:57.581976,2026-08-15
TL-ORD-2D8255797D,11520.0,sess_a9688be86bd74fd1,1339,200.85,0,1138.15,3,Card,CONFIRMED,Pune,418613,2026-08-29 03:00:01.747582,2026-08-29
TL-ORD-CBA88BDC97,9994.0,sess_955638bfec444ea9,4999,0.0,0,4999.0,3,UPI,CONFIRMED,Delhi NCR,279857,2026-09-10 12:56:28.798597,2026-09-10
TL-ORD-3E942F5334,11279.0,sess_cfc869b484fc4a4f,3499,0.0,0,3499.0,2,Card,CONFIRMED,Delhi NCR,372774,2026-09-05 11:53:32.356738,2026-09-05
TL-ORD-1D8BE680BF,11527.0,sess_b72f9bdece354f67,4132,0.0,0,4132.0,2,COD,CONFIRMED,Chennai,503882,2026-09-06 10:37:17.585580,2026-09-06
TL-ORD-BD38A3F4FF,8039.0,sess_39c642183d064f5d,1739,0.0,0,1739.0,5,Card,CONFIRMED,Mumbai,246269,2026-09-06 09:42:30.450680,2026-09-06
TL-ORD-67A523F89E,,sess_96af2eea77da4699,3775,0.0,0,3775.0,5,UPI,CONFIRMED,Hyderabad,572618,2026-09-10 17:57:24.807563,2026-09-10
TL-ORD-B6211F89BF,11457.0,sess_dbb2f2155b8648fc,2499,0.0,0,2499.0,3,UPI,CONFIRMED,Pune,683378,2026-09-06 21:13:45.887311,2026-09-06
TL-ORD-DAA8B5EE00,10909.0,sess_114cced8312a41fc,2339,350.85,0,1988.15,2,Card,CONFIRMED,Mumbai,614676,2026-08-17 02:11:07.328043,2026-08-17
TL-ORD-894524FE02,10111.0,sess_adcd4bfbce3a4ae0,4645,0.0,0,4645.0,2,Card,CONFIRMED,Chennai,449645,2026-08-26 14:56:01.981759,2026-08-26
TL-ORD-A9F55D1915,8031.0,sess_5a380d36fc6946d3,3556,0.0,0,3556.0,2,COD,CONFIRMED,Bengaluru,177650,2026-09-12 15:12:46.543258,2026-09-12
TL-ORD-43BA4C85F6,,sess_d253964950724b87,3008,0.0,0,3008.0,3,UPI,CONFIRMED,Chennai,528902,2026-08-26 02:37:09.575907,2026-08-26
TL-ORD-41745235EE,,sess_743649b8dd854d2c,3777,566.55,0,3210.45,4,NetBanking,CONFIRMED,Chennai,508404,2026-09-08 09:51:36.147046,2026-09-08
TL-ORD-7F105EDCB2,10980.0,sess_c05d2221a71b4592,1971,0.0,0,1971.0,3,NetBanking,CONFIRMED,Bengaluru,201144,2026-08-22 10:01:45.103067,2026-08-22
TL-ORD-357F0F5804,10256.0,sess_f95a29a7920d4234,2388,358.2,0,2029.8,4,NetBanking,CONFIRMED,Bengaluru,678856,2026-09-08 21:25:17.030843,2026-09-08
TL-ORD-CF37AFA7B5,11844.0,sess_5dd53cc412de4eb2,642,0.0,99,741.0,5,Card,CONFIRMED,Hyderabad,295733,2026-08-16 20:56:10.685664,2026-08-16
TL-ORD-15C49C969E,6867.0,sess_beee366bf68640ef,3389,0.0,0,3389.0,2,UPI,CONFIRMED,Pune,323059,2026-08-17 05:27:36.080272,2026-08-17
TL-ORD-69BFB23553,6419.0,sess_e7caf0a11d7d4900,1533,0.0,0,1533.0,2,Card,CONFIRMED,Delhi NCR,303259,2026-08-27 15:06:30.612019,2026-08-27
TL-ORD-D04924E4FC,,sess_ae181f04580c4426,743,111.45,99,730.55,3,Card,CONFIRMED,Pune,392030,2026-08-20 04:56:24.849588,2026-08-20
TL-ORD-4E2F70188A,6620.0,sess_0d044021be9c4f2e,3471,0.0,0,3471.0,3,NetBanking,CONFIRMED,Chennai,147499,2026-08-29 14:53:55.367602,2026-08-29
TL-ORD-0E0829364F,10207.0,sess_e871175198b94fcb,2773,0.0,0,2773.0,2,UPI,CONFIRMED,Chennai,142245,2026-08-31 14:51:28.629029,2026-08-31
TL-ORD-3B0001A4DE,11796.0,sess_cc6058db509442b6,5842,876.3,0,4965.7,2,NetBanking,CONFIRMED,Bengaluru,321187,2026-08-18 18:58:37.944170,2026-08-18
TL-ORD-9B440CB58C,11301.0,sess_74966c985e3544de,3041,0.0,0,3041.0,4,NetBanking,CONFIRMED,Hyderabad,627463,2026-09-07 02:06:08.574231,2026-09-07
TL-ORD-5AB60373EF,6692.0,sess_19a89ee49e074de2,1899,0.0,0,1899.0,2,Card,CONFIRMED,Chennai,205174,2026-09-03 14:00:01.265030,2026-09-03
TL-ORD-AFCAD347DA,,sess_d5d99a028e24458b,2799,0.0,0,2799.0,5,COD,CONFIRMED,Delhi NCR,635011,2026-09-09 15:37:56.977865,2026-09-09
TL-ORD-D0DDEF6067,9793.0,sess_d87f401a7a474dc6,4999,0.0,0,4999.0,3,Card,CONFIRMED,Bengaluru,448551,2026-08-24 07:37:02.228313,2026-08-24
TL-ORD-89765C33E0,9306.0,sess_9c961cce28ab4e89,2312,0.0,0,2312.0,5,NetBanking,CONFIRMED,Chennai,274681,2026-08-25 04:28:26.276211,2026-08-25
TL-ORD-F6B85935AD,,sess_9b7c7d78525e41ed,1557,233.55,0,1323.45,4,NetBanking,CONFIRMED,Hyderabad,450865,2026-08-31 16:52:21.245887,2026-08-31
TL-ORD-6A6026EB7E,7523.0,sess_1009b50278e94660,550,82.5,99,566.5,5,Card,CONFIRMED,Chennai,334780,2026-09-07 22:00:44.817749,2026-09-07
TL-ORD-1114BEF142,,sess_729074ea2a674440,1724,0.0,0,1724.0,4,NetBanking,CONFIRMED,Chennai,438837,2026-08-14 21:08:41.310260,2026-08-14
TL-ORD-8D6EE5519A,10235.0,sess_2a3b6ac2bf8a487d,3019,0.0,0,3019.0,2,Card,CONFIRMED,Delhi NCR,695420,2026-08-31 13:05:00.343894,2026-08-31
TL-ORD-4B1696F1EF,7419.0,sess_80734657c6fd46ed,577,0.0,99,676.0,2,NetBanking,CONFIRMED,Bengaluru,333728,2026-08-19 16:23:46.645576,2026-08-19
TL-ORD-4D644FF6B4,9640.0,sess_accd5b49746e440d,2312,346.8,0,1965.2,5,COD,CONFIRMED,Mumbai,348210,2026-08-20 07:39:48.859472,2026-08-20
TL-ORD-618C34E700,9887.0,sess_76c0061079ae4ce1,3577,536.55,0,3040.45,2,Card,CONFIRMED,Mumbai,431463,2026-09-08 21:48:45.608228,2026-09-08
TL-ORD-CBBE50D71F,,sess_e247db506f474caa,4304,0.0,0,4304.0,4,UPI,CONFIRMED,Mumbai,133984,2026-08-28 02:07:35.534023,2026-08-28
TL-ORD-F62FB8F582,10246.0,sess_134f990bc4e34e03,3316,497.4,0,2818.6,3,COD,CONFIRMED,Pune,133998,2026-09-02 20:19:42.757397,2026-09-02
TL-ORD-5CC5404CC4,8385.0,sess_9deede3f9c304d05,1339,200.85,0,1138.15,3,COD,CONFIRMED,Chennai,256650,2026-08-17 18:39:02.516027,2026-08-17
TL-ORD-27EE776087,8365.0,sess_40b938b7a6124ac7,2403,0.0,0,2403.0,2,COD,CONFIRMED,Mumbai,609196,2026-08-23 05:32:21.125689,2026-08-23
TL-ORD-89F996B4AE,,sess_0de3787aef2e41c2,743,111.45,99,730.55,3,Card,CONFIRMED,Chennai,306072,2026-09-08 20:47:05.903481,2026-09-08
TL-ORD-5435AC4142,10252.0,sess_fb6ad2af3dee40d0,3938,0.0,0,3938.0,3,UPI,CONFIRMED,Mumbai,531977,2026-09-05 00:16:26.909876,2026-09-05
TL-ORD-BEBC0AC633,11705.0,sess_06269ebb9098476b,3976,0.0,0,3976.0,2,UPI,CONFIRMED,Chennai,525677,2026-08-21 22:31:44.552668,2026-08-21
TL-ORD-CC816D1927,7058.0,sess_5b65aed192a743b4,6489,973.35,0,5515.65,2,NetBanking,CONFIRMED,Bengaluru,234092,2026-08-28 07:18:15.042977,2026-08-28
TL-ORD-2E3EE5070A,7647.0,sess_98ddc34beaa749e2,2437,0.0,0,2437.0,4,UPI,CONFIRMED,Bengaluru,575436,2026-08-26 12:45:33.728749,2026-08-26
TL-ORD-0CF32535AB,10534.0,sess_5082c5c10bff4875,1199,0.0,0,1199.0,2,COD,CONFIRMED,Bengaluru,129568,2026-08-30 02:36:48.547987,2026-08-30
TL-ORD-789DB6B573,8253.0,sess_fa47f164b6464a96,2464,0.0,0,2464.0,3,COD,CONFIRMED,Chennai,253332,2026-09-09 03:24:46.372306,2026-09-09
TL-ORD-36A91E5766,10588.0,sess_383ff851a3cb4773,5450,0.0,0,5450.0,2,Card,CONFIRMED,Bengaluru,151983,2026-08-18 02:26:15.100669,2026-08-18
TL-ORD-3B69060F22,11781.0,sess_358fd287e0984005,999,0.0,0,999.0,6,NetBanking,CONFIRMED,Pune,337636,2026-08-18 04:00:11.156857,2026-08-18
TL-ORD-6AE8CD3B39,,sess_f07588b7be2a4a85,3844,0.0,0,3844.0,2,COD,CONFIRMED,Mumbai,393194,2026-09-08 20:05:31.637780,2026-09-08
TL-ORD-70445B1E6C,8741.0,sess_d8ca728753f64e76,5596,0.0,0,5596.0,2,Card,CONFIRMED,Mumbai,442464,2026-08-27 13:45:47.194494,2026-08-27
TL-ORD-B5B08E0384,7030.0,sess_38777fce69674220,4897,0.0,0,4897.0,3,NetBanking,CONFIRMED,Chennai,338224,2026-08-24 10:15:38.209767,2026-08-24
TL-ORD-2E6B7309BE,,sess_d7996dfef45c4a26,2108,0.0,0,2108.0,6,COD,CONFIRMED,Bengaluru,570151,2026-09-08 17:19:40.635934,2026-09-08
TL-ORD-5A45465A3E,,sess_fb69cd0ef2554605,3471,520.65,0,2950.35,3,Card,CONFIRMED,Chennai,210454,2026-09-07 07:29:08.630727,2026-09-07
TL-ORD-749554CA39,,sess_ea9a5a88b3934fe7,4999,0.0,0,4999.0,3,Card,CONFIRMED,Delhi NCR,505867,2026-08-20 14:45:57.192331,2026-08-20
TL-ORD-83BDBE2D0B,6390.0,sess_c8a066bfec71459f,1724,258.6,0,1465.4,4,Card,CONFIRMED,Bengaluru,633497,2026-08-24 00:51:11.153449,2026-08-24
TL-ORD-DDB1248E9C,11133.0,sess_746511480e164084,2036,0.0,0,2036.0,2,NetBanking,CONFIRMED,Hyderabad,499588,2026-08-26 21:16:36.854685,2026-08-26
TL-ORD-103CBA6BEE,8711.0,sess_b1e894ed51014862,984,0.0,99,1083.0,5,NetBanking,CONFIRMED,Hyderabad,356682,2026-08-28 14:31:19.597748,2026-08-28
TL-ORD-48D8671DCB,8879.0,sess_fa270ab9a5274fe8,1103,165.45,0,937.55,2,NetBanking,CONFIRMED,Delhi NCR,528723,2026-09-10 19:58:40.593481,2026-09-10
TL-ORD-6E0ABA69D8,8416.0,sess_d7eba364872045e2,1791,0.0,0,1791.0,3,NetBanking,CONFIRMED,Pune,238577,2026-09-11 07:02:32.615971,2026-09-11
TL-ORD-2113B74D83,,sess_902fb2cbdcb34a6e,577,0.0,99,676.0,2,Card,CONFIRMED,Delhi NCR,602940,2026-09-10 11:34:11.674463,2026-09-10
TL-ORD-9B720D3545,8590.0,sess_52d1d0bd304a43e5,2172,325.8,0,1846.2,6,UPI,CONFIRMED,Chennai,575619,2026-08-16 07:07:19.163354,2026-08-16
TL-ORD-E5FE1D3FA8,,sess_820dd398523b4175,2279,0.0,0,2279.0,4,NetBanking,CONFIRMED,Mumbai,312542,2026-08-24 05:59:33.805293,2026-08-24
TL-ORD-E87766E2AC,9624.0,sess_4735bba8cf0b4775,3473,520.95,0,2952.05,3,COD,CONFIRMED,Hyderabad,367050,2026-09-13 14:57:12.210537,2026-09-13
TL-ORD-29DC198069,,sess_e4c6fd6cbe7c450e,3090,0.0,0,3090.0,2,NetBanking,CONFIRMED,Delhi NCR,216913,2026-08-20 09:06:39.466181,2026-08-20
TL-ORD-8E73CDCA3C,,sess_7fc2fe1a3a214e1d,2839,0.0,0,2839.0,4,Card,CONFIRMED,Pune,466737,2026-08-28 06:50:18.243546,2026-08-28
TL-ORD-1BF0701EED,6033.0,sess_8ab5aea0aec049d4,6594,989.1,0,5604.9,3,COD,CONFIRMED,Delhi NCR,231976,2026-09-08 10:30:18.631430,2026-09-08
TL-ORD-1140194A2A,10794.0,sess_634f731d7d194920,4596,0.0,0,4596.0,3,Card,CONFIRMED,Mumbai,491814,2026-08-19 19:10:03.883205,2026-08-19
TL-ORD-39F81DCF56,11018.0,sess_b11844b2b6d4405f,2388,0.0,0,2388.0,4,Card,CONFIRMED,Mumbai,202958,2026-09-08 00:05:27.900846,2026-09-08
TL-ORD-DBFEAF5762,6519.0,sess_7abf388f400a48e5,2637,395.55,0,2241.45,3,Card,CONFIRMED,Bengaluru,519445,2026-08-22 18:40:16.662182,2026-08-22
TL-ORD-053681C421,7025.0,sess_1da27368a82545e3,2617,0.0,0,2617.0,4,NetBanking,CONFIRMED,Pune,249614,2026-08-20 00:09:15.847412,2026-08-20
TL-ORD-63BB8ED523,8370.0,sess_2f52dd8950cc4c8b,1906,0.0,0,1906.0,3,Card,CONFIRMED,Bengaluru,361163,2026-08-29 05:27:08.027071,2026-08-29
TL-ORD-0EFF37FC0E,9562.0,sess_29fcd741df1b4d69,2799,0.0,0,2799.0,2,COD,CONFIRMED,Bengaluru,504546,2026-08-31 03:03:18.340839,2026-08-31
TL-ORD-77BE1BBEE8,11522.0,sess_076ea1adb28744c5,1506,225.9,0,1280.1,3,COD,CONFIRMED,Chennai,593641,2026-08-16 13:19:47.462459,2026-08-16
TL-ORD-85FFA82899,,sess_2ff642d71b1a4a26,1603,0.0,0,1603.0,2,Card,CONFIRMED,Mumbai,241928,2026-08-16 11:07:55.615624,2026-08-16
TL-ORD-A8AA289611,,sess_cf208e5069b942ab,2195,0.0,0,2195.0,4,NetBanking,CONFIRMED,Hyderabad,195538,2026-08-17 17:47:44.001347,2026-08-17
TL-ORD-B34F124F4B,,sess_afce38d0097c4697,2688,0.0,0,2688.0,2,Card,CONFIRMED,Bengaluru,680943,2026-08-25 04:34:50.672167,2026-08-25
TL-ORD-A36F4BBB74,,sess_997b62d3c9b545b8,4897,734.55,0,4162.45,3,NetBanking,CONFIRMED,Mumbai,198961,2026-08-27 23:28:02.437896,2026-08-27
TL-ORD-26A93BDE01,9562.0,sess_af6f6286b9be4aa2,3879,0.0,0,3879.0,5,UPI,CONFIRMED,Pune,652202,2026-08-24 14:13:44.605053,2026-08-24
TL-ORD-63F3E4CB2B,,sess_598e6ffb36dc485e,1170,0.0,0,1170.0,5,NetBanking,CONFIRMED,Mumbai,562247,2026-08-24 06:08:18.627143,2026-08-24
TL-ORD-F0CF4592F0,,sess_026aba4189b34a9e,4299,0.0,0,4299.0,2,Card,CONFIRMED,Chennai,545652,2026-09-01 03:41:32.778549,2026-09-01
TL-ORD-B87708FC56,9942.0,sess_e2b1dad293834b80,1774,0.0,0,1774.0,2,UPI,CONFIRMED,Pune,361686,2026-08-19 09:13:33.368467,2026-08-19
TL-ORD-8C0895F441,10340.0,sess_4d0a909468ed4980,2312,346.8,0,1965.2,5,COD,CONFIRMED,Chennai,568907,2026-08-25 02:16:48.208510,2026-08-25
TL-ORD-12A7D48AB8,7322.0,sess_ebd33327b8ac4515,4999,0.0,0,4999.0,3,COD,CONFIRMED,Mumbai,460758,2026-08-24 00:13:51.435508,2026-08-24
TL-ORD-084E95CEEE,7671.0,sess_13a0795cba7a4198,1724,0.0,0,1724.0,4,NetBanking,CONFIRMED,Pune,195322,2026-08-25 12:21:23.176915,2026-08-25
TL-ORD-986A6A36FA,10145.0,sess_cf14a04473954f1e,1107,0.0,0,1107.0,4,UPI,CONFIRMED,Delhi NCR,127623,2026-09-05 14:14:29.125607,2026-09-05
TL-ORD-BFC140D431,6739.0,sess_a5a7a5d04f494678,1829,274.35,0,1554.65,2,Card,CONFIRMED,Bengaluru,186030,2026-08-16 14:12:59.673777,2026-08-16
TL-ORD-A1D1ED2ABA,7694.0,sess_7e52352cae0e4b75,1263,0.0,0,1263.0,5,Card,CONFIRMED,Mumbai,330080,2026-08-15 15:31:32.407265,2026-08-15
TL-ORD-9F02BEB3CF,7243.0,sess_9d7ec4d191cc4240,4180,0.0,0,4180.0,3,NetBanking,CONFIRMED,Chennai,114059,2026-09-11 05:16:31.468503,2026-09-11
TL-ORD-1BED36A888,10494.0,sess_0db4bbf20e4940b7,1954,0.0,0,1954.0,6,COD,CONFIRMED,Hyderabad,366633,2026-09-11 19:57:05.796708,2026-09-11
TL-ORD-90637463CF,8370.0,sess_5e9bc25a9d0f47a3,3499,524.85,0,2974.15,3,UPI,CONFIRMED,Pune,276346,2026-08-16 02:39:28.648185,2026-08-16
TL-ORD-A07766BB7A,8947.0,sess_2f728fe48f9f4b2c,2631,0.0,0,2631.0,2,Card,CONFIRMED,Pune,131694,2026-08-28 00:32:07.797299,2026-08-28
TL-ORD-8486E31362,,sess_7a8702e1e45345c5,5509,0.0,0,5509.0,5,COD,CONFIRMED,Hyderabad,488026,2026-08-18 15:38:25.669574,2026-08-18
TL-ORD-5CBD0391E5,11893.0,sess_73403b6951804c6a,1450,217.5,0,1232.5,2,NetBanking,CONFIRMED,Bengaluru,443472,2026-08-22 15:33:10.299519,2026-08-22
TL-ORD-7F6A4CB056,7340.0,sess_d49de505d1d74375,3473,0.0,0,3473.0,3,NetBanking,CONFIRMED,Chennai,523757,2026-08-29 09:21:22.329026,2026-08-29
TL-ORD-1FDD4A7A22,9306.0,sess_b2d224544d674448,1322,0.0,0,1322.0,4,UPI,CONFIRMED,Delhi NCR,480620,2026-09-03 10:25:27.067533,2026-09-03
TL-ORD-130D69EC42,11246.0,sess_b58b5a0fa9184496,5322,798.3,0,4523.7,4,COD,CONFIRMED,Bengaluru,675272,2026-09-13 13:23:03.282883,2026-09-13
TL-ORD-A0E60E08B9,9447.0,sess_ba73a05174bf4ab4,3233,484.95,0,2748.05,3,COD,CONFIRMED,Chennai,136509,2026-09-05 21:46:44.752410,2026-09-05
TL-ORD-256ED72782,11052.0,sess_1adc076ff8b646eb,1971,0.0,0,1971.0,3,COD,CONFIRMED,Chennai,142094,2026-08-30 01:20:06.552067,2026-08-30
TL-ORD-D6B7624382,8528.0,sess_cf39014593274c0d,3621,543.15,0,3077.85,3,COD,CONFIRMED,Hyderabad,574175,2026-08-24 23:34:38.638624,2026-08-24
TL-ORD-53DFAD7B62,,sess_3089d23592ac4736,3499,524.85,0,2974.15,3,Card,CONFIRMED,Chennai,647792,2026-08-24 17:41:02.375227,2026-08-24
TL-ORD-89F6720ABF,9294.0,sess_a5b58bf4b85c4d59,5450,0.0,0,5450.0,3,Card,CONFIRMED,Delhi NCR,567129,2026-08-25 09:26:26.183246,2026-08-25
TL-ORD-FC2DEF1B27,7267.0,sess_314ad98138c04b7a,2637,395.55,0,2241.45,3,COD,CONFIRMED,Hyderabad,600393,2026-08-19 02:50:22.200560,2026-08-19
TL-ORD-279AA3E970,9110.0,sess_11cd9bf901c340de,3775,0.0,0,3775.0,5,UPI,CONFIRMED,Mumbai,271071,2026-09-01 07:10:32.299011,2026-09-01
TL-ORD-7EA4F751E2,11753.0,sess_9caa849b696f457e,3024,0.0,0,3024.0,5,COD,CONFIRMED,Pune,157563,2026-08-17 18:42:08.329784,2026-08-17
TL-ORD-6FE62FC18E,,sess_1cf17db413a9457a,3499,0.0,0,3499.0,2,COD,CONFIRMED,Mumbai,301255,2026-08-24 08:48:10.519874,2026-08-24
TL-ORD-C059A24DD7,11133.0,sess_d8bb1408f90b4b3f,2799,0.0,0,2799.0,2,COD,CONFIRMED,Chennai,635138,2026-08-16 05:30:43.029255,2026-08-16
TL-ORD-6789ECFFEA,,sess_b494cef2f8d5465b,6999,1049.85,0,5949.15,2,NetBanking,CONFIRMED,Delhi NCR,379540,2026-08-25 09:12:33.749490,2026-08-25
TL-ORD-9B575721E4,6469.0,sess_cdd7b5d733b14716,1603,0.0,0,1603.0,2,NetBanking,CONFIRMED,Delhi NCR,632454,2026-09-07 15:14:52.029201,2026-09-07
TL-ORD-996B56DC0D,6549.0,sess_ae7e1d2407964131,1829,0.0,0,1829.0,6,UPI,CONFIRMED,Hyderabad,314643,2026-09-04 00:44:43.570599,2026-09-04
TL-ORD-6BC89D154F,7799.0,sess_98213156578b4e9a,779,116.85,99,761.15,2,NetBanking,CONFIRMED,Bengaluru,661913,2026-08-27 19:55:10.528277,2026-08-27
TL-ORD-DCEDF24B40,,sess_90b670ddc2554557,4299,0.0,0,4299.0,2,UPI,CONFIRMED,Pune,466222,2026-08-18 21:55:22.572541,2026-08-18
TL-ORD-D99096AB36,6170.0,sess_59b17fb3f18e4387,1103,165.45,0,937.55,2,Card,CONFIRMED,Chennai,120222,2026-09-05 08:58:44.473486,2026-09-05
TL-ORD-002BF67C8D,8061.0,sess_1bcb2fe7b3584407,751,0.0,99,850.0,4,UPI,CONFIRMED,Delhi NCR,357735,2026-09-06 12:59:54.916402,2026-09-06
TL-ORD-2E23487498,7743.0,sess_b3f2c96443ef485b,1210,0.0,0,1210.0,2,UPI,CONFIRMED,Chennai,256105,2026-09-13 06:50:09.790598,2026-09-13
TL-ORD-D55F3C9A46,10912.0,sess_a4f7edb133cb4935,3879,0.0,0,3879.0,5,UPI,CONFIRMED,Delhi NCR,361326,2026-08-18 16:16:32.319970,2026-08-18
TL-ORD-011005421D,9123.0,sess_8e59ba7977f64837,859,0.0,99,958.0,2,Card,CONFIRMED,Pune,428374,2026-08-30 20:47:55.699419,2026-08-30
TL-ORD-996CBAD2C0,10942.0,sess_71b9951463c34677,1724,258.6,0,1465.4,4,UPI,CONFIRMED,Hyderabad,669902,2026-09-08 01:01:23.123241,2026-09-08
TL-ORD-CE17B67704,9727.0,sess_84cc0516a52147b5,3576,0.0,0,3576.0,6,COD,CONFIRMED,Hyderabad,274935,2026-09-12 07:05:42.429987,2026-09-12
TL-ORD-AEB6976C05,7610.0,sess_70720782db1f46e6,1061,0.0,0,1061.0,3,COD,CONFIRMED,Mumbai,557750,2026-09-03 07:45:48.088894,2026-09-03
TL-ORD-CABC8BAA06,,sess_c9ec9bfafad5449c,1664,249.6,0,1414.4,3,Card,CONFIRMED,Chennai,525100,2026-08-22 20:43:00.205822,2026-08-22
TL-ORD-0852026AE2,7545.0,sess_d1436750c3a34990,4596,0.0,0,4596.0,3,NetBanking,CONFIRMED,Hyderabad,315468,2026-08-18 03:25:42.755562,2026-08-18
TL-ORD-3185316350,11958.0,sess_90c8007d7c9e4772,1914,0.0,0,1914.0,3,UPI,CONFIRMED,Bengaluru,315131,2026-09-08 08:14:45.531404,2026-09-08
TL-ORD-57F0C0FAAC,,sess_fe2b0aaa6c2b489d,2799,419.85,0,2379.15,2,COD,CONFIRMED,Delhi NCR,528278,2026-08-29 05:22:58.905173,2026-08-29
TL-ORD-2A415FEC4D,9528.0,sess_1d8be395158d4895,5450,0.0,0,5450.0,3,UPI,CONFIRMED,Mumbai,243934,2026-08-27 09:34:23.763613,2026-08-27
TL-ORD-8716EA7D44,8975.0,sess_742526d5a0074f30,3389,508.35,0,2880.65,2,UPI,CONFIRMED,Bengaluru,192866,2026-08-23 01:25:53.493055,2026-08-23
TL-ORD-B075451F27,9042.0,sess_9d02afc9dcc4463d,1199,0.0,0,1199.0,2,NetBanking,CONFIRMED,Delhi NCR,314638,2026-09-08 14:47:58.461269,2026-09-08
TL-ORD-901F48AEBD,,sess_6b4380a1398a4ce1,1802,0.0,0,1802.0,3,Card,CONFIRMED,Pune,560046,2026-09-06 02:06:38.839771,2026-09-06
TL-ORD-40C2A00899,,sess_f5d403f7dd7546f9,1308,0.0,0,1308.0,3,COD,CONFIRMED,Mumbai,567140,2026-09-07 10:13:32.561552,2026-09-07
TL-ORD-968217FA88,11858.0,sess_023c296248e14e53,1500,0.0,0,1500.0,3,UPI,CONFIRMED,Pune,624552,2026-09-02 11:42:23.460021,2026-09-02
TL-ORD-8DBDE75D11,7520.0,sess_dd28d801d5d7485a,3499,0.0,0,3499.0,3,COD,CONFIRMED,Mumbai,428308,2026-09-04 14:10:04.991510,2026-09-04
TL-ORD-6E521C26CB,11106.0,sess_6f8e39e350f24110,2438,0.0,0,2438.0,3,Card,CONFIRMED,Delhi NCR,331532,2026-08-29 10:27:28.476351,2026-08-29
TL-ORD-0BF12325CE,11555.0,sess_f042b48d3b024cc1,3985,597.75,0,3387.25,3,Card,CONFIRMED,Pune,682883,2026-08-25 21:17:49.507634,2026-08-25
TL-ORD-B89643EC67,7321.0,sess_3a59b3d33aaa4b7c,1802,0.0,0,1802.0,3,COD,CONFIRMED,Chennai,504421,2026-09-08 04:24:58.661225,2026-09-08
TL-ORD-D75C3C5F9B,6154.0,sess_c11b030d05e843b7,1040,0.0,0,1040.0,2,COD,CONFIRMED,Delhi NCR,564265,2026-09-08 06:08:35.807950,2026-09-08
TL-ORD-AA76DD2299,7206.0,sess_b9a24978b5e94313,1875,0.0,0,1875.0,4,COD,CONFIRMED,Hyderabad,652290,2026-08-17 06:10:28.934900,2026-08-17
TL-ORD-3F07A69573,,sess_e009c74839b44683,3708,556.2,0,3151.8,4,Card,CONFIRMED,Mumbai,168883,2026-08-23 04:39:52.179188,2026-08-23
TL-ORD-630F3C1CDF,10760.0,sess_9ee31e3fe91244aa,1739,260.85,0,1478.15,5,UPI,CONFIRMED,Hyderabad,542814,2026-08-23 13:29:49.633060,2026-08-23
TL-ORD-8873BF05DC,10584.0,sess_82f84cdd82b34de6,1914,0.0,0,1914.0,3,COD,CONFIRMED,Pune,260031,2026-09-07 20:50:12.223011,2026-09-07
TL-ORD-4AE5FA2E7A,11549.0,sess_94807273018447a2,3556,0.0,0,3556.0,2,NetBanking,CONFIRMED,Delhi NCR,489258,2026-09-10 05:39:55.277252,2026-09-10
TL-ORD-D65EE646A5,,sess_f567684e54574fb2,1170,175.5,0,994.5,5,NetBanking,CONFIRMED,Mumbai,172570,2026-09-12 05:21:58.006338,2026-09-12
TL-ORD-12B2EB80A8,11071.0,sess_7b98687280614e7e,3499,0.0,0,3499.0,2,UPI,CONFIRMED,Mumbai,294079,2026-08-26 21:29:39.505273,2026-08-26
TL-ORD-0B3D248A08,,sess_37664a913b8745e6,1542,231.3,0,1310.7,5,UPI,CONFIRMED,Delhi NCR,603600,2026-09-08 10:45:03.142744,2026-09-08
TL-ORD-520333168D,10366.0,sess_c1035a9fd3b645ba,1829,0.0,0,1829.0,6,COD,CONFIRMED,Chennai,414095,2026-08-26 19:59:59.576742,2026-08-26
TL-ORD-7C36CAA7F7,6659.0,sess_0d173b5e56dc4707,3674,551.1,0,3122.9,5,COD,CONFIRMED,Pune,541965,2026-08-25 18:31:57.876104,2026-08-25
TL-ORD-73BC40E433,,sess_bedb483cb2f34ade,2279,0.0,0,2279.0,2,NetBanking,CONFIRMED,Delhi NCR,160865,2026-09-01 08:35:30.610946,2026-09-01
TL-ORD-46C82993F8,,sess_456ecc4e9c3b440b,1739,0.0,0,1739.0,5,Card,CONFIRMED,Delhi NCR,227011,2026-08-15 06:18:06.548776,2026-08-15
TL-ORD-2C6AA2649D,6816.0,sess_47d3f061dd124c4a,3670,0.0,0,3670.0,3,Card,CONFIRMED,Bengaluru,221701,2026-08-16 01:06:20.486793,2026-08-16
TL-ORD-EEFC9A3C3D,,sess_9f37030ec4ee461b,2238,0.0,0,2238.0,3,UPI,CONFIRMED,Mumbai,251240,2026-08-29 01:45:23.504417,2026-08-29
TL-ORD-13E3352F1A,8682.0,sess_596f5c6849d94808,6999,0.0,0,6999.0,2,NetBanking,CONFIRMED,Hyderabad,268047,2026-08-17 02:49:00.524197,2026-08-17
TL-ORD-582B20AB7E,10075.0,sess_90dddcb84a5249c3,3499,524.85,0,2974.15,2,NetBanking,CONFIRMED,Chennai,167741,2026-08-31 18:24:00.355924,2026-08-31
TL-ORD-DEC35C5E9B,9077.0,sess_c5cbf11ff66546c4,3857,0.0,0,3857.0,5,UPI,CONFIRMED,Mumbai,471512,2026-08-20 21:55:28.807339,2026-08-20
TL-ORD-2D21C4E5DB,6172.0,sess_95dc4e895e734610,2550,382.5,0,2167.5,2,COD,CONFIRMED,Hyderabad,591738,2026-08-27 03:11:15.663242,2026-08-27
TL-ORD-07D165B851,9759.0,sess_375a2a16facd4006,2688,0.0,0,2688.0,2,NetBanking,CONFIRMED,Mumbai,254269,2026-08-26 20:12:10.496496,2026-08-26
TL-ORD-97F1316931,10639.0,sess_ca5e2b45c12d4580,2538,0.0,0,2538.0,2,COD,CONFIRMED,Chennai,666254,2026-08-24 22:05:05.033177,2026-08-24
TL-ORD-02442E59FB,,sess_a4331e7478674005,2339,0.0,0,2339.0,2,UPI,CONFIRMED,Delhi NCR,218894,2026-08-29 08:59:13.501916,2026-08-29
TL-ORD-442B8FB8BD,9460.0,sess_d8d603fdfabf43c7,6594,0.0,0,6594.0,3,NetBanking,CONFIRMED,Mumbai,583783,2026-09-04 21:52:08.440965,2026-09-04
TL-ORD-758B5F3C2D,9301.0,sess_e921b08a3cba468c,999,0.0,0,999.0,6,COD,CONFIRMED,Delhi NCR,353148,2026-08-17 11:15:30.647999,2026-08-17
TL-ORD-575810984F,11468.0,sess_5995c329118a4191,1994,299.1,0,1694.9,2,NetBanking,CONFIRMED,Chennai,360326,2026-09-04 00:45:38.394195,2026-09-04
TL-ORD-203EEF994D,9438.0,sess_dd8edb3a17c041e6,1210,0.0,0,1210.0,2,Card,CONFIRMED,Mumbai,487538,2026-08-27 20:38:15.819828,2026-08-27
TL-ORD-2CE758882F,11213.0,sess_505433a93c1c45a8,3537,0.0,0,3537.0,3,Card,CONFIRMED,Delhi NCR,442104,2026-08-15 10:16:03.097850,2026-08-15
TL-ORD-48CFA94EBB,6880.0,sess_6a6535100b0d4d6b,829,0.0,99,928.0,6,COD,CONFIRMED,Hyderabad,201018,2026-09-08 01:58:11.334855,2026-09-08
TL-ORD-B02A5E364B,8449.0,sess_a58757bf3c7b4064,1199,0.0,0,1199.0,2,COD,CONFIRMED,Hyderabad,383530,2026-09-05 11:27:09.573256,2026-09-05
TL-ORD-19D3186AF4,,sess_8e12dee6eefa421c,4869,0.0,0,4869.0,3,Card,CONFIRMED,Hyderabad,322509,2026-08-18 08:30:59.052364,2026-08-18
TL-ORD-6EC5F72B1A,,sess_76ed579110fb479d,4617,0.0,0,4617.0,2,Card,CONFIRMED,Hyderabad,582739,2026-08-30 04:45:39.858511,2026-08-30
TL-ORD-7F434AAFBA,10775.0,sess_218bd9a9b1cb43b0,1847,0.0,0,1847.0,3,UPI,CONFIRMED,Chennai,652205,2026-08-21 10:49:18.954552,2026-08-21
TL-ORD-6A6006CAC3,8286.0,sess_72279573b6844c64,3621,0.0,0,3621.0,3,NetBanking,CONFIRMED,Delhi NCR,506322,2026-08-26 03:21:11.115148,2026-08-26
TL-ORD-E9936A1F06,11642.0,sess_7f94fee1ceeb4eb5,5596,839.4,0,4756.6,2,NetBanking,CONFIRMED,Mumbai,436181,2026-08-30 01:09:44.071208,2026-08-30
TL-ORD-86A282AFB3,10281.0,sess_23769504aa434632,2388,0.0,0,2388.0,4,UPI,CONFIRMED,Bengaluru,446472,2026-09-02 15:30:28.455520,2026-09-02
TL-ORD-5C5963E54D,,sess_e379ba5e6f2f44ab,2640,0.0,0,2640.0,3,UPI,CONFIRMED,Hyderabad,135759,2026-08-20 04:11:52.772998,2026-08-20
TL-ORD-BA028B5305,10936.0,sess_bfb1c16884284a70,2792,0.0,0,2792.0,2,COD,CONFIRMED,Mumbai,475293,2026-08-23 21:14:31.007269,2026-08-23
TL-ORD-68F4C8EAF7,11585.0,sess_fd5e88f51dd34225,1664,0.0,0,1664.0,3,NetBanking,CONFIRMED,Delhi NCR,612155,2026-08-22 02:58:34.411857,2026-08-22
TL-ORD-3DDD4E5367,7781.0,sess_138fae9ff886450c,5322,0.0,0,5322.0,4,Card,CONFIRMED,Mumbai,388691,2026-09-10 04:08:43.263469,2026-09-10
TL-ORD-9D9A77765E,,sess_7a45debf49364d45,1270,190.5,0,1079.5,5,NetBanking,CONFIRMED,Mumbai,611555,2026-09-02 12:33:14.954424,2026-09-02
TL-ORD-9636F71983,11747.0,sess_0a2504e719964058,2799,0.0,0,2799.0,2,UPI,CONFIRMED,Mumbai,662957,2026-09-01 13:15:02.872172,2026-09-01
TL-ORD-40533B5051,8743.0,sess_f1664a2595f5492c,4132,0.0,0,4132.0,2,Card,CONFIRMED,Bengaluru,517846,2026-09-13 06:50:26.923580,2026-09-13
TL-ORD-FDAE4EF733,9765.0,sess_0ed83509c5694cb8,1389,208.35,0,1180.65,3,UPI,CONFIRMED,Chennai,325600,2026-08-29 18:31:36.407265,2026-08-29
TL-ORD-6B148C8A1A,,sess_ec7fd5d9bd31418d,1899,284.85,0,1614.15,4,NetBanking,CONFIRMED,Delhi NCR,657362,2026-08-21 01:28:00.495444,2026-08-21
TL-ORD-C4A1B628CC,10568.0,sess_7490e8eb4e684da6,2142,0.0,0,2142.0,3,Card,CONFIRMED,Delhi NCR,675616,2026-09-03 22:49:50.917354,2026-09-03
TL-ORD-8A5C51DD4C,10088.0,sess_cb4d159a53b34707,1103,165.45,0,937.55,2,NetBanking,CONFIRMED,Bengaluru,169077,2026-09-01 01:07:35.324868,2026-09-01
TL-ORD-94798DC2C1,9882.0,sess_021561047dbb4e27,1899,0.0,0,1899.0,2,NetBanking,CONFIRMED,Hyderabad,303358,2026-08-27 23:52:57.445322,2026-08-27
TL-ORD-6E3492AC66,,sess_288c632cc11b446a,1791,0.0,0,1791.0,3,COD,CONFIRMED,Delhi NCR,191107,2026-09-06 06:12:03.832049,2026-09-06
TL-ORD-6DF8738D9E,7968.0,sess_86d1f8840c55435d,2206,0.0,0,2206.0,3,COD,CONFIRMED,Pune,157593,2026-08-25 01:38:36.274877,2026-08-25
TL-ORD-CA9059FCA7,11642.0,sess_d8d5f9dfc6bb49cf,2206,0.0,0,2206.0,3,NetBanking,CONFIRMED,Mumbai,403016,2026-09-07 00:46:30.340708,2026-09-07
TL-ORD-6B80BF44CD,,sess_c39472df76f047ec,4999,0.0,0,4999.0,3,NetBanking,CONFIRMED,Bengaluru,603884,2026-08-16 13:51:44.308901,2026-08-16
TL-ORD-BEAFD1E156,7175.0,sess_ba91373332cb4b95,1954,0.0,0,1954.0,6,NetBanking,CONFIRMED,Mumbai,500073,2026-09-13 07:39:31.003844,2026-09-13
TL-ORD-A436D5EE27,8207.0,sess_11df99fd202f4e00,1564,0.0,0,1564.0,2,UPI,CONFIRMED,Mumbai,406526,2026-08-31 01:17:48.737810,2026-08-31
TL-ORD-4704EAB412,,sess_4274a93bc4b44df4,2999,0.0,0,2999.0,3,Card,CONFIRMED,Pune,597391,2026-09-09 21:12:42.652053,2026-09-09
TL-ORD-F90A66EC64,,sess_a0429526426a4159,3499,0.0,0,3499.0,2,Card,CONFIRMED,Mumbai,589417,2026-08-29 09:33:53.877008,2026-08-29
TL-ORD-0394F78F5D,6781.0,sess_5b31d765a20147f3,2268,0.0,0,2268.0,3,Card,CONFIRMED,Chennai,237941,2026-09-11 19:01:25.177328,2026-09-11
TL-ORD-868F117DEE,6849.0,sess_a528a552cbc447b7,3361,0.0,0,3361.0,4,NetBanking,CONFIRMED,Hyderabad,206948,2026-09-03 21:52:10.011493,2026-09-03
TL-ORD-63A413E8A7,6755.0,sess_6062e649236b44ae,3857,0.0,0,3857.0,5,NetBanking,CONFIRMED,Hyderabad,416708,2026-08-22 19:29:14.902086,2026-08-22
TL-ORD-3D89AF891E,6378.0,sess_5b05d782e7c1478f,1670,0.0,0,1670.0,2,Card,CONFIRMED,Hyderabad,454251,2026-09-03 02:44:03.309807,2026-09-03
TL-ORD-5E8CC3177A,11816.0,sess_54dde849a7a543cb,4168,625.2,0,3542.8,3,Card,CONFIRMED,Hyderabad,497113,2026-08-19 20:03:12.322581,2026-08-19
TL-ORD-85D18C3379,6430.0,sess_99f97a7cc459433b,2622,0.0,0,2622.0,3,Card,CONFIRMED,Bengaluru,528939,2026-08-28 01:42:46.040708,2026-08-28
TL-ORD-2C6F4AA111,,sess_bc7730638a6e4432,2279,0.0,0,2279.0,2,COD,CONFIRMED,Delhi NCR,486901,2026-08-29 16:39:29.469108,2026-08-29
TL-ORD-03E8528281,6419.0,sess_19d5af0e638c4084,3531,0.0,0,3531.0,3,COD,CONFIRMED,Pune,586503,2026-08-27 10:34:42.646785,2026-08-27
TL-ORD-E8455E8F50,,sess_c7100d0701a24d8d,4168,625.2,0,3542.8,3,Card,CONFIRMED,Delhi NCR,246748,2026-08-28 06:13:58.245644,2026-08-28
TL-ORD-AABA05EFFF,6777.0,sess_11ae240c301b47f9,2794,419.1,0,2374.9,5,Card,CONFIRMED,Chennai,356306,2026-08-15 09:31:18.279225,2026-08-15
TL-ORD-C7E84DF4E5,7842.0,sess_c23880dbf3b249ec,1906,285.9,0,1620.1,3,Card,CONFIRMED,Pune,135708,2026-09-04 23:47:32.577270,2026-09-04
TL-ORD-79977B0669,8926.0,sess_86889b095baf4b6e,1103,0.0,0,1103.0,2,Card,CONFIRMED,Pune,617197,2026-08-22 01:36:03.525667,2026-08-22
TL-ORD-DA84F99B06,9275.0,sess_cdf3c9f936974d2b,2773,0.0,0,2773.0,2,UPI,CONFIRMED,Pune,586136,2026-08-20 20:42:57.475895,2026-08-20
TL-ORD-FDD3CB3239,11132.0,sess_bb4963ec585940cf,848,127.2,99,819.8,6,COD,CONFIRMED,Pune,601657,2026-09-02 18:36:17.538951,2026-09-02
TL-ORD-969FDD53F8,,sess_b2a04d63099c424c,4180,0.0,0,4180.0,3,UPI,CONFIRMED,Pune,215354,2026-08-16 13:33:30.617219,2026-08-16
TL-ORD-0379D580C2,7254.0,sess_1466153c99144450,1684,252.6,0,1431.4,2,Card,CONFIRMED,Hyderabad,569061,2026-09-06 15:51:57.972025,2026-09-06
TL-ORD-3D27A1B8A5,7968.0,sess_3826a4c8aedc4bcd,2499,0.0,0,2499.0,3,UPI,CONFIRMED,Hyderabad,380654,2026-09-05 11:49:06.207781,2026-09-05
TL-ORD-B5309D69A6,,sess_320261e000c14798,4481,672.15,0,3808.85,5,NetBanking,CONFIRMED,Mumbai,432713,2026-08-22 19:26:46.842468,2026-08-22
TL-ORD-02C7B555C9,,sess_ac2b86a21cb84d78,5842,876.3,0,4965.7,2,COD,CONFIRMED,Mumbai,551758,2026-08-29 12:57:23.738753,2026-08-29
TL-ORD-7AE40C76F9,,sess_ef53b19921184243,550,82.5,99,566.5,5,NetBanking,CONFIRMED,Bengaluru,466920,2026-09-07 13:31:04.193727,2026-09-07
TL-ORD-B87127185F,11600.0,sess_68c88626c6d6492f,1389,0.0,0,1389.0,3,COD,CONFIRMED,Hyderabad,190392,2026-08-22 11:47:39.361103,2026-08-22
TL-ORD-B6583082F6,9830.0,sess_4b5bfc1f167545d4,3899,0.0,0,3899.0,2,COD,CONFIRMED,Mumbai,175136,2026-09-01 03:18:59.385159,2026-09-01
TL-ORD-D4E403F4C9,,sess_bc812d7c633140ad,3537,0.0,0,3537.0,3,COD,CONFIRMED,Hyderabad,554532,2026-09-04 21:36:51.531363,2026-09-04
TL-ORD-B927E83EF9,9297.0,sess_19430503209149c2,3499,524.85,0,2974.15,3,NetBanking,CONFIRMED,Delhi NCR,111237,2026-08-28 09:14:48.407380,2026-08-28
TL-ORD-659513CB4C,8575.0,sess_e15b46821deb46cc,2195,0.0,0,2195.0,4,UPI,CONFIRMED,Chennai,247477,2026-08-22 05:54:03.582061,2026-08-22
TL-ORD-94AC569119,,sess_c513e160c35f4af5,2686,0.0,0,2686.0,4,NetBanking,CONFIRMED,Chennai,585072,2026-09-13 00:18:11.685607,2026-09-13
TL-ORD-6A0E029515,11908.0,sess_aaec227eff6943bc,577,0.0,99,676.0,2,NetBanking,CONFIRMED,Bengaluru,259535,2026-08-29 12:37:33.942582,2026-08-29
TL-ORD-8D95F764B7,11548.0,sess_5baeedb848c34a1e,5450,817.5,0,4632.5,3,UPI,CONFIRMED,Chennai,280916,2026-09-11 20:53:36.640336,2026-09-11
TL-ORD-B1A993DDE1,9218.0,sess_0b2d115020c74e46,5816,0.0,0,5816.0,2,COD,CONFIRMED,Bengaluru,606947,2026-09-01 22:29:38.497195,2026-09-01
TL-ORD-4D42C047A5,,sess_325f34bd4fe146a2,2839,0.0,0,2839.0,4,NetBanking,CONFIRMED,Chennai,243868,2026-09-10 15:51:52.389360,2026-09-10
TL-ORD-4F78E6AE16,9381.0,sess_bdca8291c5a04744,3090,463.5,0,2626.5,2,UPI,CONFIRMED,Delhi NCR,670478,2026-09-12 09:30:35.911169,2026-09-12
TL-ORD-F76FA581CE,,sess_2057ca0f10e749ad,4481,0.0,0,4481.0,5,Card,CONFIRMED,Delhi NCR,554101,2026-08-31 03:05:46.316885,2026-08-31
TL-ORD-231AC9A4B1,6047.0,sess_596a5e76ea004728,2116,0.0,0,2116.0,2,NetBanking,CONFIRMED,Pune,574613,2026-08-18 08:28:22.043144,2026-08-18
TL-ORD-B0293ADB97,8947.0,sess_2b018e6f9f25424d,1308,0.0,0,1308.0,3,UPI,CONFIRMED,Delhi NCR,691449,2026-08-18 08:45:50.688802,2026-08-18
TL-ORD-F54EEE2DFB,7477.0,sess_5c8edc1617a04474,2794,419.1,0,2374.9,5,UPI,CONFIRMED,Bengaluru,406996,2026-08-23 23:53:38.880339,2026-08-23
TL-ORD-2064BE0FFD,,sess_ae318e8af9c64234,3471,0.0,0,3471.0,3,Card,CONFIRMED,Mumbai,374694,2026-08-26 03:39:22.086193,2026-08-26
TL-ORD-5808059B83,,sess_424fa39563204980,984,0.0,99,1083.0,5,Card,CONFIRMED,Bengaluru,135164,2026-08-25 18:03:13.843990,2026-08-25
TL-ORD-71D6256160,10766.0,sess_9863ac6dabac44f2,2036,0.0,0,2036.0,2,NetBanking,CONFIRMED,Delhi NCR,442428,2026-09-01 17:54:24.835684,2026-09-01
TL-ORD-A3C78E3B75,,sess_b0bcd6a17ec14c88,3473,0.0,0,3473.0,3,COD,CONFIRMED,Chennai,319823,2026-08-19 20:58:28.076770,2026-08-19
TL-ORD-D8AB11CA69,,sess_0892f78752be43d8,1617,242.55,0,1374.45,3,UPI,CONFIRMED,Mumbai,410512,2026-08-24 01:41:07.773634,2026-08-24
TL-ORD-206A7DF0EA,10935.0,sess_7b29a1466c47405f,1107,0.0,0,1107.0,4,UPI,CONFIRMED,Delhi NCR,337682,2026-08-23 05:38:31.522542,2026-08-23
TL-ORD-5E44EADA93,11926.0,sess_83f7e502ef444d9a,2279,0.0,0,2279.0,4,COD,CONFIRMED,Bengaluru,602066,2026-09-09 04:30:05.339540,2026-09-09
TL-ORD-97FCBC67EF,,sess_612eee2f5f714e97,2142,0.0,0,2142.0,3,UPI,CONFIRMED,Delhi NCR,334742,2026-08-15 05:58:00.801809,2026-08-15
TL-ORD-0D048EE083,11772.0,sess_37b9798e6ccd4ee6,1107,0.0,0,1107.0,4,UPI,CONFIRMED,Mumbai,158700,2026-08-31 06:34:06.752133,2026-08-31
TL-ORD-3CC39A3187,,sess_74f2cef845484df3,4992,0.0,0,4992.0,2,UPI,CONFIRMED,Delhi NCR,640417,2026-08-20 06:38:09.491697,2026-08-20
TL-ORD-943AD4ACAF,9924.0,sess_1526ce866c4e422a,999,0.0,0,999.0,2,Card,CONFIRMED,Chennai,140950,2026-08-23 11:21:54.329755,2026-08-23
TL-ORD-D4E110C72E,,sess_adcc92a8fcd34351,1103,0.0,0,1103.0,5,Card,CONFIRMED,Hyderabad,327336,2026-08-16 16:30:20.289723,2026-08-16
TL-ORD-2A79093A27,7532.0,sess_6563392f083a4bcf,3316,0.0,0,3316.0,3,NetBanking,CONFIRMED,Delhi NCR,431586,2026-09-01 02:53:52.295805,2026-09-01
TL-ORD-A9413C1C5D,,sess_68a03f2662a1452b,2172,0.0,0,2172.0,6,NetBanking,CONFIRMED,Pune,490491,2026-09-05 02:14:53.234395,2026-09-05
TL-ORD-D277957EC9,7852.0,sess_8478fd78be6d42e5,1170,0.0,0,1170.0,5,COD,CONFIRMED,Bengaluru,402882,2026-08-31 15:11:15.456325,2026-08-31
TL-ORD-7B2A7ECF5B,11114.0,sess_6d96d63017b04d3e,6594,989.1,0,5604.9,3,Card,CONFIRMED,Pune,584301,2026-08-25 09:42:48.965373,2026-08-25
TL-ORD-610F6716D9,10033.0,sess_9449ba2640ea4ce8,3019,0.0,0,3019.0,2,NetBanking,CONFIRMED,Mumbai,154421,2026-09-12 01:17:39.384175,2026-09-12
TL-ORD-B0E18E006D,9483.0,sess_5b59f4e4985c4439,1263,0.0,0,1263.0,5,COD,CONFIRMED,Mumbai,655896,2026-08-26 13:11:42.698143,2026-08-26
TL-ORD-1715CF8CE0,8380.0,sess_ac1299c359ed4c91,3177,476.55,0,2700.45,3,NetBanking,CONFIRMED,Hyderabad,297133,2026-08-16 22:50:50.905609,2026-08-16
TL-ORD-BC64D4404B,,sess_e995bdc9f7304fe5,1743,0.0,0,1743.0,3,Card,CONFIRMED,Bengaluru,595769,2026-09-02 20:25:29.095409,2026-09-02
TL-ORD-0A7CAE34F6,,sess_3c2b0c0b098943da,3246,0.0,0,3246.0,6,COD,CONFIRMED,Mumbai,552022,2026-09-01 12:24:16.308800,2026-09-01
TL-ORD-7EE9BE1009,8685.0,sess_3f064e968957482b,4168,0.0,0,4168.0,3,NetBanking,CONFIRMED,Bengaluru,374255,2026-08-23 00:58:25.952600,2026-08-23
TL-ORD-30B68BADC9,8568.0,sess_7a3ed89471964628,3976,0.0,0,3976.0,2,COD,CONFIRMED,Chennai,356482,2026-09-03 05:18:56.517436,2026-09-03
TL-ORD-9FF5F2597C,,sess_f55f9775856c435d,2235,0.0,0,2235.0,3,UPI,CONFIRMED,Mumbai,262963,2026-08-22 23:48:50.894192,2026-08-22
TL-ORD-97A8EA739E,,sess_39a4d933f2d24e0d,3577,0.0,0,3577.0,2,Card,CONFIRMED,Hyderabad,124154,2026-08-25 04:25:15.200776,2026-08-25
TL-ORD-78567E4201,11842.0,sess_9d83ab8a7c9f40fc,3008,0.0,0,3008.0,3,COD,CONFIRMED,Bengaluru,208899,2026-09-05 15:57:08.775529,2026-09-05
TL-ORD-3AA1398F5C,9529.0,sess_e25ef32dc09e4f21,4645,0.0,0,4645.0,2,COD,CONFIRMED,Bengaluru,546370,2026-09-09 18:40:22.374958,2026-09-09
TL-ORD-460612DE03,6119.0,sess_cc4dc020ef044c8a,4481,0.0,0,4481.0,5,UPI,CONFIRMED,Delhi NCR,326887,2026-09-02 13:50:35.701094,2026-09-02
TL-ORD-6F5BB535BD,6239.0,sess_f62c878246fa4df2,4132,619.8,0,3512.2,2,NetBanking,CONFIRMED,Pune,361321,2026-08-15 16:37:16.175988,2026-08-15
TL-ORD-D899DF3260,6469.0,sess_431ec4641f8c4d7c,2550,0.0,0,2550.0,2,Card,CONFIRMED,Pune,601100,2026-09-11 18:41:11.942290,2026-09-11
TL-ORD-80F5CB3BF3,8217.0,sess_7ea7132a01d94bd7,2438,0.0,0,2438.0,3,Card,CONFIRMED,Hyderabad,596406,2026-09-01 03:16:42.009655,2026-09-01
TL-ORD-753971AC16,6083.0,sess_524c92113fd54430,1179,0.0,0,1179.0,2,UPI,CONFIRMED,Hyderabad,250818,2026-08-23 05:56:22.730212,2026-08-23
TL-ORD-C3ED87B422,,sess_04d893d504e04283,2799,0.0,0,2799.0,2,UPI,CONFIRMED,Pune,155858,2026-08-15 05:16:11.726288,2026-08-15
TL-ORD-D04D635779,,sess_f8ecb4762ba24ace,2637,0.0,0,2637.0,3,NetBanking,CONFIRMED,Delhi NCR,537849,2026-08-15 07:42:58.743966,2026-08-15
TL-ORD-97BB7A5902,8921.0,sess_c9040daf38344b7d,3008,451.2,0,2556.8,3,NetBanking,CONFIRMED,Bengaluru,642237,2026-08-17 10:19:10.880942,2026-08-17
TL-ORD-A752D78536,7364.0,sess_5b24986f9c254e47,1506,0.0,0,1506.0,3,COD,CONFIRMED,Mumbai,621938,2026-08-23 13:34:38.050920,2026-08-23
TL-ORD-D814B94EA2,6314.0,sess_1ec23b2bbd6248d9,3019,0.0,0,3019.0,2,COD,CONFIRMED,Delhi NCR,671639,2026-09-06 05:21:44.520891,2026-09-06
TL-ORD-3EFD91A258,8270.0,sess_778b8b060fd2405a,1210,0.0,0,1210.0,2,COD,CONFIRMED,Delhi NCR,629484,2026-09-05 02:53:53.296602,2026-09-05
TL-ORD-7D50778D1B,10406.0,sess_88c5898ce7764de2,4180,627.0,0,3553.0,3,COD,CONFIRMED,Pune,577296,2026-08-20 07:43:11.137491,2026-08-20
TL-ORD-1F13E31806,7719.0,sess_d3635b7fbe4b428e,1533,0.0,0,1533.0,2,NetBanking,CONFIRMED,Chennai,279662,2026-09-02 20:07:57.924902,2026-09-02
TL-ORD-6FFEC432F8,11945.0,sess_26f6dd7cf4a4480b,6594,989.1,0,5604.9,3,UPI,CONFIRMED,Bengaluru,541654,2026-08-27 07:01:10.463619,2026-08-27
TL-ORD-25A66082F3,8666.0,sess_f949d8f54032427f,3294,0.0,0,3294.0,4,UPI,CONFIRMED,Mumbai,445232,2026-08-18 14:13:00.723172,2026-08-18
TL-ORD-47D0D2E473,8634.0,sess_26405e3013c6420e,1089,163.35,0,925.65,3,UPI,CONFIRMED,Pune,609768,2026-08-23 22:53:51.514745,2026-08-23
TL-ORD-3095E9E8C1,10047.0,sess_8ab7167230134c8a,1603,0.0,0,1603.0,2,NetBanking,CONFIRMED,Hyderabad,283578,2026-08-17 07:13:45.946770,2026-08-17
TL-ORD-78F68359F8,9643.0,sess_15f7c8d54b08496a,1244,0.0,0,1244.0,3,COD,CONFIRMED,Hyderabad,289898,2026-08-26 12:30:51.553702,2026-08-26
TL-ORD-A8402A854A,7276.0,sess_8323f87048654e92,3844,0.0,0,3844.0,2,UPI,CONFIRMED,Hyderabad,526671,2026-09-12 00:39:21.410491,2026-09-12
TL-ORD-97D8C61584,10132.0,sess_1ee4e8b04ef44a68,2199,0.0,0,2199.0,4,NetBanking,CONFIRMED,Delhi NCR,554837,2026-08-15 18:34:57.616669,2026-08-15
TL-ORD-451B302642,9816.0,sess_db708fc6a469447b,1299,0.0,0,1299.0,3,UPI,CONFIRMED,Pune,368154,2026-09-13 12:47:21.237714,2026-09-13
TL-ORD-57CC661705,6717.0,sess_c5ce3f22bb6e4076,1044,0.0,0,1044.0,3,COD,CONFIRMED,Pune,674889,2026-09-07 18:18:04.940369,2026-09-07
TL-ORD-8A1A476BAD,10222.0,sess_7206f168edea4892,2799,419.85,0,2379.15,2,COD,CONFIRMED,Chennai,687557,2026-09-07 21:59:57.937054,2026-09-07
TL-ORD-0BD37966C4,8831.0,sess_1a6dd43a38464ad8,1068,160.2,0,907.8,4,NetBanking,CONFIRMED,Delhi NCR,243740,2026-09-03 03:44:02.299943,2026-09-03
TL-ORD-7C19F1D843,,sess_92253f37165345b9,1899,284.85,0,1614.15,2,UPI,CONFIRMED,Bengaluru,323979,2026-08-21 10:33:03.143810,2026-08-21
TL-ORD-093776B974,6888.0,sess_2015c8230f5246da,3282,0.0,0,3282.0,4,Card,CONFIRMED,Pune,271182,2026-08-22 08:14:25.049896,2026-08-22
TL-ORD-E41B86D970,,sess_64eec222302944c6,1772,265.8,0,1506.2,6,NetBanking,CONFIRMED,Hyderabad,636851,2026-09-04 11:30:02.437491,2026-09-04
TL-ORD-74803F299D,,sess_fd1d0ff31db24646,5006,0.0,0,5006.0,6,UPI,CONFIRMED,Hyderabad,541112,2026-09-06 04:01:59.493908,2026-09-06
TL-ORD-EF5A2206B6,9621.0,sess_d465bbbd2ea34b81,4992,0.0,0,4992.0,2,COD,CONFIRMED,Hyderabad,312200,2026-08-28 00:40:22.641558,2026-08-28
TL-ORD-594FF4EFD0,10644.0,sess_c9c013ab9bd0467b,1068,160.2,0,907.8,4,UPI,CONFIRMED,Bengaluru,439880,2026-08-15 18:53:34.904620,2026-08-15
TL-ORD-1815B799BC,10505.0,sess_9c9ab63dca9d4950,1103,0.0,0,1103.0,2,NetBanking,CONFIRMED,Bengaluru,145196,2026-08-30 20:43:55.761403,2026-08-30
TL-ORD-2740058548,,sess_b33cc9f2ac514790,869,0.0,99,968.0,3,UPI,CONFIRMED,Mumbai,409641,2026-08-24 13:52:58.624241,2026-08-24
TL-ORD-7BE00D4511,11146.0,sess_093ae61fd29e4ce8,1299,194.85,0,1104.15,3,UPI,CONFIRMED,Bengaluru,399197,2026-09-08 12:47:32.976046,2026-09-08
TL-ORD-0CBDD6E969,11562.0,sess_4d7a447bf3e64d24,3024,0.0,0,3024.0,5,COD,CONFIRMED,Pune,551141,2026-08-26 14:32:06.846823,2026-08-26
TL-ORD-60D2418645,9132.0,sess_4aa3cd24b1a04aff,3899,584.85,0,3314.15,2,NetBanking,CONFIRMED,Bengaluru,687073,2026-08-20 19:34:09.517104,2026-08-20
TL-ORD-76ED0DA551,11881.0,sess_3a7eedf3d3e64d85,2195,0.0,0,2195.0,4,COD,CONFIRMED,Hyderabad,313849,2026-09-01 10:55:56.583182,2026-09-01
TL-ORD-E1DD74E497,8689.0,sess_8b4c9337d9fd4ebf,1179,0.0,0,1179.0,2,NetBanking,CONFIRMED,Mumbai,179360,2026-08-30 21:23:21.728190,2026-08-30
TL-ORD-ED8CC08E97,9135.0,sess_6b1c37c8015640c0,4030,0.0,0,4030.0,4,Card,CONFIRMED,Chennai,404030,2026-08-19 11:02:03.293940,2026-08-19
TL-ORD-5B6CBC33D3,9668.0,sess_4b043c77eac44e24,1018,0.0,0,1018.0,5,UPI,CONFIRMED,Mumbai,636141,2026-09-07 17:42:14.386331,2026-09-07
TL-ORD-560CA7E538,11823.0,sess_4cbe447c5e3f436c,4869,0.0,0,4869.0,3,UPI,CONFIRMED,Chennai,569650,2026-09-02 16:00:28.236233,2026-09-02
TL-ORD-7AB4B97C10,,sess_69cab455cb734743,1899,0.0,0,1899.0,4,UPI,CONFIRMED,Chennai,345019,2026-09-06 08:08:27.985920,2026-09-06
TL-ORD-612D93D9C3,,sess_d25a4533974a4c2e,3041,456.15,0,2584.85,4,UPI,CONFIRMED,Bengaluru,469074,2026-08-30 13:41:37.888150,2026-08-30
TL-ORD-E0F535B91C,10276.0,sess_619d6c5de4d748e0,2279,341.85,0,1937.15,4,UPI,CONFIRMED,Pune,334094,2026-08-27 22:26:39.862507,2026-08-27
TL-ORD-1E5438330C,10164.0,sess_a87c4a1265c24d90,2617,0.0,0,2617.0,4,COD,CONFIRMED,Chennai,129259,2026-09-10 17:17:19.754295,2026-09-10
TL-ORD-306655E230,,sess_da41cd75ee664077,1724,0.0,0,1724.0,4,Card,CONFIRMED,Delhi NCR,400836,2026-08-30 17:51:56.642443,2026-08-30
TL-ORD-F18F23031D,,sess_fd8a531f127f4b27,1068,0.0,0,1068.0,4,COD,CONFIRMED,Mumbai,116951,2026-08-19 04:43:18.308454,2026-08-19
TL-ORD-9E7C2AB941,,sess_60843a18b51040e7,829,0.0,99,928.0,6,NetBanking,CONFIRMED,Hyderabad,670362,2026-08-22 15:23:39.087084,2026-08-22
TL-ORD-EA719BDFA2,11696.0,sess_951e5e64d4dc4ae3,1802,0.0,0,1802.0,3,COD,CONFIRMED,Bengaluru,158136,2026-09-10 04:20:55.230105,2026-09-10
TL-ORD-004C2EB41A,,sess_d69eb08de1e642cb,1899,0.0,0,1899.0,2,Card,CONFIRMED,Hyderabad,660461,2026-08-27 13:38:21.343998,2026-08-27
TL-ORD-4CF7BC746C,,sess_9d1e256c98894ff9,4965,0.0,0,4965.0,4,UPI,CONFIRMED,Bengaluru,274112,2026-08-18 11:54:52.889326,2026-08-18
TL-ORD-7DFE0EF205,8875.0,sess_47c140853a1b42fe,1954,0.0,0,1954.0,6,UPI,CONFIRMED,Delhi NCR,602018,2026-09-03 00:35:31.285050,2026-09-03
TL-ORD-0D8E2DC629,10454.0,sess_f21ea9802dce41af,1107,166.05,0,940.95,4,UPI,CONFIRMED,Mumbai,559243,2026-09-01 20:42:30.434563,2026-09-01
TL-ORD-932F8F25BD,7800.0,sess_4b1394cd7ffe423b,2799,0.0,0,2799.0,2,NetBanking,CONFIRMED,Pune,362713,2026-08-22 01:18:59.415113,2026-08-22
TL-ORD-CCEDF7426F,,sess_edbde1b1537e4083,5450,0.0,0,5450.0,3,Card,CONFIRMED,Bengaluru,149775,2026-08-21 13:50:38.426934,2026-08-21
TL-ORD-4E6398C692,10569.0,sess_a905061268354fa6,2279,0.0,0,2279.0,2,COD,CONFIRMED,Mumbai,245202,2026-09-12 12:04:01.274880,2026-09-12
TL-ORD-8102B88CE1,9743.0,sess_1dd32b0cca52441b,2116,0.0,0,2116.0,2,NetBanking,CONFIRMED,Delhi NCR,133726,2026-09-04 08:00:20.369622,2026-09-04
TL-ORD-547D89AB36,,sess_85dbc70365774fac,1875,0.0,0,1875.0,4,COD,CONFIRMED,Delhi NCR,242867,2026-09-03 16:33:15.627374,2026-09-03
TL-ORD-56D4DC187C,,sess_e3221e25bc9c4e9c,1772,0.0,0,1772.0,6,UPI,CONFIRMED,Delhi NCR,673081,2026-08-28 23:40:55.256436,2026-08-28
TL-ORD-D1181DF7C4,7809.0,sess_c161bacfcf96452b,1664,0.0,0,1664.0,3,NetBanking,CONFIRMED,Mumbai,665444,2026-08-18 13:47:58.064140,2026-08-18
TL-ORD-75D651EBBA,,sess_79632504c832499e,2195,329.25,0,1865.75,4,Card,CONFIRMED,Hyderabad,489179,2026-08-31 20:53:01.193344,2026-08-31
TL-ORD-19589FD23B,6026.0,sess_c29ccf3511684d7f,1308,0.0,0,1308.0,3,COD,CONFIRMED,Hyderabad,275501,2026-08-20 14:43:47.000296,2026-08-20
TL-ORD-D48B1D4111,7040.0,sess_0bb961a15f734917,1389,0.0,0,1389.0,3,NetBanking,CONFIRMED,Bengaluru,371148,2026-08-22 02:41:22.296050,2026-08-22
TL-ORD-A240BFCAD2,,sess_e56d3be1a0db481c,1899,284.85,0,1614.15,4,UPI,CONFIRMED,Delhi NCR,242612,2026-09-05 03:33:54.964042,2026-09-05
TL-ORD-D376F562C3,11151.0,sess_b502f0a96797458a,3559,0.0,0,3559.0,2,UPI,CONFIRMED,Pune,129631,2026-08-28 07:22:22.136943,2026-08-28
TL-ORD-B67BF9E379,6850.0,sess_53608be495ab42d4,1322,198.3,0,1123.7,4,NetBanking,CONFIRMED,Mumbai,584499,2026-08-26 21:23:45.898329,2026-08-26
TL-ORD-9BF96E5141,7990.0,sess_c7fc2cff5f7e4659,1914,0.0,0,1914.0,3,Card,CONFIRMED,Mumbai,539607,2026-09-02 04:46:34.438974,2026-09-02
TL-ORD-153018BC39,11038.0,sess_9397389618494e9f,1728,0.0,0,1728.0,2,NetBanking,CONFIRMED,Hyderabad,197204,2026-09-03 20:33:25.173277,2026-09-03
TL-ORD-10FBCFE6B3,7074.0,sess_dfc106ca98e14b34,1774,0.0,0,1774.0,2,NetBanking,CONFIRMED,Chennai,288134,2026-09-13 11:54:16.819135,2026-09-13
TL-ORD-0D6ACB4A31,,sess_06b37e794cf64e4e,1899,0.0,0,1899.0,4,COD,CONFIRMED,Bengaluru,287484,2026-09-08 07:17:08.143536,2026-09-08
TL-ORD-C1A77E3C8D,,sess_87f575923e784161,4759,713.85,0,4045.15,4,NetBanking,CONFIRMED,Mumbai,443307,2026-08-25 21:32:06.714661,2026-08-25
TL-ORD-56A796B6CD,7235.0,sess_49a6617b16554ca2,1244,0.0,0,1244.0,3,UPI,CONFIRMED,Bengaluru,110333,2026-09-11 21:43:02.930832,2026-09-11
TL-ORD-9991388A70,7922.0,sess_be54213953484677,1844,276.6,0,1567.4,3,NetBanking,CONFIRMED,Mumbai,241447,2026-09-10 17:38:21.073623,2026-09-10
TL-ORD-96AA128C72,11483.0,sess_cac7becda1764750,3499,0.0,0,3499.0,3,Card,CONFIRMED,Bengaluru,160068,2026-08-29 10:40:26.237076,2026-08-29
TL-ORD-69A1CA8F23,7843.0,sess_14805c7df9c944e1,6999,1049.85,0,5949.15,2,UPI,CONFIRMED,Delhi NCR,651701,2026-08-19 17:27:31.001178,2026-08-19
TL-ORD-3F1D7406F0,6438.0,sess_dacd3be149de4e3e,3777,0.0,0,3777.0,4,Card,CONFIRMED,Mumbai,456486,2026-08-21 18:44:48.847368,2026-08-21
TL-ORD-C9DD0A1357,,sess_7869e65fd33342c9,4758,0.0,0,4758.0,2,Card,CONFIRMED,Pune,207399,2026-09-07 05:13:19.625116,2026-09-07
TL-ORD-90C077A499,,sess_bbf373e6fe334212,1210,0.0,0,1210.0,2,COD,CONFIRMED,Mumbai,494611,2026-09-06 20:34:40.668328,2026-09-06
TL-ORD-E6442F0C94,10573.0,sess_1942ed177c284d75,4499,674.85,0,3824.15,2,UPI,CONFIRMED,Mumbai,146541,2026-09-03 19:54:00.172438,2026-09-03
TL-ORD-AA3CD35A84,,sess_7d3c253be8ee4eaa,1604,240.6,0,1363.4,3,COD,CONFIRMED,Pune,149410,2026-09-04 14:33:36.587742,2026-09-04
TL-ORD-4AEE184C79,11567.0,sess_b52822d0be294db6,1564,234.6,0,1329.4,2,NetBanking,CONFIRMED,Mumbai,331580,2026-08-23 03:28:39.545481,2026-08-23
TL-ORD-A4D2B2C28C,,sess_5b6054f1f4d14341,4132,619.8,0,3512.2,2,COD,CONFIRMED,Pune,184950,2026-08-17 17:45:16.378871,2026-08-17
TL-ORD-4E079DF66D,,sess_fe8ae8bb09a144bb,743,111.45,99,730.55,3,COD,CONFIRMED,Bengaluru,646426,2026-08-18 23:23:20.099043,2026-08-18
TL-ORD-7112496E76,8712.0,sess_e11cdb76d9a142e6,1061,0.0,0,1061.0,3,NetBanking,CONFIRMED,Mumbai,490950,2026-08-23 21:46:00.246903,2026-08-23
TL-ORD-D55FBBA5DE,9005.0,sess_921839534e29411e,5842,876.3,0,4965.7,2,UPI,CONFIRMED,Mumbai,391323,2026-08-30 03:33:44.617419,2026-08-30
TL-ORD-DD3EE21FE2,6300.0,sess_194d22ed3fe4494f,1906,285.9,0,1620.1,3,COD,CONFIRMED,Hyderabad,638533,2026-08-26 04:30:29.735387,2026-08-26
TL-ORD-487F5C81FB,6916.0,sess_188cfc5847ef4d2c,3361,0.0,0,3361.0,4,NetBanking,CONFIRMED,Delhi NCR,546765,2026-08-18 17:11:07.251625,2026-08-18
TL-ORD-1F92388480,9221.0,sess_2d8b4c431c1a4a6e,4999,749.85,0,4249.15,3,COD,CONFIRMED,Hyderabad,459912,2026-08-26 19:57:38.656318,2026-08-26
TL-ORD-6D55E64DFD,8069.0,sess_2d26185afc874354,5322,0.0,0,5322.0,4,COD,CONFIRMED,Pune,497442,2026-08-16 13:46:40.266267,2026-08-16
TL-ORD-3FC23F7DDD,9442.0,sess_1466eb7840604967,3473,520.95,0,2952.05,3,COD,CONFIRMED,Bengaluru,296710,2026-09-01 10:34:23.945359,2026-09-01
TL-ORD-6D3BB2F7E9,8602.0,sess_fdfde4836a4e436f,1089,163.35,0,925.65,3,NetBanking,CONFIRMED,Mumbai,622059,2026-08-23 11:57:54.873746,2026-08-23
TL-ORD-953798FB2D,9038.0,sess_406108bf65624c4c,5322,0.0,0,5322.0,4,NetBanking,CONFIRMED,Hyderabad,404237,2026-08-16 02:11:24.664624,2026-08-16
TL-ORD-29AC05DC7C,11088.0,sess_ce0cf502ef2a498e,1914,0.0,0,1914.0,3,UPI,CONFIRMED,Mumbai,350944,2026-08-14 21:21:13.647418,2026-08-14
TL-ORD-39738359E7,6039.0,sess_7b876e148fb54d22,3174,0.0,0,3174.0,5,Card,CONFIRMED,Bengaluru,469773,2026-09-08 07:20:54.149187,2026-09-08
TL-ORD-386B9015F8,10457.0,sess_db95c3f5c10c4a1f,1299,0.0,0,1299.0,3,Card,CONFIRMED,Pune,110410,2026-09-02 16:31:03.263611,2026-09-02
TL-ORD-DA17631041,10247.0,sess_f2f37bfc804547d3,1389,0.0,0,1389.0,3,COD,CONFIRMED,Bengaluru,525508,2026-08-15 14:27:23.272970,2026-08-15
TL-ORD-2AEF06FF79,,sess_68441d28ca2c4ff8,1299,194.85,0,1104.15,3,NetBanking,CONFIRMED,Chennai,365024,2026-09-10 06:47:20.000771,2026-09-10
TL-ORD-FF853AF0C9,9979.0,sess_451e17d77b064f84,3421,0.0,0,3421.0,6,UPI,CONFIRMED,Chennai,172220,2026-08-30 13:31:20.118137,2026-08-30
TL-ORD-EF8FB0E6A8,8576.0,sess_91002a5244dc4587,2195,329.25,0,1865.75,4,NetBanking,CONFIRMED,Chennai,548764,2026-09-13 18:20:25.569181,2026-09-13
TL-ORD-02D9D45C43,11099.0,sess_52a48356a9504e08,4237,635.55,0,3601.45,4,NetBanking,CONFIRMED,Chennai,267309,2026-08-16 13:26:45.655889,2026-08-16
TL-ORD-C485520ADC,7570.0,sess_939f64b945b4487c,4132,619.8,0,3512.2,2,UPI,CONFIRMED,Chennai,631559,2026-09-01 23:06:32.823478,2026-09-01
TL-ORD-D2D6F5E469,7709.0,sess_12a38f2c9f7b40a3,1882,282.3,0,1599.7,2,Card,CONFIRMED,Bengaluru,462323,2026-09-13 08:44:51.688223,2026-09-13
TL-ORD-B0E44957D2,10568.0,sess_7dc21df6fe9d464b,3233,0.0,0,3233.0,3,UPI,CONFIRMED,Chennai,158215,2026-08-20 18:59:55.134399,2026-08-20
TL-ORD-269B2373D2,11773.0,sess_9f9e5ee83c224db2,2792,0.0,0,2792.0,2,NetBanking,CONFIRMED,Hyderabad,621064,2026-08-28 10:18:03.283753,2026-08-28
TL-ORD-22062772F2,6284.0,sess_ddf7fe76dcf14202,3233,484.95,0,2748.05,3,UPI,CONFIRMED,Hyderabad,331051,2026-09-01 08:18:22.494652,2026-09-01
TL-ORD-9D28218B53,11613.0,sess_e6393260a4034110,1668,0.0,0,1668.0,3,COD,CONFIRMED,Delhi NCR,279926,2026-08-22 17:02:28.067802,2026-08-22
TL-ORD-D688DD367A,6331.0,sess_4c4ceb7392a34a88,2206,330.9,0,1875.1,3,COD,CONFIRMED,Pune,473051,2026-08-19 04:04:50.046977,2026-08-19
TL-ORD-1D9FD01190,,sess_fc6eccc0281b4a1e,2108,0.0,0,2108.0,6,UPI,CONFIRMED,Bengaluru,520099,2026-09-03 09:47:39.546253,2026-09-03
TL-ORD-31EBEE5BC3,7891.0,sess_f2ccaa8136394e26,2936,0.0,0,2936.0,4,UPI,CONFIRMED,Bengaluru,212509,2026-08-17 04:27:05.436063,2026-08-17
TL-ORD-A9E8608ADB,9640.0,sess_6da8c2afa3d742b1,2538,0.0,0,2538.0,2,Card,CONFIRMED,Chennai,486687,2026-08-23 09:31:46.499493,2026-08-23
TL-ORD-02DE726CBA,,sess_fd180b4fd3b74dec,1199,0.0,0,1199.0,2,Card,CONFIRMED,Mumbai,627186,2026-09-02 01:48:57.614643,2026-09-02
TL-ORD-1A3584D17A,,sess_652b3feb06414f68,2853,0.0,0,2853.0,4,UPI,CONFIRMED,Delhi NCR,649481,2026-09-10 15:53:06.843532,2026-09-10
TL-ORD-4BE3009C3C,8200.0,sess_fa98b0ee33594e88,1739,0.0,0,1739.0,5,NetBanking,CONFIRMED,Hyderabad,609016,2026-09-08 16:41:11.693164,2026-09-08
TL-ORD-62EDA00E60,9357.0,sess_1cb4ffb0084743e1,1772,0.0,0,1772.0,6,Card,CONFIRMED,Bengaluru,448747,2026-09-04 08:10:40.521812,2026-09-04
TL-ORD-1E0449DFE2,6878.0,sess_61f676dd406b4bee,1733,259.95,0,1473.05,3,COD,CONFIRMED,Bengaluru,288450,2026-09-08 11:53:08.886652,2026-09-08
TL-ORD-5BFE751F21,6738.0,sess_e31f76d711974a9e,2792,0.0,0,2792.0,2,UPI,CONFIRMED,Bengaluru,606277,2026-08-24 15:47:23.043775,2026-08-24
TL-ORD-A8356F1251,,sess_c972a7e868ef43f1,1791,268.65,0,1522.35,3,COD,CONFIRMED,Pune,526653,2026-08-26 15:27:07.283854,2026-08-26
TL-ORD-D39F547CFE,8311.0,sess_db18c34ec11f4c0c,1564,0.0,0,1564.0,2,UPI,CONFIRMED,Hyderabad,659555,2026-08-15 09:48:53.809639,2026-08-15
TL-ORD-FF5360CDC9,6612.0,sess_5e6576e998744867,4965,0.0,0,4965.0,4,UPI,CONFIRMED,Bengaluru,479393,2026-09-11 16:46:44.729528,2026-09-11
TL-ORD-938E1AB4E1,10373.0,sess_5719f909c7b441f6,4992,748.8,0,4243.2,2,UPI,CONFIRMED,Mumbai,378059,2026-09-07 09:06:21.829745,2026-09-07
TL-ORD-19200862C4,7288.0,sess_bad5c46335244b00,1179,0.0,0,1179.0,2,UPI,CONFIRMED,Bengaluru,243567,2026-09-11 23:55:50.623730,2026-09-11
TL-ORD-89FBA09B0E,10831.0,sess_c4db5892e83f4b33,1774,0.0,0,1774.0,2,COD,CONFIRMED,Delhi NCR,447461,2026-09-01 11:42:46.404735,2026-09-01
TL-ORD-F882C8A85B,9752.0,sess_9815fc376d3e4aa5,4079,0.0,0,4079.0,2,Card,CONFIRMED,Mumbai,311841,2026-09-07 05:25:00.963292,2026-09-07
TL-ORD-E9D2C8CBC1,8066.0,sess_05f00fa75a1d49bf,2550,382.5,0,2167.5,2,UPI,CONFIRMED,Delhi NCR,648898,2026-08-15 11:16:33.585549,2026-08-15
TL-ORD-D9A8127937,,sess_8ffb9a3ec77e4cc0,2550,382.5,0,2167.5,2,COD,CONFIRMED,Pune,486821,2026-08-15 03:14:30.138988,2026-08-15
TL-ORD-40A8A1B955,,sess_d9def1c8220e47b2,1107,0.0,0,1107.0,4,UPI,CONFIRMED,Hyderabad,396644,2026-08-30 18:32:28.030850,2026-08-30
TL-ORD-1FFC37F57F,7455.0,sess_7a7de8a6c02247c8,3559,0.0,0,3559.0,2,UPI,CONFIRMED,Bengaluru,141593,2026-08-15 20:19:07.266595,2026-08-15
TL-ORD-C930265E1E,8895.0,sess_293bab71aa65429f,2794,0.0,0,2794.0,5,Card,CONFIRMED,Pune,246686,2026-08-16 12:36:40.285149,2026-08-16
TL-ORD-C740DCE219,,sess_d7c9a8cb0d2b403b,4299,644.85,0,3654.15,2,COD,CONFIRMED,Delhi NCR,403540,2026-09-08 14:04:21.953663,2026-09-08
TL-ORD-80FCB51150,6074.0,sess_c4ac42a450eb44cd,2773,415.95,0,2357.05,2,NetBanking,CONFIRMED,Hyderabad,534345,2026-09-06 21:50:36.856568,2026-09-06
TL-ORD-251AF13ABC,6222.0,sess_ea91128f639d46cd,1557,233.55,0,1323.45,4,Card,CONFIRMED,Mumbai,144345,2026-09-08 05:07:52.957246,2026-09-08
TL-ORD-36C3D10247,8350.0,sess_3a49ce9f86004903,4992,0.0,0,4992.0,2,UPI,CONFIRMED,Hyderabad,671450,2026-08-21 00:03:12.864282,2026-08-21
TL-ORD-FD4DC2BAF0,11529.0,sess_b30f79768c7e4c0b,2108,0.0,0,2108.0,6,Card,CONFIRMED,Hyderabad,625834,2026-09-02 19:49:02.761661,2026-09-02
TL-ORD-C0B6A5A83C,9007.0,sess_b840de02e20e41cf,3041,0.0,0,3041.0,4,NetBanking,CONFIRMED,Mumbai,530318,2026-09-08 06:07:29.275720,2026-09-08
TL-ORD-14B1A5B985,,sess_569224224c6d443a,4723,708.45,0,4014.55,4,UPI,CONFIRMED,Bengaluru,395673,2026-08-21 20:03:55.806784,2026-08-21
TL-ORD-99FB99D655,,sess_22914f7c490d42b3,3041,456.15,0,2584.85,4,NetBanking,CONFIRMED,Pune,529129,2026-09-10 00:57:54.294144,2026-09-10
TL-ORD-A68D301F51,7407.0,sess_ec8d08177cad44ca,841,126.15,99,813.85,2,UPI,CONFIRMED,Chennai,614593,2026-08-21 17:12:27.561161,2026-08-21
TL-ORD-BBC12E2247,6314.0,sess_4167b75beca146cf,1899,0.0,0,1899.0,2,NetBanking,CONFIRMED,Delhi NCR,281301,2026-09-08 03:23:05.847718,2026-09-08
TL-ORD-8DF0EE12E3,7841.0,sess_d32f45f510e94065,1829,0.0,0,1829.0,6,NetBanking,CONFIRMED,Hyderabad,385095,2026-08-21 10:49:03.272304,2026-08-21
TL-ORD-D3B977BCA5,6062.0,sess_363f905246e64e65,1971,295.65,0,1675.35,3,Card,CONFIRMED,Bengaluru,192342,2026-08-30 17:11:26.353190,2026-08-30
TL-ORD-92A5918956,8401.0,sess_2f4c0637bf4c4ad7,1847,0.0,0,1847.0,3,NetBanking,CONFIRMED,Mumbai,353519,2026-09-08 04:00:53.370571,2026-09-08
TL-ORD-485A42151C,11320.0,sess_8bf573fe83e341bf,1875,281.25,0,1593.75,4,UPI,CONFIRMED,Mumbai,130858,2026-08-20 02:00:14.500730,2026-08-20
TL-ORD-5B5FFDC6F6,10383.0,sess_0b7b37d5ff5d43a3,5006,0.0,0,5006.0,6,UPI,CONFIRMED,Mumbai,485755,2026-08-28 09:16:30.994377,2026-08-28
TL-ORD-70D35CB230,7590.0,sess_261bed8bbcfb4af0,3899,584.85,0,3314.15,2,UPI,CONFIRMED,Pune,587702,2026-08-28 12:33:31.487074,2026-08-28
TL-ORD-5D1C0B95E1,8886.0,sess_c179b76cd86b4bef,999,0.0,0,999.0,2,COD,CONFIRMED,Chennai,523537,2026-08-25 10:34:50.053268,2026-08-25
TL-ORD-582D255F53,,sess_acdc32ab401a40e1,1829,0.0,0,1829.0,2,Card,CONFIRMED,Pune,341534,2026-09-03 09:37:49.277595,2026-09-03
TL-ORD-C7365337E0,,sess_e716b0bac05e4288,4079,611.85,0,3467.15,2,COD,CONFIRMED,Pune,321635,2026-09-01 17:57:20.269469,2026-09-01
TL-ORD-A35308A39A,11505.0,sess_e0a0fc67db3941d8,4132,619.8,0,3512.2,2,UPI,CONFIRMED,Mumbai,281770,2026-08-18 20:35:52.041620,2026-08-18
TL-ORD-DE6F2D09F2,9373.0,sess_6f4bd98a3e104c41,1299,0.0,0,1299.0,3,NetBanking,CONFIRMED,Mumbai,615116,2026-09-11 04:48:08.465398,2026-09-11
TL-ORD-94B8FB5E12,8754.0,sess_5c917eced5024128,4999,749.85,0,4249.15,3,UPI,CONFIRMED,Chennai,396605,2026-08-25 00:13:30.467675,2026-08-25
TL-ORD-7CF98FB30E,,sess_b28152ae73344627,2839,0.0,0,2839.0,4,UPI,CONFIRMED,Mumbai,515418,2026-08-23 14:31:36.860530,2026-08-23
TL-ORD-EF143505AB,10394.0,sess_fdfae033bfd9439f,5006,0.0,0,5006.0,6,COD,CONFIRMED,Chennai,185137,2026-08-28 10:21:57.923146,2026-08-28
TL-ORD-21E0578C4B,9484.0,sess_e277b7878e2c48a1,2999,449.85,0,2549.15,3,UPI,CONFIRMED,Bengaluru,155825,2026-08-23 07:22:48.792207,2026-08-23
TL-ORD-199C2D21A1,7164.0,sess_719b8b6e77c540aa,1899,0.0,0,1899.0,2,Card,CONFIRMED,Hyderabad,541638,2026-09-04 02:22:22.170420,2026-09-04
TL-ORD-3CB2A0AAD9,,sess_7d935871580c4dee,2538,380.7,0,2157.3,2,UPI,CONFIRMED,Chennai,582035,2026-08-30 02:39:15.975347,2026-08-30
TL-ORD-9BC2894C6C,8648.0,sess_2b212ac90f224f75,2450,367.5,0,2082.5,3,NetBanking,CONFIRMED,Bengaluru,317765,2026-08-24 17:57:12.990341,2026-08-24
TL-ORD-0C1E58D48B,9393.0,sess_a626559e84b04961,4304,0.0,0,4304.0,4,UPI,CONFIRMED,Hyderabad,266606,2026-08-28 13:33:56.925101,2026-08-28
TL-ORD-89BF02D870,7178.0,sess_ef265cf24a4e4826,2499,374.85,0,2124.15,3,UPI,CONFIRMED,Chennai,615149,2026-08-21 00:36:55.579171,2026-08-21
TL-ORD-26DE31A1AC,,sess_c22eb3d5c3c94724,2999,0.0,0,2999.0,3,Card,CONFIRMED,Delhi NCR,635964,2026-08-29 14:32:03.339812,2026-08-29
TL-ORD-D571624954,,sess_aedab84277954024,4999,0.0,0,4999.0,3,Card,CONFIRMED,Delhi NCR,480535,2026-08-30 08:05:25.247233,2026-08-30
TL-ORD-FF54341850,8466.0,sess_6d2a2a6f1c9a4127,3090,0.0,0,3090.0,2,Card,CONFIRMED,Bengaluru,462945,2026-08-22 04:53:19.050442,2026-08-22
TL-ORD-7D05151CD5,,sess_36aea12ab6c8489b,1170,0.0,0,1170.0,5,UPI,CONFIRMED,Delhi NCR,690825,2026-08-31 10:44:07.054405,2026-08-31
TL-ORD-5163313933,10178.0,sess_a26fab52d53e4c28,2268,0.0,0,2268.0,3,COD,CONFIRMED,Delhi NCR,305240,2026-08-26 14:15:28.005098,2026-08-26
TL-ORD-DB2B4CC3FB,,sess_d219ad7c6c974b65,3499,0.0,0,3499.0,2,NetBanking,CONFIRMED,Chennai,524538,2026-09-12 23:17:29.351286,2026-09-12
TL-ORD-289A451A88,6682.0,sess_5d149355b9564b95,1664,249.6,0,1414.4,3,Card,CONFIRMED,Hyderabad,690798,2026-08-29 09:01:40.805241,2026-08-29
TL-ORD-FE98B5A036,7539.0,sess_82e238c5d9044d2b,3899,0.0,0,3899.0,2,NetBanking,CONFIRMED,Delhi NCR,458452,2026-08-22 23:50:32.259901,2026-08-22
TL-ORD-34B813A345,7916.0,sess_12b456338f8f448a,3024,453.6,0,2570.4,5,Card,CONFIRMED,Bengaluru,515399,2026-09-10 05:53:28.648111,2026-09-10
TL-ORD-D18B22D6C6,8393.0,sess_c26b436f255944ad,2799,419.85,0,2379.15,5,COD,CONFIRMED,Delhi NCR,289469,2026-08-25 10:31:49.178039,2026-08-25
TL-ORD-0F5AF3F3EB,11950.0,sess_d7763809834940e5,6999,0.0,0,6999.0,2,Card,CONFIRMED,Bengaluru,602528,2026-08-21 17:05:08.275409,2026-08-21
TL-ORD-168B4D5AE7,7039.0,sess_ff005c8956604516,1844,276.6,0,1567.4,3,COD,CONFIRMED,Chennai,501827,2026-08-29 09:16:18.313802,2026-08-29
TL-ORD-221DF1E3ED,,sess_9a274d33a1424d19,2839,425.85,0,2413.15,4,COD,CONFIRMED,Mumbai,622286,2026-08-28 17:45:17.204304,2026-08-28
TL-ORD-68EF510182,,sess_b0b0ecab5d0241e0,4299,644.85,0,3654.15,2,UPI,CONFIRMED,Mumbai,548424,2026-08-17 16:58:11.505989,2026-08-17
TL-ORD-DBA9EA390C,7978.0,sess_61090005aee04f67,6999,1049.85,0,5949.15,2,NetBanking,CONFIRMED,Chennai,482024,2026-08-30 16:35:48.188092,2026-08-30
TL-ORD-67BAB21EA9,7463.0,sess_2d17f862db304a2a,3471,0.0,0,3471.0,3,COD,CONFIRMED,Hyderabad,569235,2026-08-18 22:32:52.561520,2026-08-18
TL-ORD-D94A805ACC,6167.0,sess_713f3bda3cc74226,829,124.35,99,803.65,6,Card,CONFIRMED,Mumbai,307500,2026-09-13 19:38:55.094420,2026-09-13
TL-ORD-EC1663C93C,6507.0,sess_242a69fcd5f7499b,1882,282.3,0,1599.7,2,COD,CONFIRMED,Chennai,665512,2026-08-23 04:17:14.158552,2026-08-23
TL-ORD-B8C4E78260,11390.0,sess_99746f353fb44a55,3008,0.0,0,3008.0,3,Card,CONFIRMED,Bengaluru,160552,2026-08-28 16:09:49.505604,2026-08-28
TL-ORD-5EC3888A00,11752.0,sess_0a34deaa195c496f,2464,369.6,0,2094.4,3,Card,CONFIRMED,Chennai,282228,2026-08-18 14:32:04.825114,2026-08-18
TL-ORD-6B6FCA0736,8712.0,sess_f4b55c1fa9d34e97,1829,0.0,0,1829.0,6,NetBanking,CONFIRMED,Hyderabad,187340,2026-08-27 03:09:25.398460,2026-08-27
TL-ORD-CC6A0E8FA4,,sess_3b6f531fb1954b78,1040,156.0,0,884.0,2,Card,CONFIRMED,Pune,474984,2026-08-31 02:59:40.078149,2026-08-31
TL-ORD-910320271F,,sess_2a30f13536574b36,7008,1051.2,0,5956.8,3,Card,CONFIRMED,Chennai,272635,2026-09-04 11:55:07.914767,2026-09-04
TL-ORD-D2681298D8,9044.0,sess_b8c5f164479c4e44,3576,0.0,0,3576.0,6,NetBanking,CONFIRMED,Pune,528751,2026-08-28 20:14:14.584567,2026-08-28
TL-ORD-BD930E83C6,,sess_3b4c536d3456493d,2499,0.0,0,2499.0,3,UPI,CONFIRMED,Delhi NCR,125460,2026-09-13 08:30:11.146436,2026-09-13
TL-ORD-348A829875,9557.0,sess_5e6d0ba3062b4511,3152,0.0,0,3152.0,2,Card,CONFIRMED,Chennai,468602,2026-08-27 18:05:40.483704,2026-08-27
TL-ORD-68E65D1DFE,9072.0,sess_fd40e352fb65492c,3499,524.85,0,2974.15,3,NetBanking,CONFIRMED,Mumbai,679400,2026-08-27 17:46:56.993811,2026-08-27
TL-ORD-C592CADB92,11852.0,sess_7c775818bcad46c5,1899,284.85,0,1614.15,2,UPI,CONFIRMED,Chennai,524580,2026-08-24 02:56:55.687121,2026-08-24
TL-ORD-024BBC2584,10440.0,sess_13eeddcdc27c4bde,4897,0.0,0,4897.0,3,NetBanking,CONFIRMED,Bengaluru,225283,2026-09-08 10:32:20.979437,2026-09-08
TL-ORD-EE4A8A5AE1,9492.0,sess_0baa4fd293f0411b,1791,0.0,0,1791.0,3,UPI,CONFIRMED,Delhi NCR,479529,2026-08-19 20:07:47.811075,2026-08-19
TL-ORD-1F8E01D49E,10195.0,sess_5dfec09fd1d04cac,6489,0.0,0,6489.0,2,Card,CONFIRMED,Bengaluru,267415,2026-09-02 11:35:19.267940,2026-09-02
TL-ORD-53C654CFCF,10714.0,sess_6dd5aaf241f74ba1,1199,0.0,0,1199.0,2,UPI,CONFIRMED,Hyderabad,311880,2026-08-25 00:10:55.703911,2026-08-25
TL-ORD-C9D54A67C6,7209.0,sess_da70ff0affc34791,3621,543.15,0,3077.85,3,COD,CONFIRMED,Hyderabad,182754,2026-08-23 07:23:44.060672,2026-08-23
TL-ORD-1C11E0CC1D,10457.0,sess_4d496811723b4f48,3090,0.0,0,3090.0,2,UPI,CONFIRMED,Delhi NCR,247528,2026-08-21 20:11:02.640568,2026-08-21
TL-ORD-6F0C3DD3EE,11907.0,sess_c79fefbf00624318,4758,0.0,0,4758.0,2,NetBanking,CONFIRMED,Chennai,215092,2026-09-03 22:09:18.421066,2026-09-03
TL-ORD-9D941669C6,,sess_ce72c4ef7a7e47b4,1844,0.0,0,1844.0,2,Card,CONFIRMED,Chennai,311133,2026-08-24 09:54:31.831688,2026-08-24
TL-ORD-7940C203FB,7520.0,sess_25bd672b5bf241dd,1034,0.0,0,1034.0,4,COD,CONFIRMED,Hyderabad,483865,2026-08-26 13:21:00.539982,2026-08-26
TL-ORD-81A01D6EA3,8268.0,sess_3ae6a112929f424f,1170,175.5,0,994.5,5,NetBanking,CONFIRMED,Bengaluru,468381,2026-09-04 11:04:33.864005,2026-09-04
TL-ORD-F0027580C6,7955.0,sess_ce51ae990a454c06,3282,492.3,0,2789.7,4,NetBanking,CONFIRMED,Mumbai,311592,2026-09-05 01:12:39.691789,2026-09-05
TL-ORD-1A20050D65,7835.0,sess_3e41c1409fae4965,1103,0.0,0,1103.0,2,COD,CONFIRMED,Bengaluru,269739,2026-08-18 01:51:01.087963,2026-08-18
TL-ORD-B187AEE3A8,8081.0,sess_9757772a06db457c,984,0.0,99,1083.0,5,UPI,CONFIRMED,Pune,673787,2026-09-05 12:45:57.358093,2026-09-05
TL-ORD-CADC580102,,sess_7a3cdfca912e4c82,869,0.0,99,968.0,3,Card,CONFIRMED,Mumbai,670627,2026-08-19 01:30:09.626870,2026-08-19
TL-ORD-4093DD5F75,8942.0,sess_738eb1c080eb455e,4869,0.0,0,4869.0,3,COD,CONFIRMED,Pune,385064,2026-09-04 04:01:28.843713,2026-09-04
TL-ORD-A20C569548,10861.0,sess_3ef3b169b5b24198,2499,374.85,0,2124.15,3,NetBanking,CONFIRMED,Bengaluru,650782,2026-09-03 11:39:34.854787,2026-09-03
TL-ORD-FAEDAAA933,7464.0,sess_cc84c2dbdf4946eb,3090,0.0,0,3090.0,2,UPI,CONFIRMED,Mumbai,330047,2026-08-22 11:19:03.205758,2026-08-22
TL-ORD-D61BCA9C0C,8106.0,sess_3c520fec3c334466,5184,0.0,0,5184.0,6,UPI,CONFIRMED,Mumbai,136556,2026-08-20 18:46:59.152771,2026-08-20
TL-ORD-66E5EE916E,,sess_db46c4d0638949c3,2268,340.2,0,1927.8,3,UPI,CONFIRMED,Hyderabad,608106,2026-08-21 19:42:16.215447,2026-08-21
TL-ORD-E5A028FBF2,9185.0,sess_55d418d49e764104,2769,0.0,0,2769.0,2,NetBanking,CONFIRMED,Pune,640212,2026-09-05 22:36:01.465412,2026-09-05
TL-ORD-46D33CD7E3,8032.0,sess_a3de3a30cd954117,1906,285.9,0,1620.1,3,UPI,CONFIRMED,Hyderabad,657981,2026-09-08 16:00:01.127091,2026-09-08
TL-ORD-17AEF338DD,9807.0,sess_7151456923534715,2792,0.0,0,2792.0,2,NetBanking,CONFIRMED,Bengaluru,425048,2026-08-23 13:19:43.309154,2026-08-23
TL-ORD-E011B6954B,11060.0,sess_88b0281347f34da1,2235,0.0,0,2235.0,3,Card,CONFIRMED,Pune,694889,2026-09-01 04:20:52.473117,2026-09-01
TL-ORD-5F2A3F77A1,,sess_c9ec66931b5843ee,1772,265.8,0,1506.2,6,UPI,CONFIRMED,Chennai,594602,2026-08-23 21:50:48.045617,2026-08-23
TL-ORD-3F4EA3243C,,sess_35a6b2491a244bf3,7008,1051.2,0,5956.8,3,COD,CONFIRMED,Hyderabad,348025,2026-09-03 03:07:56.781096,2026-09-03
TL-ORD-9A5A1A750E,9576.0,sess_f2e461b610574c18,4869,730.35,0,4138.65,3,COD,CONFIRMED,Mumbai,473211,2026-08-28 21:06:00.660674,2026-08-28
TL-ORD-E88370973E,7929.0,sess_dd37d926309a4720,1899,0.0,0,1899.0,4,COD,CONFIRMED,Delhi NCR,219214,2026-08-22 13:12:46.602668,2026-08-22
TL-ORD-5A93EC81AA,7118.0,sess_3e22e78312464cec,4965,744.75,0,4220.25,4,Card,CONFIRMED,Hyderabad,525925,2026-09-13 11:28:07.131022,2026-09-13
TL-ORD-9AA559A580,,sess_84b5438d88af424f,2172,0.0,0,2172.0,6,COD,CONFIRMED,Hyderabad,321018,2026-08-23 08:24:58.486042,2026-08-23
TL-ORD-C6DE5F941E,,sess_e17a514ef45c4b3f,4759,713.85,0,4045.15,4,Card,CONFIRMED,Chennai,203437,2026-09-04 22:48:41.633679,2026-09-04
TL-ORD-0FA841273A,8133.0,sess_4c1f6d9fbfe14229,1739,0.0,0,1739.0,5,NetBanking,CONFIRMED,Hyderabad,227304,2026-09-05 10:13:42.381422,2026-09-05
TL-ORD-183285D480,10835.0,sess_a641b0259f08478c,2640,396.0,0,2244.0,3,NetBanking,CONFIRMED,Hyderabad,616509,2026-09-13 07:20:43.394998,2026-09-13
TL-ORD-3E0463A102,,sess_c6b23c83378a44a1,1089,0.0,0,1089.0,3,COD,CONFIRMED,Bengaluru,679333,2026-09-08 17:43:01.418728,2026-09-08
TL-ORD-9FB3CFE25C,8379.0,sess_01bd3e6bf912415d,2199,329.85,0,1869.15,4,COD,CONFIRMED,Chennai,269513,2026-08-26 16:35:42.392725,2026-08-26
TL-ORD-468EB4191B,11416.0,sess_7a1291e8698c4f46,4168,0.0,0,4168.0,3,COD,CONFIRMED,Hyderabad,505521,2026-08-21 21:22:49.779316,2026-08-21
TL-ORD-6B36B3DB7B,,sess_1ab87545c0d645f6,1914,287.1,0,1626.9,3,Card,CONFIRMED,Delhi NCR,584766,2026-09-11 00:14:48.480137,2026-09-11
TL-ORD-4967C2451A,6884.0,sess_3015c6416aef4a63,4817,722.55,0,4094.45,2,NetBanking,CONFIRMED,Hyderabad,557665,2026-09-04 20:40:32.444810,2026-09-04
TL-ORD-CF9FA05ED5,9052.0,sess_310fb19651bd43c2,1774,0.0,0,1774.0,2,UPI,CONFIRMED,Pune,371454,2026-08-30 05:14:14.277547,2026-08-30
TL-ORD-9317726ED1,11329.0,sess_9b6aac1cdd0046af,1603,0.0,0,1603.0,2,COD,CONFIRMED,Chennai,186617,2026-08-18 04:20:29.954783,2026-08-18
TL-ORD-C8DC52BED6,10875.0,sess_f5314b7705684cb4,1040,0.0,0,1040.0,2,UPI,CONFIRMED,Mumbai,355599,2026-08-23 07:37:45.200408,2026-08-23
TL-ORD-601358494E,11128.0,sess_1c96aabdd18a4c62,3246,486.9,0,2759.1,6,UPI,CONFIRMED,Delhi NCR,181605,2026-09-11 13:07:07.229834,2026-09-11
TL-ORD-E87712BC9A,,sess_8d145a9127e34906,3316,497.4,0,2818.6,3,NetBanking,CONFIRMED,Pune,145873,2026-09-03 05:11:07.531602,2026-09-03
TL-ORD-0CD1867FE5,8250.0,sess_21f050d282e44788,3777,0.0,0,3777.0,4,Card,CONFIRMED,Hyderabad,596464,2026-09-13 01:24:04.927229,2026-09-13
TL-ORD-520EDFE507,11676.0,sess_33269fc18ef8431c,3985,0.0,0,3985.0,3,NetBanking,CONFIRMED,Bengaluru,289741,2026-09-01 22:09:24.199676,2026-09-01
TL-ORD-FF0031FD8C,9657.0,sess_13b412e71337416d,1322,0.0,0,1322.0,4,COD,CONFIRMED,Delhi NCR,404773,2026-09-05 14:24:10.123638,2026-09-05
TL-ORD-72B1C61A09,,sess_34a369378e0a4148,2235,0.0,0,2235.0,3,COD,CONFIRMED,Mumbai,180782,2026-08-22 10:32:03.892957,2026-08-22
TL-ORD-6E47F9944D,,sess_5d9a1d8f356e4156,984,0.0,99,1083.0,5,Card,CONFIRMED,Delhi NCR,397612,2026-09-02 11:53:01.246587,2026-09-02
TL-ORD-D71B3BB062,7358.0,sess_9d18f430f151496e,4299,0.0,0,4299.0,2,UPI,CONFIRMED,Pune,599966,2026-08-18 00:57:58.937485,2026-08-18
TL-ORD-ED23CFFF8F,,sess_9d83768506204348,2631,0.0,0,2631.0,2,COD,CONFIRMED,Pune,399685,2026-09-10 09:36:57.341223,2026-09-10
TL-ORD-86DC05685E,,sess_b186dfead8684d1e,4817,722.55,0,4094.45,2,COD,CONFIRMED,Delhi NCR,121154,2026-09-11 14:33:04.872940,2026-09-11
TL-ORD-2801D76E4B,8217.0,sess_91a6677d339e4ed7,2717,0.0,0,2717.0,3,Card,CONFIRMED,Pune,442063,2026-09-05 06:07:39.206825,2026-09-05
TL-ORD-EE9622814D,11672.0,sess_a9cbd72ebc14456d,3177,0.0,0,3177.0,3,Card,CONFIRMED,Hyderabad,111862,2026-08-22 12:36:58.427044,2026-08-22
TL-ORD-CF72F47B71,,sess_c6d8c0f79c784214,999,0.0,0,999.0,2,COD,CONFIRMED,Chennai,399930,2026-09-01 05:05:11.011567,2026-09-01
TL-ORD-F766A2013B,,sess_e937df43daa644ce,2640,396.0,0,2244.0,3,COD,CONFIRMED,Mumbai,114353,2026-08-18 09:18:22.716984,2026-08-18
TL-ORD-B4E3F30443,9264.0,sess_a0b8aef6626449e0,2769,0.0,0,2769.0,2,UPI,CONFIRMED,Pune,539222,2026-08-31 09:53:57.980165,2026-08-31
TL-ORD-CBBEAB694E,6715.0,sess_f3152a2d2bb4420d,4897,0.0,0,4897.0,3,NetBanking,CONFIRMED,Hyderabad,467451,2026-09-12 00:17:00.155597,2026-09-12
TL-ORD-6940137F19,9339.0,sess_9460cc33a11a49c3,577,0.0,99,676.0,2,UPI,CONFIRMED,Mumbai,652815,2026-08-16 11:32:25.504658,2026-08-16
TL-ORD-02DE73EE70,,sess_5a66aca7b6664e61,4072,610.8,0,3461.2,2,NetBanking,CONFIRMED,Chennai,696801,2026-08-30 23:35:26.197020,2026-08-30
TL-ORD-0C74FB7BB2,11538.0,sess_580be27d94bb4de1,3708,556.2,0,3151.8,4,NetBanking,CONFIRMED,Hyderabad,132469,2026-09-06 02:29:27.475323,2026-09-06
TL-ORD-E1719E63A4,9132.0,sess_a38ad018e78d4de2,1844,0.0,0,1844.0,2,Card,CONFIRMED,Bengaluru,646037,2026-08-20 13:01:46.762314,2026-08-20
TL-ORD-03B979A32F,8340.0,sess_785f8ac6836e475f,1724,258.6,0,1465.4,4,COD,CONFIRMED,Mumbai,178836,2026-09-01 18:18:12.424701,2026-09-01
TL-ORD-82B8733F2D,8608.0,sess_ca132fd047de4378,3899,584.85,0,3314.15,2,Card,CONFIRMED,Delhi NCR,592176,2026-08-28 18:44:43.437111,2026-08-28
TL-ORD-1CE9F97819,,sess_a5a88f7336004164,550,82.5,99,566.5,5,NetBanking,CONFIRMED,Pune,291108,2026-09-12 02:38:48.958672,2026-09-12
TL-ORD-5621A1B9D7,11888.0,sess_3efb379677584436,2108,0.0,0,2108.0,6,UPI,CONFIRMED,Hyderabad,465865,2026-08-18 16:05:58.218137,2026-08-18
TL-ORD-AA0A7C9B62,7209.0,sess_9e71a87189dd4ea8,1664,0.0,0,1664.0,3,Card,CONFIRMED,Hyderabad,462647,2026-08-28 12:38:56.248392,2026-08-28
TL-ORD-965521CB3C,9620.0,sess_230f50b937a647a3,859,0.0,99,958.0,2,Card,CONFIRMED,Pune,640640,2026-08-30 06:47:14.117032,2026-08-30
TL-ORD-80446FCF08,,sess_c75db926d6944103,2499,0.0,0,2499.0,3,COD,CONFIRMED,Chennai,232329,2026-08-29 07:43:22.996077,2026-08-29
TL-ORD-91C8EF66E7,,sess_f70168d3aaf74a7a,2511,0.0,0,2511.0,2,UPI,CONFIRMED,Bengaluru,443776,2026-08-28 16:20:16.931061,2026-08-28
TL-ORD-D97E85B02E,,sess_cbc4aa8e16394fce,3499,0.0,0,3499.0,3,UPI,CONFIRMED,Pune,336805,2026-09-12 16:55:27.374056,2026-09-12
TL-ORD-0BE3484877,6950.0,sess_e587e37286844b46,1603,240.45,0,1362.55,2,Card,CONFIRMED,Delhi NCR,444706,2026-08-18 09:10:48.788892,2026-08-18
TL-ORD-91A5A3DE6E,7140.0,sess_5548725784d14736,1199,0.0,0,1199.0,2,NetBanking,CONFIRMED,Bengaluru,668468,2026-09-07 15:49:26.626220,2026-09-07
TL-ORD-E8D4E37D8F,,sess_a48be1ed92984f05,4999,749.85,0,4249.15,3,UPI,CONFIRMED,Hyderabad,578352,2026-09-06 10:45:53.202721,2026-09-06
TL-ORD-08E40A6E8F,11864.0,sess_78bd8c0ce624498a,3282,0.0,0,3282.0,4,UPI,CONFIRMED,Pune,220501,2026-08-28 21:18:12.025155,2026-08-28
TL-ORD-DBCE8CA388,7405.0,sess_b8a093dac88742eb,1603,240.45,0,1362.55,2,COD,CONFIRMED,Delhi NCR,520959,2026-09-10 22:54:03.901524,2026-09-10
TL-ORD-2ED9DF1ED1,10224.0,sess_cc1f37d2c7474fb5,2688,0.0,0,2688.0,2,Card,CONFIRMED,Hyderabad,576778,2026-08-15 00:29:27.467980,2026-08-15
TL-ORD-3D1FCA1AB0,7976.0,sess_a17e01908fe9462e,894,0.0,99,993.0,2,Card,CONFIRMED,Chennai,524223,2026-09-11 01:53:41.755420,2026-09-11
TL-ORD-32AEECE9CD,9513.0,sess_a88c66c16a5e4929,5596,839.4,0,4756.6,2,NetBanking,CONFIRMED,Hyderabad,157460,2026-08-19 12:57:48.677335,2026-08-19
TL-ORD-8253859212,7557.0,sess_17d0c00116d540c8,1882,282.3,0,1599.7,2,COD,CONFIRMED,Pune,511872,2026-09-08 08:12:25.574976,2026-09-08
TL-ORD-575CFD0AEA,7182.0,sess_b979f7976f334e12,2438,0.0,0,2438.0,3,NetBanking,CONFIRMED,Chennai,133484,2026-08-17 08:08:58.253793,2026-08-17
TL-ORD-9AB55827C6,9002.0,sess_4cb7bdb0f71848ad,2799,0.0,0,2799.0,5,UPI,CONFIRMED,Delhi NCR,622555,2026-09-06 03:43:27.300899,2026-09-06
TL-ORD-01BBCE9F9F,6844.0,sess_4a2f3e9d63a245f2,3177,0.0,0,3177.0,3,COD,CONFIRMED,Hyderabad,301127,2026-08-29 14:45:30.108951,2026-08-29
TL-ORD-D6497A0BC6,10568.0,sess_ab58cd9789a34bff,2511,0.0,0,2511.0,2,Card,CONFIRMED,Delhi NCR,635925,2026-09-12 09:36:26.751394,2026-09-12
TL-ORD-4873BAA534,9053.0,sess_589750baff924da2,1952,292.8,0,1659.2,2,COD,CONFIRMED,Mumbai,148249,2026-09-05 13:24:28.326351,2026-09-05
TL-ORD-EED83AC444,10043.0,sess_78db98112e1b4b27,2799,0.0,0,2799.0,5,COD,CONFIRMED,Pune,122226,2026-09-11 05:25:08.710042,2026-09-11
TL-ORD-D8A324135F,6700.0,sess_272f47e0825d42ce,2640,0.0,0,2640.0,3,COD,CONFIRMED,Bengaluru,638872,2026-08-14 21:47:09.552194,2026-08-14
TL-ORD-FB1206DC9B,9145.0,sess_88d7179d50354b04,2662,399.3,0,2262.7,2,UPI,CONFIRMED,Pune,563057,2026-09-06 01:48:39.731738,2026-09-06
TL-ORD-3C7C0A7746,11424.0,sess_a572d1594aca400c,3577,0.0,0,3577.0,2,Card,CONFIRMED,Chennai,428164,2026-09-01 20:37:37.329881,2026-09-01
TL-ORD-6E63E973F1,,sess_c3c8e7ac735544ad,3421,0.0,0,3421.0,6,NetBanking,CONFIRMED,Bengaluru,174658,2026-08-24 20:05:51.572104,2026-08-24
TL-ORD-5190C569A3,10678.0,sess_2ba24d8d2f95438a,3233,484.95,0,2748.05,3,COD,CONFIRMED,Mumbai,572203,2026-08-28 11:38:33.257071,2026-08-28
TL-ORD-27C70CFF88,6409.0,sess_761b888d3e5f4d44,2538,380.7,0,2157.3,2,COD,CONFIRMED,Chennai,656118,2026-08-23 17:10:41.913213,2026-08-23
TL-ORD-A7E2BBB11C,,sess_b8e0621b5a7c4b76,5499,0.0,0,5499.0,3,UPI,CONFIRMED,Delhi NCR,311560,2026-08-19 20:41:48.918281,2026-08-19
TL-ORD-EBF3FBF238,,sess_c8c78f9db4b84cdd,1018,0.0,0,1018.0,5,NetBanking,CONFIRMED,Chennai,633130,2026-08-26 02:31:07.627114,2026-08-26
TL-ORD-11A59C48D1,6244.0,sess_1e7767f2ddd24604,5184,0.0,0,5184.0,6,COD,CONFIRMED,Delhi NCR,541731,2026-08-23 02:17:23.258673,2026-08-23
TL-ORD-49FC290352,9355.0,sess_abad19fa46924e5c,4817,722.55,0,4094.45,2,Card,CONFIRMED,Chennai,609963,2026-09-08 00:17:35.506263,2026-09-08
TL-ORD-8FDB22D77C,9172.0,sess_2752ebc5b214421a,4645,696.75,0,3948.25,2,UPI,CONFIRMED,Bengaluru,311914,2026-08-26 13:35:40.050602,2026-08-26
TL-ORD-503FEF501E,10749.0,sess_c20acc9d0e3446dd,1061,0.0,0,1061.0,3,COD,CONFIRMED,Mumbai,604246,2026-08-27 16:21:37.556429,2026-08-27
TL-ORD-4E65B14302,11219.0,sess_a4eb3576565d4278,3410,511.5,0,2898.5,4,COD,CONFIRMED,Chennai,536672,2026-09-06 13:33:03.005247,2026-09-06
TL-ORD-7E71E12EEB,7019.0,sess_a16236e1bd134de8,550,0.0,99,649.0,5,NetBanking,CONFIRMED,Chennai,493204,2026-09-09 05:27:38.923588,2026-09-09
TL-ORD-69B706D148,11126.0,sess_d6535284c9664492,3389,0.0,0,3389.0,2,COD,CONFIRMED,Chennai,546368,2026-08-20 20:32:29.426373,2026-08-20
TL-ORD-43D4B9E7EC,,sess_934dda7888824146,4299,644.85,0,3654.15,2,UPI,CONFIRMED,Chennai,600786,2026-09-05 20:57:22.860721,2026-09-05
TL-ORD-C6B3655FA9,10696.0,sess_3509b693e5df4968,3294,494.1,0,2799.9,4,NetBanking,CONFIRMED,Bengaluru,683939,2026-09-02 16:16:05.888341,2026-09-02
TL-ORD-9F37BAD409,8209.0,sess_7e6e8bf485524123,2235,335.25,0,1899.75,3,NetBanking,CONFIRMED,Chennai,600565,2026-08-23 14:06:09.735051,2026-08-23
TL-ORD-83C6BC5B3E,9062.0,sess_cae8a32666714c4b,3559,0.0,0,3559.0,2,Card,CONFIRMED,Mumbai,390424,2026-08-19 18:17:52.293268,2026-08-19
TL-ORD-217F17AFE2,11003.0,sess_c65a188fe1b5484b,4897,734.55,0,4162.45,3,COD,CONFIRMED,Pune,185916,2026-09-13 02:01:56.512485,2026-09-13
TL-ORD-7681435343,7590.0,sess_f5c7a5361a8c41c8,2673,400.95,0,2272.05,2,NetBanking,CONFIRMED,Chennai,213452,2026-08-20 23:49:11.250930,2026-08-20
TL-ORD-F707CEBF10,8242.0,sess_3151924309c04692,2403,0.0,0,2403.0,2,Card,CONFIRMED,Pune,235025,2026-09-03 12:10:06.842469,2026-09-03
TL-ORD-9A01BAEF8C,6061.0,sess_c2713eaadfef438e,5184,0.0,0,5184.0,6,COD,CONFIRMED,Bengaluru,535875,2026-09-03 14:24:09.847290,2026-09-03
TL-ORD-8B3B1BADB3,,sess_8249817e376f40fa,2199,0.0,0,2199.0,4,UPI,CONFIRMED,Delhi NCR,172973,2026-09-09 00:46:33.105332,2026-09-09
TL-ORD-997C67EDB1,,sess_5e7059fc8d2c4c02,3938,0.0,0,3938.0,3,NetBanking,CONFIRMED,Mumbai,581810,2026-08-24 00:39:09.832727,2026-08-24
TL-ORD-BBCAE392E9,8945.0,sess_61ee64be8581495a,2499,0.0,0,2499.0,3,Card,CONFIRMED,Delhi NCR,554208,2026-08-16 09:38:09.186564,2026-08-16
TL-ORD-DAE20F254C,8396.0,sess_bed42ee7592e41e5,4030,0.0,0,4030.0,4,UPI,CONFIRMED,Mumbai,425964,2026-08-15 08:06:41.192926,2026-08-15
TL-ORD-7F14D6B618,11879.0,sess_76ccfaf943264acf,2781,417.15,0,2363.85,2,Card,CONFIRMED,Hyderabad,511211,2026-08-25 10:53:50.456345,2026-08-25
TL-ORD-72EDE7CBE0,6144.0,sess_db844ee7bcd9488d,1875,281.25,0,1593.75,4,Card,CONFIRMED,Pune,612647,2026-09-12 18:31:26.114810,2026-09-12
TL-ORD-12A15F5361,6594.0,sess_9ca18cc150f14cd9,2195,0.0,0,2195.0,4,UPI,CONFIRMED,Delhi NCR,666919,2026-09-02 16:48:16.557243,2026-09-02
TL-ORD-8C9AF87BFB,6265.0,sess_798ed25ebd334cc3,2339,0.0,0,2339.0,2,Card,CONFIRMED,Pune,411403,2026-09-12 18:09:39.079296,2026-09-12
TL-ORD-A1E357E8D1,7135.0,sess_de9c2637eb78423e,1299,194.85,0,1104.15,3,Card,CONFIRMED,Bengaluru,388870,2026-08-16 05:19:41.037822,2026-08-16
TL-ORD-654486BFF3,10051.0,sess_5a4cbefa440a4233,3499,0.0,0,3499.0,3,UPI,CONFIRMED,Delhi NCR,647576,2026-08-21 03:41:48.686742,2026-08-21
TL-ORD-57D3B3051C,6051.0,sess_5b070ea8cac04d96,1270,0.0,0,1270.0,5,Card,CONFIRMED,Pune,520509,2026-09-12 21:50:10.847915,2026-09-12
TL-ORD-413CE97A72,,sess_4c2d7dd5a5ba493f,6594,0.0,0,6594.0,3,Card,CONFIRMED,Mumbai,118788,2026-08-28 04:50:09.774425,2026-08-28
TL-ORD-726022315E,9109.0,sess_b29556e95d1f47e0,2312,346.8,0,1965.2,5,Card,CONFIRMED,Bengaluru,584317,2026-09-01 02:25:42.981170,2026-09-01
TL-ORD-4D38F55312,9224.0,sess_17659348cb4a4612,869,130.35,99,837.65,3,UPI,CONFIRMED,Chennai,688047,2026-08-18 01:43:22.349290,2026-08-18
TL-ORD-374CCC26E5,,sess_f08fb16d72054d44,1034,0.0,0,1034.0,4,UPI,CONFIRMED,Hyderabad,224800,2026-09-12 11:58:47.481675,2026-09-12
TL-ORD-210438ED66,6291.0,sess_d74c2047336a4c8d,1724,0.0,0,1724.0,4,NetBanking,CONFIRMED,Hyderabad,162714,2026-09-07 13:10:31.763135,2026-09-07
TL-ORD-2211BAD7D7,6218.0,sess_20655908a6634e13,4299,0.0,0,4299.0,2,Card,CONFIRMED,Bengaluru,447512,2026-08-15 04:30:19.087972,2026-08-15
TL-ORD-E5B82EE914,11480.0,sess_9ec887ff7b8049cb,2238,335.7,0,1902.3,3,COD,CONFIRMED,Hyderabad,283362,2026-09-03 19:18:21.446114,2026-09-03
TL-ORD-360B309B03,9588.0,sess_9d6fb8d7e87e4d77,1564,234.6,0,1329.4,2,Card,CONFIRMED,Bengaluru,147187,2026-08-22 16:54:26.348744,2026-08-22
TL-ORD-477D178929,,sess_cb2f88b7d4a542e1,4758,0.0,0,4758.0,2,Card,CONFIRMED,Hyderabad,305429,2026-09-09 05:47:04.839823,2026-09-09
TL-ORD-CA025277E5,9397.0,sess_1b8162504d324df1,2195,0.0,0,2195.0,4,UPI,CONFIRMED,Bengaluru,613717,2026-08-28 21:35:16.759851,2026-08-28
TL-ORD-29572EDFA5,,sess_da0251c602bb4ee9,848,0.0,99,947.0,6,COD,CONFIRMED,Pune,654811,2026-08-31 10:47:27.778644,2026-08-31
TL-ORD-39452FF138,10981.0,sess_c69d4d4c7d0e4e04,5596,0.0,0,5596.0,2,UPI,CONFIRMED,Pune,305673,2026-09-01 15:31:45.991729,2026-09-01
TL-ORD-2F9B2AF9B6,,sess_eb74379426114fee,779,0.0,99,878.0,2,UPI,CONFIRMED,Delhi NCR,593720,2026-08-29 16:54:28.122390,2026-08-29
TL-ORD-7EAA478880,11000.0,sess_cd730b98a6ee4c78,550,82.5,99,566.5,5,UPI,CONFIRMED,Bengaluru,518264,2026-08-24 14:44:55.615951,2026-08-24
TL-ORD-E53C3FEAB7,8828.0,sess_0fdf8e24a6ed4dc7,2435,365.25,0,2069.75,2,UPI,CONFIRMED,Mumbai,349422,2026-08-31 14:28:50.939675,2026-08-31
TL-ORD-60A6821EBA,7050.0,sess_ebfe2465cf664c20,1450,217.5,0,1232.5,2,Card,CONFIRMED,Pune,197516,2026-08-21 16:05:31.491647,2026-08-21
TL-ORD-1F0F5BC23D,9248.0,sess_4c59605be9b94538,3282,0.0,0,3282.0,4,COD,CONFIRMED,Mumbai,674429,2026-08-19 08:26:04.367508,2026-08-19
TL-ORD-BC8ED5D264,6527.0,sess_fde45d80858c44b0,1670,0.0,0,1670.0,2,NetBanking,CONFIRMED,Delhi NCR,244343,2026-08-15 16:38:06.816214,2026-08-15
TL-ORD-DB0E285771,8770.0,sess_e1587ab8cfdb4ce7,1670,250.5,0,1419.5,2,UPI,CONFIRMED,Pune,588097,2026-09-05 19:27:03.286436,2026-09-05
TL-ORD-609AF11B20,,sess_7d4081a3fc224fc0,7844,1176.6,0,6667.4,2,NetBanking,CONFIRMED,Bengaluru,302358,2026-08-19 09:16:18.647122,2026-08-19
TL-ORD-C74295BE4F,10201.0,sess_34f3bb09fe98496f,3499,0.0,0,3499.0,3,UPI,CONFIRMED,Chennai,651986,2026-08-20 16:41:07.378205,2026-08-20
TL-ORD-C77FEB5504,10845.0,sess_6f0b87af3b1d4f79,5596,839.4,0,4756.6,2,Card,CONFIRMED,Mumbai,162659,2026-08-19 14:29:30.340822,2026-08-19
TL-ORD-1B924DD6AD,7719.0,sess_45140cac8fe74b11,2688,0.0,0,2688.0,2,Card,CONFIRMED,Bengaluru,291886,2026-09-02 06:17:00.360749,2026-09-02
TL-ORD-6D16DED6EF,,sess_0d05a19b6fde46ff,3316,497.4,0,2818.6,3,NetBanking,CONFIRMED,Delhi NCR,662503,2026-08-22 07:53:20.691726,2026-08-22
TL-ORD-251D79D6D4,10578.0,sess_0dc0fa5dc907499f,3899,584.85,0,3314.15,2,Card,CONFIRMED,Chennai,372832,2026-08-19 08:31:51.576114,2026-08-19
TL-ORD-0C1D34F9DE,6374.0,sess_66286355983e4f6c,4869,0.0,0,4869.0,3,UPI,CONFIRMED,Mumbai,428655,2026-09-07 02:59:14.438277,2026-09-07
TL-ORD-3D677AB4F1,,sess_70ffa9109da44de1,869,0.0,99,968.0,3,NetBanking,CONFIRMED,Delhi NCR,555895,2026-09-04 13:07:16.787572,2026-09-04
TL-ORD-CCD5E892AE,8651.0,sess_37705c2484034852,802,0.0,99,901.0,2,COD,CONFIRMED,Delhi NCR,115868,2026-09-07 12:36:34.012826,2026-09-07
TL-ORD-2E03BDD00D,9770.0,sess_533d18cb879946a8,4999,749.85,0,4249.15,3,COD,CONFIRMED,Mumbai,548202,2026-08-29 18:58:21.091621,2026-08-29
TL-ORD-0F4921170D,8390.0,sess_e82a1038e6eb4d3b,1774,0.0,0,1774.0,2,Card,CONFIRMED,Mumbai,563570,2026-08-23 04:56:27.546411,2026-08-23
TL-ORD-F78764DF45,11039.0,sess_98d2661b1ade4a24,1179,176.85,0,1002.15,2,Card,CONFIRMED,Delhi NCR,675758,2026-09-08 23:07:10.188544,2026-09-08
TL-ORD-1D56B73466,6070.0,sess_de5e4cdfe833414f,2794,419.1,0,2374.9,5,Card,CONFIRMED,Delhi NCR,172666,2026-08-18 02:36:02.679290,2026-08-18
TL-ORD-9D89B97635,7391.0,sess_8fd1c10dbaec451b,1774,0.0,0,1774.0,2,NetBanking,CONFIRMED,Mumbai,202873,2026-09-10 06:46:29.454931,2026-09-10
TL-ORD-BFB02296C4,9666.0,sess_29d4cead67434daf,4304,0.0,0,4304.0,4,UPI,CONFIRMED,Chennai,556206,2026-08-21 05:46:03.652847,2026-08-21
TL-ORD-FCB7C57FCD,7260.0,sess_189d8e6ab90047f9,1230,0.0,0,1230.0,4,COD,CONFIRMED,Pune,296817,2026-08-17 08:50:35.119996,2026-08-17
TL-ORD-CB61B82024,6799.0,sess_b57cc8d3d2d24881,1199,0.0,0,1199.0,2,NetBanking,CONFIRMED,Chennai,486613,2026-09-13 09:20:54.061483,2026-09-13
TL-ORD-87692A1376,10375.0,sess_feb25a6633b943ae,3670,0.0,0,3670.0,3,Card,CONFIRMED,Chennai,548765,2026-09-08 15:05:25.715187,2026-09-08
TL-ORD-B2344A819D,,sess_b12d79f22f38406f,642,96.3,99,644.7,5,COD,CONFIRMED,Bengaluru,588204,2026-09-13 14:59:59.233822,2026-09-13
TL-ORD-F4AAD7ADDE,11344.0,sess_a6ca248998e04232,2622,393.3,0,2228.7,3,COD,CONFIRMED,Bengaluru,604761,2026-08-15 01:02:36.506118,2026-08-15
TL-ORD-2F635EF157,11744.0,sess_ae79b10226b143da,7844,0.0,0,7844.0,2,COD,CONFIRMED,Chennai,247605,2026-08-30 12:42:35.398499,2026-08-30
TL-ORD-CF453F3B20,6026.0,sess_8143b5e81ffa408d,2589,0.0,0,2589.0,2,Card,CONFIRMED,Chennai,682081,2026-09-01 10:45:49.284175,2026-09-01
TL-ORD-D9F5DB5681,,sess_bd92a8a5d1464837,2036,305.4,0,1730.6,2,NetBanking,CONFIRMED,Delhi NCR,523928,2026-08-19 11:35:20.100313,2026-08-19
TL-ORD-7B25650919,7989.0,sess_62c1f80f3e404d0b,3143,471.45,0,2671.55,2,COD,CONFIRMED,Chennai,198277,2026-08-31 15:30:20.919325,2026-08-31
TL-ORD-D269047950,11727.0,sess_eb1aa99ce700475a,5322,798.3,0,4523.7,4,UPI,CONFIRMED,Hyderabad,377568,2026-09-05 22:47:19.492037,2026-09-05
TL-ORD-11007F2B15,7946.0,sess_481e713fac97424a,3938,590.7,0,3347.3,3,COD,CONFIRMED,Hyderabad,112575,2026-08-28 20:01:02.220264,2026-08-28
TL-ORD-9C84033703,,sess_dcb3193581684b55,5509,0.0,0,5509.0,5,NetBanking,CONFIRMED,Hyderabad,616116,2026-09-07 09:56:10.804055,2026-09-07
TL-ORD-16D73D9E7A,11647.0,sess_9b7a876becba46c6,1179,0.0,0,1179.0,2,COD,CONFIRMED,Chennai,431332,2026-09-13 10:49:39.880307,2026-09-13
TL-ORD-34494207DA,9115.0,sess_16ca6fad33a24142,2717,0.0,0,2717.0,3,COD,CONFIRMED,Delhi NCR,619918,2026-09-08 23:09:07.464578,2026-09-08
TL-ORD-777136C1F4,,sess_fa078de4804b4924,1994,0.0,0,1994.0,2,Card,CONFIRMED,Mumbai,193410,2026-08-20 22:16:31.855687,2026-08-20
TL-ORD-E5160CF77B,,sess_e872e42cd1314fb5,1882,282.3,0,1599.7,2,Card,CONFIRMED,Delhi NCR,141341,2026-09-13 13:14:57.078593,2026-09-13
TL-ORD-F5F1599F21,8516.0,sess_d5d7a24defda4264,4299,0.0,0,4299.0,2,NetBanking,CONFIRMED,Hyderabad,383042,2026-09-10 23:11:48.818171,2026-09-10
TL-ORD-E05A06E31B,11237.0,sess_aaabbd72ef1f41ed,1739,0.0,0,1739.0,5,UPI,CONFIRMED,Mumbai,684770,2026-08-22 21:41:51.291200,2026-08-22
TL-ORD-A79AA99101,7646.0,sess_fb205e697d5e461a,1847,0.0,0,1847.0,3,COD,CONFIRMED,Mumbai,114110,2026-08-18 08:26:57.009793,2026-08-18
TL-ORD-1A693C3CE7,6349.0,sess_37e3af6fb94a4235,1170,0.0,0,1170.0,5,COD,CONFIRMED,Chennai,238099,2026-09-08 05:00:53.486102,2026-09-08
TL-ORD-0E60E8F013,,sess_c7cdebcd946b4bf2,1179,176.85,0,1002.15,2,Card,CONFIRMED,Delhi NCR,643002,2026-08-21 22:27:47.121498,2026-08-21
TL-ORD-B61380AE88,7759.0,sess_c60db78cd4c7412a,2936,440.4,0,2495.6,4,COD,CONFIRMED,Mumbai,136602,2026-09-06 22:17:16.059057,2026-09-06
TL-ORD-3F6CF44543,9811.0,sess_bf59fbf35b524e55,1617,0.0,0,1617.0,3,NetBanking,CONFIRMED,Chennai,300010,2026-08-20 21:49:52.605530,2026-08-20
TL-ORD-127B39D7FE,7040.0,sess_db4164218d9149f5,1928,289.2,0,1638.8,2,UPI,CONFIRMED,Chennai,180688,2026-09-04 05:23:18.015904,2026-09-04
TL-ORD-5D926573E1,8115.0,sess_c3b8f78cef804d3d,4079,0.0,0,4079.0,2,NetBanking,CONFIRMED,Mumbai,454518,2026-09-04 18:41:48.316836,2026-09-04
TL-ORD-9F1E961A8D,10917.0,sess_b6d08e4ff8f04fef,2640,396.0,0,2244.0,3,COD,CONFIRMED,Hyderabad,664639,2026-08-15 09:15:09.625293,2026-08-15
TL-ORD-F9EBAD115F,6365.0,sess_34710a5314f14616,1339,0.0,0,1339.0,3,UPI,CONFIRMED,Chennai,292019,2026-08-17 17:46:14.559838,2026-08-17
TL-ORD-315E055693,9596.0,sess_b24af539381e44b6,6594,0.0,0,6594.0,3,Card,CONFIRMED,Hyderabad,385486,2026-09-06 06:31:34.376080,2026-09-06
TL-ORD-E16D308151,,sess_a136cb79a3694490,5184,777.6,0,4406.4,6,Card,CONFIRMED,Mumbai,298577,2026-08-30 13:18:04.179074,2026-08-30
TL-ORD-3A013D84EC,10141.0,sess_9463ce92463c4917,1210,0.0,0,1210.0,2,NetBanking,CONFIRMED,Pune,232652,2026-09-02 06:03:25.969372,2026-09-02
TL-ORD-B88CDF96FA,,sess_d2110267af5a4330,3481,522.15,0,2958.85,5,Card,CONFIRMED,Chennai,227881,2026-08-29 21:06:01.128555,2026-08-29
TL-ORD-4DA38F44B0,,sess_1b5395f2ccdf4714,2388,358.2,0,2029.8,4,UPI,CONFIRMED,Bengaluru,619705,2026-08-28 02:55:08.525860,2026-08-28
TL-ORD-8278418AED,6640.0,sess_d7d6ae541a11411e,1724,0.0,0,1724.0,4,NetBanking,CONFIRMED,Mumbai,588212,2026-09-05 14:52:08.590374,2026-09-05
TL-ORD-9AA11620C2,6570.0,sess_98ea8f4271284c0e,2499,374.85,0,2124.15,3,Card,CONFIRMED,Bengaluru,490336,2026-08-22 17:20:03.707895,2026-08-22
TL-ORD-FCE0408C93,,sess_91b93f0b54d0469b,984,147.6,99,935.4,5,UPI,CONFIRMED,Pune,282594,2026-08-16 02:33:47.048508,2026-08-16
TL-ORD-B86C209CED,,sess_3eee5812caf74686,4320,0.0,0,4320.0,4,COD,CONFIRMED,Pune,491566,2026-08-17 19:59:42.893717,2026-08-17
TL-ORD-AE51351D3D,11964.0,sess_f945832d37904bf9,2268,340.2,0,1927.8,3,UPI,CONFIRMED,Pune,175825,2026-09-10 17:53:34.874985,2026-09-10
TL-ORD-8C4789E238,7529.0,sess_17c2c1a9ecc0450b,4759,713.85,0,4045.15,4,COD,CONFIRMED,Mumbai,462474,2026-08-20 09:40:56.394709,2026-08-20
TL-ORD-2ED1589C2E,9869.0,sess_66162f8197d9427b,1875,281.25,0,1593.75,4,UPI,CONFIRMED,Hyderabad,465125,2026-08-23 09:55:11.644046,2026-08-23
TL-ORD-78DEF8C2E2,8036.0,sess_6ec6ddcc1d04478d,4304,0.0,0,4304.0,4,NetBanking,CONFIRMED,Mumbai,221335,2026-08-18 01:11:30.022578,2026-08-18
TL-ORD-51A5F7F744,6218.0,sess_8bb9905519ec491b,1684,252.6,0,1431.4,2,UPI,CONFIRMED,Bengaluru,677073,2026-08-19 13:50:11.191482,2026-08-19
TL-ORD-266AF65A36,11459.0,sess_280c4643cf2c4241,2550,382.5,0,2167.5,2,COD,CONFIRMED,Mumbai,372150,2026-09-05 08:51:15.348484,2026-09-05
TL-ORD-28A44C1B02,7704.0,sess_1fcd08adca684dbb,1791,0.0,0,1791.0,3,COD,CONFIRMED,Hyderabad,295551,2026-08-19 03:30:46.004517,2026-08-19
TL-ORD-53521209D0,6955.0,sess_54c0b668091145c1,1668,0.0,0,1668.0,3,Card,CONFIRMED,Bengaluru,321352,2026-09-02 17:46:50.668859,2026-09-02
TL-ORD-F498F5BA60,,sess_704b076757654c33,3537,530.55,0,3006.45,3,Card,CONFIRMED,Delhi NCR,375907,2026-08-17 02:45:16.455258,2026-08-17
TL-ORD-5C11A57B25,10737.0,sess_b175a6d993f7414e,3499,0.0,0,3499.0,3,NetBanking,CONFIRMED,Mumbai,317863,2026-09-09 14:30:27.143750,2026-09-09
TL-ORD-0260E7E0D9,,sess_9c354779283242a5,1199,0.0,0,1199.0,2,Card,CONFIRMED,Bengaluru,458992,2026-08-22 17:50:18.158674,2026-08-22
TL-ORD-74ED551F26,10219.0,sess_31484c2350d64cae,3985,0.0,0,3985.0,3,COD,CONFIRMED,Delhi NCR,474963,2026-08-28 17:36:38.987177,2026-08-28
TL-ORD-921F62AEB6,,sess_511196fb817448c0,1875,0.0,0,1875.0,4,UPI,CONFIRMED,Mumbai,346793,2026-09-02 15:21:18.083879,2026-09-02
TL-ORD-C2AB1ACE83,11253.0,sess_4f398b0d6ee34a0d,1739,260.85,0,1478.15,5,Card,CONFIRMED,Bengaluru,434461,2026-08-21 08:50:47.246593,2026-08-21
TL-ORD-E18BF5D009,,sess_ad81a858e2e943af,2199,0.0,0,2199.0,4,NetBanking,CONFIRMED,Delhi NCR,477430,2026-08-24 10:28:30.126035,2026-08-24
TL-ORD-56BE146E1C,8756.0,sess_98d146dd1c3d4026,2686,402.9,0,2283.1,4,Card,CONFIRMED,Pune,697413,2026-08-30 10:24:29.265053,2026-08-30
TL-ORD-DF91FC2F9F,10739.0,sess_0b5691c395c64f8a,1103,0.0,0,1103.0,5,Card,CONFIRMED,Pune,375417,2026-08-20 03:29:13.166198,2026-08-20
TL-ORD-CDCA007004,6029.0,sess_bdfd08c0508349e7,1107,166.05,0,940.95,4,Card,CONFIRMED,Mumbai,359720,2026-08-14 22:34:46.935045,2026-08-14
TL-ORD-496E0E89F9,,sess_c0f5fc630b4c4df8,1684,0.0,0,1684.0,2,Card,CONFIRMED,Delhi NCR,559474,2026-08-23 08:32:36.482897,2026-08-23
TL-ORD-7BAA158D34,6399.0,sess_808784160a784e97,1914,0.0,0,1914.0,3,COD,CONFIRMED,Mumbai,695818,2026-09-01 22:25:43.370756,2026-09-01
TL-ORD-F3FB63298E,,sess_b367909b932647f5,3090,463.5,0,2626.5,2,COD,CONFIRMED,Bengaluru,164745,2026-09-01 12:36:46.184883,2026-09-01
TL-ORD-C59B54B0E8,9743.0,sess_651c9ddb585c4813,2116,317.4,0,1798.6,2,UPI,CONFIRMED,Hyderabad,366152,2026-08-19 20:49:11.176951,2026-08-19
TL-ORD-6162C7A890,9583.0,sess_bdb60a80826143f9,1743,261.45,0,1481.55,3,Card,CONFIRMED,Delhi NCR,274648,2026-08-25 06:33:42.454640,2026-08-25
TL-ORD-DB0B1BEA99,10410.0,sess_31adf9fdb44a49ee,999,0.0,0,999.0,2,UPI,CONFIRMED,Pune,401285,2026-08-15 19:02:23.392812,2026-08-15
TL-ORD-C0B6DE548A,11190.0,sess_12bf345e60804e57,2268,340.2,0,1927.8,3,NetBanking,CONFIRMED,Chennai,635778,2026-08-21 07:20:58.213400,2026-08-21
TL-ORD-629032748D,9490.0,sess_d434e6c439794e5e,5596,839.4,0,4756.6,2,COD,CONFIRMED,Hyderabad,190669,2026-08-23 09:07:10.866464,2026-08-23
TL-ORD-C11BFFBC15,9763.0,sess_3eb6751367e4441b,2640,396.0,0,2244.0,3,NetBanking,CONFIRMED,Bengaluru,188528,2026-08-17 06:06:54.418688,2026-08-17
TL-ORD-84A2BE094E,,sess_7458a291e04e4e69,2799,419.85,0,2379.15,2,UPI,CONFIRMED,Chennai,460135,2026-08-24 17:33:52.381400,2026-08-24
TL-ORD-265E27AFB0,8130.0,sess_6231693890204e70,1899,0.0,0,1899.0,4,NetBanking,CONFIRMED,Mumbai,405779,2026-09-06 15:39:51.986994,2026-09-06
TL-ORD-6EB1C1C99D,7038.0,sess_98540ba1105d402b,5450,0.0,0,5450.0,2,UPI,CONFIRMED,Pune,578469,2026-08-22 03:08:08.357637,2026-08-22
TL-ORD-89E56C8155,,sess_d38cb0aa961d4e76,550,82.5,99,566.5,5,UPI,CONFIRMED,Delhi NCR,351099,2026-08-28 02:24:00.277059,2026-08-28
TL-ORD-17B5448182,11454.0,sess_8a6eb40eedbf4ff1,5659,848.85,0,4810.15,2,COD,CONFIRMED,Delhi NCR,396220,2026-08-26 06:02:42.841030,2026-08-26
TL-ORD-8E1E2AC2E7,,sess_7af692279d884e16,1739,260.85,0,1478.15,5,UPI,CONFIRMED,Delhi NCR,182137,2026-08-25 06:11:24.645698,2026-08-25
TL-ORD-214E56BC88,,sess_7af88d7cbce3420c,2673,0.0,0,2673.0,2,UPI,CONFIRMED,Delhi NCR,597550,2026-08-29 16:04:00.982290,2026-08-29
TL-ORD-40D161858A,8999.0,sess_8d405568d4c444ca,3316,0.0,0,3316.0,3,Card,CONFIRMED,Bengaluru,116394,2026-08-31 17:21:50.586962,2026-08-31
TL-ORD-0142B93035,8351.0,sess_f65e821a528b47ee,7844,1176.6,0,6667.4,2,COD,CONFIRMED,Bengaluru,205206,2026-09-01 05:29:41.966371,2026-09-01
TL-ORD-3A6D0F1C94,,sess_4be2bd75535b4cac,2116,317.4,0,1798.6,2,Card,CONFIRMED,Pune,517518,2026-08-26 10:54:07.492610,2026-08-26
TL-ORD-681F67E1BB,8143.0,sess_ffd64c837e894456,852,0.0,99,951.0,2,NetBanking,CONFIRMED,Chennai,494519,2026-09-08 20:57:03.714586,2026-09-08
TL-ORD-1B7202AD50,9595.0,sess_d4f3b283d74547a6,5499,0.0,0,5499.0,3,NetBanking,CONFIRMED,Delhi NCR,505808,2026-08-23 19:59:14.391391,2026-08-23
TL-ORD-C1EAC00D92,6797.0,sess_691b2fb48cd94e3a,3361,0.0,0,3361.0,4,NetBanking,CONFIRMED,Pune,505299,2026-08-24 04:46:45.473130,2026-08-24
TL-ORD-D80D8C8486,6346.0,sess_65bb93350707421c,577,0.0,99,676.0,2,Card,CONFIRMED,Hyderabad,215529,2026-09-11 02:30:47.319936,2026-09-11
TL-ORD-433555EB9D,11500.0,sess_207011014b3d4669,1954,0.0,0,1954.0,6,UPI,CONFIRMED,Hyderabad,190332,2026-09-02 03:59:58.008809,2026-09-02
TL-ORD-001CD4A9C3,,sess_2c43eb77e6e64b6f,1089,163.35,0,925.65,3,Card,CONFIRMED,Mumbai,391619,2026-09-03 20:42:30.395185,2026-09-03
TL-ORD-F1E718DC58,,sess_ae0bf242f28b4183,2538,380.7,0,2157.3,2,COD,CONFIRMED,Delhi NCR,679896,2026-08-19 09:53:56.492166,2026-08-19
TL-ORD-11366076A9,10042.0,sess_a23d71d8ffee4ba0,1179,0.0,0,1179.0,2,COD,CONFIRMED,Delhi NCR,497632,2026-09-12 00:09:17.171872,2026-09-12
TL-ORD-32CC07A781,8584.0,sess_d40ef00164384fdf,1199,179.85,0,1019.15,2,NetBanking,CONFIRMED,Delhi NCR,578678,2026-08-28 21:57:29.390603,2026-08-28
TL-ORD-A3272CD157,,sess_2b33473880c24a09,2450,367.5,0,2082.5,3,NetBanking,CONFIRMED,Hyderabad,432287,2026-09-10 00:05:34.524253,2026-09-10
TL-ORD-DB6971A24C,,sess_e6e84583fe044e5d,1251,187.65,0,1063.35,3,COD,CONFIRMED,Mumbai,468896,2026-09-07 10:02:14.496328,2026-09-07
TL-ORD-92A281853C,8551.0,sess_1d59cc75c229468a,2403,360.45,0,2042.55,2,COD,CONFIRMED,Chennai,356001,2026-08-29 01:50:17.669513,2026-08-29
TL-ORD-4D7D749B42,9751.0,sess_7bb1faabfba947a7,4869,0.0,0,4869.0,3,UPI,CONFIRMED,Mumbai,127464,2026-09-13 19:04:12.848870,2026-09-13
TL-ORD-57CE2E2FF6,10154.0,sess_9605bc15852a497b,4965,744.75,0,4220.25,4,Card,CONFIRMED,Mumbai,120282,2026-09-03 04:23:00.690001,2026-09-03
TL-ORD-9E0748000E,11057.0,sess_17a082f598664975,2403,0.0,0,2403.0,2,NetBanking,CONFIRMED,Pune,518066,2026-09-09 22:17:15.007238,2026-09-09
TL-ORD-1DFF2D5FA3,6181.0,sess_fbb623fa2b664650,4132,0.0,0,4132.0,2,COD,CONFIRMED,Hyderabad,657173,2026-08-25 12:43:43.116584,2026-08-25
TL-ORD-3CE1B58485,,sess_2b43ba343f5d4658,2339,350.85,0,1988.15,2,NetBanking,CONFIRMED,Mumbai,664416,2026-09-05 19:40:46.879734,2026-09-05
TL-ORD-ED279F9F9E,,sess_6a50af4405e3469c,3090,0.0,0,3090.0,2,UPI,CONFIRMED,Pune,292971,2026-08-26 09:36:11.293870,2026-08-26
TL-ORD-5723C80A5F,7827.0,sess_3d1e8c4ba8c14ade,1899,0.0,0,1899.0,4,NetBanking,CONFIRMED,Chennai,471735,2026-08-23 22:28:57.158796,2026-08-23
TL-ORD-1084E6898B,8082.0,sess_bd290d5471ee4870,6594,0.0,0,6594.0,3,COD,CONFIRMED,Mumbai,537341,2026-08-23 21:22:13.899073,2026-08-23
TL-ORD-F8B253B5B5,6260.0,sess_e91f96956b2e49b1,2773,0.0,0,2773.0,2,COD,CONFIRMED,Chennai,581242,2026-08-29 20:52:48.198253,2026-08-29
TL-ORD-6ECD903639,9952.0,sess_84ca3593f7514733,3481,0.0,0,3481.0,5,Card,CONFIRMED,Mumbai,400042,2026-09-11 19:37:28.252070,2026-09-11
TL-ORD-2F99929D5F,,sess_8c4f5752fd0e45ed,4817,722.55,0,4094.45,2,NetBanking,CONFIRMED,Delhi NCR,423104,2026-08-25 17:40:38.037201,2026-08-25
TL-ORD-0400C239F8,8898.0,sess_1bea034352684f05,2499,374.85,0,2124.15,3,NetBanking,CONFIRMED,Chennai,141046,2026-08-27 03:27:56.698475,2026-08-27
TL-ORD-11A0AF8DB0,11306.0,sess_f2cd1585cb844c4a,2199,0.0,0,2199.0,4,UPI,CONFIRMED,Chennai,351194,2026-08-26 18:30:48.352475,2026-08-26
TL-ORD-2AF897FA95,,sess_624eac5e38534d2a,852,127.8,99,823.2,2,COD,CONFIRMED,Mumbai,386838,2026-09-09 12:20:03.521170,2026-09-09
TL-ORD-15D36B32C5,,sess_ded3275ddba14d35,1533,229.95,0,1303.05,2,COD,CONFIRMED,Mumbai,651482,2026-08-22 22:04:09.318701,2026-08-22
TL-ORD-26EA938E9B,7116.0,sess_99ed495b58384e61,5450,817.5,0,4632.5,2,NetBanking,CONFIRMED,Delhi NCR,435214,2026-09-12 06:10:50.207491,2026-09-12
TL-ORD-1C2EA71CAB,11675.0,sess_10917fb382334af9,2334,0.0,0,2334.0,5,Card,CONFIRMED,Chennai,363406,2026-08-18 18:53:20.169184,2026-08-18
TL-ORD-4236F8198E,11606.0,sess_d3e32231184e4daf,3421,0.0,0,3421.0,6,UPI,CONFIRMED,Pune,472963,2026-09-12 09:47:35.560723,2026-09-12
TL-ORD-55B7442686,,sess_fbeed484e9634171,3019,0.0,0,3019.0,2,Card,CONFIRMED,Mumbai,358533,2026-09-12 15:25:05.646165,2026-09-12
TL-ORD-BB08360056,10148.0,sess_1654be36672543ca,1244,0.0,0,1244.0,3,UPI,CONFIRMED,Chennai,685201,2026-09-01 21:08:45.882228,2026-09-01
TL-ORD-9653C20A0B,7788.0,sess_9314c361b2304ac2,1914,287.1,0,1626.9,3,NetBanking,CONFIRMED,Hyderabad,535477,2026-09-02 13:47:42.480540,2026-09-02
TL-ORD-EFA1EF58D2,8238.0,sess_ee12d3b7e46e4764,1389,0.0,0,1389.0,3,NetBanking,CONFIRMED,Pune,512171,2026-08-28 05:42:42.299059,2026-08-28
TL-ORD-E13E534913,11694.0,sess_7de5b15f44c8442d,3316,0.0,0,3316.0,3,COD,CONFIRMED,Pune,676703,2026-08-28 17:34:22.218709,2026-08-28
TL-ORD-1C7749E033,8827.0,sess_a8b5143de4ac4a80,4958,743.7,0,4214.3,3,UPI,CONFIRMED,Hyderabad,138259,2026-08-28 01:59:34.265138,2026-08-28
TL-ORD-D88187E3C2,,sess_f39fd6411bf14af7,1044,0.0,0,1044.0,3,COD,CONFIRMED,Bengaluru,653278,2026-08-25 19:13:58.894126,2026-08-25
TL-ORD-03DAC74D1E,,sess_5eead7c7dd3b4a79,4700,705.0,0,3995.0,3,COD,CONFIRMED,Delhi NCR,517279,2026-08-30 12:13:08.515901,2026-08-30
TL-ORD-981BABBC95,,sess_3b22b2d19c184a86,751,0.0,99,850.0,4,NetBanking,CONFIRMED,Delhi NCR,465001,2026-09-02 01:56:30.917103,2026-09-02
TL-ORD-F637E6ECCD,,sess_83b622761f014350,4499,674.85,0,3824.15,2,UPI,CONFIRMED,Pune,316264,2026-09-08 06:18:21.869551,2026-09-08
TL-ORD-BE2DFEE06E,,sess_6714a7cbdd84441f,1914,0.0,0,1914.0,3,UPI,CONFIRMED,Hyderabad,443391,2026-08-21 04:44:08.365104,2026-08-21
TL-ORD-0AB8793270,6631.0,sess_a849b3cdc32545d1,779,0.0,99,878.0,2,COD,CONFIRMED,Mumbai,387193,2026-08-15 23:10:18.379296,2026-08-15
TL-ORD-4B689D8530,11330.0,sess_8ddff88e6cdc4401,5450,0.0,0,5450.0,2,UPI,CONFIRMED,Pune,355798,2026-08-23 09:32:40.561487,2026-08-23
TL-ORD-5130BB2C10,8540.0,sess_c8e6c1d8cdb741a4,2312,0.0,0,2312.0,5,NetBanking,CONFIRMED,Hyderabad,199799,2026-08-23 10:29:40.275141,2026-08-23
TL-ORD-54139056C5,6910.0,sess_3fb61c0ca92d4e0d,2631,0.0,0,2631.0,2,Card,CONFIRMED,Hyderabad,488818,2026-09-08 19:15:44.548954,2026-09-08
TL-ORD-0169387BDF,11264.0,sess_963853d140cd4d13,3233,484.95,0,2748.05,3,NetBanking,CONFIRMED,Chennai,689951,2026-09-06 22:18:51.953966,2026-09-06
TL-ORD-4920989930,6773.0,sess_859f66789a50445d,2936,0.0,0,2936.0,4,UPI,CONFIRMED,Hyderabad,168945,2026-09-13 14:18:31.672378,2026-09-13
TL-ORD-086E876A20,6120.0,sess_6f5d2db961e94d30,3556,0.0,0,3556.0,2,Card,CONFIRMED,Hyderabad,141513,2026-09-06 22:11:53.294065,2026-09-06
TL-ORD-649EE72F04,,sess_c62b108f43974c81,642,96.3,99,644.7,5,UPI,CONFIRMED,Chennai,119121,2026-08-15 22:25:39.961511,2026-08-15
TL-ORD-432E7A25FC,7541.0,sess_f881077feef04165,1791,268.65,0,1522.35,3,UPI,CONFIRMED,Hyderabad,166857,2026-09-02 20:22:17.992198,2026-09-02
TL-ORD-1837A0A6EC,7772.0,sess_d273c18dcf0345d5,1971,0.0,0,1971.0,3,UPI,CONFIRMED,Chennai,446046,2026-08-30 19:36:57.073833,2026-08-30
TL-ORD-884D6702F9,,sess_f0ec21b782804328,999,0.0,0,999.0,2,NetBanking,CONFIRMED,Mumbai,162962,2026-09-10 11:56:41.730236,2026-09-10
TL-ORD-39A8290087,10336.0,sess_ea13509f5b1845ca,3499,0.0,0,3499.0,2,NetBanking,CONFIRMED,Pune,175279,2026-08-18 13:40:19.279830,2026-08-18
TL-ORD-495E9BEFD6,6549.0,sess_a32b60a99f9d4a95,3367,0.0,0,3367.0,3,UPI,CONFIRMED,Hyderabad,521502,2026-09-04 22:31:48.569578,2026-09-04
TL-ORD-60D225CDAE,10648.0,sess_e1046d04dab94603,1506,225.9,0,1280.1,3,COD,CONFIRMED,Mumbai,616054,2026-08-18 17:04:24.402308,2026-08-18
TL-ORD-50D90098D3,8685.0,sess_948ca1a1cb3c4959,1829,0.0,0,1829.0,6,NetBanking,CONFIRMED,Pune,297020,2026-08-19 21:21:08.447693,2026-08-19
TL-ORD-147B94F399,,sess_c3a17b8618294e73,3556,0.0,0,3556.0,2,UPI,CONFIRMED,Chennai,542537,2026-09-13 12:29:53.386129,2026-09-13
TL-ORD-0B5ABE1A32,,sess_d43f786a6e5740b7,1564,234.6,0,1329.4,2,NetBanking,CONFIRMED,Mumbai,215269,2026-09-06 08:09:04.958784,2026-09-06
TL-ORD-6079740726,9490.0,sess_88351b40636048c3,1263,0.0,0,1263.0,5,UPI,CONFIRMED,Bengaluru,590105,2026-09-06 00:43:39.342725,2026-09-06
TL-ORD-30403ECA73,,sess_9de4f2dbe77442cd,2631,0.0,0,2631.0,2,UPI,CONFIRMED,Hyderabad,526249,2026-08-20 21:52:29.939667,2026-08-20
TL-ORD-EDC4B37D00,,sess_a9c24bd98e164005,2029,304.35,0,1724.65,5,COD,CONFIRMED,Mumbai,690304,2026-08-29 21:37:02.309451,2026-08-29
TL-ORD-9D273E1B3F,6944.0,sess_afe21544ae144acc,1389,208.35,0,1180.65,3,NetBanking,CONFIRMED,Pune,520699,2026-08-24 19:56:44.857825,2026-08-24
TL-ORD-902D71C666,8445.0,sess_d44c0ff68110421a,3748,0.0,0,3748.0,2,Card,CONFIRMED,Chennai,632775,2026-08-26 13:29:48.232093,2026-08-26
TL-ORD-EE8875C7CE,9956.0,sess_52483750196b4335,869,0.0,99,968.0,3,NetBanking,CONFIRMED,Mumbai,252604,2026-08-28 08:29:14.116636,2026-08-28
TL-ORD-7E01F49B49,,sess_39e7bd4210cf41df,7008,0.0,0,7008.0,3,Card,CONFIRMED,Chennai,659816,2026-09-03 18:34:23.958771,2026-09-03
TL-ORD-7C7DFBFB4F,6921.0,sess_a2c8ee5242d44aeb,4759,713.85,0,4045.15,4,COD,CONFIRMED,Chennai,559452,2026-08-16 00:00:23.013334,2026-08-16
TL-ORD-011DB0F920,8660.0,sess_cde2612017b947ef,2631,394.65,0,2236.35,2,COD,CONFIRMED,Bengaluru,151119,2026-08-28 16:57:00.362021,2026-08-28
TL-ORD-C399DF3E7C,6033.0,sess_974eb02359304ba4,4481,672.15,0,3808.85,5,COD,CONFIRMED,Pune,477951,2026-09-03 18:02:39.804357,2026-09-03
TL-ORD-B0E10154D4,10532.0,sess_6475e4e08aca4f0c,1739,260.85,0,1478.15,5,COD,CONFIRMED,Pune,669548,2026-08-31 23:32:47.764987,2026-08-31
TL-ORD-95DDDE99F3,,sess_1b77fc8f24e4436e,2589,0.0,0,2589.0,2,UPI,CONFIRMED,Chennai,126520,2026-09-12 18:33:18.874905,2026-09-12
TL-ORD-068174C904,10548.0,sess_b52bec11c99643f1,3471,0.0,0,3471.0,3,UPI,CONFIRMED,Bengaluru,605277,2026-08-22 15:13:48.675517,2026-08-22
TL-ORD-16804B761E,,sess_ab22c91cbed14e00,3576,0.0,0,3576.0,6,COD,CONFIRMED,Pune,573112,2026-09-03 20:13:20.951712,2026-09-03
TL-ORD-6D2B5EAD2C,7673.0,sess_dc49742c8ae947d6,1899,0.0,0,1899.0,2,Card,CONFIRMED,Hyderabad,676568,2026-09-04 17:12:55.460879,2026-09-04
TL-ORD-1D09DE1E28,6742.0,sess_d5e41364cee4432d,2403,360.45,0,2042.55,2,COD,CONFIRMED,Bengaluru,523144,2026-08-30 08:17:33.319854,2026-08-30
TL-ORD-A9E2512648,11925.0,sess_44828a9951154fcd,1660,249.0,0,1411.0,2,Card,CONFIRMED,Bengaluru,512769,2026-09-08 09:36:13.258896,2026-09-08
TL-ORD-4686A8DB69,8336.0,sess_3ad1a3556ace499a,4958,743.7,0,4214.3,3,COD,CONFIRMED,Chennai,527350,2026-08-23 16:26:15.891799,2026-08-23
TL-ORD-9BEE538275,,sess_0133e1afc89145ad,2617,0.0,0,2617.0,4,COD,CONFIRMED,Chennai,346448,2026-08-28 08:02:08.695633,2026-08-28
TL-ORD-D1F4CBA3C6,8655.0,sess_d0d61aa6d1364364,1107,166.05,0,940.95,4,UPI,CONFIRMED,Mumbai,471461,2026-08-25 17:13:36.455939,2026-08-25
TL-ORD-DCA54BAAB2,,sess_58d0051464854863,1542,0.0,0,1542.0,5,COD,CONFIRMED,Chennai,469588,2026-08-30 19:38:50.807545,2026-08-30
TL-ORD-3587D2DFF9,6643.0,sess_b6b8f060e6e44a8b,869,130.35,99,837.65,3,UPI,CONFIRMED,Mumbai,336150,2026-09-03 19:09:18.110774,2026-09-03
TL-ORD-CFCE4F13EA,,sess_f5d989d22c3f4a9c,1339,0.0,0,1339.0,3,NetBanking,CONFIRMED,Chennai,253877,2026-08-15 03:52:28.914338,2026-08-15
TL-ORD-AEC33AA59D,9926.0,sess_0f5509627bdb4afc,1506,0.0,0,1506.0,3,COD,CONFIRMED,Delhi NCR,476603,2026-09-04 05:56:44.829174,2026-09-04
TL-ORD-BD79908C42,8063.0,sess_32263cde32414592,3748,0.0,0,3748.0,2,COD,CONFIRMED,Delhi NCR,198990,2026-09-10 08:28:30.823645,2026-09-10
TL-ORD-B8AE34A805,11512.0,sess_705dc4bc1c7f4b78,7008,1051.2,0,5956.8,3,UPI,CONFIRMED,Bengaluru,631323,2026-08-29 06:51:02.800844,2026-08-29
TL-ORD-016418167A,8252.0,sess_7344440719b04611,1875,281.25,0,1593.75,4,COD,CONFIRMED,Bengaluru,486388,2026-08-17 13:30:21.753971,2026-08-17
TL-ORD-8ED622DE10,9072.0,sess_5e5cb8d129dd44d2,1322,0.0,0,1322.0,4,UPI,CONFIRMED,Mumbai,570512,2026-08-29 17:33:05.508404,2026-08-29
TL-ORD-F7B2C9B1AB,11213.0,sess_aedd68f579004250,1847,0.0,0,1847.0,3,COD,CONFIRMED,Pune,245245,2026-09-08 11:35:32.955544,2026-09-08
TL-ORD-078B3B9E35,7541.0,sess_42b8e6fd9eef4ee5,5816,0.0,0,5816.0,2,Card,CONFIRMED,Hyderabad,343615,2026-08-30 20:04:39.122704,2026-08-30
TL-ORD-0B6F281A0E,9806.0,sess_4d1d2b813b9741cc,4758,713.7,0,4044.3,2,COD,CONFIRMED,Hyderabad,243847,2026-08-27 11:49:51.235717,2026-08-27
TL-ORD-0C3BBDFA8C,7106.0,sess_bb1c0e78fa144d17,2172,0.0,0,2172.0,6,COD,CONFIRMED,Delhi NCR,177362,2026-09-03 06:58:33.798676,2026-09-03
TL-ORD-37E0C9D6C9,6907.0,sess_d6e9d572bd864990,3389,0.0,0,3389.0,2,NetBanking,CONFIRMED,Delhi NCR,177077,2026-09-05 12:33:42.622854,2026-09-05
TL-ORD-270AE1545F,10425.0,sess_d7888321f3884dbe,1728,0.0,0,1728.0,2,COD,CONFIRMED,Mumbai,550868,2026-08-27 01:01:44.343682,2026-08-27
TL-ORD-9F7B2A67BE,,sess_8a5c8533204547f8,1044,0.0,0,1044.0,3,Card,CONFIRMED,Bengaluru,477389,2026-08-21 17:05:57.816739,2026-08-21
TL-ORD-3A877D1718,,sess_f0b23f68ba364c31,7008,1051.2,0,5956.8,3,COD,CONFIRMED,Delhi NCR,624091,2026-08-25 11:04:52.552905,2026-08-25
TL-ORD-D58A5F69B2,11625.0,sess_75c9c383735f4955,984,0.0,99,1083.0,5,Card,CONFIRMED,Pune,652876,2026-09-13 18:08:34.967630,2026-09-13
TL-ORD-CFBAF9E076,6548.0,sess_cccd0527280f4041,6489,0.0,0,6489.0,2,UPI,CONFIRMED,Pune,318552,2026-09-05 08:01:22.732382,2026-09-05
TL-ORD-9F5D197B46,,sess_e1b16d350b9e4cab,3712,0.0,0,3712.0,2,Card,CONFIRMED,Chennai,273939,2026-09-08 21:02:33.641572,2026-09-08
TL-ORD-74622AF8B6,,sess_6f9a3846f3564ae7,4284,0.0,0,4284.0,2,Card,CONFIRMED,Delhi NCR,606905,2026-08-30 20:22:28.079046,2026-08-30
TL-ORD-1F6C245D11,,sess_419bfc941e644680,3152,472.8,0,2679.2,2,UPI,CONFIRMED,Bengaluru,465048,2026-08-15 02:43:19.423093,2026-08-15
TL-ORD-2EA6A48035,11218.0,sess_468bcfaa299b4d22,7844,0.0,0,7844.0,2,Card,CONFIRMED,Delhi NCR,172939,2026-08-25 19:55:29.353610,2026-08-25
TL-ORD-C84EBBF8BC,10359.0,sess_102ca547e6604d2f,2637,395.55,0,2241.45,3,UPI,CONFIRMED,Delhi NCR,336621,2026-08-16 02:30:27.771219,2026-08-16
TL-ORD-6247348994,,sess_c7d8c3ad465f445d,4617,0.0,0,4617.0,2,UPI,CONFIRMED,Pune,238222,2026-09-01 17:55:11.797071,2026-09-01
TL-ORD-AD31783D11,,sess_4ec61e72424a468d,2029,304.35,0,1724.65,5,UPI,CONFIRMED,Chennai,297652,2026-08-29 12:50:08.899161,2026-08-29
TL-ORD-7D33B1F9DC,8543.0,sess_a04b853645ed4d8b,2438,365.7,0,2072.3,3,Card,CONFIRMED,Chennai,204874,2026-09-04 16:12:30.706467,2026-09-04
TL-ORD-136FC6B5B4,7481.0,sess_9b3383951c6849ca,2235,335.25,0,1899.75,3,UPI,CONFIRMED,Bengaluru,187472,2026-08-29 18:10:36.043784,2026-08-29
TL-ORD-1B939D865B,,sess_af266ddcd74b4dc2,6999,0.0,0,6999.0,2,COD,CONFIRMED,Chennai,336445,2026-09-04 07:59:45.929900,2026-09-04
TL-ORD-127D8E5DC9,6956.0,sess_8c72a40f2c024e95,1994,0.0,0,1994.0,2,Card,CONFIRMED,Hyderabad,530290,2026-08-21 04:20:47.229419,2026-08-21
TL-ORD-397724F195,8695.0,sess_2c94d21e5c6f41cb,2199,0.0,0,2199.0,4,COD,CONFIRMED,Pune,548605,2026-08-28 16:12:44.016291,2026-08-28
TL-ORD-7A831BFD0B,9408.0,sess_980b5f2fd856425e,779,116.85,99,761.15,2,NetBanking,CONFIRMED,Delhi NCR,474555,2026-08-19 15:28:19.068299,2026-08-19
TL-ORD-CAFF8F970D,7409.0,sess_d2a47bcb39d14dfd,3621,0.0,0,3621.0,3,UPI,CONFIRMED,Chennai,553280,2026-09-10 12:40:59.024370,2026-09-10
TL-ORD-E4D973F4C8,6545.0,sess_469e94af8fcd439a,1684,252.6,0,1431.4,2,NetBanking,CONFIRMED,Bengaluru,356494,2026-09-02 13:39:42.844064,2026-09-02
TL-ORD-3A1D57A1C2,8425.0,sess_0d74e2426b944d54,829,124.35,99,803.65,6,NetBanking,CONFIRMED,Bengaluru,681677,2026-08-17 19:32:38.721401,2026-08-17
TL-ORD-A4FFAC9376,8223.0,sess_871483d06cad4efb,1210,181.5,0,1028.5,2,Card,CONFIRMED,Mumbai,333010,2026-08-23 06:01:58.634610,2026-08-23
TL-ORD-618079549C,8127.0,sess_a4e7da36b2db48fc,3844,0.0,0,3844.0,2,Card,CONFIRMED,Chennai,658649,2026-08-26 18:29:53.270645,2026-08-26
TL-ORD-7E29FF73A2,7554.0,sess_925f1a6108814744,2199,0.0,0,2199.0,4,UPI,CONFIRMED,Delhi NCR,120231,2026-09-11 16:47:52.699349,2026-09-11
TL-ORD-D236FA9333,,sess_f3cc49b086e74b14,5659,0.0,0,5659.0,2,COD,CONFIRMED,Pune,462673,2026-09-07 15:51:02.047874,2026-09-07
TL-ORD-2586B5AC23,11656.0,sess_e355591d13714b8e,1844,0.0,0,1844.0,3,UPI,CONFIRMED,Bengaluru,142342,2026-08-21 15:54:23.880355,2026-08-21
TL-ORD-D65666C39D,11712.0,sess_81fa4f098a6042d3,4304,645.6,0,3658.4,4,UPI,CONFIRMED,Bengaluru,540452,2026-08-24 07:51:05.632043,2026-08-24
TL-ORD-90382DE260,11393.0,sess_5e8fc0983d444912,6999,0.0,0,6999.0,2,COD,CONFIRMED,Pune,272637,2026-08-18 09:15:49.055224,2026-08-18
TL-ORD-A9CB869924,11714.0,sess_c5b452122bf248ad,751,112.65,99,737.35,4,UPI,CONFIRMED,Bengaluru,240052,2026-09-09 01:26:08.083484,2026-09-09
TL-ORD-DD095ED2FF,7095.0,sess_6b8778d3091f498a,1061,159.15,0,901.85,3,NetBanking,CONFIRMED,Mumbai,297051,2026-08-29 17:53:16.904921,2026-08-29
TL-ORD-80530F83F0,6065.0,sess_e18dd946886b4618,4168,0.0,0,4168.0,3,UPI,CONFIRMED,Bengaluru,591770,2026-09-05 14:24:44.728422,2026-09-05
TL-ORD-40F0D19101,,sess_9d7470b9daae4e36,3041,456.15,0,2584.85,4,NetBanking,CONFIRMED,Chennai,412097,2026-08-31 08:03:22.618376,2026-08-31
TL-ORD-6F9B7EF537,6077.0,sess_dc32a227d3ab4f56,1230,0.0,0,1230.0,4,UPI,CONFIRMED,Mumbai,533462,2026-08-23 20:28:20.297211,2026-08-23
TL-ORD-273069908D,9760.0,sess_7ce198740ab04db2,1668,0.0,0,1668.0,3,NetBanking,CONFIRMED,Mumbai,616520,2026-08-22 09:34:21.618019,2026-08-22
TL-ORD-FB4E837D2F,7103.0,sess_93355ac08c2342a2,5816,872.4,0,4943.6,2,UPI,CONFIRMED,Bengaluru,143705,2026-08-17 12:51:54.943059,2026-08-17
TL-ORD-E6F087A50B,,sess_636aa36ad7a34f50,3577,536.55,0,3040.45,2,Card,CONFIRMED,Bengaluru,313397,2026-09-08 19:07:46.119435,2026-09-08
TL-ORD-66888512A5,7669.0,sess_b35d605e729f4ad0,1389,208.35,0,1180.65,3,NetBanking,CONFIRMED,Hyderabad,683742,2026-08-21 14:19:30.070740,2026-08-21
TL-ORD-A5EDF121A9,7240.0,sess_c993d1e553c14bcb,2108,316.2,0,1791.8,6,Card,CONFIRMED,Chennai,649255,2026-09-09 07:33:23.287206,2026-09-09
TL-ORD-9FB97CD616,9642.0,sess_bdf2e81ec6ca4bee,1899,0.0,0,1899.0,4,Card,CONFIRMED,Bengaluru,160996,2026-08-23 08:06:32.436089,2026-08-23
TL-ORD-A0FBA176EC,,sess_5340f3f8ad21470a,1772,265.8,0,1506.2,6,COD,CONFIRMED,Chennai,468871,2026-08-16 16:48:32.819977,2026-08-16
TL-ORD-6A954957D2,6073.0,sess_8d33d119512842f2,6188,0.0,0,6188.0,2,COD,CONFIRMED,Hyderabad,617869,2026-08-31 07:20:57.651343,2026-08-31
TL-ORD-E26D6E3685,,sess_b2bff63a0e834456,3899,584.85,0,3314.15,2,NetBanking,CONFIRMED,Delhi NCR,469657,2026-08-23 16:05:47.397944,2026-08-23
TL-ORD-653F8B8F70,10118.0,sess_27f727f760b24ad5,2839,0.0,0,2839.0,4,COD,CONFIRMED,Delhi NCR,409084,2026-08-22 04:02:12.654739,2026-08-22
TL-ORD-19355C5A4E,,sess_bd63caf4592e46b0,6594,989.1,0,5604.9,3,Card,CONFIRMED,Pune,358265,2026-09-03 10:00:01.206509,2026-09-03
TL-ORD-39A9AFDFA9,9884.0,sess_ef1ae0695a66499a,2999,0.0,0,2999.0,3,NetBanking,CONFIRMED,Hyderabad,321031,2026-09-08 14:52:51.762560,2026-09-08
TL-ORD-7A68752FBC,8803.0,sess_c3750efe99ea4af3,2108,316.2,0,1791.8,6,COD,CONFIRMED,Bengaluru,476908,2026-08-18 14:19:39.303007,2026-08-18
TL-ORD-471AD7B99D,7703.0,sess_c3eb629a50d04ca7,1107,0.0,0,1107.0,4,NetBanking,CONFIRMED,Mumbai,617360,2026-08-17 08:40:57.524281,2026-08-17
TL-ORD-4065EE8EB8,8042.0,sess_a172a4f667464b87,2662,399.3,0,2262.7,2,Card,CONFIRMED,Chennai,249684,2026-08-17 23:37:33.361631,2026-08-17
TL-ORD-6FB4DF9059,8253.0,sess_ea73e92f819541c2,2435,0.0,0,2435.0,2,COD,CONFIRMED,Hyderabad,431875,2026-08-21 16:24:09.483926,2026-08-21
TL-ORD-617919F812,11700.0,sess_54b0e412e2c94ce2,6999,1049.85,0,5949.15,2,UPI,CONFIRMED,Hyderabad,375917,2026-09-06 20:26:46.083027,2026-09-06
TL-ORD-5F96631458,,sess_d13de938d8f8427f,2640,396.0,0,2244.0,3,COD,CONFIRMED,Pune,602084,2026-08-25 18:12:32.403144,2026-08-25
TL-ORD-7994D70A06,6537.0,sess_2593ce86a5f54ed5,1829,0.0,0,1829.0,2,Card,CONFIRMED,Delhi NCR,228970,2026-09-02 19:08:42.793519,2026-09-02
TL-ORD-6A2440296C,,sess_fbd03c1821aa4f15,2839,0.0,0,2839.0,4,COD,CONFIRMED,Pune,275036,2026-08-27 00:40:35.629462,2026-08-27
TL-ORD-68776A8D35,6316.0,sess_41239ea1640f4388,2589,0.0,0,2589.0,2,NetBanking,CONFIRMED,Bengaluru,585066,2026-08-18 09:07:12.548616,2026-08-18
TL-ORD-CD7F0BBBD2,,sess_a2a473d278804b3e,4897,734.55,0,4162.45,3,NetBanking,CONFIRMED,Delhi NCR,490871,2026-09-13 16:36:04.060019,2026-09-13
TL-ORD-03CF20D7ED,7485.0,sess_e19838c9fdbd4995,2799,419.85,0,2379.15,2,UPI,CONFIRMED,Bengaluru,263321,2026-08-20 01:55:30.728665,2026-08-20
TL-ORD-97DE3DD991,9285.0,sess_f447b44aa3984444,2388,0.0,0,2388.0,4,UPI,CONFIRMED,Pune,545595,2026-08-15 15:53:30.429739,2026-08-15
TL-ORD-7A4577AD8C,9749.0,sess_81e758e897b4412f,1875,0.0,0,1875.0,4,Card,CONFIRMED,Bengaluru,630885,2026-09-09 11:57:37.118952,2026-09-09
TL-ORD-ED299F5E5B,8790.0,sess_1a05755bea67447f,1061,0.0,0,1061.0,3,NetBanking,CONFIRMED,Hyderabad,168617,2026-08-21 16:45:42.623290,2026-08-21
TL-ORD-3500CD3559,,sess_0ff8972d08f04399,3019,452.85,0,2566.15,2,NetBanking,CONFIRMED,Chennai,342394,2026-09-11 19:24:15.299101,2026-09-11
TL-ORD-D48316C921,6151.0,sess_69785f60dfd248e8,1844,276.6,0,1567.4,3,COD,CONFIRMED,Hyderabad,224639,2026-08-20 11:00:23.440237,2026-08-20
TL-ORD-DDA0A3A799,10172.0,sess_ac101f0513724822,3177,0.0,0,3177.0,3,Card,CONFIRMED,Delhi NCR,440126,2026-08-15 16:48:02.505563,2026-08-15
TL-ORD-4549E0047F,11801.0,sess_b4e2cef7cb97465c,2238,335.7,0,1902.3,3,UPI,CONFIRMED,Pune,666444,2026-09-02 19:49:43.600739,2026-09-02
TL-ORD-DCC37483D0,6591.0,sess_2d0664639c8242c6,5596,0.0,0,5596.0,2,NetBanking,CONFIRMED,Delhi NCR,298244,2026-08-19 01:40:33.248445,2026-08-19
TL-ORD-CF94457D0B,8087.0,sess_b7e83ed4043e43d2,1500,225.0,0,1275.0,3,COD,CONFIRMED,Hyderabad,515246,2026-08-29 12:21:54.593076,2026-08-29
TL-ORD-A83888A713,7814.0,sess_d51ed608071e4d27,2195,329.25,0,1865.75,4,Card,CONFIRMED,Bengaluru,447301,2026-08-26 19:36:53.110361,2026-08-26
TL-ORD-A61BA9FDB3,6141.0,sess_aec3e33257684104,3499,0.0,0,3499.0,3,COD,CONFIRMED,Pune,477906,2026-09-01 07:31:20.094281,2026-09-01
TL-ORD-AB0C2ECB58,9677.0,sess_53ee37c7c4694df4,3899,0.0,0,3899.0,2,Card,CONFIRMED,Hyderabad,178524,2026-08-18 22:23:05.969241,2026-08-18
TL-ORD-723B0410C4,10416.0,sess_2badd3c8b726491d,3361,0.0,0,3361.0,4,Card,CONFIRMED,Pune,273113,2026-09-02 13:20:51.122658,2026-09-02
TL-ORD-196158097D,,sess_e85bdb288b75486d,1829,0.0,0,1829.0,6,COD,CONFIRMED,Pune,613371,2026-09-01 00:51:13.849838,2026-09-01
TL-ORD-E7FFBB1F07,,sess_563202598e78498e,1791,268.65,0,1522.35,3,UPI,CONFIRMED,Pune,641454,2026-08-16 04:47:00.092482,2026-08-16
TL-ORD-907E5387B2,11014.0,sess_61da9d384df84e9b,2450,0.0,0,2450.0,3,NetBanking,CONFIRMED,Pune,373902,2026-09-11 03:41:43.860931,2026-09-11
TL-ORD-E652363E65,,sess_ab703726aefb43d3,3282,492.3,0,2789.7,4,COD,CONFIRMED,Hyderabad,614895,2026-08-27 19:45:37.244488,2026-08-27
TL-ORD-FBA9A5C3DD,9295.0,sess_79c759f14ea34f01,1603,0.0,0,1603.0,2,UPI,CONFIRMED,Bengaluru,500420,2026-09-10 22:17:54.116670,2026-09-10
TL-ORD-DC2190001C,7326.0,sess_d185124393b14ba6,4079,0.0,0,4079.0,2,UPI,CONFIRMED,Pune,445327,2026-09-01 10:06:00.853213,2026-09-01
TL-ORD-71A637BDF1,8022.0,sess_1f2c6a66fc87472f,3410,0.0,0,3410.0,4,UPI,CONFIRMED,Delhi NCR,257677,2026-08-24 12:55:31.921987,2026-08-24
TL-ORD-A0703F9F7B,10395.0,sess_cebb04a09eee4e51,1954,0.0,0,1954.0,6,NetBanking,CONFIRMED,Bengaluru,264088,2026-09-08 18:49:53.604360,2026-09-08
TL-ORD-8A9F801519,9312.0,sess_64bd1b4138404289,4499,0.0,0,4499.0,2,UPI,CONFIRMED,Pune,482599,2026-08-16 22:19:39.991701,2026-08-16
TL-ORD-FEFE93CC85,7459.0,sess_85caceb4d6ad47d8,2686,402.9,0,2283.1,4,COD,CONFIRMED,Bengaluru,474955,2026-08-28 04:46:07.098547,2026-08-28
TL-ORD-C58088C638,11032.0,sess_23472bc9914549d2,2781,0.0,0,2781.0,2,COD,CONFIRMED,Hyderabad,254153,2026-09-01 16:28:14.444301,2026-09-01
TL-ORD-B421E32F7B,10538.0,sess_f03e2033b6ff41ff,2437,0.0,0,2437.0,4,Card,CONFIRMED,Pune,609412,2026-09-04 19:30:12.429612,2026-09-04
TL-ORD-F4D89C1E33,10820.0,sess_f67982299e63411d,1533,229.95,0,1303.05,2,COD,CONFIRMED,Bengaluru,431725,2026-09-06 10:37:59.479995,2026-09-06
TL-ORD-F304900024,6703.0,sess_44ba2c41e33a4ac2,6999,1049.85,0,5949.15,2,UPI,CONFIRMED,Hyderabad,247246,2026-08-18 01:21:43.477375,2026-08-18
TL-ORD-639C466C1B,7451.0,sess_2aeec12688574d01,802,120.3,99,780.7,2,COD,CONFIRMED,Chennai,188926,2026-08-23 12:46:01.150958,2026-08-23
TL-ORD-A6089EB845,,sess_d0321aec7bb14b66,5509,826.35,0,4682.65,5,UPI,CONFIRMED,Chennai,416351,2026-08-28 20:47:49.006454,2026-08-28
TL-ORD-BD6145C0F1,10753.0,sess_7b5a2cc69d1141cf,1847,277.05,0,1569.95,3,COD,CONFIRMED,Hyderabad,166734,2026-08-30 07:08:53.477874,2026-08-30
TL-ORD-DC3830F112,9558.0,sess_b1559591d25343cd,1684,0.0,0,1684.0,2,UPI,CONFIRMED,Delhi NCR,146931,2026-08-18 08:26:02.686077,2026-08-18
TL-ORD-0C72BD7608,7323.0,sess_57ca33b643f648b6,1603,240.45,0,1362.55,2,NetBanking,CONFIRMED,Delhi NCR,485799,2026-09-07 05:43:59.750990,2026-09-07
TL-ORD-7DA67B8F26,9016.0,sess_ae4760a3dd8048da,1914,0.0,0,1914.0,3,COD,CONFIRMED,Chennai,343745,2026-09-13 16:40:15.600346,2026-09-13
TL-ORD-37AEFE1310,8695.0,sess_e6c732b52f324a64,4320,0.0,0,4320.0,4,COD,CONFIRMED,Delhi NCR,158246,2026-08-16 19:28:56.839407,2026-08-16
TL-ORD-6C3F61F40D,8907.0,sess_6a8651278dcb4512,2334,0.0,0,2334.0,5,NetBanking,CONFIRMED,Mumbai,315299,2026-09-10 08:07:56.795418,2026-09-10
TL-ORD-E20A329BED,,sess_a41ea55357704483,1774,0.0,0,1774.0,2,COD,CONFIRMED,Chennai,342199,2026-09-12 20:36:43.663096,2026-09-12
TL-ORD-E69E6FC70B,11444.0,sess_eded78fe654042e4,2029,304.35,0,1724.65,5,Card,CONFIRMED,Delhi NCR,362163,2026-09-10 05:50:40.941310,2026-09-10
TL-ORD-C082CF9F2A,6436.0,sess_5f91f071318a405b,1103,165.45,0,937.55,5,COD,CONFIRMED,Mumbai,272733,2026-08-26 03:08:25.039560,2026-08-26
TL-ORD-7459F72A6F,6388.0,sess_88c5ea94d4d74b96,1270,190.5,0,1079.5,5,UPI,CONFIRMED,Bengaluru,352537,2026-08-30 02:24:54.734193,2026-08-30
TL-ORD-56BEC7E210,10712.0,sess_eb11f8cbbe1f42d6,4299,0.0,0,4299.0,2,UPI,CONFIRMED,Mumbai,445148,2026-09-06 02:25:37.144656,2026-09-06
TL-ORD-9526195C71,,sess_0f3b5b9fb2f94941,2339,0.0,0,2339.0,2,Card,CONFIRMED,Pune,186689,2026-09-12 18:05:10.440267,2026-09-12
TL-ORD-28B66E74A4,8908.0,sess_afa6472a5c8c4019,1533,229.95,0,1303.05,2,Card,CONFIRMED,Bengaluru,545043,2026-09-08 12:44:14.591174,2026-09-08
TL-ORD-54F7BAAA2A,,sess_77d1c8c152414943,3712,0.0,0,3712.0,2,Card,CONFIRMED,Hyderabad,403013,2026-08-20 03:42:43.063197,2026-08-20
TL-ORD-7DB00AB256,7466.0,sess_a4d60b8a6f1e468c,2199,0.0,0,2199.0,4,Card,CONFIRMED,Chennai,110578,2026-09-05 23:21:53.451251,2026-09-05
TL-ORD-B73654D0A3,8994.0,sess_23710347579d4d96,1230,0.0,0,1230.0,4,NetBanking,CONFIRMED,Mumbai,602849,2026-09-03 07:34:14.790329,2026-09-03
TL-ORD-CC4F26B22D,11163.0,sess_4808ee89cf1647d0,1829,0.0,0,1829.0,6,NetBanking,CONFIRMED,Delhi NCR,605145,2026-08-28 00:32:50.331663,2026-08-28
TL-ORD-0D15EA0C57,,sess_df8ceae876e84004,1276,191.4,0,1084.6,5,NetBanking,CONFIRMED,Hyderabad,194591,2026-09-02 21:31:43.464329,2026-09-02
TL-ORD-A803C74E04,7479.0,sess_2715389040c54956,859,0.0,99,958.0,2,NetBanking,CONFIRMED,Chennai,611225,2026-09-01 05:28:02.766123,2026-09-01
TL-ORD-D2214CF1CE,6224.0,sess_cb81b6325ee04622,2195,0.0,0,2195.0,4,COD,CONFIRMED,Chennai,431999,2026-09-08 22:39:15.999368,2026-09-08
TL-ORD-7E34CE6552,6632.0,sess_2d776d64b97b4f88,1660,249.0,0,1411.0,2,UPI,CONFIRMED,Hyderabad,597128,2026-09-10 02:01:54.865216,2026-09-10
TL-ORD-76C0D32536,8213.0,sess_00256bd19b324671,2450,0.0,0,2450.0,3,UPI,CONFIRMED,Pune,542936,2026-08-19 14:19:55.874081,2026-08-19
TL-ORD-6EB643821E,,sess_2b46af3008a5457c,3879,581.85,0,3297.15,5,Card,CONFIRMED,Pune,209467,2026-08-25 05:03:38.221905,2026-08-25
TL-ORD-73E8BDAD03,11735.0,sess_c927d2a5f1c648e2,3582,537.3,0,3044.7,4,COD,CONFIRMED,Pune,446982,2026-08-31 05:57:45.276852,2026-08-31
TL-ORD-DEB5E74A88,,sess_946f188780294064,1906,285.9,0,1620.1,3,Card,CONFIRMED,Mumbai,132517,2026-08-21 02:42:41.909202,2026-08-21
TL-ORD-26905A38ED,6900.0,sess_1de86a073be24bc3,1103,165.45,0,937.55,5,Card,CONFIRMED,Mumbai,608277,2026-09-08 13:23:04.201542,2026-09-08
TL-ORD-AF92936F1E,10579.0,sess_bc9c24653ae44dd3,3712,556.8,0,3155.2,2,COD,CONFIRMED,Bengaluru,686532,2026-09-04 19:03:05.470446,2026-09-04
TL-ORD-DDDDA26335,7184.0,sess_e4b7050b7a054d41,1660,249.0,0,1411.0,2,Card,CONFIRMED,Bengaluru,370640,2026-09-04 04:28:40.635637,2026-09-04
TL-ORD-2782C4BCA3,9993.0,sess_ee780d0a66594bf6,2435,365.25,0,2069.75,2,Card,CONFIRMED,Chennai,314483,2026-09-07 14:27:31.116472,2026-09-07
TL-ORD-1974B8ACF0,10242.0,sess_5a20f187584c4658,802,120.3,99,780.7,2,COD,CONFIRMED,Bengaluru,678612,2026-08-17 04:13:45.372829,2026-08-17
TL-ORD-5AC5FEB6BE,,sess_ec65b99dc0aa437f,1743,0.0,0,1743.0,3,Card,CONFIRMED,Mumbai,160358,2026-08-20 07:34:23.114679,2026-08-20
TL-ORD-1F0B669228,,sess_dcd8da8fa5164fb7,4499,0.0,0,4499.0,2,NetBanking,CONFIRMED,Delhi NCR,294504,2026-09-12 12:22:09.777197,2026-09-12
TL-ORD-559378D4F6,,sess_cd611f7e21694e2e,2792,0.0,0,2792.0,2,UPI,CONFIRMED,Bengaluru,243288,2026-08-24 17:31:19.438257,2026-08-24
TL-ORD-52E920E011,9747.0,sess_e34d4b8f781e4407,859,128.85,99,829.15,2,Card,CONFIRMED,Pune,439843,2026-08-20 06:44:05.420119,2026-08-20
TL-ORD-B338E21807,9734.0,sess_06adad1f4cb84197,577,0.0,99,676.0,2,UPI,CONFIRMED,Mumbai,422314,2026-08-29 14:03:48.827515,2026-08-29
TL-ORD-065E5ECCBF,6100.0,sess_d6d77d002c51465a,4817,0.0,0,4817.0,2,Card,CONFIRMED,Hyderabad,683810,2026-08-23 23:33:54.912135,2026-08-23
TL-ORD-23BDA36072,6168.0,sess_1d55af6d99004b42,3473,0.0,0,3473.0,3,Card,CONFIRMED,Pune,373636,2026-09-10 15:45:16.121547,2026-09-10
TL-ORD-332FC4E675,8363.0,sess_7490fbc71c454fda,3174,0.0,0,3174.0,5,UPI,CONFIRMED,Delhi NCR,213207,2026-08-16 01:19:51.066906,2026-08-16
TL-ORD-DD3C03D38F,,sess_c42ba6cd48ca48b0,2799,419.85,0,2379.15,5,Card,CONFIRMED,Bengaluru,340706,2026-09-03 05:50:18.250699,2026-09-03
TL-ORD-61D7FD2823,8786.0,sess_59f46d45d91d4c68,1533,0.0,0,1533.0,2,UPI,CONFIRMED,Bengaluru,237163,2026-08-19 19:59:40.668143,2026-08-19
TL-ORD-D66973753E,8380.0,sess_6f3e00aed78f4ce9,4965,0.0,0,4965.0,4,UPI,CONFIRMED,Bengaluru,527041,2026-08-22 15:28:10.088175,2026-08-22
TL-ORD-F4F1075250,8303.0,sess_46ca0af737da4f03,2279,0.0,0,2279.0,2,UPI,CONFIRMED,Mumbai,489334,2026-08-20 12:53:48.062674,2026-08-20
TL-ORD-9EEFDFDCE2,9844.0,sess_6ef890ea5c4c4e04,1928,0.0,0,1928.0,2,UPI,CONFIRMED,Hyderabad,691953,2026-08-22 16:54:01.997076,2026-08-22
TL-ORD-C68DE6F0CE,8842.0,sess_f042822979f7406a,3152,472.8,0,2679.2,2,COD,CONFIRMED,Bengaluru,507734,2026-09-12 07:43:05.275311,2026-09-12
TL-ORD-58C09037E5,11983.0,sess_5e8f302db98944fb,1018,0.0,0,1018.0,5,UPI,CONFIRMED,Mumbai,691427,2026-08-26 05:32:16.684370,2026-08-26
TL-ORD-70E29FBF66,9510.0,sess_3a92e2b5195a4c97,1684,0.0,0,1684.0,2,UPI,CONFIRMED,Mumbai,209629,2026-08-26 20:05:52.860515,2026-08-26
TL-ORD-3FDE41F54C,6511.0,sess_2960f13126d144f4,2450,0.0,0,2450.0,3,UPI,CONFIRMED,Pune,502560,2026-09-08 01:12:43.621190,2026-09-08
TL-ORD-7B74147725,9025.0,sess_92b98ffce3e44bdb,5842,0.0,0,5842.0,2,COD,CONFIRMED,Bengaluru,305024,2026-09-13 05:32:05.983483,2026-09-13
TL-ORD-BACDB42559,8470.0,sess_721496b5953a49e4,2637,0.0,0,2637.0,3,Card,CONFIRMED,Hyderabad,609211,2026-09-11 08:05:11.223517,2026-09-11
TL-ORD-F6E6DFF860,7334.0,sess_26ff3d1cfe454155,4168,0.0,0,4168.0,3,NetBanking,CONFIRMED,Mumbai,354218,2026-08-31 20:34:20.371900,2026-08-31
TL-ORD-687C171170,,sess_edf28e852946474e,1103,0.0,0,1103.0,2,COD,CONFIRMED,Delhi NCR,194827,2026-08-20 13:11:04.719736,2026-08-20
TL-ORD-05A68A240C,9581.0,sess_48177017c3b44f31,4180,627.0,0,3553.0,3,Card,CONFIRMED,Mumbai,314181,2026-09-07 21:48:55.038059,2026-09-07
TL-ORD-736600C322,6227.0,sess_9a16b49154d74ff7,3899,0.0,0,3899.0,2,COD,CONFIRMED,Chennai,165833,2026-09-13 10:02:40.829890,2026-09-13
TL-ORD-C492B9AA85,11473.0,sess_213dae59ad7c4a2e,859,128.85,99,829.15,2,Card,CONFIRMED,Pune,461281,2026-08-27 09:11:34.235183,2026-08-27
TL-ORD-CF306A16CD,6506.0,sess_1b65338489d34bdc,1603,0.0,0,1603.0,2,UPI,CONFIRMED,Bengaluru,536372,2026-09-11 01:59:07.793857,2026-09-11
TL-ORD-206AD233A4,9709.0,sess_fa87a6112bc542dc,2334,0.0,0,2334.0,5,Card,CONFIRMED,Pune,157099,2026-08-17 23:40:07.841774,2026-08-17
TL-ORD-10CF1DDD2D,11581.0,sess_26fca35516f3477f,4897,0.0,0,4897.0,3,UPI,CONFIRMED,Hyderabad,655484,2026-08-22 10:00:20.481190,2026-08-22
TL-ORD-541387B03C,9351.0,sess_92d7fbf903144406,751,112.65,99,737.35,4,COD,CONFIRMED,Pune,479687,2026-09-03 20:29:15.523143,2026-09-03
TL-ORD-B6D0355FE5,7182.0,sess_93c08e34d1d24719,2769,415.35,0,2353.65,2,COD,CONFIRMED,Chennai,605818,2026-08-25 23:43:28.870058,2026-08-25
TL-ORD-C15A0C68C8,6105.0,sess_036ce38bb9544b93,3499,0.0,0,3499.0,3,COD,CONFIRMED,Delhi NCR,614638,2026-09-07 17:34:36.387231,2026-09-07
TL-ORD-71E6059D66,7609.0,sess_4c583c55bf83489c,550,82.5,99,566.5,5,Card,CONFIRMED,Bengaluru,491296,2026-09-11 02:22:46.583445,2026-09-11
TL-ORD-CB8843B992,,sess_b30d85a09d2b45cb,2799,0.0,0,2799.0,5,COD,CONFIRMED,Chennai,642843,2026-08-27 23:10:18.742698,2026-08-27
TL-ORD-00EA6D03F7,9407.0,sess_76951dffb849461b,2036,0.0,0,2036.0,2,Card,CONFIRMED,Hyderabad,324412,2026-09-08 17:29:16.435442,2026-09-08
TL-ORD-8355E5CF74,8515.0,sess_d124cd52c2da4098,2673,0.0,0,2673.0,2,NetBanking,CONFIRMED,Hyderabad,316642,2026-09-05 12:40:40.301386,2026-09-05
TL-ORD-7891219C77,,sess_d49bc967300e4aa1,1567,0.0,0,1567.0,3,COD,CONFIRMED,Chennai,300533,2026-09-11 15:17:38.996170,2026-09-11
TL-ORD-240ACDCEF0,11494.0,sess_9d73327805ed4b7d,4897,0.0,0,4897.0,3,UPI,CONFIRMED,Chennai,654428,2026-08-18 21:26:54.462229,2026-08-18
TL-ORD-399B94BD72,11665.0,sess_20975cfcccb5410a,2334,350.1,0,1983.9,5,COD,CONFIRMED,Delhi NCR,135534,2026-09-03 02:12:16.888938,2026-09-03
TL-ORD-4CD8A5572B,8894.0,sess_df08a3dd2d1440a9,1230,0.0,0,1230.0,4,UPI,CONFIRMED,Pune,145657,2026-08-23 07:14:02.254573,2026-08-23
TL-ORD-A773C19F86,6661.0,sess_544e725b40c444bf,1179,176.85,0,1002.15,2,Card,CONFIRMED,Bengaluru,325897,2026-09-05 12:11:15.466274,2026-09-05
TL-ORD-D0F6EAD10F,,sess_b9998634d3b44480,4992,0.0,0,4992.0,2,Card,CONFIRMED,Pune,539976,2026-08-18 04:43:03.686819,2026-08-18
TL-ORD-2019354CB0,8377.0,sess_02bb2c329802497e,2631,394.65,0,2236.35,2,NetBanking,CONFIRMED,Pune,461560,2026-09-03 20:18:55.596492,2026-09-03
TL-ORD-64A49080CA,6797.0,sess_57f392778a0345a3,4132,0.0,0,4132.0,2,UPI,CONFIRMED,Delhi NCR,386242,2026-09-08 07:21:54.668239,2026-09-08
TL-ORD-ED8BA6C359,,sess_a31c356b6b754def,6489,0.0,0,6489.0,2,Card,CONFIRMED,Bengaluru,673158,2026-08-28 08:42:54.282796,2026-08-28
TL-ORD-4AEBFB7541,8263.0,sess_ea054cbe1aeb4494,2589,0.0,0,2589.0,2,Card,CONFIRMED,Pune,442364,2026-09-11 07:45:26.171321,2026-09-11
TL-ORD-D01434E449,6442.0,sess_79d294c132b040b7,1733,0.0,0,1733.0,3,NetBanking,CONFIRMED,Bengaluru,589395,2026-08-23 19:48:52.733008,2026-08-23
TL-ORD-D548FB9CB2,8489.0,sess_031e4b1ae58c4fe3,2631,0.0,0,2631.0,2,UPI,CONFIRMED,Pune,411013,2026-08-28 06:39:38.215950,2026-08-28
TL-ORD-EAACC058F9,6724.0,sess_85c82941b30946f4,1389,0.0,0,1389.0,3,COD,CONFIRMED,Pune,221723,2026-09-07 21:05:30.743310,2026-09-07
TL-ORD-953759296F,10187.0,sess_03d3b0cb3f4145ca,802,0.0,99,901.0,2,NetBanking,CONFIRMED,Chennai,554462,2026-08-30 19:18:20.779908,2026-08-30
TL-ORD-51C81125D0,7005.0,sess_297ec1f0ca764abb,2617,392.55,0,2224.45,4,COD,CONFIRMED,Bengaluru,431265,2026-09-03 12:36:09.380832,2026-09-03
TL-ORD-1FF91D8EEC,6957.0,sess_faab403cf76b4d92,1061,0.0,0,1061.0,3,NetBanking,CONFIRMED,Hyderabad,161050,2026-09-10 01:58:08.936454,2026-09-10
TL-ORD-B6F47FA73C,6073.0,sess_e053e14fe67d42bf,3174,476.1,0,2697.9,5,COD,CONFIRMED,Bengaluru,446012,2026-08-22 05:04:23.118403,2026-08-22
TL-ORD-A1DA5514CF,,sess_bde8cf5d9ad64bfd,1339,200.85,0,1138.15,3,Card,CONFIRMED,Bengaluru,184200,2026-08-29 14:05:23.834004,2026-08-29
TL-ORD-00E5B47A45,9061.0,sess_470070f7c3ed4381,4723,708.45,0,4014.55,4,Card,CONFIRMED,Bengaluru,327433,2026-08-18 19:10:01.593768,2026-08-18
TL-ORD-296ECAA537,7763.0,sess_735aca5d178e481a,3577,0.0,0,3577.0,2,Card,CONFIRMED,Chennai,256106,2026-09-09 18:59:25.605759,2026-09-09
TL-ORD-872C611CE0,6813.0,sess_6055cfa1bb3d46a7,5006,750.9,0,4255.1,6,UPI,CONFIRMED,Delhi NCR,400360,2026-08-24 16:32:27.970191,2026-08-24
TL-ORD-AD377C3816,7949.0,sess_388cf9c1364d41cf,4320,648.0,0,3672.0,4,COD,CONFIRMED,Hyderabad,287665,2026-08-30 16:40:35.228884,2026-08-30
TL-ORD-6704093F2B,7942.0,sess_d209069585034e8c,1899,284.85,0,1614.15,4,NetBanking,CONFIRMED,Mumbai,290164,2026-08-20 23:27:53.232505,2026-08-20
TL-ORD-4810E7A707,10798.0,sess_b67c77186739480e,2437,365.55,0,2071.45,4,COD,CONFIRMED,Pune,636602,2026-08-26 09:19:49.094336,2026-08-26
TL-ORD-A166482C95,9678.0,sess_3215af9721b24a9d,2617,392.55,0,2224.45,4,UPI,CONFIRMED,Bengaluru,312058,2026-08-24 23:37:48.096150,2026-08-24
TL-ORD-506C88553D,7932.0,sess_ee683e91b0634d40,1179,176.85,0,1002.15,2,Card,CONFIRMED,Delhi NCR,690279,2026-08-20 13:55:50.019837,2026-08-20
TL-ORD-7E092E5D82,11847.0,sess_6a3b14bc1eec40fc,3582,0.0,0,3582.0,4,UPI,CONFIRMED,Hyderabad,123726,2026-08-24 00:18:39.951952,2026-08-24
TL-ORD-E9F97F1FE3,,sess_fb5626d163364713,1899,0.0,0,1899.0,2,UPI,CONFIRMED,Bengaluru,265562,2026-08-31 14:47:27.096590,2026-08-31
TL-ORD-8414196BC1,6672.0,sess_2f29ef3fa6444142,3559,533.85,0,3025.15,2,Card,CONFIRMED,Delhi NCR,258148,2026-09-05 12:45:27.148888,2026-09-05
TL-ORD-C8EB61347C,11181.0,sess_559bc5a1238f4c21,2199,0.0,0,2199.0,4,Card,CONFIRMED,Delhi NCR,213066,2026-08-17 21:20:58.912537,2026-08-17
TL-ORD-E31077D1FB,,sess_9654f34f75354bb8,894,0.0,99,993.0,2,COD,CONFIRMED,Bengaluru,204830,2026-08-31 02:12:06.172312,2026-08-31
TL-ORD-9A5DD8514E,9012.0,sess_bf87c485b7fa49e0,2339,0.0,0,2339.0,2,NetBanking,CONFIRMED,Delhi NCR,350108,2026-08-24 06:01:14.937866,2026-08-24
TL-ORD-F8353BB3AC,10268.0,sess_535a8e22244a433e,1875,0.0,0,1875.0,4,NetBanking,CONFIRMED,Delhi NCR,366199,2026-09-13 17:07:28.959261,2026-09-13
TL-ORD-C5836CE144,,sess_c0356b775f154514,1107,166.05,0,940.95,4,Card,CONFIRMED,Bengaluru,119822,2026-08-17 15:20:28.266790,2026-08-17
TL-ORD-F15BBC056F,,sess_1ab067b2616b4632,4299,644.85,0,3654.15,2,NetBanking,CONFIRMED,Mumbai,402907,2026-09-03 23:22:22.191506,2026-09-03
TL-ORD-BEEC3F2D4D,11713.0,sess_24856d3045d64dc1,751,0.0,99,850.0,4,NetBanking,CONFIRMED,Mumbai,293958,2026-09-12 02:05:16.612769,2026-09-12
TL-ORD-B13F45F398,11399.0,sess_f8322234944c4c70,3499,524.85,0,2974.15,3,UPI,CONFIRMED,Hyderabad,615567,2026-09-12 16:21:43.703983,2026-09-12
TL-ORD-8565E4D3B9,9787.0,sess_1012f92944364a6d,2438,0.0,0,2438.0,3,COD,CONFIRMED,Bengaluru,477589,2026-08-25 22:59:01.331933,2026-08-25
TL-ORD-CEB0F9C5F5,6678.0,sess_5229998194904998,1533,229.95,0,1303.05,2,UPI,CONFIRMED,Hyderabad,336490,2026-08-22 09:27:02.156269,2026-08-22
TL-ORD-D2B7855827,9276.0,sess_47e22aee30734ada,3708,556.2,0,3151.8,4,UPI,CONFIRMED,Hyderabad,216223,2026-08-17 15:18:46.141226,2026-08-17
TL-ORD-0EFC4296F8,10822.0,sess_dff4f88a1b6648c0,2279,341.85,0,1937.15,2,COD,CONFIRMED,Chennai,128553,2026-08-21 04:39:13.680688,2026-08-21
TL-ORD-1A832F6FAC,8444.0,sess_839edce34f374697,3019,452.85,0,2566.15,2,Card,CONFIRMED,Hyderabad,190580,2026-08-19 06:32:26.926215,2026-08-19
TL-ORD-AD0AC212F7,8395.0,sess_0282bcb5145942bb,1899,0.0,0,1899.0,4,Card,CONFIRMED,Bengaluru,560005,2026-09-05 05:17:04.872307,2026-09-05
TL-ORD-CF6C3D3BEE,7919.0,sess_780c79c30f9a4103,2799,419.85,0,2379.15,2,COD,CONFIRMED,Pune,172465,2026-08-28 22:51:36.575145,2026-08-28
TL-ORD-88C1FDF661,7647.0,sess_8a3eef4293e04141,3481,0.0,0,3481.0,5,UPI,CONFIRMED,Bengaluru,263794,2026-09-07 04:20:56.053466,2026-09-07
TL-ORD-4BE9236678,6385.0,sess_6c597a66ceb948f7,1847,0.0,0,1847.0,3,NetBanking,CONFIRMED,Hyderabad,485483,2026-08-16 03:03:05.588321,2026-08-16
TL-ORD-1A99841C48,6804.0,sess_6a5f674d3a304f97,1244,0.0,0,1244.0,3,COD,CONFIRMED,Chennai,471829,2026-08-23 12:31:48.742012,2026-08-23
TL-ORD-47BE752E7B,10564.0,sess_131f15f2c38f4173,1604,0.0,0,1604.0,3,Card,CONFIRMED,Hyderabad,355079,2026-08-28 05:26:06.207790,2026-08-28
TL-ORD-A556CFF65D,11806.0,sess_485db9b2c07645e4,4299,644.85,0,3654.15,2,COD,CONFIRMED,Hyderabad,348738,2026-08-28 03:07:04.977475,2026-08-28
TL-ORD-4B1E0F3BD9,9528.0,sess_c2e8536d2fd94558,3985,0.0,0,3985.0,3,COD,CONFIRMED,Delhi NCR,122605,2026-08-16 22:28:19.370145,2026-08-16
TL-ORD-BB520B053D,10380.0,sess_9da0a7eb1149458a,3899,584.85,0,3314.15,2,Card,CONFIRMED,Chennai,597298,2026-08-18 04:57:01.041711,2026-08-18
TL-ORD-A1E614B5FC,,sess_20e7075a6bf6444c,1829,0.0,0,1829.0,6,Card,CONFIRMED,Delhi NCR,604815,2026-09-04 20:57:41.648075,2026-09-04
TL-ORD-B624EEEA68,,sess_5a1ec4cd29f54f94,1170,0.0,0,1170.0,5,Card,CONFIRMED,Mumbai,249098,2026-08-27 05:36:30.961552,2026-08-27
TL-ORD-4A0D5D9437,,sess_445f776cf0594af4,3471,520.65,0,2950.35,3,COD,CONFIRMED,Pune,249054,2026-09-03 18:04:52.371412,2026-09-03
TL-ORD-725219267B,7073.0,sess_82a2a6b3faaa451f,4499,0.0,0,4499.0,2,COD,CONFIRMED,Hyderabad,363994,2026-09-07 13:26:51.836848,2026-09-07
TL-ORD-F4B955996C,9690.0,sess_a0eb1a65f94f47ff,3712,0.0,0,3712.0,2,UPI,CONFIRMED,Mumbai,153017,2026-08-18 19:06:46.351944,2026-08-18
TL-ORD-9EA6746DF3,6403.0,sess_502cc242c092423e,3531,0.0,0,3531.0,3,NetBanking,CONFIRMED,Pune,210915,2026-09-10 17:45:54.912091,2026-09-10
TL-ORD-BE51331973,7056.0,sess_428691753781410e,2388,358.2,0,2029.8,4,Card,CONFIRMED,Pune,380853,2026-09-12 19:20:37.471198,2026-09-12
TL-ORD-31D6666617,,sess_52e953bb7fa0499d,1299,0.0,0,1299.0,3,NetBanking,CONFIRMED,Delhi NCR,229591,2026-09-06 04:51:33.023482,2026-09-06
TL-ORD-861EDE2E8B,,sess_58bad508be2043a7,5509,0.0,0,5509.0,5,COD,CONFIRMED,Pune,546286,2026-08-29 05:58:57.148433,2026-08-29
TL-ORD-0B909F8F4F,9812.0,sess_cb1a99ee268846e0,3499,524.85,0,2974.15,3,UPI,CONFIRMED,Hyderabad,411265,2026-09-02 09:10:10.830692,2026-09-02
TL-ORD-567E211EA9,9151.0,sess_6c63dea04b224acf,984,147.6,99,935.4,5,NetBanking,CONFIRMED,Mumbai,438573,2026-09-13 08:28:33.156236,2026-09-13
TL-ORD-F5475F5888,7180.0,sess_6d830a35760e4435,1567,235.05,0,1331.95,3,Card,CONFIRMED,Chennai,299601,2026-08-19 10:55:22.782072,2026-08-19
TL-ORD-DA9A91A7BE,7317.0,sess_cbe16878d0984324,2279,0.0,0,2279.0,2,UPI,CONFIRMED,Pune,475442,2026-09-13 08:39:54.634212,2026-09-13
TL-ORD-55EDF3ED28,6527.0,sess_970f57a2881b4f2b,5322,0.0,0,5322.0,4,UPI,CONFIRMED,Chennai,439030,2026-09-06 14:17:49.699830,2026-09-06
TL-ORD-81AF61E908,8244.0,sess_e9f60fcf4a354669,1660,249.0,0,1411.0,2,UPI,CONFIRMED,Pune,232428,2026-09-11 07:23:56.593123,2026-09-11
TL-ORD-E0EE85848E,8299.0,sess_fb8f7a6143d248f4,5499,824.85,0,4674.15,3,COD,CONFIRMED,Bengaluru,330760,2026-09-12 16:34:27.823546,2026-09-12
TL-ORD-EE2DEBE70E,,sess_c8e4d419d40d4a1c,5816,0.0,0,5816.0,2,UPI,CONFIRMED,Delhi NCR,425832,2026-08-25 11:04:29.937167,2026-08-25
TL-ORD-91DA563EE6,,sess_bb09ca0fdd424ebd,1670,0.0,0,1670.0,2,NetBanking,CONFIRMED,Bengaluru,431240,2026-09-08 00:08:04.176487,2026-09-08
TL-ORD-AF9FC15EE0,8173.0,sess_b79e5ecaac014450,751,0.0,99,850.0,4,COD,CONFIRMED,Hyderabad,313653,2026-09-12 19:17:04.826219,2026-09-12
TL-ORD-AD640BD8FE,7865.0,sess_a588996a3cf8473f,779,116.85,99,761.15,2,UPI,CONFIRMED,Hyderabad,328482,2026-09-06 12:03:55.902519,2026-09-06
TL-ORD-627D8882E9,11244.0,sess_5e0fdcf298cc4ec9,2403,0.0,0,2403.0,2,COD,CONFIRMED,Mumbai,264389,2026-08-27 15:34:48.560892,2026-08-27
TL-ORD-CDB36E49AE,8817.0,sess_9569b36525f84acb,4596,0.0,0,4596.0,3,COD,CONFIRMED,Delhi NCR,461503,2026-08-24 05:49:13.660417,2026-08-24
TL-ORD-BD4DB10B29,7732.0,sess_7080e3793b3a47cd,6188,928.2,0,5259.8,2,COD,CONFIRMED,Delhi NCR,637323,2026-08-16 12:49:43.945735,2026-08-16
TL-ORD-F5F55E2420,,sess_92e19d0958204941,1914,287.1,0,1626.9,3,NetBanking,CONFIRMED,Mumbai,237677,2026-08-20 02:27:39.090535,2026-08-20
TL-ORD-555CF33B68,,sess_bb094c1b16594f4b,2029,0.0,0,2029.0,5,COD,CONFIRMED,Mumbai,336820,2026-08-18 18:18:50.889515,2026-08-18
TL-ORD-549A8782B1,6843.0,sess_50523c76de5c49f1,2617,392.55,0,2224.45,4,UPI,CONFIRMED,Hyderabad,460715,2026-08-15 21:07:24.277598,2026-08-15
TL-ORD-6F6746CF4D,,sess_184a946be31443cb,1322,0.0,0,1322.0,4,COD,CONFIRMED,Hyderabad,215141,2026-08-21 22:47:30.993368,2026-08-21
TL-ORD-0663C85F67,10903.0,sess_62ad8d987e314b5c,2036,0.0,0,2036.0,2,UPI,CONFIRMED,Chennai,442868,2026-08-31 02:51:42.982932,2026-08-31
TL-ORD-CAB3644E18,10670.0,sess_04c1d146682a4e8d,2435,0.0,0,2435.0,2,Card,CONFIRMED,Delhi NCR,562752,2026-08-30 12:12:07.133965,2026-08-30
TL-ORD-1990056B34,6552.0,sess_07eed815395c4e1d,1199,0.0,0,1199.0,2,COD,CONFIRMED,Mumbai,259970,2026-09-01 04:29:10.557828,2026-09-01
TL-ORD-F79313C626,10977.0,sess_f8c1657f503b4ca6,1724,258.6,0,1465.4,4,COD,CONFIRMED,Pune,254025,2026-08-17 21:04:02.494404,2026-08-17
TL-ORD-9570C9BC25,,sess_1ea6c33a8f824c1a,1844,276.6,0,1567.4,2,Card,CONFIRMED,Delhi NCR,134036,2026-09-13 09:04:57.635500,2026-09-13
TL-ORD-15CEF89973,7603.0,sess_6cccff9de0084210,4499,674.85,0,3824.15,2,NetBanking,CONFIRMED,Chennai,146023,2026-08-18 04:56:31.728278,2026-08-18
TL-ORD-915C586E96,,sess_777f1776fcb2433b,2936,0.0,0,2936.0,4,UPI,CONFIRMED,Delhi NCR,515812,2026-08-23 16:45:09.756114,2026-08-23
TL-ORD-38BE9C3B26,,sess_1cab6dae0e794b17,4299,0.0,0,4299.0,2,Card,CONFIRMED,Bengaluru,173893,2026-09-11 06:28:41.268498,2026-09-11
TL-ORD-574D87FFC9,,sess_5f216d1102804918,3410,0.0,0,3410.0,4,Card,CONFIRMED,Pune,359218,2026-09-04 18:50:59.094080,2026-09-04
TL-ORD-9FFA1DBA5F,,sess_d412d4bb900e4175,1617,242.55,0,1374.45,3,COD,CONFIRMED,Chennai,367508,2026-09-08 07:13:58.177988,2026-09-08
TL-ORD-32CC658966,6914.0,sess_d0f2f4afc3704494,1844,276.6,0,1567.4,3,UPI,CONFIRMED,Pune,349485,2026-09-04 09:27:41.192715,2026-09-04
TL-ORD-56E266F022,6246.0,sess_b1dd2e0f67264bf4,1107,166.05,0,940.95,4,NetBanking,CONFIRMED,Mumbai,677067,2026-09-02 03:29:11.558330,2026-09-02
TL-ORD-3E1C6F843B,,sess_606702ffad2b407e,5322,798.3,0,4523.7,4,COD,CONFIRMED,Bengaluru,502704,2026-09-06 19:57:09.313122,2026-09-06
TL-ORD-3260CC5AE7,8636.0,sess_90e87004bfa44bcb,550,0.0,99,649.0,5,Card,CONFIRMED,Bengaluru,481301,2026-08-16 07:06:45.440905,2026-08-16
TL-ORD-557926B702,8775.0,sess_27c5add32a3c473e,5421,0.0,0,5421.0,4,Card,CONFIRMED,Bengaluru,565843,2026-08-20 23:31:50.378456,2026-08-20
TL-ORD-E60DBC7759,8092.0,sess_20a26781c02a4e55,1899,0.0,0,1899.0,4,NetBanking,CONFIRMED,Chennai,502523,2026-09-03 04:13:35.846645,2026-09-03
TL-ORD-8A7AA96D3D,7503.0,sess_c211e0f3fb094ad4,5322,0.0,0,5322.0,4,UPI,CONFIRMED,Hyderabad,156691,2026-08-22 04:21:07.465310,2026-08-22
TL-ORD-2901951BFE,10613.0,sess_5fb8e1510bb54d65,999,149.85,0,849.15,2,NetBanking,CONFIRMED,Hyderabad,164560,2026-08-17 07:56:42.440727,2026-08-17
TL-ORD-4DEC491055,7149.0,sess_fa35cc7c5f4e41d3,2350,0.0,0,2350.0,2,NetBanking,CONFIRMED,Mumbai,135795,2026-09-12 03:42:07.355458,2026-09-12
TL-ORD-FDF217CA44,,sess_f0c2fcd3d09f4664,2438,365.7,0,2072.3,3,NetBanking,CONFIRMED,Bengaluru,358755,2026-09-11 22:02:53.832327,2026-09-11
TL-ORD-07CCC3FB9E,11526.0,sess_ed435977970e401a,1847,277.05,0,1569.95,3,COD,CONFIRMED,Mumbai,344606,2026-08-15 01:20:28.876740,2026-08-15
TL-ORD-866151034F,,sess_87eba3aed3ba4308,3008,0.0,0,3008.0,3,Card,CONFIRMED,Pune,125106,2026-09-05 04:34:30.905448,2026-09-05
TL-ORD-B5BE4C9246,10734.0,sess_3c370f862a9f4608,743,111.45,99,730.55,3,COD,CONFIRMED,Delhi NCR,480212,2026-09-02 21:46:05.338839,2026-09-02
TL-ORD-D93048070F,,sess_9edfc97ae2bb4823,642,96.3,99,644.7,5,UPI,CONFIRMED,Bengaluru,541496,2026-08-27 00:36:23.090875,2026-08-27
TL-ORD-CBFCF287E4,10327.0,sess_912ebd4aa39f410b,1506,0.0,0,1506.0,3,UPI,CONFIRMED,Mumbai,257489,2026-08-15 11:29:02.217122,2026-08-15
TL-ORD-E145EE43B6,9443.0,sess_17c9088893834f15,2617,392.55,0,2224.45,4,Card,CONFIRMED,Bengaluru,509226,2026-08-29 23:31:03.375495,2026-08-29
TL-ORD-0E90F5C0D8,,sess_b2d33365383e4565,743,0.0,99,842.0,3,NetBanking,CONFIRMED,Chennai,334088,2026-09-10 08:00:01.718006,2026-09-10
TL-ORD-014EFDA850,7919.0,sess_51159f65deae41b2,3857,578.55,0,3278.45,5,NetBanking,CONFIRMED,Delhi NCR,260779,2026-09-12 13:34:55.012850,2026-09-12
TL-ORD-1CA423F7CB,7635.0,sess_d864b1cdbc2741b6,2622,393.3,0,2228.7,3,UPI,CONFIRMED,Mumbai,322838,2026-09-02 04:06:05.580218,2026-09-02
TL-ORD-B7898D8449,7480.0,sess_74cc91f7f15646fb,829,124.35,99,803.65,6,Card,CONFIRMED,Bengaluru,692461,2026-09-09 07:53:10.444391,2026-09-09
TL-ORD-5DC3B6D3C2,,sess_d7ed64342a9e4ca3,2631,0.0,0,2631.0,2,COD,CONFIRMED,Pune,242497,2026-09-03 23:47:15.268597,2026-09-03
TL-ORD-4A443C5A3B,8664.0,sess_69973137a22e42f6,2435,365.25,0,2069.75,2,Card,CONFIRMED,Pune,407609,2026-08-22 07:22:19.903079,2026-08-22
TL-ORD-643F56AC1E,9187.0,sess_5ca392c4172846da,1617,242.55,0,1374.45,3,UPI,CONFIRMED,Chennai,512936,2026-08-19 17:53:24.212586,2026-08-19
TL-ORD-A844A6D2EF,10790.0,sess_b0e8af5f70464e39,1670,250.5,0,1419.5,2,UPI,CONFIRMED,Delhi NCR,215403,2026-09-03 10:15:45.596502,2026-09-03
TL-ORD-D0023C65FB,11361.0,sess_ff7e816758dc4e35,2339,0.0,0,2339.0,2,UPI,CONFIRMED,Pune,584700,2026-08-14 23:37:50.509148,2026-08-14
TL-ORD-71F50A2BF6,8428.0,sess_ae43fbea639c4c1d,3537,530.55,0,3006.45,3,Card,CONFIRMED,Hyderabad,603960,2026-08-21 09:20:12.409125,2026-08-21
TL-ORD-350A655F47,9947.0,sess_6973791c46424498,3246,0.0,0,3246.0,6,Card,CONFIRMED,Chennai,216096,2026-08-15 05:04:30.447953,2026-08-15
TL-ORD-09AA74882E,,sess_121447db9ad04fce,6489,0.0,0,6489.0,2,UPI,CONFIRMED,Delhi NCR,683507,2026-08-29 19:31:09.941386,2026-08-29
TL-ORD-2B03CE397E,9551.0,sess_41179616fb4f480c,1389,0.0,0,1389.0,3,Card,CONFIRMED,Mumbai,165716,2026-08-29 20:26:27.885092,2026-08-29
TL-ORD-EFBF4DE1A4,,sess_6cfaa0d8ad8a4ae8,3621,0.0,0,3621.0,3,COD,CONFIRMED,Hyderabad,247282,2026-09-13 16:16:00.125613,2026-09-13
TL-ORD-9E5CDF3E6C,,sess_1aaad85b5977429a,1899,0.0,0,1899.0,4,Card,CONFIRMED,Chennai,303039,2026-08-30 19:13:48.932729,2026-08-30
TL-ORD-6A2DE4BA04,7902.0,sess_c5a9433a083244bc,2799,0.0,0,2799.0,5,UPI,CONFIRMED,Pune,455390,2026-08-18 15:18:29.879693,2026-08-18
TL-ORD-1025E62CC7,8248.0,sess_ab088a7594294259,1899,284.85,0,1614.15,2,Card,CONFIRMED,Bengaluru,165769,2026-08-24 21:57:14.031675,2026-08-24
TL-ORD-A9C1EBB38C,9642.0,sess_840814e06d3845fd,2499,374.85,0,2124.15,3,NetBanking,CONFIRMED,Chennai,199667,2026-09-11 16:53:08.793447,2026-09-11
TL-ORD-97AEA0923A,8589.0,sess_9f85812912d943f4,1684,0.0,0,1684.0,2,COD,CONFIRMED,Bengaluru,648551,2026-08-24 15:15:25.216028,2026-08-24
TL-ORD-0B18797C74,11992.0,sess_2efa60d23f194eff,1844,0.0,0,1844.0,3,COD,CONFIRMED,Hyderabad,116507,2026-09-06 15:21:29.910874,2026-09-06
TL-ORD-40D93DC8FB,11507.0,sess_27dbbfb151184f8d,2438,365.7,0,2072.3,3,UPI,CONFIRMED,Mumbai,681539,2026-09-10 10:10:38.061825,2026-09-10
TL-ORD-F91A97DC89,10965.0,sess_ad5a519f29d644ee,7008,1051.2,0,5956.8,3,Card,CONFIRMED,Chennai,213876,2026-09-02 12:39:05.759169,2026-09-02
TL-ORD-4340ABC079,6197.0,sess_5d8be42e78784cf8,2334,350.1,0,1983.9,5,NetBanking,CONFIRMED,Bengaluru,480347,2026-08-23 17:00:30.205548,2026-08-23
TL-ORD-13179F8B6F,10151.0,sess_51ceb185623b44c0,2637,0.0,0,2637.0,3,Card,CONFIRMED,Hyderabad,399929,2026-09-04 21:01:12.613356,2026-09-04
TL-ORD-58C002A7D8,7245.0,sess_d73201b130b94510,1875,0.0,0,1875.0,4,UPI,CONFIRMED,Chennai,662079,2026-08-30 03:17:34.790726,2026-08-30
TL-ORD-918665A081,,sess_8e896f390d814ef3,1684,252.6,0,1431.4,2,COD,CONFIRMED,Delhi NCR,284710,2026-09-11 12:59:46.381429,2026-09-11
TL-ORD-AB9A0A9FA8,,sess_0bdea9436f3149ca,4499,0.0,0,4499.0,2,NetBanking,CONFIRMED,Hyderabad,639745,2026-08-23 20:16:09.606523,2026-08-23
TL-ORD-57A915A6B3,10665.0,sess_f9fbe3e3d43e4c12,3899,0.0,0,3899.0,2,NetBanking,CONFIRMED,Pune,633799,2026-09-06 07:44:07.282615,2026-09-06
TL-ORD-75811E05F9,9871.0,sess_2f44a030b35a45c0,642,0.0,99,741.0,5,Card,CONFIRMED,Pune,372116,2026-09-12 20:57:47.482405,2026-09-12
TL-ORD-649E0916D1,,sess_45e3d6e6c9f24e48,5596,0.0,0,5596.0,2,Card,CONFIRMED,Pune,113439,2026-09-09 19:23:47.213486,2026-09-09
TL-ORD-1B816B0EC1,10204.0,sess_c36f787bed3b44a7,3024,0.0,0,3024.0,5,NetBanking,CONFIRMED,Chennai,317207,2026-08-25 20:14:23.919115,2026-08-25
TL-ORD-DE5A2B7E52,,sess_24b45491b18d4bbf,2773,415.95,0,2357.05,2,UPI,CONFIRMED,Hyderabad,402428,2026-08-23 20:00:09.824287,2026-08-23
TL-ORD-E25F078CE7,,sess_de594ac44d7e42b4,1899,284.85,0,1614.15,2,Card,CONFIRMED,Chennai,319173,2026-09-05 16:48:27.896204,2026-09-05
TL-ORD-2FC1605E02,6509.0,sess_81919c71a458465c,1107,0.0,0,1107.0,4,COD,CONFIRMED,Pune,468515,2026-09-09 13:09:36.354819,2026-09-09
TL-ORD-AA7D0D450F,6670.0,sess_6c8c800ad66043ec,841,0.0,99,940.0,2,UPI,CONFIRMED,Chennai,583729,2026-09-02 08:33:58.075274,2026-09-02
TL-ORD-D4D1FC18BB,10075.0,sess_6685ba8ff75643b6,5499,0.0,0,5499.0,3,NetBanking,CONFIRMED,Delhi NCR,644551,2026-09-01 04:43:31.243297,2026-09-01
TL-ORD-3A5BF39F93,9228.0,sess_8b8c897f66954cdb,2195,329.25,0,1865.75,4,UPI,CONFIRMED,Mumbai,390391,2026-08-31 02:37:15.590741,2026-08-31
TL-ORD-9E975F0CDC,,sess_72dd9e37989d4974,1251,0.0,0,1251.0,3,Card,CONFIRMED,Pune,464085,2026-09-09 22:54:04.231041,2026-09-09
TL-ORD-136D559443,,sess_672ca41f43994e7a,999,149.85,0,849.15,6,COD,CONFIRMED,Delhi NCR,527662,2026-08-28 02:30:27.131854,2026-08-28
TL-ORD-1EB4C03DA6,6082.0,sess_e1b41bde6f68409b,1829,0.0,0,1829.0,2,UPI,CONFIRMED,Bengaluru,358609,2026-08-23 15:34:13.613195,2026-08-23
TL-ORD-E1B250B28A,10383.0,sess_87b8f587611040ee,1684,252.6,0,1431.4,2,NetBanking,CONFIRMED,Bengaluru,557572,2026-08-30 16:24:16.022429,2026-08-30
TL-ORD-ACB5BE4A33,7822.0,sess_4dd17a1fdc034b8c,1739,260.85,0,1478.15,5,COD,CONFIRMED,Pune,697487,2026-09-01 03:19:36.050375,2026-09-01
TL-ORD-9EADA6D822,,sess_477bfd03a4ca4938,2499,0.0,0,2499.0,3,Card,CONFIRMED,Chennai,247813,2026-08-21 22:31:05.656785,2026-08-21
TL-ORD-B7EC53F8F4,7300.0,sess_9c08c0af21af428f,2637,0.0,0,2637.0,3,NetBanking,CONFIRMED,Delhi NCR,196585,2026-08-30 07:54:12.687763,2026-08-30
TL-ORD-14CD83D5F2,10903.0,sess_c7075023ddc04ce7,2686,0.0,0,2686.0,4,COD,CONFIRMED,Hyderabad,554239,2026-08-28 11:08:33.873863,2026-08-28
TL-ORD-141CCEEBE3,8029.0,sess_134bf708589749c2,2794,419.1,0,2374.9,5,NetBanking,CONFIRMED,Chennai,467007,2026-08-31 12:35:34.774497,2026-08-31
TL-ORD-508F64932A,9377.0,sess_6daa70091d2f444b,4499,0.0,0,4499.0,2,COD,CONFIRMED,Chennai,411467,2026-09-03 07:43:17.359154,2026-09-03
TL-ORD-3F34DD0586,11332.0,sess_88467f7c950b4bb3,5184,0.0,0,5184.0,6,NetBanking,CONFIRMED,Delhi NCR,253975,2026-08-31 16:49:35.338963,2026-08-31
TL-ORD-1079CCF486,7009.0,sess_f7715685286b4546,5499,824.85,0,4674.15,3,Card,CONFIRMED,Mumbai,162634,2026-09-01 13:48:24.625701,2026-09-01
TL-ORD-6538FA299D,7801.0,sess_ffe4164e9dd647e2,3499,0.0,0,3499.0,3,COD,CONFIRMED,Chennai,330427,2026-08-29 22:59:26.237665,2026-08-29
TL-ORD-4C5A35E225,10475.0,sess_20ac13c4cac645ee,3499,524.85,0,2974.15,2,NetBanking,CONFIRMED,Chennai,137950,2026-08-29 01:29:34.276322,2026-08-29
TL-ORD-A7076F6D0D,6942.0,sess_ebfe93cd3d4b4dc5,1103,165.45,0,937.55,5,UPI,CONFIRMED,Bengaluru,478682,2026-09-01 03:27:22.186741,2026-09-01
TL-ORD-6744DD896B,11618.0,sess_8e3ad88ea7fa4e4e,1928,0.0,0,1928.0,2,Card,CONFIRMED,Hyderabad,278868,2026-08-28 01:39:21.118417,2026-08-28
TL-ORD-FF5F34A72F,,sess_75504c3261a44fba,4645,0.0,0,4645.0,2,COD,CONFIRMED,Mumbai,435191,2026-09-12 17:27:09.017967,2026-09-12
TL-ORD-54F398E68F,11479.0,sess_d7c2c7d1b7fa4fe0,3008,451.2,0,2556.8,3,COD,CONFIRMED,Chennai,139466,2026-09-12 07:18:54.026757,2026-09-12
TL-ORD-926DC71BD8,10373.0,sess_29a9a1a6b7d14c7b,1299,194.85,0,1104.15,3,NetBanking,CONFIRMED,Bengaluru,216032,2026-08-30 10:31:20.312335,2026-08-30
TL-ORD-81BFC34FA0,6150.0,sess_173f86565f4d48dd,2688,403.2,0,2284.8,2,UPI,CONFIRMED,Delhi NCR,443187,2026-08-31 08:35:55.687839,2026-08-31
TL-ORD-89576787BE,10403.0,sess_69b7b2262e804881,2640,396.0,0,2244.0,3,NetBanking,CONFIRMED,Mumbai,177855,2026-08-27 06:50:19.326967,2026-08-27
TL-ORD-BF6DEB0AE3,10883.0,sess_8681e4617b414276,3473,520.95,0,2952.05,3,Card,CONFIRMED,Bengaluru,349330,2026-08-22 13:39:14.477909,2026-08-22
TL-ORD-6AFA9D20B2,,sess_e3530131406e4733,4481,0.0,0,4481.0,5,NetBanking,CONFIRMED,Chennai,149847,2026-09-08 11:10:02.118546,2026-09-08
TL-ORD-4E14DBC102,7140.0,sess_1449cb506fb346aa,2312,0.0,0,2312.0,5,UPI,CONFIRMED,Bengaluru,477787,2026-09-02 11:53:51.310218,2026-09-02
TL-ORD-AC823454CC,7985.0,sess_c1ceb7ceacc94a56,984,0.0,99,1083.0,5,COD,CONFIRMED,Hyderabad,238708,2026-09-07 17:51:47.863662,2026-09-07
TL-ORD-ACF803F83E,6525.0,sess_434321923e544d35,1308,0.0,0,1308.0,3,Card,CONFIRMED,Hyderabad,197595,2026-09-09 17:08:21.420952,2026-09-09
TL-ORD-A9A3BB0A51,10365.0,sess_aca92515e1f4450b,1061,159.15,0,901.85,3,COD,CONFIRMED,Chennai,308287,2026-09-05 14:26:36.752534,2026-09-05
TL-ORD-30C8488AD9,6055.0,sess_3523383cfe8546ce,956,0.0,99,1055.0,4,Card,CONFIRMED,Chennai,133600,2026-09-07 11:13:08.313998,2026-09-07
TL-ORD-AA286581CA,7823.0,sess_87f2b3fdb9404867,4299,644.85,0,3654.15,2,NetBanking,CONFIRMED,Delhi NCR,232789,2026-09-11 05:52:03.838249,2026-09-11
TL-ORD-0485F70D42,10620.0,sess_3a3d034623b74735,3879,581.85,0,3297.15,5,Card,CONFIRMED,Delhi NCR,355169,2026-09-09 15:07:44.354060,2026-09-09
TL-ORD-3BFCC976BA,10331.0,sess_c30bea21b0794bde,3775,0.0,0,3775.0,5,COD,CONFIRMED,Hyderabad,437219,2026-09-11 00:13:40.444094,2026-09-11
TL-ORD-1CA7D99889,,sess_ae8e0f8e0d594a57,4723,0.0,0,4723.0,4,Card,CONFIRMED,Delhi NCR,542565,2026-09-03 02:51:56.308645,2026-09-03
TL-ORD-2CFD7FFD97,7957.0,sess_6b1f1b9f199d4b9d,1670,0.0,0,1670.0,2,NetBanking,CONFIRMED,Pune,501349,2026-08-30 03:50:02.969944,2026-08-30
TL-ORD-92B06A284E,,sess_6e0eab5e6e3b4816,1994,0.0,0,1994.0,2,Card,CONFIRMED,Bengaluru,581557,2026-09-08 16:53:00.849668,2026-09-08
TL-ORD-834D9F01B8,6432.0,sess_3486240fb17b46fd,3389,508.35,0,2880.65,2,UPI,CONFIRMED,Mumbai,400982,2026-08-15 20:01:54.733870,2026-08-15
TL-ORD-656D7EB724,7049.0,sess_57891e855f764156,3143,0.0,0,3143.0,2,Card,CONFIRMED,Chennai,149985,2026-08-29 01:04:38.596143,2026-08-29
TL-ORD-1CA64D08E2,9584.0,sess_e083bb30ebcd4beb,2794,0.0,0,2794.0,5,COD,CONFIRMED,Hyderabad,143822,2026-09-01 23:13:24.951353,2026-09-01
TL-ORD-035D176D98,7459.0,sess_2298c0c195364871,1914,0.0,0,1914.0,3,UPI,CONFIRMED,Hyderabad,675332,2026-08-25 09:17:56.594557,2026-08-25
TL-ORD-A0BFCEAD65,,sess_d5e06cf5add04c72,4499,0.0,0,4499.0,2,Card,CONFIRMED,Hyderabad,122360,2026-09-05 11:08:17.327009,2026-09-05
TL-ORD-38AA11F27E,7683.0,sess_af184fc728ed4dda,2108,0.0,0,2108.0,6,UPI,CONFIRMED,Bengaluru,368887,2026-09-05 10:46:51.128656,2026-09-05
TL-ORD-C97F30B28D,,sess_8e7738719ea74e60,3367,0.0,0,3367.0,3,Card,CONFIRMED,Mumbai,519662,2026-09-02 07:35:20.531034,2026-09-02
TL-ORD-898FF42DB3,,sess_d66b9a73d5954071,2538,0.0,0,2538.0,2,NetBanking,CONFIRMED,Hyderabad,486251,2026-09-10 19:29:02.297007,2026-09-10
TL-ORD-BE0DBA9105,,sess_43230bb259134ea4,1308,196.2,0,1111.8,3,UPI,CONFIRMED,Hyderabad,620309,2026-09-05 00:06:03.531530,2026-09-05
TL-ORD-50C6C07223,,sess_2880e887a4bf4ce7,2142,321.3,0,1820.7,3,NetBanking,CONFIRMED,Delhi NCR,274379,2026-09-03 10:29:03.899494,2026-09-03
TL-ORD-055D1A71FD,,sess_4ee1951522a44867,1299,0.0,0,1299.0,3,Card,CONFIRMED,Delhi NCR,537632,2026-08-26 19:40:21.224876,2026-08-26
TL-ORD-0E83E77CD8,10808.0,sess_a5f6087350ac4f7c,4180,0.0,0,4180.0,3,COD,CONFIRMED,Bengaluru,677243,2026-08-15 16:30:01.696660,2026-08-15
TL-ORD-D5DF1E1236,10859.0,sess_6d7ee7b90e544355,2799,419.85,0,2379.15,5,UPI,CONFIRMED,Mumbai,367962,2026-09-06 20:43:28.526551,2026-09-06
TL-ORD-D59F3E7223,8263.0,sess_dc87f703604448b7,3389,508.35,0,2880.65,2,UPI,CONFIRMED,Delhi NCR,282509,2026-09-02 11:55:44.959593,2026-09-02
TL-ORD-D0E72D2B18,,sess_4cfa2ac97b0e4c67,3777,566.55,0,3210.45,4,Card,CONFIRMED,Chennai,202472,2026-09-09 20:05:15.036416,2026-09-09
TL-ORD-979E3B52DD,,sess_738ec24ce53b4c27,1299,0.0,0,1299.0,3,NetBanking,CONFIRMED,Bengaluru,225760,2026-08-19 22:18:49.169170,2026-08-19
TL-ORD-534A22837A,6314.0,sess_f203029615bd4cab,1670,0.0,0,1670.0,2,NetBanking,CONFIRMED,Bengaluru,527733,2026-08-29 22:58:56.993414,2026-08-29
TL-ORD-04975310FC,6708.0,sess_36323c0e40044140,3670,0.0,0,3670.0,3,Card,CONFIRMED,Chennai,592317,2026-08-25 18:42:11.308381,2026-08-25
TL-ORD-EC4A177E10,,sess_a0e0bfa65682404b,1567,0.0,0,1567.0,3,NetBanking,CONFIRMED,Pune,669295,2026-08-30 04:23:04.821106,2026-08-30
TL-ORD-3102D143C1,11790.0,sess_67245fc2f3fb4d2c,1089,0.0,0,1089.0,3,UPI,CONFIRMED,Chennai,551203,2026-08-21 15:57:18.593644,2026-08-21
TL-ORD-7B199D9531,6516.0,sess_5c78461bc87c44c5,5450,817.5,0,4632.5,3,Card,CONFIRMED,Mumbai,166695,2026-09-08 11:44:52.920758,2026-09-08
TL-ORD-5174A47FD6,8408.0,sess_062167de6e854c5c,1251,0.0,0,1251.0,3,COD,CONFIRMED,Pune,423274,2026-09-13 06:36:00.016774,2026-09-13
TL-ORD-9BD332C93A,,sess_6867684fb24441c8,4596,0.0,0,4596.0,3,NetBanking,CONFIRMED,Hyderabad,266361,2026-08-16 14:41:56.705159,2026-08-16
TL-ORD-6ED52E4997,7063.0,sess_35761ff026ec418b,1044,0.0,0,1044.0,3,UPI,CONFIRMED,Chennai,308540,2026-08-20 13:24:53.018922,2026-08-20
TL-ORD-F62EA3581B,9279.0,sess_7a9ec8b4a05c4a77,3246,486.9,0,2759.1,6,UPI,CONFIRMED,Delhi NCR,306950,2026-08-23 12:13:16.546290,2026-08-23
TL-ORD-D94F20ABD6,6048.0,sess_a7ad6ea744d8416e,2550,382.5,0,2167.5,2,COD,CONFIRMED,Chennai,620513,2026-09-10 16:27:06.033029,2026-09-10
TL-ORD-AD8E3EEDBB,9872.0,sess_3998b853d12f40c8,2550,382.5,0,2167.5,2,Card,CONFIRMED,Bengaluru,469959,2026-08-21 18:52:02.019682,2026-08-21
TL-ORD-ABC99126C1,9346.0,sess_237994345f1a4496,1263,189.45,0,1073.55,5,NetBanking,CONFIRMED,Bengaluru,563605,2026-08-27 21:14:11.994816,2026-08-27
TL-ORD-5CEABB2B9A,7689.0,sess_f38bd273b24d497f,2464,0.0,0,2464.0,3,NetBanking,CONFIRMED,Bengaluru,582086,2026-09-03 23:28:27.098714,2026-09-03
TL-ORD-1B02781D7D,,sess_d1312c4830fe40f3,1617,0.0,0,1617.0,3,UPI,CONFIRMED,Pune,145712,2026-08-23 21:27:36.065241,2026-08-23
TL-ORD-5392D706C9,,sess_68487dedf9ba4b37,2279,0.0,0,2279.0,4,Card,CONFIRMED,Hyderabad,537876,2026-09-04 17:33:26.320663,2026-09-04
TL-ORD-FA4C110421,6519.0,sess_3d5e185584854304,4499,0.0,0,4499.0,2,COD,CONFIRMED,Chennai,614849,2026-08-24 20:40:52.927728,2026-08-24
TL-ORD-A38376998E,7955.0,sess_ecae58ac91a448e5,1040,156.0,0,884.0,2,NetBanking,CONFIRMED,Chennai,620901,2026-09-12 04:29:44.486823,2026-09-12
TL-ORD-0E00B5276C,,sess_c908c7d8632d4721,1684,252.6,0,1431.4,2,Card,CONFIRMED,Hyderabad,665764,2026-08-29 06:50:47.069850,2026-08-29
TL-ORD-03A6533F03,9135.0,sess_ed6f444cd9ed41f0,1875,0.0,0,1875.0,4,UPI,CONFIRMED,Hyderabad,184103,2026-09-10 19:24:47.788452,2026-09-10
TL-ORD-ECB224E569,7892.0,sess_b163a7bf2d10435a,550,82.5,99,566.5,5,Card,CONFIRMED,Chennai,184678,2026-09-05 04:22:07.315841,2026-09-05
TL-ORD-F5E34F5258,,sess_8dba51f3c56e4157,4499,0.0,0,4499.0,2,NetBanking,CONFIRMED,Delhi NCR,628623,2026-08-19 14:33:17.166201,2026-08-19
TL-ORD-5B3CCD359E,11559.0,sess_4fc1cbbac44d4e8f,2279,0.0,0,2279.0,2,UPI,CONFIRMED,Pune,622334,2026-09-04 01:53:13.707572,2026-09-04
TL-ORD-EC652378D0,7085.0,sess_8ddbabe0732d4b3b,3708,0.0,0,3708.0,4,NetBanking,CONFIRMED,Pune,586829,2026-09-11 01:47:13.974157,2026-09-11
TL-ORD-C141CACADF,8729.0,sess_8e14c4dcc9bb461c,4992,748.8,0,4243.2,2,COD,CONFIRMED,Mumbai,146417,2026-08-23 16:50:40.427518,2026-08-23
TL-ORD-625E3E2BE2,7184.0,sess_59b08b58320c4dee,6188,928.2,0,5259.8,2,UPI,CONFIRMED,Chennai,462019,2026-08-22 22:36:31.080961,2026-08-22
TL-ORD-C0F07A00C0,9777.0,sess_78c678793ba343d1,1774,266.1,0,1507.9,2,NetBanking,CONFIRMED,Bengaluru,605248,2026-08-21 06:02:20.598676,2026-08-21
TL-ORD-26B19B3E2D,9367.0,sess_faa79b7a808844f7,3674,0.0,0,3674.0,5,UPI,CONFIRMED,Hyderabad,523786,2026-08-28 01:05:05.094834,2026-08-28
TL-ORD-94DDA82AF9,,sess_8ecd832b4c92448e,4723,0.0,0,4723.0,4,NetBanking,CONFIRMED,Pune,495838,2026-08-21 23:50:13.519935,2026-08-21
TL-ORD-343E16986A,10481.0,sess_d1dcedbeda3f4e30,7844,0.0,0,7844.0,2,COD,CONFIRMED,Mumbai,110802,2026-09-06 13:51:56.613804,2026-09-06
TL-ORD-35462817ED,,sess_493565de9df24f47,5659,0.0,0,5659.0,2,UPI,CONFIRMED,Mumbai,408670,2026-09-03 06:40:47.943545,2026-09-03
TL-ORD-8A55AF8720,7526.0,sess_4356e2fff6ca45e7,2773,0.0,0,2773.0,2,COD,CONFIRMED,Pune,323231,2026-08-30 08:56:08.409845,2026-08-30
TL-ORD-2BDE5FA2DD,9833.0,sess_9285ecb559e74eb9,2637,395.55,0,2241.45,3,Card,CONFIRMED,Hyderabad,580007,2026-09-06 03:37:52.710580,2026-09-06
TL-ORD-16A93380B6,,sess_ef8589ba264b478d,1668,0.0,0,1668.0,3,NetBanking,CONFIRMED,Hyderabad,354565,2026-09-09 03:14:29.940238,2026-09-09
TL-ORD-B0AF338482,9000.0,sess_838c8beac3204435,2799,419.85,0,2379.15,5,Card,CONFIRMED,Bengaluru,520028,2026-08-28 14:49:36.287537,2026-08-28
TL-ORD-E60A043508,6459.0,sess_003deba7332046af,4992,0.0,0,4992.0,2,Card,CONFIRMED,Bengaluru,660206,2026-09-07 09:14:27.419856,2026-09-07
TL-ORD-D399E23B9B,7906.0,sess_0f1050e0a93247ea,5509,826.35,0,4682.65,5,Card,CONFIRMED,Mumbai,157930,2026-08-23 14:04:26.276171,2026-08-23
TL-ORD-1B872331A9,6314.0,sess_4d4addcf73dd42ef,848,127.2,99,819.8,6,COD,CONFIRMED,Hyderabad,566279,2026-08-20 10:08:34.728453,2026-08-20
TL-ORD-5E5E36FF00,11361.0,sess_d1e65e73cfd94cbe,4645,696.75,0,3948.25,2,UPI,CONFIRMED,Bengaluru,617407,2026-08-30 13:33:53.295680,2026-08-30
TL-ORD-D34A5B5A9B,9841.0,sess_8c10cdf11d9b4bef,1103,165.45,0,937.55,5,UPI,CONFIRMED,Hyderabad,667690,2026-08-22 03:08:11.787387,2026-08-22
TL-ORD-A3771F5EE3,10049.0,sess_2cd1b4337df0449e,6188,0.0,0,6188.0,2,UPI,CONFIRMED,Chennai,130393,2026-08-16 08:57:35.424197,2026-08-16
TL-ORD-5783C3FB2D,8367.0,sess_be6ca6305e1546d7,2839,0.0,0,2839.0,4,Card,CONFIRMED,Bengaluru,218110,2026-09-02 13:44:01.562430,2026-09-02
TL-ORD-0C69C653F7,10309.0,sess_d11e82fc7c2848c5,1170,175.5,0,994.5,5,Card,CONFIRMED,Hyderabad,145695,2026-08-23 02:29:28.142824,2026-08-23
TL-ORD-BD14BC7F31,6687.0,sess_ffb50ef6c44f40b2,3024,453.6,0,2570.4,5,Card,CONFIRMED,Delhi NCR,428821,2026-08-25 14:25:44.794749,2026-08-25
TL-ORD-97E2B4A056,7049.0,sess_d5809b9eadc0491a,2799,0.0,0,2799.0,5,COD,CONFIRMED,Delhi NCR,271546,2026-09-10 00:04:48.498736,2026-09-10
TL-ORD-6DA4492DC1,,sess_effe35eae32b49ac,1670,250.5,0,1419.5,2,COD,CONFIRMED,Delhi NCR,669714,2026-08-15 13:51:22.482934,2026-08-15
TL-ORD-F90A8B5DEE,6697.0,sess_825d7def5b964b6e,2036,305.4,0,1730.6,2,NetBanking,CONFIRMED,Hyderabad,361137,2026-09-11 02:25:57.137211,2026-09-11
TL-ORD-25263FDB81,8920.0,sess_22e67421af904063,3976,0.0,0,3976.0,2,COD,CONFIRMED,Delhi NCR,509992,2026-09-09 04:42:34.355935,2026-09-09
TL-ORD-B4245FE088,6854.0,sess_df584f295bdc440c,841,126.15,99,813.85,2,UPI,CONFIRMED,Pune,343177,2026-09-13 17:11:12.957139,2026-09-13
TL-ORD-2C4E6083A1,9950.0,sess_d8a4812de4914b17,2717,407.55,0,2309.45,3,NetBanking,CONFIRMED,Bengaluru,589089,2026-09-05 07:07:03.253116,2026-09-05
TL-ORD-43D4A6F463,,sess_652af5b006034735,1847,277.05,0,1569.95,3,COD,CONFIRMED,Pune,334875,2026-09-09 02:32:04.350515,2026-09-09
TL-ORD-F92CDDCF4F,11557.0,sess_06ac3daadf7b4129,2936,0.0,0,2936.0,4,NetBanking,CONFIRMED,Pune,216072,2026-09-13 17:46:20.726592,2026-09-13
TL-ORD-3C04C33967,7460.0,sess_736732acd45e4919,1829,274.35,0,1554.65,6,NetBanking,CONFIRMED,Mumbai,340508,2026-08-26 17:39:54.888881,2026-08-26
TL-ORD-45479EC151,10796.0,sess_a70ee67ff5cd41ad,577,86.55,99,589.45,2,COD,CONFIRMED,Chennai,291442,2026-08-17 21:48:52.341126,2026-08-17
TL-ORD-E6247D5C18,9845.0,sess_6a4b3dd0b4b54190,4759,0.0,0,4759.0,4,UPI,CONFIRMED,Chennai,303952,2026-09-01 07:19:49.634312,2026-09-01
TL-ORD-FF6E74F2C2,8066.0,sess_c14c30d1dbe7485f,3361,0.0,0,3361.0,4,UPI,CONFIRMED,Bengaluru,583204,2026-08-26 02:50:28.966746,2026-08-26
TL-ORD-D904C6D728,7283.0,sess_86c26268fcc54783,3985,597.75,0,3387.25,3,Card,CONFIRMED,Delhi NCR,492980,2026-09-10 03:20:42.549038,2026-09-10
TL-ORD-7663E1EB40,10915.0,sess_e8ee1d0c15724482,3938,0.0,0,3938.0,3,Card,CONFIRMED,Delhi NCR,608355,2026-08-24 09:51:01.225311,2026-08-24
TL-ORD-82D26CEADB,11992.0,sess_9972a1825d6e4e53,3559,533.85,0,3025.15,2,Card,CONFIRMED,Delhi NCR,442831,2026-08-15 13:09:15.764258,2026-08-15
TL-ORD-B39EF79FC3,11444.0,sess_7b0c681174dc41d1,2279,341.85,0,1937.15,4,Card,CONFIRMED,Hyderabad,689310,2026-09-04 23:26:35.566691,2026-09-04
TL-ORD-0BA5FCA2AC,10838.0,sess_7b190bf130e74bde,1199,179.85,0,1019.15,2,NetBanking,CONFIRMED,Delhi NCR,619328,2026-08-23 21:14:34.691391,2026-08-23
TL-ORD-F43160C06C,10781.0,sess_eb56a3e1f5fc4a8d,1044,156.6,0,887.4,3,COD,CONFIRMED,Chennai,633615,2026-08-20 22:47:19.709980,2026-08-20
TL-ORD-CF6FA6AA7A,6942.0,sess_c1bda964091f4f6c,2279,0.0,0,2279.0,4,COD,CONFIRMED,Chennai,665389,2026-08-19 09:19:10.444817,2026-08-19
TL-ORD-DEF7885C97,11639.0,sess_c6bba78bbc24401f,1061,159.15,0,901.85,3,NetBanking,CONFIRMED,Mumbai,162466,2026-08-25 05:40:16.195521,2026-08-25
TL-ORD-B4A6FBFA17,6174.0,sess_1d2c3c02ab444885,6594,989.1,0,5604.9,3,Card,CONFIRMED,Chennai,149784,2026-09-03 18:20:59.561874,2026-09-03
TL-ORD-F6B586B3B9,6761.0,sess_3bb4772443c5435f,2637,395.55,0,2241.45,3,Card,CONFIRMED,Bengaluru,624160,2026-08-17 17:06:21.740756,2026-08-17
TL-ORD-5568BB99F0,10154.0,sess_20e7d19b6a97439d,4897,0.0,0,4897.0,3,NetBanking,CONFIRMED,Delhi NCR,480984,2026-08-24 04:18:18.858558,2026-08-24
TL-ORD-110930B647,,sess_23206fc5efe0443b,1847,0.0,0,1847.0,3,UPI,CONFIRMED,Mumbai,369094,2026-08-17 23:27:51.781485,2026-08-17
TL-ORD-771F1E978D,9953.0,sess_7d09cb67e970464f,5450,0.0,0,5450.0,2,Card,CONFIRMED,Pune,518743,2026-08-24 06:29:54.898014,2026-08-24
TL-ORD-90E86FCF04,,sess_4ea25909d0b14539,2437,0.0,0,2437.0,4,Card,CONFIRMED,Delhi NCR,301517,2026-08-15 04:30:50.395356,2026-08-15
TL-ORD-FF92B93D92,11430.0,sess_72aa1e609b1f49e7,1533,229.95,0,1303.05,2,UPI,CONFIRMED,Bengaluru,211059,2026-09-12 23:00:12.918966,2026-09-12
TL-ORD-6E21BE85A4,7833.0,sess_78225ef89d894717,2206,330.9,0,1875.1,3,Card,CONFIRMED,Bengaluru,662465,2026-09-13 02:07:38.426654,2026-09-13
TL-ORD-BAC6541216,6948.0,sess_9baec428dbb943f1,3582,537.3,0,3044.7,4,COD,CONFIRMED,Mumbai,546351,2026-08-29 01:38:59.985062,2026-08-29
TL-ORD-24AB9AE097,10086.0,sess_74dc7109c190449c,1670,250.5,0,1419.5,2,UPI,CONFIRMED,Chennai,450382,2026-09-03 11:05:42.704608,2026-09-03
TL-ORD-FFC75841D0,11873.0,sess_a34f71496c964957,1506,225.9,0,1280.1,3,NetBanking,CONFIRMED,Pune,467500,2026-09-09 22:50:00.440342,2026-09-09
TL-ORD-7CF07BBDA4,7158.0,sess_36cf75d14f63499e,2686,402.9,0,2283.1,4,UPI,CONFIRMED,Chennai,533462,2026-08-18 01:55:10.614417,2026-08-18
TL-ORD-0184B32672,6242.0,sess_936a9d2c518549d5,2662,0.0,0,2662.0,2,UPI,CONFIRMED,Pune,313950,2026-08-24 16:04:02.286783,2026-08-24
TL-ORD-EC86B0D900,6912.0,sess_0c0691e4966c49da,4168,0.0,0,4168.0,3,COD,CONFIRMED,Mumbai,691958,2026-09-13 06:05:23.967734,2026-09-13
TL-ORD-FDEF92CD24,8403.0,sess_d3ebdae29bf34656,1244,0.0,0,1244.0,3,UPI,CONFIRMED,Bengaluru,332173,2026-09-06 08:54:36.135539,2026-09-06
TL-ORD-106B0C7AE5,,sess_de17ab13ae7f438f,2279,0.0,0,2279.0,4,UPI,CONFIRMED,Mumbai,253305,2026-08-27 12:44:35.361287,2026-08-27
TL-ORD-E434BB70E7,11825.0,sess_b9e9c9ee0ade4205,2036,305.4,0,1730.6,2,NetBanking,CONFIRMED,Delhi NCR,577534,2026-09-02 04:32:43.365971,2026-09-02
TL-ORD-39ECDA2635,7248.0,sess_948182b062a44435,2792,0.0,0,2792.0,2,NetBanking,CONFIRMED,Mumbai,218554,2026-08-18 15:57:52.750191,2026-08-18
TL-ORD-5DFC62E310,,sess_af8f4344dda34276,1103,165.45,0,937.55,5,Card,CONFIRMED,Delhi NCR,306240,2026-09-06 14:30:19.986345,2026-09-06
TL-ORD-E3709B2CF2,6221.0,sess_80379a770d0a433c,2631,0.0,0,2631.0,2,UPI,CONFIRMED,Delhi NCR,559130,2026-09-11 11:06:40.352205,2026-09-11
TL-ORD-E96D1FC968,8184.0,sess_d79c9b7aa76047d1,2936,0.0,0,2936.0,4,Card,CONFIRMED,Hyderabad,623914,2026-09-05 10:20:56.006751,2026-09-05
TL-ORD-31846519CB,10550.0,sess_8d01ba759ffc4480,2499,374.85,0,2124.15,3,Card,CONFIRMED,Hyderabad,269604,2026-08-22 23:26:24.462986,2026-08-22
TL-ORD-DA5DBC68F6,,sess_381482d6ae0b480f,999,149.85,0,849.15,6,COD,CONFIRMED,Bengaluru,558354,2026-08-23 04:57:56.424195,2026-08-23
TL-ORD-DB38D257B7,6625.0,sess_e0dbbcb3a43845a7,1506,0.0,0,1506.0,3,Card,CONFIRMED,Mumbai,519059,2026-09-01 08:13:00.186476,2026-09-01
TL-ORD-8CB95F12EA,11926.0,sess_a1078727c0284363,1875,281.25,0,1593.75,4,UPI,CONFIRMED,Delhi NCR,617198,2026-09-07 01:31:02.952837,2026-09-07
TL-ORD-69A76D85F1,,sess_98ce5b3e8e554847,3985,0.0,0,3985.0,3,NetBanking,CONFIRMED,Pune,319321,2026-08-18 19:03:43.711246,2026-08-18
TL-ORD-FCB46F5C97,,sess_1c9ed22fe31b4f88,1018,0.0,0,1018.0,5,NetBanking,CONFIRMED,Pune,440120,2026-09-08 09:09:31.365581,2026-09-08
TL-ORD-880A24CC3A,,sess_7446605dcdcf4238,3879,0.0,0,3879.0,5,NetBanking,CONFIRMED,Chennai,183494,2026-08-24 21:58:16.067257,2026-08-24
TL-ORD-66381C50F0,7125.0,sess_9b7617917c144997,2686,402.9,0,2283.1,4,Card,CONFIRMED,Mumbai,557255,2026-09-05 17:25:35.600952,2026-09-05
TL-ORD-FAE8AB5E99,7449.0,sess_5930b0bb0c2541f8,3559,0.0,0,3559.0,2,COD,CONFIRMED,Bengaluru,189831,2026-08-26 19:02:22.779883,2026-08-26
TL-ORD-87B6985481,6028.0,sess_499f266014cf4453,2640,396.0,0,2244.0,3,Card,CONFIRMED,Bengaluru,145402,2026-08-26 02:48:25.733378,2026-08-26
TL-ORD-8AE3D69EC6,7580.0,sess_0c20c44b75484882,1684,0.0,0,1684.0,2,COD,CONFIRMED,Pune,599633,2026-08-30 22:33:19.868819,2026-08-30
TL-ORD-A58EEBBF60,11943.0,sess_ead934bf9c0b4806,6489,973.35,0,5515.65,2,Card,CONFIRMED,Mumbai,518083,2026-08-28 01:07:00.944215,2026-08-28
TL-ORD-9559D9C261,,sess_8254335768da4aa7,5006,0.0,0,5006.0,6,COD,CONFIRMED,Hyderabad,566806,2026-09-03 19:48:15.304978,2026-09-03
TL-ORD-B1A8DB53F7,6001.0,sess_551cf2ab080940e9,4596,689.4,0,3906.6,3,NetBanking,CONFIRMED,Chennai,499022,2026-08-27 13:38:55.021094,2026-08-27
TL-ORD-0FA2D2B3BC,11075.0,sess_c8719b2b722a4902,3899,584.85,0,3314.15,2,UPI,CONFIRMED,Pune,496686,2026-08-20 21:08:52.886354,2026-08-20
TL-ORD-C9E7CB0EE8,,sess_a3c1b0ef66614661,4999,0.0,0,4999.0,3,Card,CONFIRMED,Mumbai,371298,2026-09-11 06:32:46.196767,2026-09-11
TL-ORD-B5F2A8C033,11576.0,sess_9fce46691d2c4a1a,3899,0.0,0,3899.0,2,COD,CONFIRMED,Hyderabad,119188,2026-08-29 14:26:32.032368,2026-08-29
TL-ORD-071FAB7ED3,,sess_ba2ed832183f4462,3143,0.0,0,3143.0,2,COD,CONFIRMED,Hyderabad,474464,2026-09-02 14:31:55.061701,2026-09-02
TL-ORD-27D84E2EBC,6839.0,sess_154b3a1b55944bd8,2403,360.45,0,2042.55,2,UPI,CONFIRMED,Hyderabad,283290,2026-08-16 12:21:05.247548,2026-08-16
TL-ORD-FD3105BA5F,,sess_e0a8866a0d0f43db,1844,0.0,0,1844.0,3,COD,CONFIRMED,Mumbai,602877,2026-09-04 00:30:48.958797,2026-09-04
TL-ORD-9869F0FD9A,8823.0,sess_4cc4fe09c45e4848,577,0.0,99,676.0,2,Card,CONFIRMED,Chennai,678129,2026-08-26 09:09:31.061359,2026-08-26
TL-ORD-6649A15BC5,7747.0,sess_e127051edbc44ed7,1844,0.0,0,1844.0,3,Card,CONFIRMED,Bengaluru,253133,2026-09-03 07:41:01.068808,2026-09-03
TL-ORD-DCF92FDABF,9489.0,sess_e6686a72bdc54aec,2773,0.0,0,2773.0,2,UPI,CONFIRMED,Chennai,448945,2026-08-16 09:03:13.921211,2026-08-16
TL-ORD-DED3EF5923,7686.0,sess_f8e4334b72b849d4,2268,0.0,0,2268.0,3,COD,CONFIRMED,Pune,300363,2026-09-02 02:53:42.444466,2026-09-02
TL-ORD-773E4FFF66,6153.0,sess_3546010786fa4fe2,2773,0.0,0,2773.0,2,NetBanking,CONFIRMED,Mumbai,550472,2026-09-05 05:25:54.426945,2026-09-05
TL-ORD-AD58EA7DD6,9678.0,sess_34d31c8b86d64f6e,4299,644.85,0,3654.15,2,NetBanking,CONFIRMED,Delhi NCR,195270,2026-09-09 07:29:11.729361,2026-09-09
TL-ORD-4D16D6F8A9,7302.0,sess_d17fdf1fd22a487e,1899,284.85,0,1614.15,2,UPI,CONFIRMED,Delhi NCR,555912,2026-09-10 12:47:59.410445,2026-09-10
TL-ORD-0E49F19681,11145.0,sess_ad095d7d8cf041df,6999,1049.85,0,5949.15,2,NetBanking,CONFIRMED,Delhi NCR,181929,2026-09-07 21:33:12.210884,2026-09-07
TL-ORD-7CC56928C1,10699.0,sess_2e3e0bc15fd04923,1044,156.6,0,887.4,3,Card,CONFIRMED,Delhi NCR,207406,2026-08-16 17:23:57.653399,2026-08-16
TL-ORD-D63F5FEA36,7428.0,sess_f875db888d7a4773,3410,0.0,0,3410.0,4,UPI,CONFIRMED,Chennai,285285,2026-09-08 17:19:24.850006,2026-09-08
TL-ORD-9E33347BA2,11089.0,sess_404a57bee0184e99,1844,276.6,0,1567.4,2,UPI,CONFIRMED,Pune,188957,2026-08-26 00:17:03.829714,2026-08-26
TL-ORD-1B9A7DB76D,,sess_b426f24442e44572,5450,0.0,0,5450.0,2,COD,CONFIRMED,Pune,526641,2026-09-12 09:41:55.486016,2026-09-12
TL-ORD-CB49D9BA70,8161.0,sess_154522842bcc41f2,1743,0.0,0,1743.0,3,NetBanking,CONFIRMED,Hyderabad,582182,2026-08-19 21:04:12.220289,2026-08-19
TL-ORD-7A4D8F289D,9835.0,sess_4199fa32ed7a45eb,4499,674.85,0,3824.15,2,UPI,CONFIRMED,Mumbai,282625,2026-08-22 07:32:40.861149,2026-08-22
TL-ORD-74A8BAFD7D,9435.0,sess_643ad242d4644354,1847,0.0,0,1847.0,3,UPI,CONFIRMED,Bengaluru,577938,2026-08-19 13:31:14.555269,2026-08-19
TL-ORD-362ACFEEAE,6742.0,sess_5d5104f9522d4796,2769,0.0,0,2769.0,2,UPI,CONFIRMED,Mumbai,348759,2026-09-01 22:56:38.699500,2026-09-01
TL-ORD-C8623798B9,9476.0,sess_7ae088e14edc4c84,2688,403.2,0,2284.8,2,UPI,CONFIRMED,Bengaluru,672110,2026-08-28 06:10:25.917503,2026-08-28
TL-ORD-EF5AFD215D,,sess_3b9a58386f8c409b,1604,0.0,0,1604.0,3,UPI,CONFIRMED,Delhi NCR,185202,2026-08-19 04:21:15.746079,2026-08-19
TL-ORD-8FF1103B4D,,sess_ee311b2e64bd4757,2999,0.0,0,2999.0,3,Card,CONFIRMED,Hyderabad,244573,2026-08-31 15:11:47.384210,2026-08-31
TL-ORD-F8017CBAEE,8051.0,sess_63df20efc304478c,4079,0.0,0,4079.0,2,UPI,CONFIRMED,Mumbai,113263,2026-08-26 18:46:52.569167,2026-08-26
TL-ORD-67FB10304F,11135.0,sess_40d98f703d5e42ea,4320,0.0,0,4320.0,4,UPI,CONFIRMED,Bengaluru,390433,2026-09-10 11:25:30.589010,2026-09-10
TL-ORD-530A222EA0,9695.0,sess_da2ef4b3cb5c474e,1899,284.85,0,1614.15,2,UPI,CONFIRMED,Delhi NCR,552685,2026-09-06 18:15:43.692046,2026-09-06
TL-ORD-9E152DBCB6,8065.0,sess_13e10cd76bf24ec7,1339,200.85,0,1138.15,3,Card,CONFIRMED,Hyderabad,442004,2026-08-31 00:36:25.386685,2026-08-31
TL-ORD-FFC6021813,8762.0,sess_269894a0c2de4e90,3233,0.0,0,3233.0,3,UPI,CONFIRMED,Bengaluru,484138,2026-08-26 20:35:56.208143,2026-08-26
TL-ORD-4169006C45,6171.0,sess_ffb52e12184647f8,1952,0.0,0,1952.0,2,Card,CONFIRMED,Delhi NCR,636052,2026-08-15 15:13:50.662389,2026-08-15
TL-ORD-2DD0E49053,8199.0,sess_ed4ad9e93faa4df0,2499,0.0,0,2499.0,3,COD,CONFIRMED,Hyderabad,333281,2026-09-10 14:53:17.332910,2026-09-10
TL-ORD-79E89FED23,7386.0,sess_008a07a1867343ff,1847,277.05,0,1569.95,3,Card,CONFIRMED,Hyderabad,110552,2026-08-17 00:37:17.068823,2026-08-17
TL-ORD-D4595B6937,7092.0,sess_c030b05fc68e4500,2662,0.0,0,2662.0,2,NetBanking,CONFIRMED,Bengaluru,456751,2026-09-09 15:21:26.467796,2026-09-09
TL-ORD-B34B67010F,8962.0,sess_106568d130a94d39,1952,0.0,0,1952.0,2,COD,CONFIRMED,Hyderabad,474673,2026-09-05 18:49:06.495612,2026-09-05
TL-ORD-CB153652B1,7820.0,sess_0e83eac3c1ca4d84,2199,329.85,0,1869.15,4,COD,CONFIRMED,Bengaluru,453649,2026-09-10 20:14:13.897339,2026-09-10
TL-ORD-F83E9863B4,7662.0,sess_d6a9791dac754d6b,984,147.6,99,935.4,5,UPI,CONFIRMED,Mumbai,634377,2026-09-03 12:14:37.692921,2026-09-03
TL-ORD-0A637C7049,,sess_2a25bf5bbda5417b,3471,0.0,0,3471.0,3,Card,CONFIRMED,Pune,232098,2026-08-25 09:29:02.386650,2026-08-25
TL-ORD-2BA04E19E9,11403.0,sess_ee6a6dae33064c24,999,0.0,0,999.0,6,NetBanking,CONFIRMED,Hyderabad,390503,2026-08-21 12:16:57.556445,2026-08-21
TL-ORD-5B8648CF1F,11456.0,sess_0585035ca215430f,2999,0.0,0,2999.0,3,UPI,CONFIRMED,Bengaluru,566192,2026-09-06 01:05:52.906811,2026-09-06
TL-ORD-FE4097E01C,10309.0,sess_9833ef08702b4c50,1450,217.5,0,1232.5,2,Card,CONFIRMED,Delhi NCR,396990,2026-09-09 13:43:15.907197,2026-09-09
TL-ORD-D3F898F5CB,7708.0,sess_a73c6637293349c1,3556,0.0,0,3556.0,2,NetBanking,CONFIRMED,Bengaluru,381834,2026-09-08 16:12:19.322194,2026-09-08
TL-ORD-C1F4A797C7,,sess_a1d11d7e5c3041b2,956,143.4,99,911.6,4,UPI,CONFIRMED,Delhi NCR,332696,2026-09-07 20:34:45.105342,2026-09-07
TL-ORD-A1E5350E72,11885.0,sess_4bf8b62947c94b61,852,127.8,99,823.2,2,UPI,CONFIRMED,Bengaluru,642403,2026-09-13 00:23:14.781620,2026-09-13
TL-ORD-8CFC5CD774,,sess_1d79f2ee692048be,1199,179.85,0,1019.15,2,NetBanking,CONFIRMED,Bengaluru,130883,2026-08-26 23:40:22.510493,2026-08-26
TL-ORD-A08C78493C,9434.0,sess_dd230ef384a34c82,3246,0.0,0,3246.0,6,NetBanking,CONFIRMED,Hyderabad,350575,2026-09-11 01:15:23.140871,2026-09-11
TL-ORD-4D38D194F8,9664.0,sess_84735540eae94f36,1276,191.4,0,1084.6,5,COD,CONFIRMED,Delhi NCR,510192,2026-08-31 12:01:35.916413,2026-08-31
TL-ORD-D0EF96746B,,sess_3d0797530556489b,3582,0.0,0,3582.0,4,NetBanking,CONFIRMED,Mumbai,241853,2026-09-01 22:20:58.594538,2026-09-01
TL-ORD-51680F7C61,6598.0,sess_3dd1dd9306704582,2499,374.85,0,2124.15,3,UPI,CONFIRMED,Mumbai,364136,2026-09-06 15:00:57.902722,2026-09-06
TL-ORD-E20C2B8164,7213.0,sess_8171f13c3a8b4ca2,1954,293.1,0,1660.9,6,UPI,CONFIRMED,Delhi NCR,426371,2026-09-05 19:15:09.350575,2026-09-05
TL-ORD-3AB3549DB8,11468.0,sess_f75f6e1a27e347e3,1875,281.25,0,1593.75,4,COD,CONFIRMED,Pune,178110,2026-09-02 07:36:10.969644,2026-09-02
TL-ORD-EA6CBD5635,9476.0,sess_12ff03a213154578,1829,274.35,0,1554.65,6,UPI,CONFIRMED,Chennai,248515,2026-09-10 17:22:17.666784,2026-09-10
TL-ORD-4DACA8D063,,sess_bedf0acfa6f045e4,4897,734.55,0,4162.45,3,UPI,CONFIRMED,Bengaluru,462048,2026-08-23 01:59:07.134006,2026-08-23
TL-ORD-9C53D23F28,7701.0,sess_b7a77b48904d4901,2172,325.8,0,1846.2,6,COD,CONFIRMED,Mumbai,281492,2026-09-07 13:39:40.714147,2026-09-07
TL-ORD-79720C10AE,7783.0,sess_ef42e836898749c6,2631,0.0,0,2631.0,2,Card,CONFIRMED,Hyderabad,332012,2026-08-30 08:32:19.613811,2026-08-30
TL-ORD-941B4C8203,6055.0,sess_d0626004a20a405d,4758,713.7,0,4044.3,2,Card,CONFIRMED,Hyderabad,185012,2026-08-29 00:10:07.189422,2026-08-29
TL-ORD-038F44184D,9431.0,sess_d2976886ba434570,1276,0.0,0,1276.0,5,Card,CONFIRMED,Hyderabad,668646,2026-09-12 03:51:27.761027,2026-09-12
TL-ORD-D1377DE9A6,,sess_e3ae55bdb4dd4586,2769,415.35,0,2353.65,2,COD,CONFIRMED,Bengaluru,563940,2026-08-20 05:19:16.943969,2026-08-20
TL-ORD-752995E94B,7228.0,sess_73e8e7b67a654d32,1617,242.55,0,1374.45,3,COD,CONFIRMED,Bengaluru,677148,2026-08-29 19:18:36.199003,2026-08-29
TL-ORD-B0CF673ACB,10570.0,sess_a9cd1ae7a8bc4042,3246,0.0,0,3246.0,6,Card,CONFIRMED,Hyderabad,551180,2026-09-05 11:56:22.731972,2026-09-05
TL-ORD-CCF5DBA077,8515.0,sess_fb83337e6a094863,1882,0.0,0,1882.0,2,NetBanking,CONFIRMED,Bengaluru,699232,2026-09-13 14:43:05.634687,2026-09-13
TL-ORD-97120B4EEA,11990.0,sess_4bbc47d415a14b83,5184,0.0,0,5184.0,6,NetBanking,CONFIRMED,Hyderabad,689183,2026-09-12 16:23:49.658394,2026-09-12
TL-ORD-B8B29CF159,11194.0,sess_fbb7a332df854150,4759,713.85,0,4045.15,4,UPI,CONFIRMED,Bengaluru,627224,2026-09-02 11:41:53.018081,2026-09-02
TL-ORD-7FC4B6246F,9489.0,sess_bfb98000cbd04fa4,3024,0.0,0,3024.0,5,COD,CONFIRMED,Delhi NCR,511740,2026-09-03 17:03:50.686801,2026-09-03
TL-ORD-34A9652A0B,,sess_794224ac49ba4e5f,6594,0.0,0,6594.0,3,COD,CONFIRMED,Mumbai,403817,2026-08-23 10:47:25.532162,2026-08-23
TL-ORD-CAA156F6C1,,sess_ddf2284d3323439b,2538,380.7,0,2157.3,2,NetBanking,CONFIRMED,Mumbai,512864,2026-08-27 14:04:33.097319,2026-08-27
TL-ORD-61005D9EC6,,sess_e621cfa339db44a3,2792,0.0,0,2792.0,2,Card,CONFIRMED,Bengaluru,113055,2026-08-30 19:11:35.409245,2026-08-30
TL-ORD-AC232700E3,6887.0,sess_7fe5bb9d345b49d2,1210,181.5,0,1028.5,2,UPI,CONFIRMED,Mumbai,205997,2026-08-25 21:30:52.355498,2026-08-25
TL-ORD-18A0F6FB0A,6727.0,sess_ed43b3c264304c90,577,0.0,99,676.0,2,NetBanking,CONFIRMED,Mumbai,363743,2026-08-15 16:56:14.220389,2026-08-15
TL-ORD-4D54B82B67,11408.0,sess_ee0b3f3d538e42b2,3899,584.85,0,3314.15,2,Card,CONFIRMED,Mumbai,495431,2026-08-24 09:56:50.067557,2026-08-24
TL-ORD-8EF0449BFF,11459.0,sess_07184e967b824cc8,1270,190.5,0,1079.5,5,Card,CONFIRMED,Bengaluru,462402,2026-08-22 11:06:59.068263,2026-08-22
TL-ORD-EF0F83B8FC,7536.0,sess_f59586753d484e17,3041,0.0,0,3041.0,4,COD,CONFIRMED,Chennai,146535,2026-08-28 04:02:46.418452,2026-08-28
TL-ORD-605D44C568,11047.0,sess_1b066708cf8d4be8,1743,0.0,0,1743.0,3,COD,CONFIRMED,Delhi NCR,492600,2026-09-10 06:47:25.427431,2026-09-10
TL-ORD-37DA006A70,7990.0,sess_66b8eacbc02b4c32,1875,281.25,0,1593.75,4,NetBanking,CONFIRMED,Pune,603068,2026-09-13 11:59:49.114783,2026-09-13
TL-ORD-E4090B909F,6761.0,sess_6934d7fc34ac498f,2637,0.0,0,2637.0,3,Card,CONFIRMED,Chennai,293649,2026-08-28 00:26:11.527738,2026-08-28
TL-ORD-DFC7459FAE,,sess_bb92059ee81742fd,6489,973.35,0,5515.65,2,COD,CONFIRMED,Hyderabad,528959,2026-09-06 09:33:40.186863,2026-09-06
TL-ORD-F7D44FED96,,sess_704240fb9e1f4852,2350,0.0,0,2350.0,2,NetBanking,CONFIRMED,Chennai,214747,2026-08-21 01:54:45.721715,2026-08-21
TL-ORD-280286FE44,,sess_5f43d3cb10794470,3857,0.0,0,3857.0,5,COD,CONFIRMED,Pune,119538,2026-09-08 23:26:46.722690,2026-09-08
TL-ORD-9384EB3E18,,sess_a8d67847b2994065,1339,0.0,0,1339.0,3,UPI,CONFIRMED,Hyderabad,162912,2026-09-03 08:31:07.532370,2026-09-03
TL-ORD-EDB291A483,6257.0,sess_45509b5fbb5e4f54,3246,0.0,0,3246.0,6,Card,CONFIRMED,Hyderabad,571621,2026-09-03 22:17:54.409143,2026-09-03
TL-ORD-92E5D95C01,10754.0,sess_bd13b7d02ba64793,3233,0.0,0,3233.0,3,UPI,CONFIRMED,Mumbai,516583,2026-09-02 21:08:44.121076,2026-09-02
TL-ORD-ADCCDC46E3,9051.0,sess_170ac661296f4a21,4180,627.0,0,3553.0,3,NetBanking,CONFIRMED,Hyderabad,309091,2026-08-17 02:14:42.219281,2026-08-17
TL-ORD-1C3529C346,10312.0,sess_236b73f6d99a4a61,1199,179.85,0,1019.15,2,COD,CONFIRMED,Delhi NCR,121038,2026-08-20 07:43:29.827680,2026-08-20
TL-ORD-2AB393354B,6209.0,sess_37f0fa97cd4d40bd,1018,152.7,0,865.3,5,NetBanking,CONFIRMED,Hyderabad,417903,2026-09-13 13:05:16.442023,2026-09-13
TL-ORD-75B7964BFF,,sess_5f3ab91bac6e4bd8,3282,0.0,0,3282.0,4,NetBanking,CONFIRMED,Bengaluru,312717,2026-08-28 00:04:03.676578,2026-08-28
TL-ORD-BFFDBE5A74,,sess_66aec94fdf044ced,4999,749.85,0,4249.15,3,COD,CONFIRMED,Chennai,516369,2026-09-08 14:18:32.949313,2026-09-08
TL-ORD-04F1BFBE1D,7445.0,sess_78065dafa6f04823,1308,196.2,0,1111.8,3,Card,CONFIRMED,Hyderabad,571893,2026-08-21 01:27:30.588088,2026-08-21
TL-ORD-CBD3B4956B,,sess_a0ea0498945b41c9,3577,536.55,0,3040.45,2,NetBanking,CONFIRMED,Bengaluru,511370,2026-08-29 17:07:10.001981,2026-08-29
TL-ORD-7F63D20791,,sess_7bbdfd251ff044d2,5450,817.5,0,4632.5,2,Card,CONFIRMED,Hyderabad,371917,2026-09-07 08:45:39.582160,2026-09-07
TL-ORD-0988A34C40,,sess_ff49e36336354fad,2999,449.85,0,2549.15,3,COD,CONFIRMED,Bengaluru,231107,2026-08-24 10:30:30.764755,2026-08-24
TL-ORD-4A348DA6B5,,sess_232e9614c0ab4f1f,3621,543.15,0,3077.85,3,COD,CONFIRMED,Delhi NCR,442296,2026-08-27 06:31:24.195624,2026-08-27
TL-ORD-21DE2CCABA,7017.0,sess_d468ae69838e4278,1829,0.0,0,1829.0,6,NetBanking,CONFIRMED,Delhi NCR,606848,2026-09-04 22:26:52.786175,2026-09-04
TL-ORD-E5B2BDE0A5,11703.0,sess_d6dfe04d1121409a,1564,0.0,0,1564.0,2,Card,CONFIRMED,Hyderabad,526422,2026-08-29 15:07:10.508084,2026-08-29
TL-ORD-A48DEB28DF,10137.0,sess_f9cf6d15a4d94091,956,143.4,99,911.6,4,Card,CONFIRMED,Chennai,622017,2026-09-13 14:33:42.926094,2026-09-13
TL-ORD-4F38649E65,,sess_f83e485ab2a94cbe,2631,0.0,0,2631.0,2,Card,CONFIRMED,Delhi NCR,143618,2026-09-06 08:06:36.047880,2026-09-06
TL-ORD-DE23378F20,,sess_52cea39b98fc48ee,4617,692.55,0,3924.45,2,COD,CONFIRMED,Mumbai,459155,2026-09-12 04:24:47.883609,2026-09-12
TL-ORD-441D7C14E2,11123.0,sess_8e7d6a9fb90d4780,2622,0.0,0,2622.0,3,Card,CONFIRMED,Chennai,525745,2026-08-15 18:13:09.645215,2026-08-15
TL-ORD-EEAB4D4431,6229.0,sess_ef9a3c9b7b984774,642,96.3,99,644.7,5,UPI,CONFIRMED,Chennai,271765,2026-09-10 12:16:59.231348,2026-09-10
TL-ORD-C0799943D6,9936.0,sess_6844772ee6f64d34,4596,0.0,0,4596.0,3,COD,CONFIRMED,Bengaluru,582024,2026-08-19 00:05:37.397927,2026-08-19
TL-ORD-2AEDF4F192,9196.0,sess_9c1b41a77d53412b,1044,0.0,0,1044.0,3,Card,CONFIRMED,Bengaluru,331921,2026-09-07 10:02:28.599980,2026-09-07
TL-ORD-6BB5B5F5D3,9225.0,sess_9886a2c76f6440f8,3499,0.0,0,3499.0,2,UPI,CONFIRMED,Hyderabad,383633,2026-08-31 21:55:17.419095,2026-08-31
TL-ORD-8432DAC0C9,7830.0,sess_bea4b3db85ab4bcb,2936,0.0,0,2936.0,4,COD,CONFIRMED,Delhi NCR,539511,2026-09-02 23:14:36.535442,2026-09-02
TL-ORD-476C4B5726,11767.0,sess_f0f5b6efcb8d4ba6,956,0.0,99,1055.0,4,Card,CONFIRMED,Pune,313073,2026-09-03 11:22:49.437655,2026-09-03
TL-ORD-7F9895B0DD,10184.0,sess_be5554e2990149e5,999,0.0,0,999.0,2,NetBanking,CONFIRMED,Delhi NCR,306047,2026-09-05 19:10:58.280501,2026-09-05
TL-ORD-41FEA77EC6,6102.0,sess_c2a6d011628c417c,3775,0.0,0,3775.0,5,UPI,CONFIRMED,Pune,256597,2026-09-01 05:07:00.244134,2026-09-01
TL-ORD-A5395FBE87,,sess_846c38e7794d4cb8,4700,0.0,0,4700.0,3,NetBanking,CONFIRMED,Mumbai,187678,2026-08-23 14:12:07.791743,2026-08-23
TL-ORD-1215323A50,,sess_4d90605b2cf94672,1179,0.0,0,1179.0,2,Card,CONFIRMED,Chennai,298939,2026-09-11 06:18:25.693140,2026-09-11
TL-ORD-173B708DE8,11843.0,sess_9e684a54b0914b88,3499,0.0,0,3499.0,3,Card,CONFIRMED,Bengaluru,240077,2026-08-22 19:00:29.867122,2026-08-22
TL-ORD-943C5F5982,11370.0,sess_3124c3750a6546b8,1660,0.0,0,1660.0,2,COD,CONFIRMED,Delhi NCR,647637,2026-09-10 18:44:47.437319,2026-09-10
TL-ORD-16C8475432,8072.0,sess_cc6a2c117c8848fc,2195,0.0,0,2195.0,4,UPI,CONFIRMED,Mumbai,566787,2026-09-01 00:54:57.671722,2026-09-01
TL-ORD-04698BDEE6,8089.0,sess_4bb131c45eca4b98,5322,798.3,0,4523.7,4,UPI,CONFIRMED,Delhi NCR,503147,2026-08-16 09:43:00.330065,2026-08-16
TL-ORD-BE20B08B99,9043.0,sess_aae7130e08134faa,2781,417.15,0,2363.85,2,COD,CONFIRMED,Bengaluru,484497,2026-08-26 05:56:30.902161,2026-08-26
TL-ORD-EF04FB0588,,sess_ae9d26da49ab4238,2640,0.0,0,2640.0,3,Card,CONFIRMED,Chennai,197064,2026-09-11 16:10:40.618796,2026-09-11
TL-ORD-0167D0DC70,11671.0,sess_a58d4d58cc394cc6,1899,284.85,0,1614.15,2,NetBanking,CONFIRMED,Mumbai,613849,2026-09-09 11:26:11.021140,2026-09-09
TL-ORD-4DA96E0113,11020.0,sess_0e5284178c694621,2589,388.35,0,2200.65,2,Card,CONFIRMED,Chennai,455211,2026-09-06 09:55:02.819175,2026-09-06
TL-ORD-6DA2D562E6,10325.0,sess_bab0ee81004244a9,3361,0.0,0,3361.0,4,Card,CONFIRMED,Chennai,278900,2026-08-31 07:02:18.772201,2026-08-31
TL-ORD-A01800E827,7886.0,sess_ce5d47cd44224e7e,1914,287.1,0,1626.9,3,UPI,CONFIRMED,Chennai,626321,2026-08-15 16:34:56.785220,2026-08-15
TL-ORD-F41EC5105E,6359.0,sess_9a6b18b9fdc2413c,2450,0.0,0,2450.0,3,COD,CONFIRMED,Mumbai,256131,2026-08-26 08:15:04.506632,2026-08-26
TL-ORD-A091C8FBDA,,sess_b0cf72556cdc484e,5499,824.85,0,4674.15,3,Card,CONFIRMED,Bengaluru,112000,2026-09-12 22:17:17.227836,2026-09-12
TL-ORD-D5088D8CFF,6699.0,sess_a1b138630f1641ca,779,116.85,99,761.15,2,COD,CONFIRMED,Delhi NCR,653224,2026-09-07 04:53:06.399243,2026-09-07
TL-ORD-627CD12429,,sess_77b9eabb56de4446,5184,777.6,0,4406.4,6,UPI,CONFIRMED,Hyderabad,333827,2026-08-20 03:53:47.656457,2026-08-20
TL-ORD-76BFDC71DD,11529.0,sess_0beeebb6725a4077,2799,0.0,0,2799.0,5,COD,CONFIRMED,Delhi NCR,513583,2026-08-20 23:43:48.459018,2026-08-20
TL-ORD-AC8C7DAEDF,,sess_5fdfacef8c5c4110,1670,0.0,0,1670.0,2,UPI,CONFIRMED,Hyderabad,370443,2026-09-13 12:34:11.159727,2026-09-13
TL-ORD-B19A19FE6C,7308.0,sess_797d93b13bb44601,2339,0.0,0,2339.0,2,UPI,CONFIRMED,Mumbai,214613,2026-09-01 19:00:28.124826,2026-09-01
TL-ORD-3FB7F8BB1A,9207.0,sess_980daa0f8e6e4dad,4079,0.0,0,4079.0,2,NetBanking,CONFIRMED,Pune,370543,2026-08-30 15:09:20.712458,2026-08-30
TL-ORD-29E17A984A,9088.0,sess_b99d3da3603e45b4,3708,0.0,0,3708.0,4,UPI,CONFIRMED,Hyderabad,488738,2026-09-12 13:27:02.168914,2026-09-12
TL-ORD-E2EA8DBD3B,8660.0,sess_a0fdb632d3474987,1875,281.25,0,1593.75,4,UPI,CONFIRMED,Bengaluru,240349,2026-09-07 08:20:27.948489,2026-09-07
TL-ORD-729C28AA7C,6367.0,sess_e2b2239527614d2e,3899,0.0,0,3899.0,2,COD,CONFIRMED,Mumbai,376776,2026-08-29 04:26:01.566743,2026-08-29
TL-ORD-2647C7BBC0,8966.0,sess_427376dac6434880,1660,249.0,0,1411.0,2,Card,CONFIRMED,Pune,317751,2026-09-02 03:22:32.456792,2026-09-02
TL-ORD-54F95BE3AE,,sess_b55a174c4f37401e,4897,734.55,0,4162.45,3,UPI,CONFIRMED,Bengaluru,472825,2026-09-01 12:18:30.453156,2026-09-01
TL-ORD-B867D1352F,8634.0,sess_4c4810cdc7824335,3041,0.0,0,3041.0,4,NetBanking,CONFIRMED,Pune,553870,2026-08-26 13:10:32.719687,2026-08-26
TL-ORD-23D7595589,9737.0,sess_5e85e417146043db,2589,0.0,0,2589.0,2,COD,CONFIRMED,Chennai,473251,2026-09-03 18:18:33.153321,2026-09-03
TL-ORD-00BBD03B7C,,sess_c7b83f8a58634206,4897,0.0,0,4897.0,3,UPI,CONFIRMED,Chennai,327914,2026-09-08 09:08:43.521075,2026-09-08
TL-ORD-0BC6DD09E8,8629.0,sess_66d7a6d8616a43e2,2686,402.9,0,2283.1,4,COD,CONFIRMED,Mumbai,209471,2026-09-03 15:54:03.269659,2026-09-03
TL-ORD-717BC43784,7589.0,sess_47de574830384ecf,2206,0.0,0,2206.0,3,Card,CONFIRMED,Chennai,525931,2026-08-28 00:14:58.933641,2026-08-28
TL-ORD-F51992FD40,,sess_c371c1ef8bfe4f6d,2499,0.0,0,2499.0,3,COD,CONFIRMED,Mumbai,622231,2026-08-17 10:22:24.554001,2026-08-17
TL-ORD-A889FF4768,8092.0,sess_670db95ab6fe4914,1875,281.25,0,1593.75,4,COD,CONFIRMED,Mumbai,469212,2026-08-25 14:24:04.423191,2026-08-25
TL-ORD-06E6D9DFCF,,sess_2c73c13421ed449b,1270,0.0,0,1270.0,5,NetBanking,CONFIRMED,Pune,310260,2026-08-23 01:43:21.336175,2026-08-23
TL-ORD-343B767AD4,10021.0,sess_830afbd3682a4291,999,0.0,0,999.0,6,UPI,CONFIRMED,Bengaluru,532779,2026-09-07 16:55:25.215855,2026-09-07
TL-ORD-BED6C3518B,11874.0,sess_ada2c4b67db14878,4958,0.0,0,4958.0,3,NetBanking,CONFIRMED,Delhi NCR,183875,2026-09-09 00:25:32.110538,2026-09-09
TL-ORD-57B46A18CF,9492.0,sess_0e4228d1acca4566,4645,0.0,0,4645.0,2,COD,CONFIRMED,Pune,398214,2026-09-06 12:46:47.513228,2026-09-06
TL-ORD-A6B589E140,,sess_42eca0f80ba54298,4869,0.0,0,4869.0,3,Card,CONFIRMED,Hyderabad,333147,2026-08-24 12:53:17.825759,2026-08-24
TL-ORD-7849AF3EAE,,sess_146dd7a53e02439f,1199,0.0,0,1199.0,2,NetBanking,CONFIRMED,Bengaluru,223003,2026-08-30 05:31:59.410744,2026-08-30
TL-ORD-FC9A6DAF01,9785.0,sess_c77ca3cfcd174610,1774,0.0,0,1774.0,2,COD,CONFIRMED,Pune,659799,2026-09-12 05:34:14.636086,2026-09-12
TL-ORD-F72032E4A6,7962.0,sess_4b404dc250a14562,2637,0.0,0,2637.0,3,Card,CONFIRMED,Hyderabad,192606,2026-08-15 20:48:32.637709,2026-08-15
TL-ORD-933A1CB23C,6483.0,sess_0e0ae8ddb45943f7,3389,0.0,0,3389.0,2,UPI,CONFIRMED,Delhi NCR,446999,2026-08-16 05:45:41.173315,2026-08-16
TL-ORD-5331056D7C,,sess_9cbc295864fe412a,829,0.0,99,928.0,6,Card,CONFIRMED,Pune,581954,2026-08-20 21:14:49.536571,2026-08-20
TL-ORD-4FEFD2030C,7361.0,sess_1d2a3c2cbaa44fdb,1199,0.0,0,1199.0,2,NetBanking,CONFIRMED,Pune,660395,2026-08-23 02:17:05.261911,2026-08-23
TL-ORD-D4A2B58219,6006.0,sess_d00fe45c685e4133,7008,0.0,0,7008.0,3,NetBanking,CONFIRMED,Bengaluru,685707,2026-08-25 12:17:35.901037,2026-08-25
TL-ORD-19A89D2F06,,sess_3c4dbf88ae2449f5,1308,0.0,0,1308.0,3,UPI,CONFIRMED,Chennai,626135,2026-09-12 00:11:57.844474,2026-09-12
TL-ORD-2B115660F0,8786.0,sess_31e83e8b2d7b4fbd,999,149.85,0,849.15,2,COD,CONFIRMED,Bengaluru,136550,2026-09-02 23:07:18.937794,2026-09-02
TL-ORD-DE5E9A825E,11129.0,sess_0bef6d8c2e3b4a8d,1829,0.0,0,1829.0,2,Card,CONFIRMED,Chennai,434940,2026-09-03 19:50:49.897221,2026-09-03
TL-ORD-62DC19E7B9,,sess_d3316afe14ff4cb7,1670,250.5,0,1419.5,2,UPI,CONFIRMED,Chennai,506666,2026-09-04 08:06:03.093647,2026-09-04
TL-ORD-91627D39ED,6918.0,sess_62d8411c06484956,4596,0.0,0,4596.0,3,Card,CONFIRMED,Chennai,546367,2026-08-20 02:40:21.285722,2026-08-20
TL-ORD-4DB05E8679,8049.0,sess_ef4a6e6455054f98,3499,0.0,0,3499.0,3,Card,CONFIRMED,Hyderabad,410933,2026-08-28 17:01:45.539821,2026-08-28
TL-ORD-5ED1D46AA6,6125.0,sess_57a118e90b9748b8,3294,494.1,0,2799.9,4,Card,CONFIRMED,Chennai,201724,2026-08-25 19:59:28.476154,2026-08-25
TL-ORD-03A462B9B9,6783.0,sess_f11790867c074f2a,3090,0.0,0,3090.0,2,COD,CONFIRMED,Mumbai,502605,2026-09-13 02:08:56.710178,2026-09-13
TL-ORD-43D03F076D,,sess_549ff9aadf2f460a,1542,0.0,0,1542.0,5,COD,CONFIRMED,Hyderabad,480758,2026-09-11 12:24:57.237270,2026-09-11
TL-ORD-E9321D798B,11848.0,sess_6e2fbfa51d54417e,3499,0.0,0,3499.0,2,UPI,CONFIRMED,Delhi NCR,240020,2026-08-18 08:52:11.666405,2026-08-18
TL-ORD-B89F78D842,7822.0,sess_34cc07bced814ac5,1847,0.0,0,1847.0,3,NetBanking,CONFIRMED,Delhi NCR,530297,2026-09-11 01:01:21.683532,2026-09-11
TL-ORD-9AFE0DF148,,sess_4ece7bd8fc104c7a,3471,0.0,0,3471.0,3,NetBanking,CONFIRMED,Bengaluru,213197,2026-08-25 12:53:48.929790,2026-08-25
TL-ORD-3C1817C148,8744.0,sess_18b8f738d8824d18,4965,0.0,0,4965.0,4,UPI,CONFIRMED,Bengaluru,198846,2026-08-16 03:01:01.688475,2026-08-16
TL-ORD-199AA99699,11475.0,sess_c8e8016918d04fe0,2799,419.85,0,2379.15,5,Card,CONFIRMED,Mumbai,384436,2026-08-28 14:07:23.712253,2026-08-28
TL-ORD-AA692794C0,6298.0,sess_f6c065f458c04cf4,3316,0.0,0,3316.0,3,Card,CONFIRMED,Chennai,491443,2026-08-26 07:13:44.383781,2026-08-26
TL-ORD-FD1570D198,8232.0,sess_c41f05eec31840e5,869,0.0,99,968.0,3,COD,CONFIRMED,Pune,625559,2026-08-30 14:49:09.457066,2026-08-30
TL-ORD-6999A8F951,,sess_233c764d4aa24f49,6999,0.0,0,6999.0,2,COD,CONFIRMED,Delhi NCR,333655,2026-09-11 01:12:42.349532,2026-09-11
TL-ORD-FE28DABA58,,sess_b3a62c2ae75a4ebe,956,0.0,99,1055.0,4,UPI,CONFIRMED,Delhi NCR,466651,2026-09-03 06:02:38.926877,2026-09-03
TL-ORD-7B56F215EA,7589.0,sess_f83b711614574687,2199,0.0,0,2199.0,4,COD,CONFIRMED,Delhi NCR,184166,2026-09-04 22:56:31.813903,2026-09-04
TL-ORD-A9CF082C5B,,sess_fa08a5172d3f409d,1500,225.0,0,1275.0,3,UPI,CONFIRMED,Pune,463696,2026-09-06 17:21:19.595013,2026-09-06
TL-ORD-32ABE0FDE5,8112.0,sess_ab0b157ee1cd43e5,1875,0.0,0,1875.0,4,NetBanking,CONFIRMED,Bengaluru,489968,2026-08-29 15:00:16.613681,2026-08-29
TL-ORD-8809998E4D,10224.0,sess_0550c1ef689c4e3c,1251,0.0,0,1251.0,3,Card,CONFIRMED,Chennai,679107,2026-09-03 04:14:38.354840,2026-09-03
TL-ORD-2E7C440B91,8544.0,sess_99df1f1772f247b9,3844,0.0,0,3844.0,2,Card,CONFIRMED,Mumbai,207598,2026-08-31 14:48:45.638830,2026-08-31
TL-ORD-39ADB82CCE,,sess_9d36708b4b414159,1199,0.0,0,1199.0,2,UPI,CONFIRMED,Pune,371238,2026-08-28 22:10:40.454551,2026-08-28
TL-ORD-A6CCFDA80D,7260.0,sess_218cb5d32c834a23,2717,0.0,0,2717.0,3,COD,CONFIRMED,Pune,112693,2026-08-21 07:44:36.676051,2026-08-21
TL-ORD-9352C6EC91,10229.0,sess_7c70bc606e184af2,6489,973.35,0,5515.65,2,Card,CONFIRMED,Delhi NCR,332554,2026-08-28 12:07:58.653917,2026-08-28
TL-ORD-A609B973C5,7352.0,sess_be3858677ed14b6e,1847,0.0,0,1847.0,3,COD,CONFIRMED,Chennai,304549,2026-09-05 02:10:46.948242,2026-09-05
TL-ORD-FE6C462E1C,9147.0,sess_20f6d95dd83b499f,1339,200.85,0,1138.15,3,Card,CONFIRMED,Chennai,193750,2026-09-01 01:06:34.655340,2026-09-01
TL-ORD-C1C610B77B,7838.0,sess_fe4768c1ebff41e2,3473,0.0,0,3473.0,3,COD,CONFIRMED,Bengaluru,617871,2026-09-10 01:08:41.564637,2026-09-10
TL-ORD-EDA9E91A36,,sess_28ba0c75093e4ffe,3143,471.45,0,2671.55,2,UPI,CONFIRMED,Pune,203342,2026-08-17 15:38:21.720694,2026-08-17
TL-ORD-346FA14C03,10555.0,sess_c4fd57c7cecb4078,2499,0.0,0,2499.0,3,NetBanking,CONFIRMED,Mumbai,459774,2026-09-06 01:58:31.853573,2026-09-06
TL-ORD-343B48B97F,10798.0,sess_e5aa6bce41544546,3019,452.85,0,2566.15,2,NetBanking,CONFIRMED,Bengaluru,236412,2026-08-23 17:41:11.670700,2026-08-23
TL-ORD-2AEDCECFBB,10351.0,sess_285a091443534405,3282,492.3,0,2789.7,4,NetBanking,CONFIRMED,Bengaluru,523836,2026-08-20 15:28:58.513092,2026-08-20
TL-ORD-55AAE31CA2,10314.0,sess_e30b8333ae8946f3,1954,0.0,0,1954.0,6,UPI,CONFIRMED,Bengaluru,243836,2026-08-27 02:50:21.022522,2026-08-27
TL-ORD-5431285384,9341.0,sess_6c81a15f7d0b4c96,2839,0.0,0,2839.0,4,COD,CONFIRMED,Bengaluru,287968,2026-09-02 02:26:18.362326,2026-09-02
TL-ORD-6CD49C21B9,,sess_c97622a489724111,3410,511.5,0,2898.5,4,UPI,CONFIRMED,Mumbai,494946,2026-08-28 13:37:02.871420,2026-08-28
TL-ORD-05E434BA37,11139.0,sess_7256698e12b24864,1660,0.0,0,1660.0,2,UPI,CONFIRMED,Bengaluru,156593,2026-09-10 13:11:23.819220,2026-09-10
TL-ORD-FA0D2A6689,7215.0,sess_0d22a3a3b04d4640,1994,0.0,0,1994.0,2,NetBanking,CONFIRMED,Delhi NCR,424085,2026-08-22 18:34:31.658743,2026-08-22
TL-ORD-12070D5DB5,8031.0,sess_7d2358c4334346dc,852,127.8,99,823.2,2,Card,CONFIRMED,Hyderabad,611640,2026-09-13 09:57:26.527145,2026-09-13
TL-ORD-E671274D06,,sess_f1a401d31dea48dd,5421,813.15,0,4607.85,4,NetBanking,CONFIRMED,Hyderabad,516810,2026-08-24 17:36:10.528965,2026-08-24
TL-ORD-0C7FB14760,7872.0,sess_3e207b1f1b9e4da1,4079,0.0,0,4079.0,2,NetBanking,CONFIRMED,Mumbai,419454,2026-08-24 06:44:02.431640,2026-08-24
TL-ORD-78D7A6BAC7,11838.0,sess_ed214c71d2894196,3712,556.8,0,3155.2,2,Card,CONFIRMED,Delhi NCR,657227,2026-08-23 16:20:13.115908,2026-08-23
TL-ORD-3E551B87CB,7532.0,sess_dde20f0b672c41b8,1914,0.0,0,1914.0,3,NetBanking,CONFIRMED,Delhi NCR,407980,2026-08-21 16:34:27.709759,2026-08-21
TL-ORD-D741E923A4,9494.0,sess_089a69b5d2474cd1,2029,0.0,0,2029.0,5,NetBanking,CONFIRMED,Bengaluru,226332,2026-09-10 08:45:17.949404,2026-09-10
TL-ORD-FD7569E263,8636.0,sess_8f3b9fb3d20f49b7,2029,304.35,0,1724.65,5,Card,CONFIRMED,Delhi NCR,602931,2026-08-17 23:21:43.754762,2026-08-17
TL-ORD-92287BED2E,9124.0,sess_0e576b42e59d441b,1684,252.6,0,1431.4,2,NetBanking,CONFIRMED,Hyderabad,624852,2026-09-09 18:37:16.068942,2026-09-09
TL-ORD-E048006E0D,8361.0,sess_9205a83217a644d6,1564,0.0,0,1564.0,2,NetBanking,CONFIRMED,Mumbai,187030,2026-09-09 05:43:42.178569,2026-09-09
TL-ORD-1730881F77,8728.0,sess_b70482939d424aaf,1774,266.1,0,1507.9,2,UPI,CONFIRMED,Mumbai,491005,2026-08-29 13:54:09.989075,2026-08-29
TL-ORD-9493D9FC81,7851.0,sess_0efe874b6a4d4a73,1670,0.0,0,1670.0,2,NetBanking,CONFIRMED,Hyderabad,402687,2026-09-08 04:06:28.150129,2026-09-08
TL-ORD-13FB18A583,9189.0,sess_548ebaf075ce41ad,5499,824.85,0,4674.15,3,UPI,CONFIRMED,Pune,222076,2026-09-12 09:31:03.853688,2026-09-12
TL-ORD-B7D2C951AA,,sess_1502f8f016144e99,1829,0.0,0,1829.0,6,NetBanking,CONFIRMED,Chennai,132043,2026-08-21 01:24:43.133131,2026-08-21
TL-ORD-A0B5ED43EE,9405.0,sess_ec21edb74b954ff0,6489,0.0,0,6489.0,2,UPI,CONFIRMED,Bengaluru,649490,2026-09-09 18:16:41.858429,2026-09-09
TL-ORD-3BE134A0ED,11134.0,sess_21c6fb923b08450f,1450,217.5,0,1232.5,2,Card,CONFIRMED,Hyderabad,623320,2026-08-18 22:22:01.303144,2026-08-18
TL-ORD-48B47F399F,8736.0,sess_e98990afd1804a47,1061,0.0,0,1061.0,3,NetBanking,CONFIRMED,Hyderabad,139310,2026-08-31 23:33:31.829398,2026-08-31
TL-ORD-BCDEF9DF49,10931.0,sess_f0608cc46f58447f,4645,0.0,0,4645.0,2,COD,CONFIRMED,Chennai,593193,2026-08-30 03:18:37.776500,2026-08-30
TL-ORD-684F44B998,7163.0,sess_4f463c7c32a84f87,4180,0.0,0,4180.0,3,Card,CONFIRMED,Chennai,674713,2026-08-19 00:45:19.588960,2026-08-19
TL-ORD-23383DD1CB,9611.0,sess_42b4913210e5484c,642,96.3,99,644.7,5,Card,CONFIRMED,Pune,368005,2026-09-12 16:48:07.810304,2026-09-12
TL-ORD-526B30C75B,10698.0,sess_207387f786734146,3090,463.5,0,2626.5,2,Card,CONFIRMED,Hyderabad,497742,2026-08-15 15:15:50.736384,2026-08-15
TL-ORD-FCCD3AE059,6843.0,sess_e626e1f654b945a5,1733,0.0,0,1733.0,3,NetBanking,CONFIRMED,Mumbai,565733,2026-09-05 03:05:03.925392,2026-09-05
TL-ORD-7BC2506BF4,11352.0,sess_d4bfafd24c594815,3748,0.0,0,3748.0,2,UPI,CONFIRMED,Bengaluru,475782,2026-08-17 00:36:13.572641,2026-08-17
TL-ORD-F4D044B690,6464.0,sess_3e3cbb43f15640f2,4499,0.0,0,4499.0,2,UPI,CONFIRMED,Bengaluru,421052,2026-09-04 08:09:37.260470,2026-09-04
TL-ORD-104C1FCFB2,8718.0,sess_5eaeb5e595674bf2,999,149.85,0,849.15,2,UPI,CONFIRMED,Mumbai,427487,2026-09-09 10:37:07.266700,2026-09-09
TL-ORD-080543359F,7461.0,sess_ae91b28cd9e64376,1170,0.0,0,1170.0,5,NetBanking,CONFIRMED,Pune,219041,2026-08-17 04:47:13.060727,2026-08-17
TL-ORD-403D4B6AA6,7802.0,sess_57c63899ef204df1,1263,189.45,0,1073.55,5,UPI,CONFIRMED,Chennai,217065,2026-09-12 22:43:46.475198,2026-09-12
TL-ORD-3D8CD13583,9590.0,sess_aa319df68c6f4377,2334,350.1,0,1983.9,5,UPI,CONFIRMED,Bengaluru,478238,2026-08-25 06:25:16.722786,2026-08-25
TL-ORD-F25E3912D4,8645.0,sess_e0b2e38e89a24f72,2853,427.95,0,2425.05,4,UPI,CONFIRMED,Bengaluru,317217,2026-08-20 23:15:36.465461,2026-08-20
TL-ORD-2B90C88776,9505.0,sess_aa535d349c094d9f,1728,259.2,0,1468.8,2,COD,CONFIRMED,Delhi NCR,314883,2026-08-18 09:27:42.461257,2026-08-18
TL-ORD-FEDD83F280,9799.0,sess_db846c076f8f4d99,1230,184.5,0,1045.5,4,Card,CONFIRMED,Chennai,626869,2026-08-24 16:02:13.578938,2026-08-24
TL-ORD-974CDB9A42,11378.0,sess_a6b3d57376244aae,2350,0.0,0,2350.0,2,UPI,CONFIRMED,Mumbai,480333,2026-09-09 21:04:17.582696,2026-09-09
TL-ORD-9A6EB25920,10224.0,sess_e6562a1637e249c9,2195,0.0,0,2195.0,4,NetBanking,CONFIRMED,Hyderabad,298119,2026-08-31 19:51:59.063037,2026-08-31
TL-ORD-1B53E7AA04,7760.0,sess_ddcf211ada0f4d7d,4965,744.75,0,4220.25,4,Card,CONFIRMED,Bengaluru,666709,2026-09-07 09:20:30.055967,2026-09-07
TL-ORD-CD9F635257,7485.0,sess_bfc4ef09ece7465b,3008,0.0,0,3008.0,3,COD,CONFIRMED,Chennai,333750,2026-08-29 00:09:31.940605,2026-08-29
TL-ORD-797E948E88,9733.0,sess_e6b245b8c0314fb2,1270,0.0,0,1270.0,5,Card,CONFIRMED,Chennai,526861,2026-09-02 20:56:01.769782,2026-09-02
TL-ORD-174DA3B1F2,,sess_e797571079e34969,4299,644.85,0,3654.15,2,COD,CONFIRMED,Mumbai,492230,2026-09-11 15:12:28.408715,2026-09-11
TL-ORD-B29991EA6F,6072.0,sess_7f96bb8303734359,1728,0.0,0,1728.0,2,COD,CONFIRMED,Delhi NCR,207551,2026-08-24 10:24:37.809320,2026-08-24
TL-ORD-8851E70D53,11928.0,sess_889f80e943ab4b4e,4304,0.0,0,4304.0,4,Card,CONFIRMED,Pune,333941,2026-08-23 23:36:26.289611,2026-08-23
TL-ORD-A7A888CD25,9849.0,sess_4c4a7b9b784445c9,6489,0.0,0,6489.0,2,Card,CONFIRMED,Mumbai,417596,2026-08-25 15:38:58.294966,2026-08-25
TL-ORD-75803BD420,10747.0,sess_8783ce9463554d49,4320,0.0,0,4320.0,4,UPI,CONFIRMED,Bengaluru,439981,2026-09-07 17:54:13.992323,2026-09-07
TL-ORD-C44FB8E855,7064.0,sess_fd929a5970b048a4,1952,0.0,0,1952.0,2,Card,CONFIRMED,Delhi NCR,664026,2026-09-01 18:37:22.479292,2026-09-01
TL-ORD-91A94339CF,6784.0,sess_4308e0ae3f5949fd,3899,0.0,0,3899.0,2,Card,CONFIRMED,Mumbai,671938,2026-09-08 02:56:58.508546,2026-09-08
TL-ORD-6FAAD681C2,6844.0,sess_48f8f5bff0a4451d,2999,449.85,0,2549.15,3,Card,CONFIRMED,Hyderabad,281204,2026-08-30 00:49:30.637818,2026-08-30
TL-ORD-38FEFF303D,9565.0,sess_6f4c88d7a0074cc6,1882,0.0,0,1882.0,2,COD,CONFIRMED,Chennai,417338,2026-09-05 21:01:53.294025,2026-09-05
TL-ORD-7B234D54B2,11066.0,sess_a15f76ec51e445a3,2116,317.4,0,1798.6,2,COD,CONFIRMED,Mumbai,661926,2026-08-25 14:24:58.866811,2026-08-25
TL-ORD-6699F57838,,sess_863ecacfab134203,1603,0.0,0,1603.0,2,Card,CONFIRMED,Delhi NCR,577742,2026-08-27 17:01:00.307472,2026-08-27
TL-ORD-163ED487BA,,sess_27a063bb5ce34be6,2339,350.85,0,1988.15,2,UPI,CONFIRMED,Delhi NCR,671637,2026-09-01 18:15:12.701859,2026-09-01
TL-ORD-89C908ADF7,9921.0,sess_31f1038544184aa2,1724,0.0,0,1724.0,4,UPI,CONFIRMED,Pune,493871,2026-08-25 02:16:21.606099,2026-08-25
TL-ORD-78F1C3E773,6910.0,sess_e4833ba8e89a4f26,2199,0.0,0,2199.0,4,Card,CONFIRMED,Bengaluru,165065,2026-08-22 19:10:12.825507,2026-08-22
TL-ORD-75A4077B11,9583.0,sess_2c089ecf0e5f4e03,4237,0.0,0,4237.0,4,COD,CONFIRMED,Bengaluru,195838,2026-08-27 22:04:30.050635,2026-08-27
TL-ORD-4292D63E84,7068.0,sess_5e1f56baf6c74ed1,3670,550.5,0,3119.5,3,Card,CONFIRMED,Bengaluru,608685,2026-09-13 01:40:36.250189,2026-09-13
TL-ORD-E7413995B9,7284.0,sess_a043d1c717d84626,1263,0.0,0,1263.0,5,Card,CONFIRMED,Chennai,520167,2026-08-24 16:29:43.706274,2026-08-24
TL-ORD-D3D0056D0E,8117.0,sess_d9974d7b4b704782,3899,584.85,0,3314.15,2,UPI,CONFIRMED,Hyderabad,642306,2026-08-18 07:36:38.912392,2026-08-18
TL-ORD-CFBD1CBE24,8296.0,sess_ec8c1b2b89f5434f,3708,556.2,0,3151.8,4,NetBanking,CONFIRMED,Delhi NCR,227280,2026-08-21 17:32:19.049778,2026-08-21
TL-ORD-54E7220BCB,,sess_d8f99dfbf1af4415,5816,872.4,0,4943.6,2,Card,CONFIRMED,Mumbai,692461,2026-08-17 22:08:12.053447,2026-08-17
TL-ORD-375256FBD2,,sess_c22029014869498f,3389,508.35,0,2880.65,2,UPI,CONFIRMED,Pune,121110,2026-08-30 12:54:33.908062,2026-08-30
TL-ORD-131BAD54DF,,sess_f24b88aca5424e64,5659,0.0,0,5659.0,2,COD,CONFIRMED,Mumbai,621329,2026-08-30 11:13:18.789506,2026-08-30
TL-ORD-E39CE129F2,6626.0,sess_5d86961ac99a4bdb,4299,644.85,0,3654.15,2,UPI,CONFIRMED,Hyderabad,590327,2026-09-12 07:49:22.188519,2026-09-12
TL-ORD-863317B2E0,10448.0,sess_95fb401bf89647f9,1899,284.85,0,1614.15,2,NetBanking,CONFIRMED,Hyderabad,274389,2026-08-30 12:27:44.529162,2026-08-30
TL-ORD-B4DBA3AE70,8956.0,sess_4bf8c9e26447425a,852,0.0,99,951.0,2,COD,CONFIRMED,Delhi NCR,432726,2026-08-15 08:36:17.883130,2026-08-15
TL-ORD-657588D680,,sess_8a41bad343144b15,802,0.0,99,901.0,2,UPI,CONFIRMED,Chennai,167641,2026-08-23 22:18:51.677346,2026-08-23
TL-ORD-2FD8DCD73A,10133.0,sess_41ce86bd30c64ef4,4999,749.85,0,4249.15,3,COD,CONFIRMED,Delhi NCR,518640,2026-09-03 00:22:58.961976,2026-09-03
TL-ORD-86CB79737F,7369.0,sess_90cfd00f8fc3495e,2999,0.0,0,2999.0,3,UPI,CONFIRMED,Mumbai,661762,2026-08-28 09:46:28.086873,2026-08-28
TL-ORD-FC33BF302C,10762.0,sess_92f6be6e350b4c8c,1179,0.0,0,1179.0,2,Card,CONFIRMED,Chennai,435889,2026-08-25 14:07:19.594622,2026-08-25
TL-ORD-59E856333D,11603.0,sess_0e2566fd91a3471e,1500,225.0,0,1275.0,3,Card,CONFIRMED,Bengaluru,651177,2026-09-04 07:39:15.634191,2026-09-04
TL-ORD-52D903C3E6,8160.0,sess_21742cd7683543d1,743,0.0,99,842.0,3,UPI,CONFIRMED,Chennai,515676,2026-08-28 21:26:28.866542,2026-08-28
TL-ORD-1AE98B4A72,,sess_3180b0bebab8410d,1844,0.0,0,1844.0,3,UPI,CONFIRMED,Chennai,691657,2026-08-21 13:49:04.816928,2026-08-21
TL-ORD-5F6E862CB1,10025.0,sess_56d991b08d854d13,1772,0.0,0,1772.0,6,COD,CONFIRMED,Mumbai,598760,2026-08-17 19:30:05.236418,2026-08-17
TL-ORD-15D699DFE0,11901.0,sess_7d9f17e3ce774999,2450,0.0,0,2450.0,3,Card,CONFIRMED,Bengaluru,452940,2026-08-26 06:34:37.429472,2026-08-26
TL-ORD-7448E8767F,8525.0,sess_f695641f4d604868,550,0.0,99,649.0,5,COD,CONFIRMED,Chennai,575123,2026-09-07 04:06:26.065404,2026-09-07
TL-ORD-D892AD2426,9567.0,sess_f7c0d433c4394016,4999,749.85,0,4249.15,3,NetBanking,CONFIRMED,Chennai,212085,2026-08-19 23:43:23.881030,2026-08-19
TL-ORD-2D5C7535D2,6141.0,sess_1982b5fed3ec4fe2,4299,0.0,0,4299.0,2,UPI,CONFIRMED,Hyderabad,332424,2026-08-28 09:09:01.948572,2026-08-28
TL-ORD-D22B29059D,9038.0,sess_8dadbb86da9f47a3,3879,581.85,0,3297.15,5,Card,CONFIRMED,Hyderabad,437724,2026-08-23 21:37:29.132248,2026-08-23
TL-ORD-66BDDB3F8B,6797.0,sess_c2d4205ae0414066,1567,0.0,0,1567.0,3,Card,CONFIRMED,Hyderabad,310511,2026-09-01 14:08:54.943173,2026-09-01
TL-ORD-F838BCF33D,,sess_6d0e89f33ab14fbb,2999,0.0,0,2999.0,3,COD,CONFIRMED,Mumbai,340399,2026-08-20 12:10:18.761214,2026-08-20
TL-ORD-FAA31E77C9,,sess_33c6fa0c9d2d43ca,1899,284.85,0,1614.15,2,UPI,CONFIRMED,Mumbai,653336,2026-09-03 05:17:45.831895,2026-09-03
TL-ORD-9A516E366B,9349.0,sess_85f0c6787dd2480e,743,0.0,99,842.0,3,COD,CONFIRMED,Delhi NCR,119688,2026-08-21 06:07:39.684859,2026-08-21
TL-ORD-5A4A2EF294,6302.0,sess_e4e151216bbc49e5,2279,341.85,0,1937.15,2,NetBanking,CONFIRMED,Pune,216600,2026-08-21 06:19:59.673418,2026-08-21
TL-ORD-1E6CE25F27,,sess_526686bc8b8542fc,4645,0.0,0,4645.0,2,NetBanking,CONFIRMED,Mumbai,481574,2026-09-04 03:53:24.918827,2026-09-04
TL-ORD-1F7D239F7F,,sess_c735a619ab5b4ee5,4284,642.6,0,3641.4,2,COD,CONFIRMED,Chennai,247558,2026-09-07 11:33:09.415626,2026-09-07
TL-ORD-1DA870CE37,10362.0,sess_269df9d5223b4eca,1994,299.1,0,1694.9,2,COD,CONFIRMED,Chennai,651641,2026-08-25 12:34:06.868891,2026-08-25
TL-ORD-87472D1304,9601.0,sess_b910451d7a10442d,2438,0.0,0,2438.0,3,NetBanking,CONFIRMED,Chennai,491140,2026-08-24 03:27:56.874456,2026-08-24
TL-ORD-97A6C4A62F,,sess_3d0f7da762c64102,1724,258.6,0,1465.4,4,UPI,CONFIRMED,Hyderabad,209524,2026-08-21 06:26:58.722819,2026-08-21
TL-ORD-D8834AD389,11686.0,sess_7c37bc6cef4e4597,4958,743.7,0,4214.3,3,COD,CONFIRMED,Bengaluru,484355,2026-09-10 00:49:28.837582,2026-09-10
TL-ORD-C5AB4E8309,6582.0,sess_0cc5d461c95c4d4d,1914,0.0,0,1914.0,3,NetBanking,CONFIRMED,Pune,391766,2026-08-28 22:44:29.720525,2026-08-28
TL-ORD-9C5A87FD25,7092.0,sess_a954e14a246d451e,1994,0.0,0,1994.0,2,COD,CONFIRMED,Pune,497006,2026-08-22 04:14:42.570851,2026-08-22
TL-ORD-14D7FF760E,11387.0,sess_7b673dd2a17449e5,7844,0.0,0,7844.0,2,UPI,CONFIRMED,Bengaluru,361373,2026-08-20 04:58:30.641784,2026-08-20
TL-ORD-12302E6052,8791.0,sess_3eae78b7817e4afd,1339,0.0,0,1339.0,3,COD,CONFIRMED,Pune,333257,2026-08-31 00:03:39.842478,2026-08-31
TL-ORD-BE4F100F58,7348.0,sess_0683c1c149cc4cdc,2799,0.0,0,2799.0,5,NetBanking,CONFIRMED,Mumbai,545438,2026-08-20 16:38:37.196591,2026-08-20
TL-ORD-EF870EBC26,9717.0,sess_240b6e3f27df4bb9,1899,284.85,0,1614.15,2,NetBanking,CONFIRMED,Pune,249875,2026-08-26 01:31:36.241855,2026-08-26
TL-ORD-97CF484113,10659.0,sess_c03ad267ac864407,5450,0.0,0,5450.0,3,Card,CONFIRMED,Mumbai,566664,2026-08-30 22:30:39.119158,2026-08-30
TL-ORD-91F1C216D9,9532.0,sess_8a5d7bdde92a4d4c,1617,0.0,0,1617.0,3,Card,CONFIRMED,Pune,187980,2026-09-01 21:50:33.269626,2026-09-01
TL-ORD-9A3F1430F1,6970.0,sess_304d299d250c4c24,1914,0.0,0,1914.0,3,COD,CONFIRMED,Chennai,291377,2026-09-08 11:29:28.160226,2026-09-08
TL-ORD-6E52531ACB,7292.0,sess_fa2622f71adf4393,3421,0.0,0,3421.0,6,Card,CONFIRMED,Delhi NCR,279876,2026-09-09 21:22:17.766209,2026-09-09
TL-ORD-75824E0513,7003.0,sess_aefddb58d3374279,577,86.55,99,589.45,2,Card,CONFIRMED,Pune,160800,2026-08-26 10:31:46.994374,2026-08-26
TL-ORD-219FEBFDD5,,sess_b5cb5f0768c94d69,999,149.85,0,849.15,2,COD,CONFIRMED,Pune,253922,2026-08-24 04:47:25.912824,2026-08-24
TL-ORD-F5B2B87A0E,6583.0,sess_7caa365a58e141ab,4304,0.0,0,4304.0,4,UPI,CONFIRMED,Delhi NCR,219660,2026-09-01 07:05:55.950604,2026-09-01
TL-ORD-8AC5C1FC24,,sess_08576c8a33484592,1500,0.0,0,1500.0,3,NetBanking,CONFIRMED,Bengaluru,422634,2026-08-29 12:42:01.473297,2026-08-29
TL-ORD-07DA6A49CB,6652.0,sess_0c21f775a4d54a87,3857,0.0,0,3857.0,5,COD,CONFIRMED,Bengaluru,504717,2026-08-22 23:51:27.569301,2026-08-22
TL-ORD-6ED120A3A0,8227.0,sess_38cee43533994562,2799,0.0,0,2799.0,2,Card,CONFIRMED,Delhi NCR,587023,2026-09-12 18:14:19.341940,2026-09-12
TL-ORD-D6CA7DB770,10174.0,sess_1d6381d9d0684888,2464,369.6,0,2094.4,3,UPI,CONFIRMED,Mumbai,561322,2026-09-03 04:55:41.011358,2026-09-03
TL-ORD-170F6C91F7,,sess_284ecfb1d5b4462a,6999,0.0,0,6999.0,2,UPI,CONFIRMED,Pune,521862,2026-08-31 18:02:50.270095,2026-08-31
TL-ORD-547449BF1B,11040.0,sess_2889f6b93af34594,3471,0.0,0,3471.0,3,Card,CONFIRMED,Pune,465903,2026-08-21 18:36:51.105347,2026-08-21
TL-ORD-CB384BE7CC,,sess_0cbc5cbb0efa4db9,2839,0.0,0,2839.0,4,UPI,CONFIRMED,Delhi NCR,304749,2026-09-11 05:21:54.787576,2026-09-11
TL-ORD-7150B21B75,8383.0,sess_a8b53d3405fe41c3,2438,0.0,0,2438.0,3,COD,CONFIRMED,Chennai,509557,2026-08-21 10:53:21.418326,2026-08-21
TL-ORD-0498FEA91F,,sess_16b69d667ecb4af3,1954,0.0,0,1954.0,6,UPI,CONFIRMED,Delhi NCR,377488,2026-08-27 08:36:08.355097,2026-08-27
TL-ORD-BA73F6E142,6117.0,sess_52e7b48d00a94bde,3389,0.0,0,3389.0,2,Card,CONFIRMED,Hyderabad,211074,2026-08-27 10:19:39.776953,2026-08-27
TL-ORD-F62D3F75C7,8457.0,sess_e5766ffea37f4b87,6489,0.0,0,6489.0,2,Card,CONFIRMED,Delhi NCR,641096,2026-08-21 03:44:42.469606,2026-08-21
TL-ORD-093A9CF4CD,9433.0,sess_638997b959a441aa,829,0.0,99,928.0,6,UPI,CONFIRMED,Chennai,453901,2026-09-05 01:13:23.558063,2026-09-05
TL-ORD-0345726111,8519.0,sess_dae4ff84a2484b6d,4499,0.0,0,4499.0,2,COD,CONFIRMED,Delhi NCR,590043,2026-08-21 05:42:08.376659,2026-08-21
TL-ORD-BEF856053F,10022.0,sess_71f6695193054013,1670,250.5,0,1419.5,2,Card,CONFIRMED,Bengaluru,365612,2026-08-25 01:10:07.718997,2026-08-25
TL-ORD-9E175CB551,9219.0,sess_1be16af7f1114dfc,5499,0.0,0,5499.0,3,Card,CONFIRMED,Bengaluru,211454,2026-09-12 08:50:35.921537,2026-09-12
TL-ORD-00DF1ADEDB,8634.0,sess_951ddc82ffec4468,779,116.85,99,761.15,2,NetBanking,CONFIRMED,Mumbai,637609,2026-08-26 06:27:28.998061,2026-08-26
TL-ORD-472BBEBBC9,6051.0,sess_1ae47174afbf4232,2999,0.0,0,2999.0,3,COD,CONFIRMED,Mumbai,232624,2026-09-04 00:12:40.370701,2026-09-04
TL-ORD-A759784B70,7623.0,sess_768f2c44aa5b45c2,3177,0.0,0,3177.0,3,UPI,CONFIRMED,Delhi NCR,145289,2026-08-23 15:53:26.142479,2026-08-23
TL-ORD-A6E02DB773,,sess_826666ce1a6d4e39,3008,0.0,0,3008.0,3,COD,CONFIRMED,Delhi NCR,561660,2026-08-21 00:35:17.086138,2026-08-21
TL-ORD-D009A622CF,9422.0,sess_0065a4e011d8487e,2435,365.25,0,2069.75,2,UPI,CONFIRMED,Mumbai,306568,2026-09-02 16:51:05.595268,2026-09-02
TL-ORD-07F282895D,9616.0,sess_dedc5b33f9024138,956,0.0,99,1055.0,4,COD,CONFIRMED,Pune,455792,2026-08-15 06:39:04.140653,2026-08-15
TL-ORD-6A024C41C2,7270.0,sess_1407c91ef31b4126,4299,0.0,0,4299.0,2,NetBanking,CONFIRMED,Bengaluru,637368,2026-09-01 23:08:19.570612,2026-09-01
TL-ORD-D96B1ED151,,sess_53d0764b07ae43e0,3019,0.0,0,3019.0,2,Card,CONFIRMED,Delhi NCR,139823,2026-08-20 20:29:58.703445,2026-08-20
TL-ORD-675AB62086,9780.0,sess_94762892d1dc447d,1660,249.0,0,1411.0,2,NetBanking,CONFIRMED,Chennai,541266,2026-08-17 15:24:50.179395,2026-08-17
TL-ORD-808CCBF5D5,7646.0,sess_c8fb9ac051ec49d6,1270,190.5,0,1079.5,5,COD,CONFIRMED,Bengaluru,323536,2026-08-19 12:09:41.728792,2026-08-19
TL-ORD-499BD1BF1F,7881.0,sess_2030c1b7c9554cb0,1728,0.0,0,1728.0,2,NetBanking,CONFIRMED,Bengaluru,272434,2026-08-28 16:45:49.594344,2026-08-28
TL-ORD-7FAF2628EF,,sess_4321b846e5124f60,3041,0.0,0,3041.0,4,Card,CONFIRMED,Delhi NCR,636539,2026-09-10 18:03:54.597425,2026-09-10
TL-ORD-0D93BEC82E,11399.0,sess_ba19d45ee30b4d17,852,0.0,99,951.0,2,UPI,CONFIRMED,Hyderabad,144030,2026-08-20 13:47:15.277115,2026-08-20
TL-ORD-88FEB4DF7C,11386.0,sess_53d405bc7d8d4c0f,999,149.85,0,849.15,6,Card,CONFIRMED,Mumbai,119350,2026-09-06 11:24:41.541459,2026-09-06
TL-ORD-6EBD9B5454,7730.0,sess_01953423ea264750,751,112.65,99,737.35,4,Card,CONFIRMED,Mumbai,584472,2026-08-15 16:09:54.915054,2026-08-15
TL-ORD-8D7035AFA1,10585.0,sess_f1b0a1393dce4cd3,3174,476.1,0,2697.9,5,COD,CONFIRMED,Mumbai,647220,2026-09-08 16:13:54.456417,2026-09-08
TL-ORD-2EC0B58B5C,6234.0,sess_9d9aa5a539324cc5,1230,0.0,0,1230.0,4,Card,CONFIRMED,Bengaluru,663083,2026-08-20 22:33:50.998178,2026-08-20
TL-ORD-6D28B03596,11610.0,sess_6609534e013f4481,2199,0.0,0,2199.0,4,COD,CONFIRMED,Hyderabad,654955,2026-09-06 15:33:00.812325,2026-09-06
TL-ORD-63551C3600,10095.0,sess_7cc556b94a77413b,1103,165.45,0,937.55,2,UPI,CONFIRMED,Pune,640786,2026-09-05 07:07:48.644384,2026-09-05
TL-ORD-F6723A9849,,sess_4fe9f607424c4757,1506,225.9,0,1280.1,3,UPI,CONFIRMED,Pune,198457,2026-09-06 12:46:54.895051,2026-09-06
TL-ORD-EFE80FBA8F,6647.0,sess_032d531b31b1472e,642,0.0,99,741.0,5,Card,CONFIRMED,Bengaluru,114910,2026-09-03 17:08:52.564054,2026-09-03
TL-ORD-4848190BD7,,sess_dcf64d2c45af4cd7,2029,0.0,0,2029.0,5,UPI,CONFIRMED,Pune,615765,2026-09-07 01:30:28.778064,2026-09-07
TL-ORD-8CC116D7E1,6102.0,sess_c13ebcf6a0834d2b,1899,284.85,0,1614.15,2,Card,CONFIRMED,Chennai,506879,2026-08-24 17:14:33.438193,2026-08-24
TL-ORD-029B826CBF,6069.0,sess_b2f7d5c7f1354fe0,4481,672.15,0,3808.85,5,NetBanking,CONFIRMED,Bengaluru,356025,2026-08-15 23:15:31.744336,2026-08-15
TL-ORD-D4202D83AA,7776.0,sess_998ddaf1a0e34c60,3708,556.2,0,3151.8,4,Card,CONFIRMED,Hyderabad,513431,2026-09-01 08:54:13.229021,2026-09-01
TL-ORD-BA37D36660,11956.0,sess_ceff0a5c95f94b30,1829,274.35,0,1554.65,2,NetBanking,CONFIRMED,Bengaluru,201746,2026-09-12 14:08:13.544774,2026-09-12
TL-ORD-D233CC443C,8040.0,sess_2fb3c0ad7e0048d9,1733,0.0,0,1733.0,3,COD,CONFIRMED,Mumbai,396429,2026-08-18 15:39:41.264367,2026-08-18
TL-ORD-54EBD136E6,8093.0,sess_7b9165c078f147fd,1603,0.0,0,1603.0,2,COD,CONFIRMED,Delhi NCR,408899,2026-08-25 06:54:47.800776,2026-08-25
TL-ORD-E5790FAB06,11455.0,sess_76373a1359894001,3499,0.0,0,3499.0,3,NetBanking,CONFIRMED,Delhi NCR,378254,2026-08-25 06:52:10.201958,2026-08-25
TL-ORD-639DFFBE73,,sess_e505a5b49bd74e5b,779,0.0,99,878.0,2,Card,CONFIRMED,Hyderabad,689191,2026-09-01 21:38:47.213617,2026-09-01
TL-ORD-967D45B3D1,9409.0,sess_6e39568d1a1c4963,1802,0.0,0,1802.0,3,NetBanking,CONFIRMED,Pune,236497,2026-08-15 12:48:53.173837,2026-08-15
TL-ORD-11F174DF74,,sess_9c479fa231c64d61,5070,760.5,0,4309.5,5,COD,CONFIRMED,Delhi NCR,202874,2026-08-19 19:49:57.173783,2026-08-19
TL-ORD-ACFE7DCD7F,10263.0,sess_ec12e9c59d7d420e,999,0.0,0,999.0,2,NetBanking,CONFIRMED,Delhi NCR,516022,2026-08-29 10:50:05.186829,2026-08-29
TL-ORD-6E5C676334,10116.0,sess_f7946bec86ef40ac,4079,0.0,0,4079.0,2,NetBanking,CONFIRMED,Pune,272223,2026-09-06 08:12:18.290878,2026-09-06
TL-ORD-0BF43C7925,,sess_8b4ca41c4e344551,2142,321.3,0,1820.7,3,UPI,CONFIRMED,Hyderabad,209438,2026-08-21 16:27:12.169946,2026-08-21
TL-ORD-25F5BC5D89,7997.0,sess_7711911a63364c37,4759,0.0,0,4759.0,4,UPI,CONFIRMED,Mumbai,559158,2026-08-15 21:22:06.389984,2026-08-15
TL-ORD-9EFDF894C6,10126.0,sess_3a57b127a2394aed,3008,0.0,0,3008.0,3,UPI,CONFIRMED,Hyderabad,148625,2026-09-13 10:58:08.306211,2026-09-13
TL-ORD-F2C3A04408,8783.0,sess_685f9771dfc4486a,4617,0.0,0,4617.0,2,UPI,CONFIRMED,Chennai,353366,2026-09-11 20:17:40.119846,2026-09-11
TL-ORD-BCA82F293F,11374.0,sess_fca15bd4382340a7,1668,250.2,0,1417.8,3,Card,CONFIRMED,Delhi NCR,241552,2026-08-26 19:08:41.059023,2026-08-26
TL-ORD-71AF515A6C,,sess_805b74cbdf2e4087,1914,0.0,0,1914.0,3,Card,CONFIRMED,Chennai,623291,2026-09-08 12:52:17.658471,2026-09-08
TL-ORD-0DF75853E3,,sess_21e690178d154b20,4759,0.0,0,4759.0,4,Card,CONFIRMED,Chennai,502470,2026-08-30 09:20:28.297406,2026-08-30
TL-ORD-7E3A40FCC4,7416.0,sess_29404a5112c24650,1899,284.85,0,1614.15,2,NetBanking,CONFIRMED,Bengaluru,668528,2026-09-09 14:43:36.818827,2026-09-09
TL-ORD-C8AC3F53DD,6638.0,sess_3c00174bfb3f4836,4817,0.0,0,4817.0,2,COD,CONFIRMED,Hyderabad,135810,2026-09-04 22:35:07.621276,2026-09-04
TL-ORD-68B7C20FCA,,sess_9e0440c3c85d4bdd,829,124.35,99,803.65,6,Card,CONFIRMED,Chennai,112237,2026-09-04 08:20:10.197899,2026-09-04
TL-ORD-846322FC82,6403.0,sess_ac7dc59bbe49447f,4237,635.55,0,3601.45,4,UPI,CONFIRMED,Chennai,176347,2026-08-24 19:11:10.985057,2026-08-24
TL-ORD-21387449B8,9596.0,sess_a82484c3c48c49c2,1774,266.1,0,1507.9,2,UPI,CONFIRMED,Hyderabad,410417,2026-09-03 21:00:03.709562,2026-09-03
TL-ORD-C8CA52699A,,sess_83f209eb2faf4b08,2799,0.0,0,2799.0,5,COD,CONFIRMED,Mumbai,238626,2026-09-03 17:26:42.947781,2026-09-03
TL-ORD-EA5457BC8B,7962.0,sess_b37436b059c04fcf,4499,0.0,0,4499.0,2,NetBanking,CONFIRMED,Hyderabad,696177,2026-09-06 23:31:27.701510,2026-09-06
TL-ORD-48B379F5D4,7813.0,sess_e485fede77324b55,4481,0.0,0,4481.0,5,Card,CONFIRMED,Hyderabad,119417,2026-08-24 05:43:23.344160,2026-08-24
TL-ORD-5F6441A8B7,,sess_e2fec973e36541b7,1660,249.0,0,1411.0,2,Card,CONFIRMED,Mumbai,682921,2026-09-04 00:27:58.517384,2026-09-04
TL-ORD-DA8FFCA4C5,,sess_f6272277c838496a,2640,396.0,0,2244.0,3,NetBanking,CONFIRMED,Bengaluru,274679,2026-08-22 04:01:20.499551,2026-08-22
TL-ORD-F5AD1A12BC,6370.0,sess_d135231f9bfe4ab1,999,149.85,0,849.15,2,UPI,CONFIRMED,Chennai,439829,2026-08-19 13:31:23.655986,2026-08-19
TL-ORD-BAAB976EA8,10987.0,sess_115a03f190ad4133,3537,0.0,0,3537.0,3,NetBanking,CONFIRMED,Hyderabad,321036,2026-08-15 19:33:56.428320,2026-08-15
TL-ORD-01B4F8429F,,sess_e3333bf1604c4f87,4700,705.0,0,3995.0,3,Card,CONFIRMED,Delhi NCR,321043,2026-09-05 13:06:31.803869,2026-09-05
TL-ORD-8259841E68,,sess_8ea0184da1474ccc,2116,0.0,0,2116.0,2,UPI,CONFIRMED,Chennai,327676,2026-09-13 04:37:37.124297,2026-09-13
TL-ORD-0A6F418268,7738.0,sess_23398fa709bb4290,2673,0.0,0,2673.0,2,Card,CONFIRMED,Mumbai,578791,2026-08-15 23:34:50.428105,2026-08-15
TL-ORD-2DAFD07B04,11722.0,sess_af7205740232448f,1170,0.0,0,1170.0,5,COD,CONFIRMED,Bengaluru,561066,2026-08-27 23:03:22.023250,2026-08-27
TL-ORD-B6B03C055A,7441.0,sess_c81a7ccf3b5b43e4,1899,284.85,0,1614.15,2,UPI,CONFIRMED,Bengaluru,600576,2026-08-18 21:33:03.217877,2026-08-18
TL-ORD-3EFC366938,10175.0,sess_bcfab6cb53ce4fd5,3019,0.0,0,3019.0,2,UPI,CONFIRMED,Delhi NCR,320875,2026-09-04 18:17:06.561523,2026-09-04
TL-ORD-87C4CF438A,7060.0,sess_030aa9c2d3ae4c49,2339,0.0,0,2339.0,2,NetBanking,CONFIRMED,Bengaluru,206249,2026-09-05 16:40:06.493656,2026-09-05
TL-ORD-D15F60FC42,10321.0,sess_23b2e0755c2c4cef,4499,0.0,0,4499.0,2,UPI,CONFIRMED,Hyderabad,208887,2026-08-24 16:30:34.612624,2026-08-24
TL-ORD-F716F2B729,8723.0,sess_db1c02e949a54162,4072,610.8,0,3461.2,2,COD,CONFIRMED,Mumbai,128782,2026-08-28 21:11:00.966692,2026-08-28
TL-ORD-2DC4C042AA,,sess_172f674ab83c4406,3985,597.75,0,3387.25,3,UPI,CONFIRMED,Delhi NCR,475825,2026-09-04 01:58:59.659644,2026-09-04
TL-ORD-7937A0D186,9665.0,sess_990f856804e544af,2637,0.0,0,2637.0,3,Card,CONFIRMED,Delhi NCR,252606,2026-09-03 00:50:38.420379,2026-09-03
TL-ORD-0A2827B2F7,,sess_e8bd728d86f54649,1199,0.0,0,1199.0,2,NetBanking,CONFIRMED,Bengaluru,469785,2026-09-09 19:48:23.040079,2026-09-09
TL-ORD-0CF63E9912,,sess_2f89a0dad85a4d84,3674,0.0,0,3674.0,5,Card,CONFIRMED,Chennai,199464,2026-09-04 09:59:05.683452,2026-09-04
TL-ORD-7436466F9E,11479.0,sess_3c7b368b152746ad,5070,0.0,0,5070.0,5,Card,CONFIRMED,Chennai,453376,2026-08-16 03:42:28.325873,2026-08-16
TL-ORD-7C00834C5A,11723.0,sess_77134930a07a4ad9,3410,0.0,0,3410.0,4,Card,CONFIRMED,Chennai,118562,2026-08-22 18:27:25.429506,2026-08-22
TL-ORD-1A196D1FA6,,sess_4aa6b017544c4a65,6999,1049.85,0,5949.15,2,UPI,CONFIRMED,Delhi NCR,379427,2026-08-26 10:13:10.739650,2026-08-26
TL-ORD-8170C4D061,,sess_569bdd99ef3540ff,4723,0.0,0,4723.0,4,UPI,CONFIRMED,Mumbai,658223,2026-08-15 12:40:48.844723,2026-08-15
TL-ORD-6037860B99,6963.0,sess_a0b66ee9321c49d1,1791,0.0,0,1791.0,3,Card,CONFIRMED,Mumbai,322559,2026-08-25 14:21:19.136524,2026-08-25
TL-ORD-5BECD6778A,11017.0,sess_faf8f79e48ff4900,1567,0.0,0,1567.0,3,UPI,CONFIRMED,Pune,430169,2026-09-08 03:22:12.648007,2026-09-08
TL-ORD-3AFC191F0E,9763.0,sess_7475045232d94137,4180,0.0,0,4180.0,3,Card,CONFIRMED,Mumbai,405535,2026-09-12 11:59:41.535980,2026-09-12
TL-ORD-047E897DF7,8319.0,sess_b9df927f6ac34824,1500,225.0,0,1275.0,3,UPI,CONFIRMED,Delhi NCR,369264,2026-08-17 18:43:16.207426,2026-08-17
TL-ORD-04B963D67E,,sess_a511206622d04f7a,1308,0.0,0,1308.0,3,NetBanking,CONFIRMED,Pune,465555,2026-09-07 13:43:07.629841,2026-09-07
TL-ORD-898A7B4062,11560.0,sess_130142b9562f45ff,2550,0.0,0,2550.0,2,UPI,CONFIRMED,Delhi NCR,255054,2026-09-09 06:32:58.630063,2026-09-09
TL-ORD-D04F642775,10965.0,sess_92acf3b60d1a4bd3,3556,0.0,0,3556.0,2,NetBanking,CONFIRMED,Bengaluru,366211,2026-08-17 04:07:09.686587,2026-08-17
TL-ORD-86FEA1D94E,11147.0,sess_af967c69c8c34475,841,0.0,99,940.0,2,UPI,CONFIRMED,Mumbai,352076,2026-08-16 13:42:52.559271,2026-08-16
TL-ORD-BFD302D344,,sess_ab008da2b0cc4102,2499,0.0,0,2499.0,3,NetBanking,CONFIRMED,Mumbai,361420,2026-08-16 03:16:20.522397,2026-08-16
TL-ORD-1E94A9B4C7,6353.0,sess_1c61f98619784fb3,3712,0.0,0,3712.0,2,COD,CONFIRMED,Hyderabad,499956,2026-08-30 01:55:00.407384,2026-08-30
TL-ORD-6056C165A0,9643.0,sess_afb984b321ab4ff2,1952,0.0,0,1952.0,2,NetBanking,CONFIRMED,Bengaluru,520925,2026-08-28 11:53:00.287605,2026-08-28
TL-ORD-82847CE522,,sess_5804ebb1326048e1,1875,0.0,0,1875.0,4,NetBanking,CONFIRMED,Hyderabad,450587,2026-08-28 17:59:49.524407,2026-08-28
TL-ORD-3EDD8208C7,9461.0,sess_cb681b9af63d4a6c,1564,0.0,0,1564.0,2,UPI,CONFIRMED,Bengaluru,504242,2026-09-05 14:15:21.984653,2026-09-05
TL-ORD-66DF59C8E7,11576.0,sess_acf0402d1d4549c3,2499,0.0,0,2499.0,3,COD,CONFIRMED,Chennai,512602,2026-08-18 12:24:44.708140,2026-08-18
TL-ORD-A3C656776C,,sess_33a5ac23434c4d46,1899,0.0,0,1899.0,2,UPI,CONFIRMED,Hyderabad,271247,2026-08-16 02:47:45.680028,2026-08-16
TL-ORD-A6D149A975,9434.0,sess_feb6ce090ee044d9,1994,0.0,0,1994.0,2,NetBanking,CONFIRMED,Mumbai,365411,2026-09-11 18:49:12.481050,2026-09-11
TL-ORD-E53A187E52,11799.0,sess_a5e42609559f42b9,1802,0.0,0,1802.0,3,Card,CONFIRMED,Pune,173621,2026-09-04 18:11:15.522760,2026-09-04
TL-ORD-5ED7E62D13,,sess_6f3f1a4cea724a6d,4132,619.8,0,3512.2,2,UPI,CONFIRMED,Bengaluru,293698,2026-09-12 04:55:52.016433,2026-09-12
TL-ORD-2748130184,8479.0,sess_65ecde0128d54929,1210,181.5,0,1028.5,2,COD,CONFIRMED,Delhi NCR,306499,2026-09-11 23:19:04.366259,2026-09-11
TL-ORD-A9F22A41A9,9286.0,sess_1fefb570ca614f01,3294,494.1,0,2799.9,4,UPI,CONFIRMED,Bengaluru,596659,2026-08-31 20:03:15.149293,2026-08-31
TL-ORD-7A1574A10D,8505.0,sess_5826b38f20034302,1724,258.6,0,1465.4,4,UPI,CONFIRMED,Bengaluru,672788,2026-09-12 05:34:01.125508,2026-09-12
TL-ORD-96E4C5EC7D,,sess_97b788e431e34f65,3621,543.15,0,3077.85,3,NetBanking,CONFIRMED,Hyderabad,694559,2026-08-20 16:17:40.949691,2026-08-20
TL-ORD-086570BED5,10036.0,sess_98db8296b5a14bfe,3577,0.0,0,3577.0,2,COD,CONFIRMED,Bengaluru,428339,2026-08-23 15:28:14.802104,2026-08-23
TL-ORD-B0C3D76710,6189.0,sess_f2738f71dd3349e1,5842,876.3,0,4965.7,2,Card,CONFIRMED,Hyderabad,385860,2026-09-02 02:36:30.952055,2026-09-02
TL-ORD-24DB5CBF9F,8242.0,sess_506e565d2b564599,4645,696.75,0,3948.25,2,COD,CONFIRMED,Pune,262771,2026-08-30 02:43:55.056211,2026-08-30
TL-ORD-4437BEB637,,sess_f9f4191aece042a4,1276,191.4,0,1084.6,5,UPI,CONFIRMED,Hyderabad,639991,2026-09-12 13:46:52.909256,2026-09-12
TL-ORD-6617E63223,,sess_82979b1eaf1f4ad0,2142,321.3,0,1820.7,3,NetBanking,CONFIRMED,Hyderabad,676139,2026-08-23 09:47:46.349533,2026-08-23
TL-ORD-ED580A2F87,7660.0,sess_724570b9f48f4697,2334,0.0,0,2334.0,5,NetBanking,CONFIRMED,Delhi NCR,548526,2026-08-23 22:25:55.816372,2026-08-23
TL-ORD-B989424B61,11508.0,sess_2c53bf32b98f42a6,1617,0.0,0,1617.0,3,COD,CONFIRMED,Delhi NCR,582457,2026-09-11 11:00:53.029432,2026-09-11
TL-ORD-14E175201C,,sess_b8f296b6ddb046da,999,149.85,0,849.15,6,NetBanking,CONFIRMED,Mumbai,183063,2026-09-09 19:08:23.475745,2026-09-09
TL-ORD-8662E483BA,9663.0,sess_f96c89c3ccea48ad,2238,335.7,0,1902.3,3,UPI,CONFIRMED,Bengaluru,494249,2026-09-13 00:35:24.156030,2026-09-13
TL-ORD-BC9CA4DCB0,,sess_ebe017e408294f3e,894,134.1,99,858.9,2,Card,CONFIRMED,Mumbai,389836,2026-09-09 04:21:49.503101,2026-09-09
TL-ORD-C59E4E153B,6042.0,sess_0deb7312d68f412f,6999,0.0,0,6999.0,2,Card,CONFIRMED,Bengaluru,525368,2026-09-11 02:05:55.282552,2026-09-11
TL-ORD-DCFA76C6F7,,sess_d4197c759dd44979,2029,0.0,0,2029.0,5,NetBanking,CONFIRMED,Chennai,598209,2026-08-21 15:20:11.758868,2026-08-21
TL-ORD-5AA04588D8,,sess_81f942335843439a,3670,0.0,0,3670.0,3,COD,CONFIRMED,Delhi NCR,608198,2026-08-25 13:03:09.674811,2026-08-25
TL-ORD-883ED3353C,6428.0,sess_da5e6e8bb4624472,999,0.0,0,999.0,2,COD,CONFIRMED,Hyderabad,145945,2026-08-16 17:26:00.565710,2026-08-16
TL-ORD-07CD958DF4,,sess_3277be06528f4305,2781,417.15,0,2363.85,2,UPI,CONFIRMED,Pune,128508,2026-09-07 00:51:35.067513,2026-09-07
TL-ORD-FC3B57DA1B,,sess_4879baf365c14b46,2116,317.4,0,1798.6,2,UPI,CONFIRMED,Chennai,592345,2026-08-20 10:50:04.032594,2026-08-20
TL-ORD-3F1B2910D4,8254.0,sess_d59947592fb3452b,3282,492.3,0,2789.7,4,UPI,CONFIRMED,Delhi NCR,437408,2026-08-28 02:59:35.888660,2026-08-28
TL-ORD-6878264586,9208.0,sess_a8648a3f40364413,2334,0.0,0,2334.0,5,NetBanking,CONFIRMED,Mumbai,642776,2026-09-01 18:46:45.564012,2026-09-01
TL-ORD-76EF17DC92,8059.0,sess_83210c98d12041af,6594,989.1,0,5604.9,3,UPI,CONFIRMED,Hyderabad,662674,2026-08-16 08:41:24.333917,2026-08-16
TL-ORD-AEDDED693C,6993.0,sess_df5860b0b10e4d32,1210,181.5,0,1028.5,2,UPI,CONFIRMED,Chennai,289795,2026-09-03 16:23:27.758176,2026-09-03
TL-ORD-7CE0B574E3,6154.0,sess_4ac0c0c0e4b646b0,2792,0.0,0,2792.0,2,UPI,CONFIRMED,Chennai,608446,2026-09-08 17:06:53.603306,2026-09-08
TL-ORD-4CA7429CB5,8896.0,sess_bf70a42360bc4f5a,3152,0.0,0,3152.0,2,Card,CONFIRMED,Bengaluru,402313,2026-09-09 02:40:35.075996,2026-09-09
TL-ORD-61945C5659,,sess_766983d4a7fd412d,6188,928.2,0,5259.8,2,COD,CONFIRMED,Pune,604487,2026-08-15 19:50:42.763031,2026-08-15
TL-ORD-745DC5D38D,7063.0,sess_99fa58281ebe490b,2206,330.9,0,1875.1,3,NetBanking,CONFIRMED,Bengaluru,277568,2026-08-27 04:42:58.681201,2026-08-27
TL-ORD-BC46262881,,sess_4da34160ae544013,5596,0.0,0,5596.0,2,NetBanking,CONFIRMED,Hyderabad,213826,2026-08-15 03:46:20.850113,2026-08-15
TL-ORD-6BADF57E98,9649.0,sess_c7a359bc6dce49fd,3556,0.0,0,3556.0,2,UPI,CONFIRMED,Chennai,657286,2026-08-31 15:28:23.973501,2026-08-31
TL-ORD-173252AC53,11079.0,sess_683aa746462f4c6b,2268,340.2,0,1927.8,3,Card,CONFIRMED,Mumbai,609508,2026-09-13 15:37:00.555323,2026-09-13
TL-ORD-973DE007A5,,sess_90b4b6f00d944300,2631,394.65,0,2236.35,2,UPI,CONFIRMED,Chennai,258440,2026-08-17 20:11:02.974463,2026-08-17
TL-ORD-5647D5172F,,sess_764afeaac6c346e0,1542,231.3,0,1310.7,5,UPI,CONFIRMED,Chennai,261249,2026-09-01 05:41:09.920392,2026-09-01
TL-ORD-87CCBE6DF1,6829.0,sess_06b5d836c0e64f7e,3857,0.0,0,3857.0,5,COD,CONFIRMED,Hyderabad,275326,2026-08-15 10:56:22.284911,2026-08-15
TL-ORD-98AEF9E5B2,11953.0,sess_8c23e9546f094e5e,1040,156.0,0,884.0,2,Card,CONFIRMED,Hyderabad,630808,2026-08-24 19:17:33.010371,2026-08-24
TL-ORD-24A22B5C9A,8646.0,sess_1e9f24094c6f4789,1899,0.0,0,1899.0,2,COD,CONFIRMED,Chennai,647399,2026-08-27 17:23:46.752748,2026-08-27
TL-ORD-42456B2CCE,7451.0,sess_4d8ea82af149490f,4700,705.0,0,3995.0,3,NetBanking,CONFIRMED,Delhi NCR,265162,2026-09-07 21:06:27.903456,2026-09-07
TL-ORD-F024402736,9399.0,sess_14340921804443cf,2936,0.0,0,2936.0,4,UPI,CONFIRMED,Mumbai,350648,2026-08-19 09:18:17.299994,2026-08-19
TL-ORD-74C3DBB4DF,11110.0,sess_4532611f76ba4866,6999,0.0,0,6999.0,2,Card,CONFIRMED,Bengaluru,328109,2026-09-08 01:17:41.992592,2026-09-08
TL-ORD-FA543D1924,8263.0,sess_f714d94a3ed14ee3,4617,0.0,0,4617.0,2,COD,CONFIRMED,Hyderabad,369516,2026-08-23 11:07:22.140922,2026-08-23
TL-ORD-DB4B9BC148,8079.0,sess_45a85760398d4e12,2688,0.0,0,2688.0,2,Card,CONFIRMED,Delhi NCR,652354,2026-09-02 15:40:55.348625,2026-09-02
TL-ORD-DE7B82D295,6557.0,sess_10b001bba89a4fd6,1389,0.0,0,1389.0,3,NetBanking,CONFIRMED,Bengaluru,192777,2026-09-11 06:29:33.364425,2026-09-11
TL-ORD-C0B92A925B,11009.0,sess_381e7333e294456d,3857,0.0,0,3857.0,5,COD,CONFIRMED,Mumbai,698527,2026-08-15 21:58:04.943910,2026-08-15
TL-ORD-C4E3F882BA,8614.0,sess_59e8c636ff3b42c1,2199,0.0,0,2199.0,4,Card,CONFIRMED,Hyderabad,617640,2026-08-19 01:24:58.919278,2026-08-19
TL-ORD-1DE579B606,8352.0,sess_26fd89a14eb74d9a,1668,0.0,0,1668.0,3,Card,CONFIRMED,Bengaluru,638357,2026-08-19 06:45:20.975607,2026-08-19
TL-ORD-C37BB24AA5,11592.0,sess_e83621df34424fd7,3481,522.15,0,2958.85,5,COD,CONFIRMED,Chennai,664995,2026-08-15 11:41:03.376772,2026-08-15
TL-ORD-BE840A46A4,9300.0,sess_c149312a0a1044a5,802,0.0,99,901.0,2,Card,CONFIRMED,Mumbai,363210,2026-08-25 00:51:09.256865,2026-08-25
TL-ORD-CCBC858011,8069.0,sess_556b24e7607d4327,4237,635.55,0,3601.45,4,UPI,CONFIRMED,Pune,199705,2026-09-08 13:55:21.257544,2026-09-08
TL-ORD-533EA09885,10548.0,sess_3bfb2f10877d4e63,2350,0.0,0,2350.0,2,UPI,CONFIRMED,Chennai,468136,2026-08-16 00:05:37.970754,2026-08-16
TL-ORD-65F29E7879,6198.0,sess_1b6481b3b90e42e9,2717,407.55,0,2309.45,3,COD,CONFIRMED,Pune,647626,2026-09-09 05:43:06.839433,2026-09-09
TL-ORD-53DFB0293D,7600.0,sess_e258ce00f3314553,2799,0.0,0,2799.0,5,UPI,CONFIRMED,Mumbai,179747,2026-09-10 08:16:15.131603,2026-09-10
TL-ORD-87FDCA8001,8872.0,sess_f8f0d203b00f4edf,3531,529.65,0,3001.35,3,NetBanking,CONFIRMED,Mumbai,447510,2026-08-16 11:18:32.080377,2026-08-16
TL-ORD-EBA184AB06,,sess_0dc936c822fe46d9,4499,0.0,0,4499.0,2,Card,CONFIRMED,Delhi NCR,428980,2026-08-16 03:34:04.051023,2026-08-16
TL-ORD-7B23A7DA4E,6543.0,sess_5c8e05ab76b74181,2999,0.0,0,2999.0,3,NetBanking,CONFIRMED,Hyderabad,676646,2026-08-19 09:07:57.997898,2026-08-19
TL-ORD-8A01A3F1E6,,sess_29e400c4d0a041b8,1533,229.95,0,1303.05,2,UPI,CONFIRMED,Delhi NCR,377688,2026-08-21 14:56:24.890617,2026-08-21
TL-ORD-95374EE6C1,11489.0,sess_ca7dab651a424918,2235,335.25,0,1899.75,3,Card,CONFIRMED,Bengaluru,266654,2026-09-07 06:57:28.134528,2026-09-07
TL-ORD-F2BD9F9644,10032.0,sess_41a1778d79ca4868,1230,0.0,0,1230.0,4,UPI,CONFIRMED,Delhi NCR,428930,2026-08-31 19:30:23.296792,2026-08-31
TL-ORD-67B2EBFE52,8563.0,sess_3ca3435d3b174f08,3499,524.85,0,2974.15,2,COD,CONFIRMED,Pune,221356,2026-09-10 17:44:55.607565,2026-09-10
TL-ORD-19AD432A08,11643.0,sess_affd6561b40d450e,2799,0.0,0,2799.0,2,Card,CONFIRMED,Chennai,331328,2026-09-05 19:16:38.721105,2026-09-05
TL-ORD-598BD28540,,sess_869b01b919b641dd,4999,749.85,0,4249.15,3,UPI,CONFIRMED,Pune,629567,2026-08-22 19:38:43.527185,2026-08-22
TL-ORD-C86447EC7A,,sess_4347791c57de4958,5842,876.3,0,4965.7,2,NetBanking,CONFIRMED,Chennai,207346,2026-08-20 23:59:34.947753,2026-08-20
TL-ORD-CD866DBE65,9521.0,sess_4de5666b7c85491d,3410,0.0,0,3410.0,4,COD,CONFIRMED,Bengaluru,348976,2026-09-06 13:42:55.982033,2026-09-06
TL-ORD-FFB767F5F7,11688.0,sess_c8f4d54b09354b8a,2769,415.35,0,2353.65,2,COD,CONFIRMED,Delhi NCR,642812,2026-09-13 18:38:59.498732,2026-09-13
TL-ORD-76F00F138A,7927.0,sess_94c9107f9c27450d,1103,0.0,0,1103.0,5,COD,CONFIRMED,Delhi NCR,229095,2026-09-09 23:22:09.812854,2026-09-09
TL-ORD-9FC26576C3,6191.0,sess_b529c00bcb4c4b03,4869,730.35,0,4138.65,3,COD,CONFIRMED,Pune,502863,2026-09-06 07:39:30.121733,2026-09-06
TL-ORD-0225AB3EEC,,sess_c302db5f5f9a42b7,4299,644.85,0,3654.15,2,COD,CONFIRMED,Mumbai,246266,2026-09-11 15:07:50.100401,2026-09-11
TL-ORD-8F8522E202,11289.0,sess_c5ffbba597664332,642,0.0,99,741.0,5,UPI,CONFIRMED,Bengaluru,129321,2026-09-09 05:54:29.634001,2026-09-09
TL-ORD-8D5EDCD54D,9023.0,sess_893c9ecb946f4346,1199,0.0,0,1199.0,2,UPI,CONFIRMED,Hyderabad,670557,2026-09-05 11:00:25.321741,2026-09-05
TL-ORD-0F98CC6802,8993.0,sess_a07ad0ce169b4ba0,6999,0.0,0,6999.0,2,NetBanking,CONFIRMED,Chennai,424350,2026-09-01 21:18:04.643620,2026-09-01
TL-ORD-08326128C7,,sess_e80a234824c24d90,3473,0.0,0,3473.0,3,COD,CONFIRMED,Delhi NCR,220797,2026-08-28 03:07:41.779540,2026-08-28
TL-ORD-C9E283D5CF,10474.0,sess_3ac67f54e4c34e0e,2622,393.3,0,2228.7,3,Card,CONFIRMED,Pune,577454,2026-09-11 16:01:47.556976,2026-09-11
TL-ORD-A7A4E5E168,,sess_ced206281b984545,1564,0.0,0,1564.0,2,NetBanking,CONFIRMED,Pune,586382,2026-08-25 09:57:27.162715,2026-08-25
TL-ORD-7AFA89847C,,sess_e4acf0f3f7cb4ae1,3556,533.4,0,3022.6,2,UPI,CONFIRMED,Pune,571910,2026-09-07 22:03:58.076946,2026-09-07
TL-ORD-E0FF26E3D4,,sess_384ec008f91f40d1,5596,839.4,0,4756.6,2,UPI,CONFIRMED,Pune,555733,2026-08-20 16:19:28.885298,2026-08-20
TL-ORD-2CB6C8304B,9954.0,sess_e1d8d0e4ca1a4f95,1684,0.0,0,1684.0,2,UPI,CONFIRMED,Delhi NCR,447220,2026-08-22 03:02:51.406119,2026-08-22
TL-ORD-5DD975E39C,,sess_02b5db6238504cd4,2799,419.85,0,2379.15,5,Card,CONFIRMED,Hyderabad,583719,2026-08-22 02:21:45.003315,2026-08-22
TL-ORD-18FBBD93D9,10354.0,sess_077e065451504821,1244,0.0,0,1244.0,3,Card,CONFIRMED,Mumbai,205541,2026-08-25 08:19:48.737581,2026-08-25
TL-ORD-C43A7BB0BA,8631.0,sess_f2e91174c9cb47b8,1210,0.0,0,1210.0,2,UPI,CONFIRMED,Delhi NCR,384518,2026-09-06 22:31:56.225282,2026-09-06
TL-ORD-F49B0D9BF6,,sess_cf7b443e1879440a,3233,0.0,0,3233.0,3,Card,CONFIRMED,Delhi NCR,573942,2026-08-15 05:28:02.992014,2026-08-15
TL-ORD-ABEDC21611,,sess_5470cfaf65fd417a,2437,365.55,0,2071.45,4,Card,CONFIRMED,Chennai,700045,2026-08-15 09:29:08.240940,2026-08-15
TL-ORD-4510D13E0A,,sess_9cd93a2da0a444ac,984,0.0,99,1083.0,5,UPI,CONFIRMED,Chennai,569847,2026-08-27 21:18:53.587238,2026-08-27
TL-ORD-E92EBCCD25,10342.0,sess_dd2b9b485bf94333,1061,159.15,0,901.85,3,UPI,CONFIRMED,Delhi NCR,165589,2026-08-19 09:41:54.048171,2026-08-19
TL-ORD-92FF096817,,sess_79874e446f704125,1994,0.0,0,1994.0,2,NetBanking,CONFIRMED,Mumbai,263374,2026-09-07 11:55:31.209822,2026-09-07
TL-ORD-BC5D9D5C2A,8558.0,sess_13acc0d091874913,2673,400.95,0,2272.05,2,UPI,CONFIRMED,Pune,367756,2026-08-17 13:39:06.892372,2026-08-17
TL-ORD-FA9DBA4762,10740.0,sess_7128ec8c03204a46,6594,0.0,0,6594.0,3,UPI,CONFIRMED,Bengaluru,341035,2026-08-19 09:41:44.784318,2026-08-19
TL-ORD-CC210F4C8C,9567.0,sess_909f614bdac84617,1847,0.0,0,1847.0,3,UPI,CONFIRMED,Delhi NCR,469849,2026-08-20 23:24:15.875388,2026-08-20
TL-ORD-DBDD1FFCB5,,sess_42d368cfc5ee4d1a,4499,0.0,0,4499.0,2,NetBanking,CONFIRMED,Hyderabad,320611,2026-08-15 15:08:17.692752,2026-08-15
TL-ORD-A26751AC3D,9705.0,sess_0ae7a4203a724f42,4700,0.0,0,4700.0,3,UPI,CONFIRMED,Delhi NCR,533977,2026-08-31 09:38:32.466409,2026-08-31
TL-ORD-1CCB2A40E9,10767.0,sess_6fcefef4399641e6,1170,0.0,0,1170.0,5,NetBanking,CONFIRMED,Pune,665202,2026-08-31 10:30:53.640825,2026-08-31
TL-ORD-7387CE3F55,8367.0,sess_0a068b59029a4e26,4723,0.0,0,4723.0,4,NetBanking,CONFIRMED,Pune,310794,2026-09-13 04:18:11.698278,2026-09-13
TL-ORD-9A8491E6AD,8034.0,sess_3366ddab01874562,3556,533.4,0,3022.6,2,Card,CONFIRMED,Bengaluru,158105,2026-09-03 01:16:52.880680,2026-09-03
TL-ORD-7A8761FFC1,11244.0,sess_d2168b7cce2048f5,2640,0.0,0,2640.0,3,NetBanking,CONFIRMED,Mumbai,664647,2026-09-11 18:46:21.660242,2026-09-11
TL-ORD-319CD5B633,9879.0,sess_cb1fbd11fd4a43b1,3499,0.0,0,3499.0,2,NetBanking,CONFIRMED,Chennai,415975,2026-08-19 20:54:58.569080,2026-08-19
TL-ORD-DABA4309CB,9053.0,sess_e38ae719dab945f5,1739,0.0,0,1739.0,5,UPI,CONFIRMED,Hyderabad,473431,2026-08-29 22:29:30.175458,2026-08-29
TL-ORD-9DF17B55C2,6175.0,sess_30ee4da53a61491a,1882,282.3,0,1599.7,2,UPI,CONFIRMED,Chennai,133198,2026-08-26 20:21:33.091268,2026-08-26
TL-ORD-C15526757F,6372.0,sess_5640dc2ddca241be,1743,261.45,0,1481.55,3,Card,CONFIRMED,Pune,139817,2026-09-08 00:01:15.162913,2026-09-08
TL-ORD-A9C96A98DD,,sess_1f7eac05cad74beb,3294,0.0,0,3294.0,4,COD,CONFIRMED,Delhi NCR,680498,2026-09-11 00:07:27.815799,2026-09-11
TL-ORD-1426B959F2,,sess_eededfc5d5a94ae7,1270,190.5,0,1079.5,5,UPI,CONFIRMED,Chennai,511395,2026-08-24 18:43:05.373892,2026-08-24
TL-ORD-87B282BED4,11600.0,sess_b9d8f729110b4afc,4958,0.0,0,4958.0,3,Card,CONFIRMED,Bengaluru,235244,2026-09-06 00:24:52.640208,2026-09-06
TL-ORD-D706E52258,6497.0,sess_ef4780732ab646e8,956,143.4,99,911.6,4,UPI,CONFIRMED,Pune,115535,2026-08-25 16:21:08.019945,2026-08-25
TL-ORD-2D413BFF07,,sess_9add6dbaeb0d462b,1389,208.35,0,1180.65,3,NetBanking,CONFIRMED,Hyderabad,300229,2026-08-29 07:46:44.219403,2026-08-29
TL-ORD-A95E4D10F2,6202.0,sess_11bc567817e54e31,1829,0.0,0,1829.0,2,UPI,CONFIRMED,Delhi NCR,684271,2026-08-27 18:47:15.540985,2026-08-27
TL-ORD-B53C542444,6402.0,sess_fac02762104d4b4c,1251,187.65,0,1063.35,3,UPI,CONFIRMED,Bengaluru,505788,2026-09-09 13:18:29.542512,2026-09-09
TL-ORD-3110780D3D,11913.0,sess_2c70bb393c5e4cb3,6594,0.0,0,6594.0,3,Card,CONFIRMED,Chennai,349271,2026-08-24 06:33:24.666108,2026-08-24
TL-ORD-D57C206A78,10119.0,sess_839f9e51362f4f1e,3008,0.0,0,3008.0,3,COD,CONFIRMED,Chennai,186258,2026-09-05 15:45:17.165372,2026-09-05
TL-ORD-6A872BF330,,sess_07692c31d1cf4d03,2036,305.4,0,1730.6,2,Card,CONFIRMED,Chennai,318614,2026-09-08 20:54:15.059501,2026-09-08
TL-ORD-4093352992,9046.0,sess_6251b14c03414bbf,3748,0.0,0,3748.0,2,COD,CONFIRMED,Hyderabad,185988,2026-08-21 23:53:49.529063,2026-08-21
TL-ORD-21E7B1BE78,,sess_faa3189da5464279,1308,196.2,0,1111.8,3,Card,CONFIRMED,Mumbai,637669,2026-08-30 10:06:01.210984,2026-08-30
TL-ORD-1B4CAB36EB,7426.0,sess_78efffbecd5a466b,4999,0.0,0,4999.0,3,UPI,CONFIRMED,Delhi NCR,649153,2026-08-31 21:49:47.062081,2026-08-31
TL-ORD-A913661300,,sess_b081b5dc527f4e52,1899,284.85,0,1614.15,2,UPI,CONFIRMED,Mumbai,117102,2026-08-17 20:32:16.712445,2026-08-17
TL-ORD-AAFF57CFB5,9338.0,sess_d0166b395d3447bd,4284,0.0,0,4284.0,2,UPI,CONFIRMED,Pune,340482,2026-08-29 23:19:15.402677,2026-08-29
TL-ORD-6D24D9C634,7396.0,sess_c991b4290e164c9a,5842,0.0,0,5842.0,2,NetBanking,CONFIRMED,Hyderabad,201294,2026-08-29 08:23:01.867083,2026-08-29
TL-ORD-AA5FB2DAEE,8286.0,sess_908c716aeae64e86,1899,0.0,0,1899.0,2,Card,CONFIRMED,Mumbai,354214,2026-08-25 23:51:27.202116,2026-08-25
TL-ORD-1480144C09,7677.0,sess_eec3affe5acf403f,5842,0.0,0,5842.0,2,Card,CONFIRMED,Hyderabad,437411,2026-08-27 21:18:49.647603,2026-08-27
TL-ORD-5D4BCD5FF7,,sess_a20ccb98ff164613,3152,472.8,0,2679.2,2,Card,CONFIRMED,Hyderabad,159709,2026-08-17 06:05:11.152980,2026-08-17
TL-ORD-9C1F5130D6,,sess_ad0cd25740174f6f,3316,497.4,0,2818.6,3,COD,CONFIRMED,Hyderabad,418577,2026-08-31 04:02:07.191983,2026-08-31
TL-ORD-9BF9C8650E,10597.0,sess_23bdf9591cdc4fa2,4499,0.0,0,4499.0,2,COD,CONFIRMED,Mumbai,459247,2026-09-12 08:57:47.327126,2026-09-12
TL-ORD-CC72DD60D6,10997.0,sess_f2d6786dc5e64016,1829,0.0,0,1829.0,6,NetBanking,CONFIRMED,Bengaluru,309553,2026-08-16 08:24:01.831860,2026-08-16
TL-ORD-B09055C85E,,sess_5f7645b05db64083,2235,0.0,0,2235.0,3,Card,CONFIRMED,Bengaluru,534073,2026-08-29 12:00:59.476486,2026-08-29
TL-ORD-3A49A1B43E,6140.0,sess_d2e69b6c7a8b4ff0,2199,0.0,0,2199.0,4,NetBanking,CONFIRMED,Mumbai,467554,2026-08-22 17:58:36.364576,2026-08-22
TL-ORD-93A0D4EB0D,8171.0,sess_97e390b31f7e4095,1603,0.0,0,1603.0,2,NetBanking,CONFIRMED,Bengaluru,541704,2026-08-15 04:51:33.648081,2026-08-15
TL-ORD-15DAD8E1D7,7873.0,sess_a6aeee3ca8b64751,2435,0.0,0,2435.0,2,UPI,CONFIRMED,Delhi NCR,283889,2026-09-07 21:05:37.525391,2026-09-07
TL-ORD-D60270852F,11710.0,sess_6e6e1e498841433a,869,130.35,99,837.65,3,NetBanking,CONFIRMED,Bengaluru,437083,2026-08-31 00:33:34.372889,2026-08-31
TL-ORD-8A11A585B9,6179.0,sess_892658c2bb844fb5,1210,181.5,0,1028.5,2,Card,CONFIRMED,Delhi NCR,471985,2026-08-26 00:05:49.521770,2026-08-26
TL-ORD-D6AEF8C541,,sess_f61c2675c14c40d4,4299,0.0,0,4299.0,2,Card,CONFIRMED,Pune,422959,2026-09-05 19:20:04.784824,2026-09-05
TL-ORD-1D48943566,7695.0,sess_271c6bd918434cc6,2435,365.25,0,2069.75,2,UPI,CONFIRMED,Mumbai,647840,2026-08-17 00:53:37.703627,2026-08-17
TL-ORD-E60A51C4E8,11468.0,sess_090af4c6a6754115,1068,0.0,0,1068.0,4,UPI,CONFIRMED,Pune,367798,2026-08-17 08:51:54.361196,2026-08-17
TL-ORD-C8514E6AC0,,sess_b7b79935420a4015,1899,0.0,0,1899.0,4,Card,CONFIRMED,Chennai,477934,2026-08-31 07:34:40.503356,2026-08-31
TL-ORD-3EBE4D0DC5,9427.0,sess_ad917bece35d4a9e,3844,0.0,0,3844.0,2,COD,CONFIRMED,Bengaluru,657266,2026-08-28 04:47:16.160477,2026-08-28
TL-ORD-78019C23E1,10366.0,sess_fa8af70b58d44ec1,4132,619.8,0,3512.2,2,Card,CONFIRMED,Pune,255956,2026-08-20 16:18:56.925593,2026-08-20
TL-ORD-7D75D33CF9,,sess_125db2449227425b,3294,494.1,0,2799.9,4,NetBanking,CONFIRMED,Pune,211381,2026-09-10 21:17:21.044480,2026-09-10
TL-ORD-7C947C4FE0,,sess_337a918ce5384640,1844,276.6,0,1567.4,2,COD,CONFIRMED,Hyderabad,371107,2026-09-11 07:16:31.138302,2026-09-11
TL-ORD-668F7CD0A8,8460.0,sess_e8fa6882a4944799,4481,0.0,0,4481.0,5,Card,CONFIRMED,Delhi NCR,530247,2026-09-07 03:56:12.736903,2026-09-07
TL-ORD-A11BCED123,,sess_d7d89d31524b4340,2388,358.2,0,2029.8,4,Card,CONFIRMED,Chennai,366257,2026-09-09 12:35:17.160257,2026-09-09
TL-ORD-454EDD99F8,8968.0,sess_f0d2770a11ca47b6,2108,0.0,0,2108.0,6,Card,CONFIRMED,Hyderabad,570786,2026-09-04 00:38:08.587302,2026-09-04
TL-ORD-E5E8151430,6602.0,sess_cb5d061cc05b4ec3,3499,524.85,0,2974.15,3,Card,CONFIRMED,Hyderabad,306688,2026-09-02 03:29:28.120199,2026-09-02
TL-ORD-9B4C1BE658,8314.0,sess_c02095e5766d40a0,3177,0.0,0,3177.0,3,Card,CONFIRMED,Bengaluru,147913,2026-08-18 19:36:17.352661,2026-08-18
TL-ORD-193AD57520,7471.0,sess_3941802b8ff940ac,1230,184.5,0,1045.5,4,COD,CONFIRMED,Chennai,421211,2026-08-15 08:16:03.456129,2026-08-15
TL-ORD-38ADA17E93,9207.0,sess_f03a4d79aa594b50,848,0.0,99,947.0,6,COD,CONFIRMED,Pune,298403,2026-08-20 20:56:44.127369,2026-08-20
TL-ORD-71DF7270CD,6206.0,sess_92b219ae674b403c,3976,0.0,0,3976.0,2,Card,CONFIRMED,Pune,219460,2026-09-02 20:54:04.162115,2026-09-02
TL-ORD-6400313E95,10979.0,sess_8d3045e573a841cf,3775,0.0,0,3775.0,5,Card,CONFIRMED,Pune,192858,2026-09-10 21:07:48.159890,2026-09-10
TL-ORD-EB9B08E3B6,6917.0,sess_243197ffc5b34246,2437,0.0,0,2437.0,4,COD,CONFIRMED,Hyderabad,233172,2026-08-29 16:53:47.432667,2026-08-29
TL-ORD-1CE67FC6C7,9256.0,sess_dd05e70907904709,1604,0.0,0,1604.0,3,UPI,CONFIRMED,Hyderabad,214445,2026-09-03 07:47:03.415719,2026-09-03
TL-ORD-90857D3E1F,10150.0,sess_21bde6fc3cfc433e,2036,0.0,0,2036.0,2,NetBanking,CONFIRMED,Pune,128541,2026-08-26 15:14:05.795293,2026-08-26
TL-ORD-44111634B0,,sess_d7d3ab4762df456f,1244,0.0,0,1244.0,3,Card,CONFIRMED,Mumbai,346461,2026-09-08 18:51:40.297639,2026-09-08
TL-ORD-8D589A10B6,11917.0,sess_dbbf254c989f4756,2279,0.0,0,2279.0,2,COD,CONFIRMED,Pune,540691,2026-08-16 10:04:32.228153,2026-08-16
TL-ORD-92F6419E1C,8017.0,sess_1f3d587344314284,3316,497.4,0,2818.6,3,Card,CONFIRMED,Bengaluru,379206,2026-08-17 02:16:20.121610,2026-08-17
TL-ORD-C86209067A,11370.0,sess_4e5b1087236f4d1f,869,130.35,99,837.65,3,Card,CONFIRMED,Mumbai,465287,2026-09-10 11:38:45.263286,2026-09-10
TL-ORD-665F8F0F73,8929.0,sess_d48a8dd7a35a42a9,3294,0.0,0,3294.0,4,COD,CONFIRMED,Mumbai,581787,2026-09-05 12:31:17.546973,2026-09-05
TL-ORD-26EF8CA8C1,6007.0,sess_059f7e75ce804610,4132,619.8,0,3512.2,2,COD,CONFIRMED,Pune,202026,2026-09-10 00:55:27.130914,2026-09-10
TL-ORD-6E81417D8B,9482.0,sess_77f6f410b8104056,5184,777.6,0,4406.4,6,NetBanking,CONFIRMED,Mumbai,116026,2026-09-09 18:43:49.696658,2026-09-09
TL-ORD-8A7976A87A,9301.0,sess_f3894ece36514d07,2312,346.8,0,1965.2,5,NetBanking,CONFIRMED,Pune,555481,2026-08-24 09:04:04.722344,2026-08-24
TL-ORD-EB60D45939,11708.0,sess_1db7c9ad388e4b18,3143,0.0,0,3143.0,2,NetBanking,CONFIRMED,Mumbai,510858,2026-09-06 17:00:47.512281,2026-09-06
TL-ORD-C0B44F612D,9690.0,sess_0e32979a6cf4476e,3621,543.15,0,3077.85,3,COD,CONFIRMED,Hyderabad,392227,2026-09-10 17:44:22.228812,2026-09-10
TL-ORD-F26AA8BF94,11209.0,sess_e42c62c3c7b54d5d,3361,0.0,0,3361.0,4,NetBanking,CONFIRMED,Chennai,449458,2026-08-31 19:33:47.796044,2026-08-31
TL-ORD-410F7E8135,9852.0,sess_a78dddbcedc14c2e,4958,743.7,0,4214.3,3,COD,CONFIRMED,Hyderabad,484978,2026-08-23 13:02:43.923815,2026-08-23
TL-ORD-F7541EC039,,sess_16c6e3d28e2348db,1230,0.0,0,1230.0,4,NetBanking,CONFIRMED,Chennai,208837,2026-09-09 21:54:08.969478,2026-09-09
TL-ORD-F9112779CB,9883.0,sess_c9d73524f01a4c4a,999,149.85,0,849.15,2,NetBanking,CONFIRMED,Delhi NCR,547991,2026-09-08 23:31:30.963614,2026-09-08
TL-ORD-4E82C10462,8985.0,sess_8878e01770924bf8,1952,0.0,0,1952.0,2,Card,CONFIRMED,Pune,523155,2026-09-10 20:07:01.503869,2026-09-10
TL-ORD-869C7FCA77,,sess_cb0922cb42914ed7,2999,0.0,0,2999.0,3,COD,CONFIRMED,Hyderabad,127114,2026-09-08 01:08:07.688871,2026-09-08
TL-ORD-3CF8A37FF5,11228.0,sess_e334a343f7b84aff,4596,0.0,0,4596.0,3,NetBanking,CONFIRMED,Pune,170723,2026-08-29 01:37:22.754062,2026-08-29
TL-ORD-FD88BE7D92,,sess_966fdcb1056e4742,1906,0.0,0,1906.0,3,UPI,CONFIRMED,Chennai,690327,2026-09-11 13:20:05.484432,2026-09-11
TL-ORD-0781BCAD32,9682.0,sess_92432f4c68a74110,1684,252.6,0,1431.4,2,Card,CONFIRMED,Delhi NCR,698290,2026-09-04 12:07:49.755774,2026-09-04
TL-ORD-0DFE0B2AFD,7459.0,sess_8ac21eca4ad5410e,3844,0.0,0,3844.0,2,NetBanking,CONFIRMED,Delhi NCR,197472,2026-09-09 12:06:34.088470,2026-09-09
TL-ORD-B439AD44E4,9024.0,sess_b204bf42f7054bcf,4596,0.0,0,4596.0,3,Card,CONFIRMED,Hyderabad,432154,2026-09-04 18:29:36.994668,2026-09-04
TL-ORD-6DCFDB73FC,9338.0,sess_c71b599c6a624029,2799,0.0,0,2799.0,5,COD,CONFIRMED,Hyderabad,259496,2026-09-13 17:45:14.722953,2026-09-13
TL-ORD-571C9283BC,,sess_34f86887110f469b,743,111.45,99,730.55,3,NetBanking,CONFIRMED,Chennai,514902,2026-09-09 18:35:33.007178,2026-09-09
TL-ORD-EF37D4E271,9353.0,sess_160a9c00bf6c4d09,1299,0.0,0,1299.0,3,Card,CONFIRMED,Chennai,471622,2026-08-16 07:51:02.365224,2026-08-16
TL-ORD-461848CB5E,8848.0,sess_4fb95428d23d4edb,869,0.0,99,968.0,3,COD,CONFIRMED,Delhi NCR,518448,2026-08-19 05:09:31.609406,2026-08-19
TL-ORD-D4C1F002FA,,sess_15295f5d1ccc4383,5499,0.0,0,5499.0,3,Card,CONFIRMED,Mumbai,400260,2026-09-09 02:17:33.490601,2026-09-09
TL-ORD-EEEA669176,,sess_c1d87ab4fa814dfc,1847,277.05,0,1569.95,3,NetBanking,CONFIRMED,Delhi NCR,293170,2026-08-16 22:29:54.625536,2026-08-16
TL-ORD-EBF611BE07,10204.0,sess_0939d3f86fac45ad,6999,1049.85,0,5949.15,2,NetBanking,CONFIRMED,Mumbai,149228,2026-08-29 19:24:23.156024,2026-08-29
TL-ORD-2CC163B358,8767.0,sess_de5b6fbcd50a44b2,5184,777.6,0,4406.4,6,COD,CONFIRMED,Delhi NCR,421999,2026-09-08 07:21:33.750172,2026-09-08
TL-ORD-C59FBE114D,,sess_9c3c8e5a21d244a6,3499,0.0,0,3499.0,3,Card,CONFIRMED,Bengaluru,333639,2026-08-26 04:21:35.765832,2026-08-26
TL-ORD-99193ACE7B,7471.0,sess_3d5d752ddc58432e,3576,536.4,0,3039.6,6,COD,CONFIRMED,Bengaluru,542792,2026-08-18 13:38:04.479976,2026-08-18
TL-ORD-1ABCF0EDAD,7199.0,sess_7aaf3d21720d4e84,3019,452.85,0,2566.15,2,COD,CONFIRMED,Pune,437260,2026-08-30 16:59:55.999220,2026-08-30
TL-ORD-882D70755D,11038.0,sess_c180bc445783435c,3499,524.85,0,2974.15,2,UPI,CONFIRMED,Chennai,586180,2026-09-04 08:46:42.117281,2026-09-04
TL-ORD-D39C44D553,8033.0,sess_61db4c789eca4b90,4999,0.0,0,4999.0,3,NetBanking,CONFIRMED,Bengaluru,462141,2026-09-01 14:20:49.697712,2026-09-01
TL-ORD-AB8C09572F,,sess_f2ede110f10c4c2d,3985,0.0,0,3985.0,3,Card,CONFIRMED,Bengaluru,150944,2026-08-23 22:06:21.970732,2026-08-23
TL-ORD-CCC8A5FB9A,7572.0,sess_00f005d10e9249ef,999,149.85,0,849.15,2,Card,CONFIRMED,Mumbai,347017,2026-08-18 18:40:56.132296,2026-08-18
TL-ORD-FE01EE47BD,7562.0,sess_42d2ead365164be6,1684,252.6,0,1431.4,2,UPI,CONFIRMED,Chennai,201048,2026-09-07 03:18:45.395025,2026-09-07
TL-ORD-2CDAA4895A,9015.0,sess_77740a3842eb44c8,2999,0.0,0,2999.0,3,Card,CONFIRMED,Pune,324923,2026-08-24 02:38:46.390153,2026-08-24
TL-ORD-60A9BA4334,6722.0,sess_eb8c4bc1f08e4153,2631,0.0,0,2631.0,2,NetBanking,CONFIRMED,Pune,173305,2026-09-13 08:37:00.467396,2026-09-13
TL-ORD-9085126243,10494.0,sess_a8dcacd5f5274543,3421,513.15,0,2907.85,6,UPI,CONFIRMED,Mumbai,661963,2026-09-07 10:00:16.420337,2026-09-07
TL-ORD-CD9412C91C,6426.0,sess_fe6f7776043a4e52,3537,0.0,0,3537.0,3,NetBanking,CONFIRMED,Pune,445555,2026-08-19 15:05:00.751621,2026-08-19
TL-ORD-F2C028B3D3,9910.0,sess_de11b301bc224b2b,1668,0.0,0,1668.0,3,UPI,CONFIRMED,Delhi NCR,511319,2026-08-28 06:36:34.968748,2026-08-28
TL-ORD-8429963A4B,9235.0,sess_04d3e188f0144908,4180,0.0,0,4180.0,3,NetBanking,CONFIRMED,Delhi NCR,455685,2026-08-31 07:35:21.079346,2026-08-31
TL-ORD-20BBF34CD9,6298.0,sess_823a31d0b7804449,4299,644.85,0,3654.15,2,COD,CONFIRMED,Chennai,648559,2026-08-16 05:11:47.227263,2026-08-16
TL-ORD-97D86E2D1E,8474.0,sess_3de2c98f482c4218,1684,252.6,0,1431.4,2,NetBanking,CONFIRMED,Delhi NCR,220032,2026-09-02 19:36:53.358173,2026-09-02
TL-ORD-E1AF0D1572,,sess_99a9d8922076480a,2116,317.4,0,1798.6,2,UPI,CONFIRMED,Bengaluru,585054,2026-08-28 12:31:25.065570,2026-08-28
TL-ORD-3AB20D7F61,,sess_1795a725de6b43cc,3481,0.0,0,3481.0,5,UPI,CONFIRMED,Hyderabad,595687,2026-08-30 22:40:33.786508,2026-08-30
TL-ORD-453156F9CE,,sess_f4b7d24903674d1b,1928,0.0,0,1928.0,2,Card,CONFIRMED,Delhi NCR,362521,2026-08-30 04:17:39.952167,2026-08-30
TL-ORD-0F8875E425,11212.0,sess_fea59589486d42d8,1743,261.45,0,1481.55,3,COD,CONFIRMED,Bengaluru,560604,2026-08-23 23:27:08.447865,2026-08-23
TL-ORD-5F7F08246E,,sess_d69d026f3d294599,2499,0.0,0,2499.0,3,COD,CONFIRMED,Pune,661076,2026-08-16 01:40:45.307248,2026-08-16
TL-ORD-1881434D96,,sess_5b05f6ccc0e641f0,1034,0.0,0,1034.0,4,UPI,CONFIRMED,Bengaluru,183901,2026-09-06 16:20:34.975624,2026-09-06
TL-ORD-9BFF8A0FCE,,sess_6b07fe9c367e45b2,1829,0.0,0,1829.0,6,NetBanking,CONFIRMED,Pune,507301,2026-08-31 21:25:13.067919,2026-08-31
TL-ORD-B7EDA8079F,7555.0,sess_002e5574782b421f,3775,0.0,0,3775.0,5,COD,CONFIRMED,Mumbai,223763,2026-08-15 05:34:17.865973,2026-08-15
TL-ORD-AECA632C80,9972.0,sess_c2ce98cb504c4c40,2450,0.0,0,2450.0,3,NetBanking,CONFIRMED,Hyderabad,592100,2026-08-16 09:47:45.911763,2026-08-16
TL-ORD-2E2B56A97F,6037.0,sess_66d40c47b42c4503,3748,562.2,0,3185.8,2,NetBanking,CONFIRMED,Bengaluru,153862,2026-08-22 11:11:08.274669,2026-08-22
TL-ORD-CB9DCF8023,,sess_8a9035d21e8d49a2,3410,511.5,0,2898.5,4,NetBanking,CONFIRMED,Hyderabad,621543,2026-09-06 04:40:33.845036,2026-09-06
TL-ORD-5F55CBD402,,sess_1e021e4554bc4266,2794,419.1,0,2374.9,5,Card,CONFIRMED,Hyderabad,542604,2026-08-22 15:16:48.090852,2026-08-22
TL-ORD-2C43D34ECA,7514.0,sess_d9006bcda8694432,2999,449.85,0,2549.15,3,COD,CONFIRMED,Mumbai,594457,2026-09-05 10:16:25.172268,2026-09-05
TL-ORD-446034672E,10147.0,sess_1582a0bfc3904231,1542,0.0,0,1542.0,5,COD,CONFIRMED,Delhi NCR,382844,2026-08-22 14:13:46.530684,2026-08-22
TL-ORD-D87C7823F9,8688.0,sess_6299d1383fc34498,1299,0.0,0,1299.0,3,UPI,CONFIRMED,Delhi NCR,574552,2026-08-26 15:22:50.574231,2026-08-26
TL-ORD-1D03A255A1,9522.0,sess_3adf93d808c44e02,550,82.5,99,566.5,5,NetBanking,CONFIRMED,Chennai,465114,2026-09-01 10:28:04.193540,2026-09-01
TL-ORD-E7EC7CBFEF,9862.0,sess_cac3542ed120483a,2195,0.0,0,2195.0,4,COD,CONFIRMED,Hyderabad,476313,2026-08-21 02:16:16.115135,2026-08-21
TL-ORD-8A7E04AFE4,9324.0,sess_42082fd0a1f34a2a,3777,0.0,0,3777.0,4,NetBanking,CONFIRMED,Mumbai,238341,2026-09-04 02:01:10.291724,2026-09-04
TL-ORD-474DBEA4A7,8844.0,sess_7fb0ee2eca244730,2268,0.0,0,2268.0,3,NetBanking,CONFIRMED,Chennai,332140,2026-09-03 06:16:50.125476,2026-09-03
TL-ORD-44609096BC,7865.0,sess_3fd18e1b7225484a,1971,0.0,0,1971.0,3,NetBanking,CONFIRMED,Mumbai,458844,2026-08-30 19:49:59.287539,2026-08-30
TL-ORD-52541FE7C5,8998.0,sess_d4ae482cec614617,3152,472.8,0,2679.2,2,Card,CONFIRMED,Mumbai,229841,2026-08-26 09:18:06.244524,2026-08-26
TL-ORD-98AE5D980A,6351.0,sess_fc75bc9ea70147b0,1339,200.85,0,1138.15,3,NetBanking,CONFIRMED,Pune,241523,2026-09-01 13:10:17.847465,2026-09-01
TL-ORD-EEBBCD7CFD,10077.0,sess_fb9e318c421346a8,4759,0.0,0,4759.0,4,UPI,CONFIRMED,Chennai,435000,2026-09-10 07:12:24.752618,2026-09-10
TL-ORD-46FA2F365F,7647.0,sess_581707fc272b4ff6,2686,0.0,0,2686.0,4,COD,CONFIRMED,Pune,575380,2026-08-19 23:40:53.714985,2026-08-19
TL-ORD-8DB86830B8,,sess_7101354480ff416e,3559,0.0,0,3559.0,2,COD,CONFIRMED,Mumbai,560531,2026-08-18 07:12:52.252578,2026-08-18
TL-ORD-85E4AAD6CC,7385.0,sess_0bcb701375a7483f,4132,0.0,0,4132.0,2,NetBanking,CONFIRMED,Delhi NCR,593352,2026-09-05 15:49:14.275427,2026-09-05
TL-ORD-F0D3675D7B,11462.0,sess_ac8adeb56f8641d7,1772,0.0,0,1772.0,6,Card,CONFIRMED,Bengaluru,610785,2026-09-02 05:56:42.049543,2026-09-02
TL-ORD-F938560D6B,8906.0,sess_25f6e0ef26a641ed,3316,0.0,0,3316.0,3,NetBanking,CONFIRMED,Chennai,179386,2026-08-31 19:38:41.908176,2026-08-31
TL-ORD-403EB88E51,7250.0,sess_a685f50d5f384c20,7844,1176.6,0,6667.4,2,Card,CONFIRMED,Bengaluru,356426,2026-08-23 14:26:39.197851,2026-08-23
TL-ORD-302158CA00,11850.0,sess_ef58f549d3744e83,5450,0.0,0,5450.0,2,UPI,CONFIRMED,Bengaluru,351611,2026-08-23 16:04:04.593078,2026-08-23
TL-ORD-814827B3AC,6830.0,sess_207d3cfd95cc46b8,4817,0.0,0,4817.0,2,Card,CONFIRMED,Chennai,426658,2026-09-10 13:10:45.377732,2026-09-10
TL-ORD-7492B1C5C5,,sess_cd8195b4bd4442ed,4817,0.0,0,4817.0,2,UPI,CONFIRMED,Hyderabad,139522,2026-09-10 11:12:35.077472,2026-09-10
TL-ORD-8877D28CF8,9725.0,sess_d0d4cb9acd6d40f2,4168,625.2,0,3542.8,3,Card,CONFIRMED,Pune,578781,2026-08-21 04:52:44.669885,2026-08-21
TL-ORD-2D47256DF3,8634.0,sess_a9faa74170e14d75,1617,0.0,0,1617.0,3,UPI,CONFIRMED,Chennai,500221,2026-08-29 04:26:32.307173,2026-08-29
TL-ORD-A712FFDA25,6412.0,sess_5c706eafed50406d,4723,0.0,0,4723.0,4,NetBanking,CONFIRMED,Chennai,413627,2026-08-22 09:31:11.659899,2026-08-22
TL-ORD-37E781D6D4,,sess_6f5e5c127db14fb0,1103,0.0,0,1103.0,2,COD,CONFIRMED,Chennai,122964,2026-08-15 14:41:30.861596,2026-08-15
TL-ORD-918DCC17F7,,sess_014f135244e34237,3473,520.95,0,2952.05,3,COD,CONFIRMED,Mumbai,193651,2026-09-13 17:12:59.057114,2026-09-13
TL-ORD-FFDCC02AC5,,sess_41e53553eaa14a76,2116,317.4,0,1798.6,2,COD,CONFIRMED,Chennai,223864,2026-09-10 21:04:26.743215,2026-09-10
TL-ORD-E4666A05D0,8974.0,sess_ca1dfc05319e4232,4299,0.0,0,4299.0,2,Card,CONFIRMED,Hyderabad,274179,2026-08-28 17:52:02.682856,2026-08-28
TL-ORD-10A969B55E,10862.0,sess_c1e4b8dd33bb463b,3367,505.05,0,2861.95,3,UPI,CONFIRMED,Delhi NCR,531247,2026-08-26 04:16:35.750011,2026-08-26
TL-ORD-93506033F9,6581.0,sess_768b2bdd53a646cc,5816,872.4,0,4943.6,2,NetBanking,CONFIRMED,Delhi NCR,365066,2026-08-18 21:50:10.034781,2026-08-18
TL-ORD-9575F61F1E,7144.0,sess_1be1f1c3e5fc4f29,6188,0.0,0,6188.0,2,COD,CONFIRMED,Hyderabad,475708,2026-08-21 02:08:12.844854,2026-08-21
TL-ORD-A58482C576,6606.0,sess_164aed7139dd4d23,1251,0.0,0,1251.0,3,Card,CONFIRMED,Mumbai,294887,2026-09-02 08:17:26.644303,2026-09-02
TL-ORD-369F66DC5C,10646.0,sess_01756eb7c7d34fd4,3556,533.4,0,3022.6,2,Card,CONFIRMED,Hyderabad,461370,2026-08-27 01:02:37.755975,2026-08-27
TL-ORD-78F33A0177,11511.0,sess_4713d140959b4adb,1728,0.0,0,1728.0,2,COD,CONFIRMED,Chennai,205747,2026-08-18 23:33:04.634795,2026-08-18
TL-ORD-4F19079859,11034.0,sess_c482a5829342466a,1899,284.85,0,1614.15,2,COD,CONFIRMED,Delhi NCR,272791,2026-08-18 20:52:47.004745,2026-08-18
TL-ORD-5AAF67946E,9011.0,sess_1ac33448d4804518,4999,0.0,0,4999.0,3,Card,CONFIRMED,Mumbai,556849,2026-08-15 11:58:48.056494,2026-08-15
TL-ORD-F4E275FF1C,7918.0,sess_acf1494bfd1b4816,3367,0.0,0,3367.0,3,NetBanking,CONFIRMED,Pune,465350,2026-08-27 03:45:33.741288,2026-08-27
TL-ORD-F6DFC3642C,10524.0,sess_0ac578663f134f43,1899,0.0,0,1899.0,2,COD,CONFIRMED,Hyderabad,301633,2026-09-03 02:00:04.812780,2026-09-03
TL-ORD-22F53B729C,9846.0,sess_25018b12de20492f,1664,0.0,0,1664.0,3,UPI,CONFIRMED,Chennai,671947,2026-09-05 05:39:38.942843,2026-09-05
TL-ORD-55F973D712,10595.0,sess_940c22fd30c54e1f,5499,0.0,0,5499.0,3,Card,CONFIRMED,Delhi NCR,401767,2026-08-23 02:32:27.728413,2026-08-23
TL-ORD-A259BEB3C9,7989.0,sess_39d42fc4a3c74fc3,2268,0.0,0,2268.0,3,COD,CONFIRMED,Mumbai,473948,2026-08-17 21:34:56.793677,2026-08-17
TL-ORD-B21A827130,10918.0,sess_ef02ed99e04c4b59,1772,0.0,0,1772.0,6,UPI,CONFIRMED,Pune,608050,2026-08-31 03:43:58.841635,2026-08-31
TL-ORD-181A89C08E,,sess_3661ede424494931,1103,0.0,0,1103.0,5,NetBanking,CONFIRMED,Chennai,697958,2026-09-01 12:39:49.763591,2026-09-01
TL-ORD-524ADBEC23,6618.0,sess_d26b9e17a00f46dc,1103,165.45,0,937.55,5,UPI,CONFIRMED,Pune,169530,2026-08-28 06:03:50.259209,2026-08-28
TL-ORD-7E7637F935,6370.0,sess_5e8ae8c8e6164b33,2206,330.9,0,1875.1,3,UPI,CONFIRMED,Mumbai,238449,2026-08-16 19:59:05.875158,2026-08-16
TL-ORD-A4C1C2C7A7,11898.0,sess_bbe97d0e60934d57,3361,0.0,0,3361.0,4,UPI,CONFIRMED,Delhi NCR,567163,2026-08-29 02:13:20.860534,2026-08-29
TL-ORD-B367CA1E20,11388.0,sess_6724d8cba4574140,1791,268.65,0,1522.35,3,UPI,CONFIRMED,Bengaluru,571778,2026-08-20 09:18:40.972933,2026-08-20
TL-ORD-2488B83055,,sess_e2a589e06e0c4296,1668,0.0,0,1668.0,3,Card,CONFIRMED,Mumbai,379850,2026-08-19 01:27:39.840615,2026-08-19
TL-ORD-D5DD1CBCF0,,sess_d6cce97e23c244ce,2839,0.0,0,2839.0,4,NetBanking,CONFIRMED,Bengaluru,675411,2026-08-26 19:38:44.584818,2026-08-26
TL-ORD-37EC0F4448,,sess_682719403ef94e46,1339,0.0,0,1339.0,3,NetBanking,CONFIRMED,Mumbai,459792,2026-09-12 15:08:11.975798,2026-09-12
TL-ORD-BC5E27BAA0,11837.0,sess_e74561ffb62b41c1,1847,277.05,0,1569.95,3,Card,CONFIRMED,Mumbai,375899,2026-08-29 00:34:38.905281,2026-08-29
TL-ORD-102A6CBC00,10678.0,sess_b515713ab6b844ff,2799,0.0,0,2799.0,2,UPI,CONFIRMED,Pune,319041,2026-09-09 05:20:02.660999,2026-09-09
TL-ORD-C583BAFAC4,10901.0,sess_a268789e92974041,1928,289.2,0,1638.8,2,UPI,CONFIRMED,Pune,655061,2026-08-24 16:47:46.497390,2026-08-24
TL-ORD-39B12CA200,,sess_e8a313c9dc4a4b8d,2511,376.65,0,2134.35,2,UPI,CONFIRMED,Pune,222391,2026-09-03 17:52:33.758141,2026-09-03
TL-ORD-BAFB9A87DC,11906.0,sess_4aa184d9d3d442fc,6594,0.0,0,6594.0,3,Card,CONFIRMED,Chennai,265342,2026-09-08 07:58:13.015763,2026-09-08
TL-ORD-B7C1D34875,7072.0,sess_5d01126df7b1412c,2499,0.0,0,2499.0,3,COD,CONFIRMED,Mumbai,471509,2026-09-02 07:13:01.768495,2026-09-02
TL-ORD-71EB262FC1,9123.0,sess_6cef21fd581a4f1b,3844,0.0,0,3844.0,2,NetBanking,CONFIRMED,Hyderabad,153342,2026-08-23 17:40:57.644559,2026-08-23
TL-ORD-927BF0B954,11273.0,sess_d195b6c776c04e6b,1339,200.85,0,1138.15,3,UPI,CONFIRMED,Chennai,240348,2026-08-30 14:25:53.089450,2026-08-30
TL-ORD-1E0783623D,9978.0,sess_9b1d069676b24412,1952,292.8,0,1659.2,2,Card,CONFIRMED,Pune,689763,2026-09-05 21:54:16.468883,2026-09-05
TL-ORD-0193179A1D,,sess_125303f41f5f4da0,2999,0.0,0,2999.0,3,Card,CONFIRMED,Mumbai,247836,2026-09-11 19:11:45.498424,2026-09-11
TL-ORD-4D666EF5CF,,sess_ebf1ad7af3f146b4,2172,0.0,0,2172.0,6,Card,CONFIRMED,Chennai,553369,2026-08-29 02:10:11.950923,2026-08-29
TL-ORD-B1A46688CE,11591.0,sess_7482b2e7e0014c77,5499,0.0,0,5499.0,3,UPI,CONFIRMED,Delhi NCR,399695,2026-08-20 21:51:40.883503,2026-08-20
TL-ORD-9ACCF49207,10005.0,sess_9bae2130a4414826,4759,713.85,0,4045.15,4,NetBanking,CONFIRMED,Bengaluru,694171,2026-08-26 11:57:53.737360,2026-08-26
TL-ORD-45D2604513,8110.0,sess_1ed81b7329334993,751,0.0,99,850.0,4,COD,CONFIRMED,Chennai,491185,2026-08-23 00:10:58.564943,2026-08-23
TL-ORD-56940C539A,,sess_d1126e496ca644d7,2538,0.0,0,2538.0,2,UPI,CONFIRMED,Hyderabad,121230,2026-09-13 01:02:42.369839,2026-09-13
TL-ORD-1B71689B36,6761.0,sess_adcefe91a15f4f5b,3708,556.2,0,3151.8,4,COD,CONFIRMED,Delhi NCR,342449,2026-08-15 12:06:18.077586,2026-08-15
TL-ORD-A5B963A9EB,7342.0,sess_485ad662aa72483f,4072,610.8,0,3461.2,2,Card,CONFIRMED,Pune,402691,2026-08-18 02:58:58.018240,2026-08-18
TL-ORD-B3435377DF,,sess_687132f965344a07,3531,529.65,0,3001.35,3,NetBanking,CONFIRMED,Mumbai,250854,2026-08-29 15:22:13.512646,2026-08-29
TL-ORD-57EABC31F4,7021.0,sess_214a53b0b90f4da4,1664,0.0,0,1664.0,3,NetBanking,CONFIRMED,Hyderabad,302843,2026-08-26 10:17:57.310497,2026-08-26
TL-ORD-6B500215E1,11866.0,sess_d531e82458a745e8,841,126.15,99,813.85,2,NetBanking,CONFIRMED,Chennai,501164,2026-09-02 02:48:14.422745,2026-09-02
TL-ORD-0AE90A93A1,,sess_e72ab6fbbd124a19,3410,511.5,0,2898.5,4,UPI,CONFIRMED,Bengaluru,439249,2026-08-26 18:55:20.136424,2026-08-26
TL-ORD-6971DD69D3,11777.0,sess_34dde8b244a34a1e,1617,0.0,0,1617.0,3,COD,CONFIRMED,Pune,524277,2026-09-05 15:56:16.198870,2026-09-05
TL-ORD-F9462AC11E,11935.0,sess_6e6faf469f2a4094,2589,388.35,0,2200.65,2,UPI,CONFIRMED,Delhi NCR,487248,2026-08-27 07:47:51.450456,2026-08-27
TL-ORD-AC25E1607E,,sess_c166e1c875004aca,2589,388.35,0,2200.65,2,UPI,CONFIRMED,Chennai,485545,2026-09-09 10:29:13.340729,2026-09-09
TL-ORD-9B08564457,,sess_417df9794eb74654,3246,0.0,0,3246.0,6,COD,CONFIRMED,Bengaluru,670817,2026-08-17 13:18:43.596404,2026-08-17
TL-ORD-5F2AD19CCA,11616.0,sess_e24cc96b555c440d,4700,705.0,0,3995.0,3,UPI,CONFIRMED,Pune,526899,2026-08-22 15:24:58.479389,2026-08-22
TL-ORD-6E5D886193,,sess_db6fbe3ceb104f0f,3712,556.8,0,3155.2,2,UPI,CONFIRMED,Delhi NCR,530582,2026-09-11 17:36:46.385790,2026-09-11
TL-ORD-DA1142E19D,9542.0,sess_9c4b7cccb5f64747,2499,374.85,0,2124.15,3,COD,CONFIRMED,Pune,453117,2026-08-29 22:37:15.335951,2026-08-29
TL-ORD-F5A9E47475,,sess_baed4b535f814818,3985,0.0,0,3985.0,3,UPI,CONFIRMED,Chennai,479394,2026-08-24 23:17:32.530631,2026-08-24
TL-ORD-BFF0CAC543,10087.0,sess_b874e829ba82478b,1774,0.0,0,1774.0,2,Card,CONFIRMED,Hyderabad,688581,2026-08-23 11:50:01.833521,2026-08-23
TL-ORD-29A7E1D697,7392.0,sess_f4545bddf1c8423f,1899,0.0,0,1899.0,2,COD,CONFIRMED,Hyderabad,272780,2026-09-05 03:01:17.009036,2026-09-05
TL-ORD-FDB83BB608,,sess_f4b021c039a44597,2036,305.4,0,1730.6,2,NetBanking,CONFIRMED,Mumbai,383463,2026-09-05 12:40:44.360880,2026-09-05
TL-ORD-D7403D5B88,8993.0,sess_795c8fa0445a4d9f,4617,0.0,0,4617.0,2,UPI,CONFIRMED,Chennai,577114,2026-08-21 12:29:50.844565,2026-08-21
TL-ORD-239264DAC5,11215.0,sess_a4b6b014cbb641e9,4237,0.0,0,4237.0,4,NetBanking,CONFIRMED,Bengaluru,139556,2026-08-30 14:36:33.457947,2026-08-30
TL-ORD-D0F838CBCB,11022.0,sess_d709a82517a1458f,2464,0.0,0,2464.0,3,NetBanking,CONFIRMED,Bengaluru,657156,2026-08-26 08:03:01.743452,2026-08-26
TL-ORD-FB6FE05290,7892.0,sess_5d28fc16e1cb48ae,3246,0.0,0,3246.0,6,NetBanking,CONFIRMED,Hyderabad,587351,2026-08-22 14:32:57.895420,2026-08-22
TL-ORD-D90C06F316,11427.0,sess_2e391ddc67af474f,2438,0.0,0,2438.0,3,NetBanking,CONFIRMED,Pune,227566,2026-08-19 22:02:16.990315,2026-08-19
TL-ORD-BFF2C2BCFC,,sess_45c45a9aba0e4954,3499,524.85,0,2974.15,2,COD,CONFIRMED,Pune,293303,2026-09-09 12:20:17.597915,2026-09-09
TL-ORD-2D4396F491,10680.0,sess_bc152b1d65164eb1,1089,163.35,0,925.65,3,NetBanking,CONFIRMED,Mumbai,198911,2026-09-13 07:40:53.058959,2026-09-13
TL-ORD-EF96E7E90F,8023.0,sess_0a13fc6b3c114d8d,3576,536.4,0,3039.6,6,UPI,CONFIRMED,Chennai,563822,2026-08-20 17:18:03.217038,2026-08-20
TL-ORD-80F5119F17,10923.0,sess_b71a677d50e74079,6594,989.1,0,5604.9,3,COD,CONFIRMED,Delhi NCR,469127,2026-08-23 09:46:24.648187,2026-08-23
TL-ORD-208838BE75,7739.0,sess_65a2d970e1c44b73,642,0.0,99,741.0,5,COD,CONFIRMED,Mumbai,505880,2026-09-04 02:57:07.567513,2026-09-04
TL-ORD-2D61568A5A,6743.0,sess_d2c1d5219a034838,1724,0.0,0,1724.0,4,NetBanking,CONFIRMED,Mumbai,395680,2026-09-03 16:09:53.947874,2026-09-03
TL-ORD-CC205F0756,7840.0,sess_d7ad06ea74e04d45,4168,0.0,0,4168.0,3,NetBanking,CONFIRMED,Delhi NCR,696463,2026-08-18 09:18:29.437244,2026-08-18
TL-ORD-D7A9F0C115,,sess_e37b6433be2d470a,1263,189.45,0,1073.55,5,UPI,CONFIRMED,Mumbai,268986,2026-08-17 14:31:59.205604,2026-08-17
TL-ORD-F91C3F0CF6,7065.0,sess_b92689270e5d4fbd,1844,0.0,0,1844.0,3,Card,CONFIRMED,Bengaluru,472583,2026-09-11 10:22:48.201251,2026-09-11
TL-ORD-CE0BC66098,,sess_4100f73b7c6f4325,1971,295.65,0,1675.35,3,NetBanking,CONFIRMED,Hyderabad,163499,2026-08-22 10:49:01.171622,2026-08-22
TL-ORD-FF60F00203,6103.0,sess_7e23d282587a47ad,2589,388.35,0,2200.65,2,NetBanking,CONFIRMED,Delhi NCR,227243,2026-08-16 17:46:25.061420,2026-08-16
TL-ORD-7B3C2E50A1,8375.0,sess_b5b233e30a7c4b2c,3899,0.0,0,3899.0,2,UPI,CONFIRMED,Bengaluru,239366,2026-08-27 08:39:22.937832,2026-08-27
TL-ORD-442AA945F1,,sess_d9e6b07b2d9f4c4a,848,127.2,99,819.8,6,COD,CONFIRMED,Hyderabad,163238,2026-08-25 16:26:50.378476,2026-08-25
TL-ORD-5C494DD833,11969.0,sess_4d5acf5403c447c1,4700,0.0,0,4700.0,3,NetBanking,CONFIRMED,Bengaluru,442601,2026-08-28 14:56:54.534090,2026-08-28
TL-ORD-BAE70A28C8,,sess_a53e0eb4fad648f6,1684,252.6,0,1431.4,2,UPI,CONFIRMED,Mumbai,361471,2026-09-04 00:43:00.204923,2026-09-04
TL-ORD-A18B5FFB2B,,sess_2dd5a3bd2abc4522,5499,0.0,0,5499.0,3,NetBanking,CONFIRMED,Mumbai,521655,2026-09-04 08:36:35.776276,2026-09-04
TL-ORD-CF91D85FFC,,sess_284dcc616ba74690,2334,0.0,0,2334.0,5,UPI,CONFIRMED,Delhi NCR,638326,2026-09-02 13:08:06.756972,2026-09-02
TL-ORD-83A9F3684A,10801.0,sess_89a57a615341475b,1068,0.0,0,1068.0,4,COD,CONFIRMED,Delhi NCR,413863,2026-08-30 09:50:55.053916,2026-08-30
TL-ORD-271C45F0BF,11568.0,sess_2086e6ff71d14868,3174,476.1,0,2697.9,5,NetBanking,CONFIRMED,Mumbai,304607,2026-08-31 22:29:37.360491,2026-08-31
TL-ORD-E172FC2097,7010.0,sess_4ac5dc56a09d48da,7844,1176.6,0,6667.4,2,COD,CONFIRMED,Chennai,146759,2026-08-18 21:39:58.291999,2026-08-18
TL-ORD-09F7CAB8AB,7932.0,sess_060c3b3874d74961,4168,0.0,0,4168.0,3,UPI,CONFIRMED,Pune,192134,2026-08-14 22:49:36.958863,2026-08-14
TL-ORD-F1FF5EE5E3,10814.0,sess_1e87eb18048e4ac0,3233,484.95,0,2748.05,3,UPI,CONFIRMED,Mumbai,293463,2026-08-31 23:49:15.423056,2026-08-31
TL-ORD-AEF15937CB,6379.0,sess_f40e7149ea7c4926,5509,826.35,0,4682.65,5,NetBanking,CONFIRMED,Delhi NCR,260834,2026-08-18 19:43:24.148121,2026-08-18
TL-ORD-EB144EA468,11556.0,sess_ac7981771b784492,829,124.35,99,803.65,6,COD,CONFIRMED,Pune,675305,2026-08-31 04:41:15.501122,2026-08-31
TL-ORD-4608996391,,sess_04355ca7213345b0,1914,0.0,0,1914.0,3,Card,CONFIRMED,Mumbai,678007,2026-09-07 06:46:52.098477,2026-09-07
TL-ORD-64639D786E,11138.0,sess_655dac33133e4e51,3775,0.0,0,3775.0,5,NetBanking,CONFIRMED,Bengaluru,541605,2026-09-10 02:10:42.978593,2026-09-10
TL-ORD-84185931E7,,sess_9efcad3802c64ab8,2199,329.85,0,1869.15,4,UPI,CONFIRMED,Hyderabad,412976,2026-08-19 18:20:33.228087,2026-08-19
TL-ORD-09E42EAB0A,10266.0,sess_02cc728c7eea446a,2781,0.0,0,2781.0,2,COD,CONFIRMED,Bengaluru,477183,2026-09-12 13:40:48.266455,2026-09-12
TL-ORD-D914733B0A,,sess_f09dfa66e2a74c0d,1506,225.9,0,1280.1,3,Card,CONFIRMED,Bengaluru,384718,2026-08-16 23:41:08.797519,2026-08-16
TL-ORD-D57E664047,7168.0,sess_ce37c13c13214e76,2792,0.0,0,2792.0,2,NetBanking,CONFIRMED,Pune,442218,2026-09-04 13:51:08.364876,2026-09-04
TL-ORD-607572FCEB,,sess_e8272616378e4dcd,1724,0.0,0,1724.0,4,Card,CONFIRMED,Delhi NCR,182669,2026-09-03 07:28:01.696137,2026-09-03
TL-ORD-6C20203358,9089.0,sess_e35c3f47fdc243e7,3844,0.0,0,3844.0,2,NetBanking,CONFIRMED,Hyderabad,287510,2026-09-09 23:42:33.542446,2026-09-09
TL-ORD-2EDFC520F2,6058.0,sess_5517be845694456a,550,0.0,99,649.0,5,UPI,CONFIRMED,Bengaluru,224359,2026-09-12 14:44:20.823430,2026-09-12
TL-ORD-AA30C02834,9393.0,sess_3b327d0b3f71409e,3899,0.0,0,3899.0,2,Card,CONFIRMED,Delhi NCR,240364,2026-08-27 13:04:35.514180,2026-08-27
TL-ORD-C32B02F534,9490.0,sess_4acb7440860942cd,956,0.0,99,1055.0,4,COD,CONFIRMED,Pune,276361,2026-08-27 21:03:02.917790,2026-08-27
TL-ORD-151DA0FCAF,,sess_0f5309ebc4b74f60,3316,0.0,0,3316.0,3,NetBanking,CONFIRMED,Chennai,263340,2026-08-28 06:32:10.022603,2026-08-28
TL-ORD-47D59CEA22,7525.0,sess_460479410e714692,956,143.4,99,911.6,4,COD,CONFIRMED,Mumbai,310026,2026-08-29 13:16:12.876263,2026-08-29
TL-ORD-32EA9F5718,10054.0,sess_219786e874c24963,5184,0.0,0,5184.0,6,COD,CONFIRMED,Mumbai,220743,2026-08-20 05:54:08.455143,2026-08-20
TL-ORD-BFA8FB9B43,6785.0,sess_9f6d5a9f3bd048b9,2550,382.5,0,2167.5,2,Card,CONFIRMED,Hyderabad,331451,2026-08-26 18:53:29.781290,2026-08-26
TL-ORD-D357A34AE4,7580.0,sess_c5492c10a1104b18,1733,0.0,0,1733.0,3,Card,CONFIRMED,Hyderabad,221953,2026-09-13 00:58:53.552065,2026-09-13
TL-ORD-270E343AE6,,sess_9e8a97a149214df2,2769,0.0,0,2769.0,2,UPI,CONFIRMED,Chennai,512236,2026-09-12 22:40:54.990634,2026-09-12
TL-ORD-DE76A81DDC,,sess_dde25693b9b04d13,2235,0.0,0,2235.0,3,Card,CONFIRMED,Chennai,661418,2026-08-18 11:11:47.573207,2026-08-18
TL-ORD-18BC727C79,9118.0,sess_65ea62c97de94cbe,4723,708.45,0,4014.55,4,Card,CONFIRMED,Delhi NCR,534235,2026-08-30 04:47:28.580815,2026-08-30
TL-ORD-CB9AB22F3E,8403.0,sess_36c7540040a64d13,3674,0.0,0,3674.0,5,UPI,CONFIRMED,Pune,254166,2026-08-16 12:32:30.252761,2026-08-16
TL-ORD-EF77AF5500,11378.0,sess_14d148dbe2fd426f,3471,0.0,0,3471.0,3,NetBanking,CONFIRMED,Hyderabad,319582,2026-08-20 13:28:18.797863,2026-08-20
TL-ORD-3CC2ACAB5F,11704.0,sess_7204a59bd2844dce,1899,0.0,0,1899.0,4,NetBanking,CONFIRMED,Bengaluru,624072,2026-09-06 22:06:04.138808,2026-09-06
TL-ORD-F1460F3D08,,sess_f11647f01570429f,2550,382.5,0,2167.5,2,UPI,CONFIRMED,Hyderabad,442534,2026-08-20 07:05:57.692589,2026-08-20
TL-ORD-EC100CB9FE,11195.0,sess_061ab950b77a4bef,2312,0.0,0,2312.0,5,NetBanking,CONFIRMED,Pune,286106,2026-08-25 00:59:16.331690,2026-08-25
TL-ORD-07DDAF52B1,,sess_4b047a4964064c81,3621,0.0,0,3621.0,3,COD,CONFIRMED,Chennai,207634,2026-09-11 07:46:14.019763,2026-09-11
TL-ORD-5E5E5BEF30,6740.0,sess_2ffdac6ba490480e,3556,533.4,0,3022.6,2,Card,CONFIRMED,Hyderabad,504349,2026-08-18 00:18:52.545987,2026-08-18
TL-ORD-B1F3D5A65D,6044.0,sess_e5b8ca903a9346af,2464,0.0,0,2464.0,3,COD,CONFIRMED,Mumbai,205174,2026-08-30 19:30:53.152766,2026-08-30
TL-ORD-A19F7B67A1,8183.0,sess_72e3a45e0d8745c3,1251,187.65,0,1063.35,3,NetBanking,CONFIRMED,Hyderabad,671337,2026-08-30 10:45:01.130104,2026-08-30
TL-ORD-A362BB7F89,,sess_7e51a0e89f7e46d1,2499,0.0,0,2499.0,3,COD,CONFIRMED,Chennai,113288,2026-09-06 17:14:47.792674,2026-09-06
TL-ORD-E6A7A634DD,,sess_fee727acb05d4aca,2199,329.85,0,1869.15,4,Card,CONFIRMED,Pune,598417,2026-09-12 03:00:31.114732,2026-09-12
TL-ORD-66F7D30D6B,7725.0,sess_0908a99c43674541,3481,0.0,0,3481.0,5,UPI,CONFIRMED,Hyderabad,670613,2026-08-30 19:34:53.432018,2026-08-30
TL-ORD-2067092C69,8839.0,sess_1e328a17305f4c01,1664,0.0,0,1664.0,3,UPI,CONFIRMED,Hyderabad,524578,2026-08-17 00:20:14.257690,2026-08-17
TL-ORD-BD0FEA0A39,10315.0,sess_d98740df300843e1,2350,0.0,0,2350.0,2,COD,CONFIRMED,Chennai,251684,2026-09-02 04:03:08.777231,2026-09-02
TL-ORD-1230DEBE24,6937.0,sess_db5279b9cecf4d97,3294,494.1,0,2799.9,4,NetBanking,CONFIRMED,Bengaluru,616149,2026-09-10 00:29:14.777714,2026-09-10
TL-ORD-EFCBC5A48F,9273.0,sess_610342813321469b,6489,973.35,0,5515.65,2,UPI,CONFIRMED,Pune,362841,2026-08-27 14:11:57.882618,2026-08-27
TL-ORD-25D036E9CA,6068.0,sess_6ba293e5230b47f7,1829,0.0,0,1829.0,6,NetBanking,CONFIRMED,Chennai,537597,2026-09-10 02:50:52.768729,2026-09-10
TL-ORD-3CB3833692,11897.0,sess_080302e4fb6f4696,999,149.85,0,849.15,6,COD,CONFIRMED,Chennai,676702,2026-09-07 14:38:14.015442,2026-09-07
TL-ORD-4020C3DE1B,10684.0,sess_2c50f34a5c034a2e,1210,0.0,0,1210.0,2,Card,CONFIRMED,Pune,427618,2026-08-19 16:55:14.308744,2026-08-19
TL-ORD-04EB826405,10897.0,sess_a1f6c35105cd4562,1276,0.0,0,1276.0,5,Card,CONFIRMED,Pune,296648,2026-09-10 10:02:35.235524,2026-09-10
TL-ORD-17A818C9AB,8818.0,sess_b33fd7247c3d4670,2637,0.0,0,2637.0,3,COD,CONFIRMED,Hyderabad,552002,2026-09-07 14:58:22.841588,2026-09-07
TL-ORD-E7EA99286E,9669.0,sess_81d9c6e86a374906,5184,777.6,0,4406.4,6,Card,CONFIRMED,Chennai,407697,2026-09-01 00:46:30.935608,2026-09-01
TL-ORD-9AB776EE63,6156.0,sess_ea7eb3b81f2d4601,1199,179.85,0,1019.15,2,Card,CONFIRMED,Pune,652098,2026-09-05 18:17:54.535232,2026-09-05
TL-ORD-1E9EAAACC5,6866.0,sess_950cd04b9dcb460b,1040,0.0,0,1040.0,2,NetBanking,CONFIRMED,Delhi NCR,409973,2026-08-23 13:08:48.302915,2026-08-23
TL-ORD-48AE589D7A,,sess_a97f862a72d94e30,3473,0.0,0,3473.0,3,COD,CONFIRMED,Pune,428753,2026-09-10 07:28:40.201500,2026-09-10
TL-ORD-3237C1D030,10321.0,sess_f9199b1060634e42,3844,0.0,0,3844.0,2,COD,CONFIRMED,Pune,277646,2026-08-28 11:33:22.616260,2026-08-28
TL-ORD-8277FAEB12,,sess_f2e10db419344c4d,1322,0.0,0,1322.0,4,UPI,CONFIRMED,Mumbai,275009,2026-08-20 11:42:23.278554,2026-08-20
TL-ORD-BD51B535D9,8443.0,sess_034dd2290c6046bd,751,0.0,99,850.0,4,NetBanking,CONFIRMED,Bengaluru,576546,2026-09-11 01:08:26.743121,2026-09-11
TL-ORD-0D91B0CDA2,6281.0,sess_3b8b52ab19804759,5184,0.0,0,5184.0,6,Card,CONFIRMED,Mumbai,280133,2026-09-03 06:13:27.101520,2026-09-03
TL-ORD-1AF3B2CFDC,7325.0,sess_ee596de0d97743d0,1875,0.0,0,1875.0,4,Card,CONFIRMED,Chennai,409727,2026-08-15 19:00:51.065434,2026-08-15
TL-ORD-19AFE5C6EF,8982.0,sess_4af754433c314ad8,4168,0.0,0,4168.0,3,NetBanking,CONFIRMED,Hyderabad,265634,2026-08-17 07:12:35.028385,2026-08-17
TL-ORD-21E3E1789B,7242.0,sess_2fdbd37ef73b49c0,999,0.0,0,999.0,2,COD,CONFIRMED,Hyderabad,337785,2026-08-21 22:57:58.257815,2026-08-21
TL-ORD-8FB162BEF2,,sess_8c07913c05244320,743,0.0,99,842.0,3,UPI,CONFIRMED,Hyderabad,191722,2026-08-17 16:21:36.130503,2026-08-17
TL-ORD-483DE0A298,6826.0,sess_0d5f1c0ec3b44c51,1802,0.0,0,1802.0,3,Card,CONFIRMED,Hyderabad,358565,2026-08-28 04:58:11.502887,2026-08-28
TL-ORD-BF4F1FFD5D,,sess_029bf0bcfe484243,3556,0.0,0,3556.0,2,Card,CONFIRMED,Bengaluru,259437,2026-09-10 17:35:19.785512,2026-09-10
TL-ORD-70D5F2E562,,sess_4121f92868084fe6,1506,225.9,0,1280.1,3,UPI,CONFIRMED,Delhi NCR,420057,2026-09-05 07:21:18.975021,2026-09-05
TL-ORD-E55AAED295,,sess_2cd6574559a54cae,2799,0.0,0,2799.0,5,NetBanking,CONFIRMED,Mumbai,365229,2026-09-06 19:41:02.453262,2026-09-06
TL-ORD-011CB855CF,6504.0,sess_6ce122da2e7141ea,4645,0.0,0,4645.0,2,UPI,CONFIRMED,Delhi NCR,636750,2026-08-26 08:53:00.990217,2026-08-26
TL-ORD-2B5DF2E25C,7171.0,sess_3ba512830d874579,999,0.0,0,999.0,2,UPI,CONFIRMED,Hyderabad,149689,2026-08-20 02:22:18.999585,2026-08-20
TL-ORD-1D8DECD409,9111.0,sess_2433993133b34803,3582,537.3,0,3044.7,4,Card,CONFIRMED,Chennai,246031,2026-08-30 22:28:48.663930,2026-08-30
TL-ORD-A5856F535F,11822.0,sess_6359cbc9fe984023,2172,0.0,0,2172.0,6,Card,CONFIRMED,Mumbai,420117,2026-08-30 00:09:17.500755,2026-08-30
TL-ORD-C57ED5B16A,,sess_6304429f922f42b0,2792,0.0,0,2792.0,2,NetBanking,CONFIRMED,Bengaluru,698546,2026-09-02 15:43:16.795551,2026-09-02
TL-ORD-1882BFF7D6,,sess_ca5f4c36b65b4c5e,4320,0.0,0,4320.0,4,COD,CONFIRMED,Bengaluru,355405,2026-09-05 11:56:57.759001,2026-09-05
TL-ORD-601F1DB82A,8862.0,sess_67287ff71f364c5c,4499,0.0,0,4499.0,2,NetBanking,CONFIRMED,Chennai,310388,2026-08-18 10:59:34.630207,2026-08-18
TL-ORD-72F21A46B2,9455.0,sess_fccec2d5a99a4e72,3177,476.55,0,2700.45,3,NetBanking,CONFIRMED,Hyderabad,484270,2026-09-10 13:38:07.197594,2026-09-10
TL-ORD-4BEFF8E775,7582.0,sess_71af52aa840a411c,1567,0.0,0,1567.0,3,NetBanking,CONFIRMED,Mumbai,622600,2026-08-19 21:04:44.047401,2026-08-19
TL-ORD-F6D9A91122,10568.0,sess_9f026cdeeff84d6e,3857,578.55,0,3278.45,5,UPI,CONFIRMED,Bengaluru,328489,2026-09-08 12:36:16.766748,2026-09-08
TL-ORD-686F8AF7F0,6228.0,sess_7ed123c2a9ac4459,642,96.3,99,644.7,5,NetBanking,CONFIRMED,Bengaluru,438368,2026-08-29 12:39:35.916096,2026-08-29
TL-ORD-2036AEFBAB,7934.0,sess_beb9056b6a96451d,779,116.85,99,761.15,2,Card,CONFIRMED,Bengaluru,183715,2026-09-03 08:18:03.235547,2026-09-03
TL-ORD-8369D6FD4E,,sess_a49a8193d5dd4b12,1107,0.0,0,1107.0,4,COD,CONFIRMED,Bengaluru,468579,2026-08-23 16:49:46.981127,2026-08-23
TL-ORD-21457D242F,11024.0,sess_59687eb5eadc4224,1733,0.0,0,1733.0,3,Card,CONFIRMED,Hyderabad,231357,2026-09-10 01:06:50.172341,2026-09-10
TL-ORD-D93A80DD34,6874.0,sess_6934a3fcdde34121,1199,179.85,0,1019.15,2,NetBanking,CONFIRMED,Bengaluru,640255,2026-09-07 04:53:04.625902,2026-09-07
TL-ORD-30A4B1D992,,sess_48b43a05eb914ac3,2499,374.85,0,2124.15,3,UPI,CONFIRMED,Delhi NCR,336666,2026-08-25 21:19:46.016450,2026-08-25
TL-ORD-B783ADCCEA,,sess_7c0585ee35d54951,2853,427.95,0,2425.05,4,UPI,CONFIRMED,Bengaluru,446607,2026-09-02 15:52:52.807622,2026-09-02
TL-ORD-1C465D3FA3,,sess_b61b551d01844384,984,0.0,99,1083.0,5,COD,CONFIRMED,Delhi NCR,628076,2026-08-28 13:46:20.079632,2026-08-28
TL-ORD-1D9949E8BD,8562.0,sess_abcfbef3570e4356,2499,0.0,0,2499.0,3,Card,CONFIRMED,Chennai,326464,2026-09-11 08:19:48.815141,2026-09-11
TL-ORD-D618BA91A7,11785.0,sess_7ac5d8bc7e374efb,5421,0.0,0,5421.0,4,UPI,CONFIRMED,Pune,623749,2026-08-19 10:43:20.338073,2026-08-19
TL-ORD-BFFACBD2C2,11027.0,sess_be389bd04a6749bc,2792,0.0,0,2792.0,2,COD,CONFIRMED,Bengaluru,388762,2026-08-23 02:20:17.738183,2026-08-23
TL-ORD-5F7FF12352,,sess_09cb21943e454e86,3282,0.0,0,3282.0,4,NetBanking,CONFIRMED,Hyderabad,254325,2026-08-20 12:13:27.553722,2026-08-20
TL-ORD-BDDBA20414,11955.0,sess_130d7016d14b42c9,2550,0.0,0,2550.0,2,COD,CONFIRMED,Pune,557980,2026-08-30 09:54:24.147257,2026-08-30
TL-ORD-0A13756648,11890.0,sess_e662f22321704370,5450,0.0,0,5450.0,2,NetBanking,CONFIRMED,Bengaluru,533958,2026-09-13 14:37:52.449931,2026-09-13
TL-ORD-B76C160E8C,6867.0,sess_7cb79bc2062f45ea,848,0.0,99,947.0,6,UPI,CONFIRMED,Mumbai,184981,2026-09-05 17:13:20.254622,2026-09-05
TL-ORD-945B694CA6,,sess_a619e0769576480b,2199,329.85,0,1869.15,4,UPI,CONFIRMED,Hyderabad,475419,2026-08-28 19:18:09.771155,2026-08-28
TL-ORD-D5C1DF9BD8,9317.0,sess_3256548279bd4f35,2781,0.0,0,2781.0,2,COD,CONFIRMED,Delhi NCR,314290,2026-08-22 16:05:12.839531,2026-08-22
TL-ORD-6162EBD3DC,8402.0,sess_30ea21fbd29b49d3,2339,350.85,0,1988.15,2,Card,CONFIRMED,Chennai,405774,2026-09-12 02:04:10.183378,2026-09-12
TL-ORD-0D297B8782,8963.0,sess_9cbe51db6d584911,2435,0.0,0,2435.0,2,NetBanking,CONFIRMED,Chennai,192550,2026-09-05 07:08:28.929080,2026-09-05
TL-ORD-04F7DC8762,6342.0,sess_1535f6cf4a5e465c,1040,156.0,0,884.0,2,COD,CONFIRMED,Chennai,669192,2026-08-28 07:49:54.732752,2026-08-28
TL-ORD-0185F06F50,8959.0,sess_a3798b29ada44974,1270,190.5,0,1079.5,5,UPI,CONFIRMED,Delhi NCR,568504,2026-08-25 17:04:17.641712,2026-08-25
TL-ORD-1C52A35EC3,6948.0,sess_d29363ea373b4a6a,2388,0.0,0,2388.0,4,COD,CONFIRMED,Pune,136600,2026-09-08 01:45:14.549352,2026-09-08
TL-ORD-87A5696A9B,8423.0,sess_12318a39e8ff4d9a,1506,225.9,0,1280.1,3,UPI,CONFIRMED,Delhi NCR,629120,2026-09-10 00:38:59.439094,2026-09-10
TL-ORD-6A2B9CC2C5,10382.0,sess_0421acf3c2454a6f,1567,0.0,0,1567.0,3,COD,CONFIRMED,Hyderabad,172933,2026-08-28 21:52:23.993298,2026-08-28
TL-ORD-940C99A41F,,sess_f38db6c4ce9447c3,2206,0.0,0,2206.0,3,NetBanking,CONFIRMED,Mumbai,640918,2026-09-04 20:04:28.849498,2026-09-04
TL-ORD-267534BA9A,7829.0,sess_399bf7ea19644524,2637,395.55,0,2241.45,3,Card,CONFIRMED,Mumbai,322464,2026-08-25 13:12:12.719595,2026-08-25
TL-ORD-067B3568B2,11207.0,sess_02b66fd3e7ab4006,1339,200.85,0,1138.15,3,NetBanking,CONFIRMED,Delhi NCR,344450,2026-09-03 22:58:24.087763,2026-09-03
TL-ORD-CAC2AA2830,9373.0,sess_973a62b1089a45dd,4596,689.4,0,3906.6,3,Card,CONFIRMED,Hyderabad,652505,2026-08-26 05:25:05.750895,2026-08-26
TL-ORD-EF0EE54435,7721.0,sess_19d43dc7e9f840b8,2781,0.0,0,2781.0,2,UPI,CONFIRMED,Delhi NCR,538057,2026-08-17 20:40:10.201891,2026-08-17
TL-ORD-539961E24F,8403.0,sess_81a3f2354db24b52,3246,0.0,0,3246.0,6,COD,CONFIRMED,Bengaluru,501501,2026-09-08 09:55:36.752972,2026-09-08
TL-ORD-56059C217A,,sess_fb84dbc525154441,2637,395.55,0,2241.45,3,COD,CONFIRMED,Bengaluru,380267,2026-09-10 19:17:39.269727,2026-09-10
TL-ORD-A69220FE45,,sess_1907412342c34685,4284,642.6,0,3641.4,2,UPI,CONFIRMED,Bengaluru,299048,2026-08-27 09:22:36.590319,2026-08-27
TL-ORD-1AB3BD5F9F,10156.0,sess_1767054941d54882,7844,0.0,0,7844.0,2,NetBanking,CONFIRMED,Hyderabad,348074,2026-09-04 11:00:19.483241,2026-09-04
TL-ORD-B239F6E429,11364.0,sess_47b1242173f34a1b,2437,365.55,0,2071.45,4,COD,CONFIRMED,Hyderabad,350861,2026-09-04 17:38:59.251767,2026-09-04
TL-ORD-C7BD65892F,10251.0,sess_9947834361414d6e,2206,0.0,0,2206.0,3,NetBanking,CONFIRMED,Pune,216011,2026-09-03 22:21:50.500120,2026-09-03
TL-ORD-28C5862D18,,sess_388e47b959394e48,3708,0.0,0,3708.0,4,Card,CONFIRMED,Chennai,656372,2026-08-21 00:50:55.719482,2026-08-21
TL-ORD-4EFA4E3822,,sess_5ae57111f85648cf,1844,0.0,0,1844.0,3,UPI,CONFIRMED,Mumbai,576541,2026-08-27 03:17:44.015732,2026-08-27
TL-ORD-DDFAD8BCFE,,sess_285dbf2eac854ff9,829,0.0,99,928.0,6,COD,CONFIRMED,Delhi NCR,340709,2026-08-25 12:30:15.593501,2026-08-25
TL-ORD-92354C0D6A,,sess_83d319bce97c432b,1928,0.0,0,1928.0,2,NetBanking,CONFIRMED,Hyderabad,151640,2026-08-23 20:25:43.169910,2026-08-23
TL-ORD-C15B24B333,11473.0,sess_aeb0f8423722461c,1068,160.2,0,907.8,4,NetBanking,CONFIRMED,Bengaluru,200891,2026-08-18 04:45:32.400370,2026-08-18
TL-ORD-112F1BFFB7,,sess_1e1aa790d8124ada,3985,597.75,0,3387.25,3,UPI,CONFIRMED,Mumbai,630753,2026-09-09 00:45:03.303768,2026-09-09
TL-ORD-26534229F1,10891.0,sess_3ef2c47067ce445f,2799,0.0,0,2799.0,2,UPI,CONFIRMED,Hyderabad,190631,2026-08-18 07:11:43.564077,2026-08-18
TL-ORD-DDEEBC08F4,8700.0,sess_add5bed189c64751,743,0.0,99,842.0,3,Card,CONFIRMED,Delhi NCR,466491,2026-09-05 10:25:07.146987,2026-09-05
TL-ORD-E8D571BDB4,11880.0,sess_10cbe628952d44d0,1844,0.0,0,1844.0,2,UPI,CONFIRMED,Mumbai,401796,2026-09-13 13:05:53.895656,2026-09-13
TL-ORD-887434DF87,8669.0,sess_a8362450eefc4cc8,6188,928.2,0,5259.8,2,NetBanking,CONFIRMED,Delhi NCR,434886,2026-09-10 14:33:08.009578,2026-09-10
TL-ORD-170FCD9D69,,sess_c5a2dc1fee0b430f,1034,0.0,0,1034.0,4,NetBanking,CONFIRMED,Pune,425139,2026-08-21 17:39:52.036113,2026-08-21
TL-ORD-53DCAC0D10,,sess_9e95599d40a0474e,4030,0.0,0,4030.0,4,COD,CONFIRMED,Chennai,523571,2026-08-31 10:42:52.391469,2026-08-31
TL-ORD-583ED036FB,10191.0,sess_99926d9e9945449d,2799,0.0,0,2799.0,2,COD,CONFIRMED,Mumbai,514699,2026-09-03 13:01:07.637824,2026-09-03
TL-ORD-F93435CB65,,sess_460aa038beb54697,2435,0.0,0,2435.0,2,NetBanking,CONFIRMED,Mumbai,674092,2026-08-18 07:21:21.593009,2026-08-18
TL-ORD-0C553B9FEE,11778.0,sess_39679fabb11c46f2,2339,0.0,0,2339.0,2,NetBanking,CONFIRMED,Bengaluru,376002,2026-08-31 12:18:53.267208,2026-08-31
TL-ORD-909AD70369,7675.0,sess_571c8beaa2284f88,999,0.0,0,999.0,2,UPI,CONFIRMED,Delhi NCR,394167,2026-08-20 23:33:01.403885,2026-08-20
TL-ORD-005F6FE76D,,sess_3cea8993e6ef4e7b,1906,285.9,0,1620.1,3,COD,CONFIRMED,Hyderabad,451605,2026-08-31 08:39:03.963529,2026-08-31
TL-ORD-68E8FCCF92,6477.0,sess_fbaa3437d3a04fdc,1875,281.25,0,1593.75,4,NetBanking,CONFIRMED,Delhi NCR,291379,2026-08-29 16:41:55.307998,2026-08-29
TL-ORD-C18A98DD9F,8737.0,sess_8a62e28c14034cf1,751,112.65,99,737.35,4,COD,CONFIRMED,Chennai,488670,2026-09-05 00:04:15.195035,2026-09-05
TL-ORD-E1E05A760E,7337.0,sess_bffde7e21cde4dae,1829,0.0,0,1829.0,2,NetBanking,CONFIRMED,Hyderabad,558287,2026-08-15 02:55:55.198351,2026-08-15
TL-ORD-82999316C7,7825.0,sess_ca0af4cc575a4efe,999,149.85,0,849.15,2,NetBanking,CONFIRMED,Mumbai,316225,2026-08-21 03:13:50.626953,2026-08-21
TL-ORD-965F80F05B,10790.0,sess_9e571519e6834bc9,1210,181.5,0,1028.5,2,NetBanking,CONFIRMED,Chennai,460184,2026-09-08 05:47:10.333280,2026-09-08
TL-ORD-832C7E0610,7417.0,sess_fdc1d797aebc4c16,2435,0.0,0,2435.0,2,Card,CONFIRMED,Mumbai,318492,2026-08-28 18:48:42.661473,2026-08-28
TL-ORD-0D03E17A9B,,sess_02108c37aeb4402b,3712,556.8,0,3155.2,2,COD,CONFIRMED,Mumbai,295814,2026-09-03 19:13:04.780926,2026-09-03
TL-ORD-4F4F786E3F,,sess_b489cd735a094819,2794,419.1,0,2374.9,5,UPI,CONFIRMED,Mumbai,667956,2026-08-20 15:26:31.240559,2026-08-20
TL-ORD-B85CB1A391,10258.0,sess_0e2f537065944da3,1728,0.0,0,1728.0,2,Card,CONFIRMED,Delhi NCR,452622,2026-08-23 10:17:58.784702,2026-08-23
TL-ORD-C9D7D8B2F1,7475.0,sess_fbbc9a00546a4685,1684,0.0,0,1684.0,2,UPI,CONFIRMED,Mumbai,588106,2026-08-19 03:09:53.143794,2026-08-19
TL-ORD-A42D0F9B17,7294.0,sess_de7ab49d5fad40e4,852,0.0,99,951.0,2,COD,CONFIRMED,Mumbai,636670,2026-08-28 11:09:47.584119,2026-08-28
TL-ORD-4B35EBAB63,6730.0,sess_0999e4279dfc4663,4992,748.8,0,4243.2,2,NetBanking,CONFIRMED,Delhi NCR,188290,2026-09-04 17:28:24.255886,2026-09-04
TL-ORD-6CE77A0588,8833.0,sess_b99090d62dcc4c6b,2450,367.5,0,2082.5,3,COD,CONFIRMED,Pune,675520,2026-08-25 20:20:13.455555,2026-08-25
TL-ORD-9E661ADDFF,9611.0,sess_1c2d7abbfba34505,751,112.65,99,737.35,4,NetBanking,CONFIRMED,Mumbai,443210,2026-08-20 18:59:54.893399,2026-08-20
TL-ORD-6879A2F5EB,11130.0,sess_439113538aed4704,1899,0.0,0,1899.0,4,UPI,CONFIRMED,Mumbai,515090,2026-09-06 22:29:21.063500,2026-09-06
TL-ORD-424256F749,6222.0,sess_88bc296d11b04641,3410,0.0,0,3410.0,4,Card,CONFIRMED,Bengaluru,210472,2026-09-07 12:33:29.369133,2026-09-07
TL-ORD-4DABAF7985,8295.0,sess_b8636615de894302,802,0.0,99,901.0,2,UPI,CONFIRMED,Bengaluru,274003,2026-08-27 05:26:33.670658,2026-08-27
TL-ORD-AE02F897D2,6014.0,sess_f2a74493f9d44976,2199,0.0,0,2199.0,4,Card,CONFIRMED,Hyderabad,260413,2026-09-03 21:48:59.040433,2026-09-03
TL-ORD-54477A2DFF,8140.0,sess_e6132fd9f1464038,2617,0.0,0,2617.0,4,Card,CONFIRMED,Hyderabad,281294,2026-09-02 10:49:16.325943,2026-09-02
TL-ORD-A927D801C0,10153.0,sess_059497210b5c4a91,751,112.65,99,737.35,4,Card,CONFIRMED,Mumbai,164680,2026-08-16 01:46:48.809444,2026-08-16
TL-ORD-EF02C70F02,9455.0,sess_1a0e19cf3cdf42f9,4180,0.0,0,4180.0,3,NetBanking,CONFIRMED,Hyderabad,374750,2026-08-23 22:04:47.914440,2026-08-23
TL-ORD-845ED8A4DC,,sess_894ab32a56a249a6,6999,1049.85,0,5949.15,2,UPI,CONFIRMED,Bengaluru,274125,2026-09-09 05:22:58.876533,2026-09-09
TL-ORD-4DD04D276B,8941.0,sess_52764c3351354ae5,1906,285.9,0,1620.1,3,UPI,CONFIRMED,Chennai,205542,2026-08-16 17:50:32.509185,2026-08-16
TL-ORD-9281991BAC,10480.0,sess_59a9d18699834647,2450,0.0,0,2450.0,3,NetBanking,CONFIRMED,Pune,364514,2026-09-12 02:22:37.776264,2026-09-12
TL-ORD-569DC9C4C3,8670.0,sess_49222f4ac5ba4745,4481,672.15,0,3808.85,5,UPI,CONFIRMED,Mumbai,119070,2026-09-08 18:43:58.944708,2026-09-08
TL-ORD-BD426D2323,7648.0,sess_68b6db176b144c74,2279,0.0,0,2279.0,4,UPI,CONFIRMED,Pune,479333,2026-09-13 09:56:09.227352,2026-09-13
TL-ORD-F28003BBA9,8029.0,sess_ffe26a617c5740ef,1276,191.4,0,1084.6,5,Card,CONFIRMED,Bengaluru,663518,2026-08-21 13:17:41.661389,2026-08-21
TL-ORD-BE286A5BA6,8607.0,sess_ea214a39f82340b6,1199,179.85,0,1019.15,2,UPI,CONFIRMED,Hyderabad,645851,2026-08-29 11:05:56.261760,2026-08-29
TL-ORD-054E5F502E,7909.0,sess_503a9bcf0e6a49d9,5322,798.3,0,4523.7,4,NetBanking,CONFIRMED,Chennai,313946,2026-08-27 06:05:03.831145,2026-08-27
TL-ORD-D0A9FA1055,8123.0,sess_d240b9948c8d4b9c,2388,358.2,0,2029.8,4,Card,CONFIRMED,Pune,559247,2026-08-20 15:35:58.890924,2026-08-20
TL-ORD-09B4D390A7,,sess_22d510dd7977482e,5596,0.0,0,5596.0,2,UPI,CONFIRMED,Mumbai,673019,2026-08-25 04:20:17.708540,2026-08-25
TL-ORD-00898F341E,8777.0,sess_602b7384193e4dd6,1270,0.0,0,1270.0,5,UPI,CONFIRMED,Pune,500308,2026-08-23 02:53:07.476317,2026-08-23
TL-ORD-76FCF36B5B,7682.0,sess_a1925ab4b0d34133,1617,0.0,0,1617.0,3,NetBanking,CONFIRMED,Mumbai,297023,2026-08-25 23:53:41.501310,2026-08-25
TL-ORD-984177998B,11099.0,sess_6b13b5ce588c4a1a,1506,0.0,0,1506.0,3,NetBanking,CONFIRMED,Hyderabad,311004,2026-08-24 11:06:09.952536,2026-08-24
TL-ORD-C98884FE04,,sess_f326df1da23645ec,1914,0.0,0,1914.0,3,Card,CONFIRMED,Delhi NCR,616677,2026-08-21 16:40:05.394458,2026-08-21
TL-ORD-F07153BC1D,11959.0,sess_439b241fa375452e,2388,358.2,0,2029.8,4,NetBanking,CONFIRMED,Mumbai,387643,2026-08-26 06:41:32.206758,2026-08-26
TL-ORD-26D71F21F5,,sess_769821c225854959,2437,0.0,0,2437.0,4,Card,CONFIRMED,Hyderabad,454725,2026-09-12 07:37:22.583913,2026-09-12
TL-ORD-94D352FD1C,9269.0,sess_90fe21439eed4e45,2279,341.85,0,1937.15,2,COD,CONFIRMED,Chennai,321952,2026-08-19 05:26:40.741002,2026-08-19
TL-ORD-EF693F2709,7037.0,sess_9d192547b1e445a4,3537,0.0,0,3537.0,3,Card,CONFIRMED,Delhi NCR,323464,2026-08-18 00:00:33.276297,2026-08-18
TL-ORD-B440655375,11282.0,sess_633c1ab045bf48cc,3410,0.0,0,3410.0,4,Card,CONFIRMED,Hyderabad,152123,2026-09-06 00:48:55.111346,2026-09-06
TL-ORD-8BE0EB11C1,7118.0,sess_64bbc21416db40a4,999,0.0,0,999.0,6,UPI,CONFIRMED,Hyderabad,174573,2026-09-01 05:10:37.856296,2026-09-01
TL-ORD-33AC3B5889,10517.0,sess_9dbb85fc75b1492c,5070,0.0,0,5070.0,5,COD,CONFIRMED,Pune,642033,2026-09-10 08:11:16.011909,2026-09-10
TL-ORD-6AE34E65BB,6040.0,sess_1d7a4336d23740bb,2464,0.0,0,2464.0,3,NetBanking,CONFIRMED,Pune,474511,2026-09-05 19:52:40.165313,2026-09-05
TL-ORD-2B2905EA22,,sess_3c6a01e5716b4192,1322,198.3,0,1123.7,4,Card,CONFIRMED,Delhi NCR,368483,2026-09-09 08:15:13.674888,2026-09-09
TL-ORD-FA1B2F4F4D,9150.0,sess_e21c8d948f904d47,5184,0.0,0,5184.0,6,COD,CONFIRMED,Delhi NCR,148410,2026-09-04 10:22:06.771570,2026-09-04
TL-ORD-D145295402,7306.0,sess_2f531e4b23284997,1557,233.55,0,1323.45,4,COD,CONFIRMED,Pune,329927,2026-08-15 10:20:40.467810,2026-08-15
TL-ORD-6727CB47A2,9554.0,sess_a2139e514d37495e,1199,179.85,0,1019.15,2,UPI,CONFIRMED,Mumbai,568886,2026-09-07 17:28:39.520163,2026-09-07
TL-ORD-6DA1FD7DE9,6606.0,sess_45fe37b45c0b4214,2199,329.85,0,1869.15,4,Card,CONFIRMED,Pune,641539,2026-09-07 12:27:57.575521,2026-09-07
TL-ORD-77E9D5199B,6700.0,sess_5ebbbcbcaea24704,5596,0.0,0,5596.0,2,Card,CONFIRMED,Chennai,372228,2026-08-16 17:12:43.040807,2026-08-16
TL-ORD-7A465B1DF5,11412.0,sess_0c7b094166ea4de8,3879,0.0,0,3879.0,5,NetBanking,CONFIRMED,Hyderabad,210485,2026-09-13 10:25:12.062178,2026-09-13
TL-ORD-6FAC2DFC9C,7614.0,sess_455d016591ab4780,7008,0.0,0,7008.0,3,Card,CONFIRMED,Delhi NCR,442544,2026-08-29 05:02:02.882924,2026-08-29
TL-ORD-588D56B2B4,8357.0,sess_8eec90de422e478c,1875,0.0,0,1875.0,4,NetBanking,CONFIRMED,Hyderabad,573976,2026-09-02 09:32:24.500160,2026-09-02
TL-ORD-2041AECD76,8429.0,sess_73db514c49954fc9,3361,0.0,0,3361.0,4,Card,CONFIRMED,Bengaluru,345937,2026-08-18 22:05:54.178716,2026-08-18
TL-ORD-26AD289DCD,9189.0,sess_d2f7a58c38b944a5,4237,0.0,0,4237.0,4,COD,CONFIRMED,Hyderabad,383593,2026-09-05 07:56:39.126942,2026-09-05
TL-ORD-9B5A707B93,6732.0,sess_554e610097e84127,3090,463.5,0,2626.5,2,UPI,CONFIRMED,Bengaluru,603733,2026-08-27 14:30:28.054855,2026-08-27
TL-ORD-D45F68F623,,sess_78f562ff04ac4538,2199,0.0,0,2199.0,4,NetBanking,CONFIRMED,Delhi NCR,133724,2026-09-09 14:50:06.083537,2026-09-09
TL-ORD-9FBEC50284,6222.0,sess_911197497bfd4945,1774,0.0,0,1774.0,2,UPI,CONFIRMED,Bengaluru,688427,2026-08-22 23:06:54.689389,2026-08-22
TL-ORD-FD6AD1D304,6236.0,sess_19d03bff3d19432c,4992,0.0,0,4992.0,2,Card,CONFIRMED,Hyderabad,647379,2026-09-04 23:30:34.354280,2026-09-04
TL-ORD-CD6CE8D94C,10002.0,sess_bd9275acb51d46ee,1743,261.45,0,1481.55,3,NetBanking,CONFIRMED,Hyderabad,238683,2026-08-22 13:06:40.870574,2026-08-22
TL-ORD-37E1B7487A,6251.0,sess_c2f2e88c4ea8415c,1684,252.6,0,1431.4,2,Card,CONFIRMED,Hyderabad,449076,2026-08-24 15:44:30.500497,2026-08-24
TL-ORD-BB1B8F9030,11100.0,sess_41b782e8b4474a76,4723,708.45,0,4014.55,4,COD,CONFIRMED,Hyderabad,162892,2026-09-06 21:46:18.719184,2026-09-06
TL-ORD-559F273877,7975.0,sess_17a5b52ee4e6464d,4079,611.85,0,3467.15,2,NetBanking,CONFIRMED,Pune,382444,2026-08-19 06:02:49.207715,2026-08-19
TL-ORD-8F02720398,8598.0,sess_ac66dc2266824fb1,6594,0.0,0,6594.0,3,UPI,CONFIRMED,Delhi NCR,224806,2026-08-29 08:06:51.751438,2026-08-29
TL-ORD-6054D81DC5,6094.0,sess_49589786f9ef47e2,2662,399.3,0,2262.7,2,COD,CONFIRMED,Delhi NCR,447222,2026-08-28 01:24:19.312624,2026-08-28
TL-ORD-1091487A2D,6247.0,sess_030f9ff5ddbd44d5,1322,0.0,0,1322.0,4,UPI,CONFIRMED,Mumbai,209078,2026-08-21 05:32:32.321943,2026-08-21
TL-ORD-48659CA020,,sess_03ee9a978ad8468c,3670,0.0,0,3670.0,3,Card,CONFIRMED,Chennai,393955,2026-08-22 12:57:39.996404,2026-08-22
TL-ORD-35C9DD9F33,11745.0,sess_6c70be4ee0f04d67,3316,0.0,0,3316.0,3,NetBanking,CONFIRMED,Pune,586713,2026-08-21 11:06:11.443759,2026-08-21
TL-ORD-28848919FE,9191.0,sess_a2e258d79f91451b,1299,194.85,0,1104.15,3,NetBanking,CONFIRMED,Chennai,435810,2026-09-09 03:15:01.873355,2026-09-09
TL-ORD-504065A44E,11791.0,sess_0bedfa24acc94251,6489,973.35,0,5515.65,2,COD,CONFIRMED,Hyderabad,433326,2026-08-30 03:33:38.377094,2026-08-30
TL-ORD-29C280F9A9,11382.0,sess_6d8438a48ae54b88,3174,0.0,0,3174.0,5,UPI,CONFIRMED,Chennai,401135,2026-08-21 15:56:16.584893,2026-08-21
TL-ORD-C5544339E7,10128.0,sess_e7b3cc0011334489,1322,198.3,0,1123.7,4,UPI,CONFIRMED,Chennai,151009,2026-09-13 12:34:32.196654,2026-09-13
TL-ORD-74E51B3021,9168.0,sess_df084775b951455c,1668,0.0,0,1668.0,3,COD,CONFIRMED,Delhi NCR,695980,2026-09-13 14:10:41.960618,2026-09-13
TL-ORD-1C67A4FC81,6303.0,sess_657fcf84f29941cb,869,130.35,99,837.65,3,UPI,CONFIRMED,Mumbai,300212,2026-08-25 02:07:08.009482,2026-08-25
TL-ORD-5A991AF9DC,,sess_81d7d5f2499c4e34,2617,392.55,0,2224.45,4,Card,CONFIRMED,Hyderabad,264862,2026-09-01 14:22:49.674899,2026-09-01
TL-ORD-1F63DAAE13,7147.0,sess_d444dba2733a40f9,4481,672.15,0,3808.85,5,COD,CONFIRMED,Chennai,347025,2026-09-08 08:38:45.717190,2026-09-08
TL-ORD-36FD04F6CB,9425.0,sess_1960e620ecb04989,3143,0.0,0,3143.0,2,Card,CONFIRMED,Hyderabad,275415,2026-08-26 06:49:27.347409,2026-08-26
TL-ORD-DCFE392C7E,,sess_b01b1dbc545a41be,3708,0.0,0,3708.0,4,NetBanking,CONFIRMED,Hyderabad,349073,2026-08-27 08:09:04.470379,2026-08-27
TL-ORD-6B815B8E74,,sess_af3a5f426bc3475a,3708,0.0,0,3708.0,4,UPI,CONFIRMED,Chennai,420591,2026-08-21 14:16:18.234772,2026-08-21
TL-ORD-C9F0E8F93B,,sess_01315f1722b74899,1068,0.0,0,1068.0,4,Card,CONFIRMED,Chennai,449311,2026-08-26 04:59:56.533159,2026-08-26
TL-ORD-D060A947DB,7430.0,sess_b2d3d260f0b444ae,4299,644.85,0,3654.15,2,Card,CONFIRMED,Bengaluru,192952,2026-09-02 20:41:44.467944,2026-09-02
TL-ORD-D5E1978096,,sess_f3143bd773fc4e99,1604,0.0,0,1604.0,3,NetBanking,CONFIRMED,Chennai,510006,2026-09-13 14:45:46.730942,2026-09-13
TL-ORD-9CF0060176,10933.0,sess_4c13740c3c5e47ef,2388,358.2,0,2029.8,4,UPI,CONFIRMED,Bengaluru,355755,2026-09-09 22:11:56.241341,2026-09-09
TL-ORD-C91BEFA0DD,9132.0,sess_bbd56d6d6c02475e,2029,0.0,0,2029.0,5,UPI,CONFIRMED,Mumbai,363492,2026-08-15 17:38:10.418853,2026-08-15
TL-ORD-ABF2CAC5D9,11440.0,sess_fb54402c224f4e03,779,0.0,99,878.0,2,COD,CONFIRMED,Delhi NCR,270216,2026-09-08 06:29:15.487404,2026-09-08
TL-ORD-AA1EC0E4FC,8226.0,sess_fda5ac77a50b4307,999,0.0,0,999.0,2,COD,CONFIRMED,Delhi NCR,367809,2026-08-26 19:34:35.400087,2026-08-26
TL-ORD-0E969A4F6C,8874.0,sess_7b67d20c66ab46cf,802,120.3,99,780.7,2,Card,CONFIRMED,Pune,445623,2026-08-18 15:42:05.870878,2026-08-18
TL-ORD-44692F647E,8426.0,sess_fefe931403af4b6c,1061,0.0,0,1061.0,3,UPI,CONFIRMED,Hyderabad,699300,2026-08-24 07:53:17.440143,2026-08-24
TL-ORD-300B92937C,,sess_a49ae57d520b4c21,2435,0.0,0,2435.0,2,COD,CONFIRMED,Pune,448027,2026-08-21 15:09:52.173006,2026-08-21
TL-ORD-522DA65DF0,9762.0,sess_9f7865fad16f456d,999,0.0,0,999.0,2,COD,CONFIRMED,Hyderabad,492272,2026-08-18 09:13:46.421971,2026-08-18
TL-ORD-35F22BF993,11994.0,sess_4c2655e5488c457c,1774,266.1,0,1507.9,2,Card,CONFIRMED,Bengaluru,541500,2026-09-12 02:51:25.680252,2026-09-12
TL-ORD-342B04F61E,8454.0,sess_754d82ff71774771,2235,335.25,0,1899.75,3,Card,CONFIRMED,Hyderabad,188517,2026-08-30 12:31:30.046380,2026-08-30
TL-ORD-573CC674C5,8769.0,sess_4588aebed4aa4a40,2773,415.95,0,2357.05,2,UPI,CONFIRMED,Chennai,328643,2026-08-29 12:22:43.760589,2026-08-29
TL-ORD-9A7CAE6341,,sess_14cc1b459e774b9d,1210,0.0,0,1210.0,2,COD,CONFIRMED,Delhi NCR,633541,2026-08-20 02:48:00.932438,2026-08-20
TL-ORD-F228AE6E93,,sess_01cf60fc48b74146,5322,798.3,0,4523.7,4,COD,CONFIRMED,Hyderabad,231843,2026-09-05 19:06:40.435559,2026-09-05
TL-ORD-4C0BC32D1D,,sess_f1bf22c876e24767,5184,777.6,0,4406.4,6,Card,CONFIRMED,Pune,147915,2026-09-08 10:28:53.973411,2026-09-08
TL-ORD-3DB8A8C239,,sess_bb4cecfd74cd40f5,3294,0.0,0,3294.0,4,UPI,CONFIRMED,Hyderabad,679051,2026-09-04 18:38:46.180324,2026-09-04
TL-ORD-47DC60D72B,10085.0,sess_17090800d0b84535,4817,0.0,0,4817.0,2,Card,CONFIRMED,Pune,149303,2026-08-16 18:22:40.153800,2026-08-16
TL-ORD-E9F8DCBE8B,10631.0,sess_894c3680a5564ae2,2686,0.0,0,2686.0,4,UPI,CONFIRMED,Mumbai,234563,2026-09-10 08:08:22.481061,2026-09-10
TL-ORD-AC1F000587,11915.0,sess_a6a3fe58d78a436d,5842,0.0,0,5842.0,2,Card,CONFIRMED,Pune,355700,2026-08-22 06:43:52.508250,2026-08-22
TL-ORD-A41F329D62,9918.0,sess_40aa1837fb0740eb,4132,0.0,0,4132.0,2,Card,CONFIRMED,Hyderabad,247529,2026-08-19 17:12:28.568945,2026-08-19
TL-ORD-BC47468C6A,,sess_3aa68dd218f44613,2662,399.3,0,2262.7,2,UPI,CONFIRMED,Delhi NCR,452781,2026-08-25 17:49:03.079864,2026-08-25
TL-ORD-D184C81CDA,10422.0,sess_34696fedab324564,3499,0.0,0,3499.0,3,Card,CONFIRMED,Bengaluru,408901,2026-08-17 14:12:52.437625,2026-08-17
TL-ORD-FE077F2F7F,6494.0,sess_ac7f87138e784e14,1040,0.0,0,1040.0,2,COD,CONFIRMED,Pune,142709,2026-08-24 00:02:06.531245,2026-08-24
TL-ORD-B5535ABB0B,9477.0,sess_0a952187d2814d7a,1179,0.0,0,1179.0,2,COD,CONFIRMED,Hyderabad,685893,2026-08-17 04:46:36.732747,2026-08-17
TL-ORD-D8CD0CCC33,10363.0,sess_b839a26733b34372,743,0.0,99,842.0,3,NetBanking,CONFIRMED,Pune,540198,2026-09-11 00:19:54.912089,2026-09-11
TL-ORD-45606E5AED,10363.0,sess_ec2b87ac39074165,2688,403.2,0,2284.8,2,Card,CONFIRMED,Hyderabad,342910,2026-08-18 12:49:10.461947,2026-08-18
TL-ORD-925123F96D,10397.0,sess_2669c8605b474262,1199,179.85,0,1019.15,2,UPI,CONFIRMED,Bengaluru,468701,2026-08-20 20:24:20.996161,2026-08-20
TL-ORD-D95A7BFCF0,,sess_8169a4f830e2406f,2499,0.0,0,2499.0,3,NetBanking,CONFIRMED,Chennai,472456,2026-08-24 00:40:18.852103,2026-08-24
TL-ORD-CA043AEA32,10240.0,sess_6c35c40eb0024c01,999,149.85,0,849.15,2,COD,CONFIRMED,Mumbai,480219,2026-08-31 11:29:20.281094,2026-08-31
TL-ORD-E7D3C104EB,,sess_ab499fdd669a42d0,2662,399.3,0,2262.7,2,NetBanking,CONFIRMED,Mumbai,514175,2026-08-28 18:51:23.588035,2026-08-28
TL-ORD-796180ABA2,,sess_5b0081e3f304484a,2334,0.0,0,2334.0,5,UPI,CONFIRMED,Bengaluru,561548,2026-09-10 12:08:53.938459,2026-09-10
TL-ORD-F7445701A3,,sess_10b1bd9643994514,3976,0.0,0,3976.0,2,Card,CONFIRMED,Delhi NCR,680273,2026-08-28 09:42:03.492949,2026-08-28
TL-ORD-1A6FFDC11D,8248.0,sess_33cf77e6527d41a9,4759,0.0,0,4759.0,4,Card,CONFIRMED,Chennai,451092,2026-08-19 14:03:07.245830,2026-08-19
TL-ORD-CB34954B8F,8783.0,sess_f2a1a6615cc84900,3938,0.0,0,3938.0,3,COD,CONFIRMED,Chennai,564264,2026-08-19 02:12:06.587967,2026-08-19
TL-ORD-C91C4F300F,,sess_d9a8c55646954158,2172,0.0,0,2172.0,6,Card,CONFIRMED,Pune,251334,2026-08-16 13:01:04.516513,2026-08-16
TL-ORD-7A9C44A8D8,9187.0,sess_0800d3848bad4df7,1299,0.0,0,1299.0,3,UPI,CONFIRMED,Mumbai,200007,2026-09-05 12:42:52.470296,2026-09-05
TL-ORD-1B31F3F347,6265.0,sess_518a3362639a4c55,2550,382.5,0,2167.5,2,NetBanking,CONFIRMED,Chennai,128474,2026-08-16 19:52:25.067958,2026-08-16
TL-ORD-6AAC6679BC,,sess_37914de55a834891,3410,0.0,0,3410.0,4,UPI,CONFIRMED,Pune,418452,2026-08-28 05:41:08.229093,2026-08-28
TL-ORD-434CE9B6A3,11225.0,sess_5db100bd91e9420a,3421,0.0,0,3421.0,6,NetBanking,CONFIRMED,Mumbai,240556,2026-08-26 22:47:58.004084,2026-08-26
TL-ORD-CB3BE67249,10786.0,sess_dc8b5e92fc154a8b,4817,0.0,0,4817.0,2,NetBanking,CONFIRMED,Chennai,237465,2026-08-31 08:20:07.066238,2026-08-31
TL-ORD-7BADD388A7,8380.0,sess_bf9e040acb444649,1739,0.0,0,1739.0,5,UPI,CONFIRMED,Mumbai,312652,2026-09-09 20:07:30.299610,2026-09-09
TL-ORD-7113864587,7850.0,sess_e32b417bf90a4ea1,1952,292.8,0,1659.2,2,NetBanking,CONFIRMED,Delhi NCR,608527,2026-09-04 04:57:53.163225,2026-09-04
TL-ORD-57BF730806,,sess_0a1c3c7e2b44431c,2435,365.25,0,2069.75,2,Card,CONFIRMED,Delhi NCR,151541,2026-08-23 06:33:34.211085,2026-08-23
TL-ORD-0FB3E4FA95,9993.0,sess_32623a562a164967,4958,743.7,0,4214.3,3,COD,CONFIRMED,Bengaluru,663241,2026-08-14 23:17:52.648556,2026-08-14
TL-ORD-6E96D287E0,7421.0,sess_5eebbe356fdc4d96,3976,0.0,0,3976.0,2,Card,CONFIRMED,Hyderabad,276507,2026-08-30 19:13:19.463239,2026-08-30
TL-ORD-A9FB203D88,6103.0,sess_b495c1973ceb457d,2637,0.0,0,2637.0,3,NetBanking,CONFIRMED,Chennai,125669,2026-09-05 08:38:46.042839,2026-09-05
TL-ORD-74C1BF4F7C,,sess_389e9f79ff1a477a,5659,0.0,0,5659.0,2,COD,CONFIRMED,Chennai,232577,2026-08-30 21:38:03.218549,2026-08-30
TL-ORD-3EF6AA11BF,,sess_bb538c55bdcc405f,2769,415.35,0,2353.65,2,NetBanking,CONFIRMED,Hyderabad,309043,2026-08-19 14:20:26.074461,2026-08-19
TL-ORD-55A82CDBB8,8467.0,sess_9a81e26969044835,4817,0.0,0,4817.0,2,NetBanking,CONFIRMED,Hyderabad,477542,2026-09-07 15:30:46.802063,2026-09-07
TL-ORD-0E6F9CE554,10312.0,sess_98f84e7b57f34da7,5421,813.15,0,4607.85,4,Card,CONFIRMED,Hyderabad,544648,2026-09-09 20:03:25.958993,2026-09-09
TL-ORD-90D68A766E,,sess_48d713d9541d4382,3421,0.0,0,3421.0,6,COD,CONFIRMED,Chennai,525103,2026-08-23 13:10:04.029712,2026-08-23
TL-ORD-543182C915,,sess_e86911c47ebc463c,5509,0.0,0,5509.0,5,NetBanking,CONFIRMED,Pune,171446,2026-08-31 20:46:20.546326,2026-08-31
TL-ORD-88243B3BFC,11708.0,sess_b55c984f72ea48d5,1103,0.0,0,1103.0,5,Card,CONFIRMED,Hyderabad,190096,2026-08-22 21:39:34.393617,2026-08-22
TL-ORD-B256F40B7F,7640.0,sess_4a3e63a3e8364fca,2235,335.25,0,1899.75,3,COD,CONFIRMED,Hyderabad,276851,2026-08-16 06:25:13.338174,2026-08-16
TL-ORD-32D9D410A2,11061.0,sess_250cc81550a94025,5509,0.0,0,5509.0,5,COD,CONFIRMED,Mumbai,230947,2026-09-01 14:27:43.431314,2026-09-01
TL-ORD-F3463EA2A8,8790.0,sess_401ffe774a9042d0,2172,0.0,0,2172.0,6,COD,CONFIRMED,Hyderabad,447400,2026-08-29 21:11:54.043155,2026-08-29
TL-ORD-E0C82DE4CE,,sess_5b2f934ae2e74746,2662,399.3,0,2262.7,2,COD,CONFIRMED,Delhi NCR,505814,2026-08-20 09:38:40.818586,2026-08-20
TL-ORD-CF6BAA2834,,sess_32cb27cc87644c06,1847,0.0,0,1847.0,3,COD,CONFIRMED,Bengaluru,528638,2026-08-14 21:45:03.934116,2026-08-14
TL-ORD-381A0731F1,,sess_b0b6e5a9e16f4d81,2799,0.0,0,2799.0,2,Card,CONFIRMED,Bengaluru,696849,2026-08-22 05:50:26.422805,2026-08-22
TL-ORD-125CA65962,10553.0,sess_6a2293bdb9bf4f68,984,147.6,99,935.4,5,UPI,CONFIRMED,Hyderabad,429909,2026-08-26 14:25:14.388179,2026-08-26
TL-ORD-C444884EFF,,sess_eaf301fce466405a,3556,0.0,0,3556.0,2,UPI,CONFIRMED,Bengaluru,417979,2026-09-12 00:30:53.427729,2026-09-12
TL-ORD-6AFAFC6C91,,sess_cb913ebea41141d4,5421,0.0,0,5421.0,4,NetBanking,CONFIRMED,Pune,254715,2026-08-17 17:56:52.998465,2026-08-17
TL-ORD-CBD180A132,6579.0,sess_fc5f9763f2b4489d,3985,0.0,0,3985.0,3,COD,CONFIRMED,Pune,365336,2026-09-02 18:34:48.020272,2026-09-02
TL-ORD-D079F239A3,9363.0,sess_a697845de56c45c2,2116,0.0,0,2116.0,2,UPI,CONFIRMED,Hyderabad,661355,2026-08-18 15:47:12.787417,2026-08-18
TL-ORD-EB3CBC34A9,,sess_c6fcf2b805a14642,3712,556.8,0,3155.2,2,NetBanking,CONFIRMED,Mumbai,454904,2026-09-10 14:49:03.348098,2026-09-10
TL-ORD-3C89967D08,11584.0,sess_9e9fced0b0d94796,1844,276.6,0,1567.4,3,NetBanking,CONFIRMED,Delhi NCR,636516,2026-08-26 23:23:56.375293,2026-08-26
TL-ORD-3947830703,9706.0,sess_0e612bd2eb1c4bf6,6188,0.0,0,6188.0,2,UPI,CONFIRMED,Chennai,369929,2026-09-09 03:41:29.719648,2026-09-09
TL-ORD-495BDA94F3,10606.0,sess_c11aed425baa487f,2799,419.85,0,2379.15,2,COD,CONFIRMED,Pune,281273,2026-08-31 01:24:49.050612,2026-08-31
TL-ORD-473ADBAE1E,8700.0,sess_2da3927f89a3481e,3177,476.55,0,2700.45,3,UPI,CONFIRMED,Mumbai,290445,2026-08-27 12:31:39.301895,2026-08-27
TL-ORD-3B79B4CA17,,sess_3c8763e6bcba4b50,1199,0.0,0,1199.0,2,Card,CONFIRMED,Bengaluru,200471,2026-08-25 05:56:55.453803,2026-08-25
TL-ORD-38BE195D02,,sess_ed28c94b0d554daa,2199,0.0,0,2199.0,4,UPI,CONFIRMED,Bengaluru,261512,2026-09-10 18:08:47.773096,2026-09-10
TL-ORD-EF2C737083,7143.0,sess_99d81a441e264fae,4072,0.0,0,4072.0,2,Card,CONFIRMED,Chennai,437425,2026-08-26 00:15:11.515585,2026-08-26
TL-ORD-4AC7FC003C,10490.0,sess_fb27149b4bc14d79,1251,0.0,0,1251.0,3,NetBanking,CONFIRMED,Hyderabad,127855,2026-09-09 06:38:43.640668,2026-09-09
TL-ORD-FAC83E677E,8021.0,sess_73e2631e8dd64c40,3674,551.1,0,3122.9,5,UPI,CONFIRMED,Chennai,137657,2026-08-16 10:41:11.485322,2026-08-16
TL-ORD-0EB0B486C9,8088.0,sess_0f5ea638739c4cf7,4079,0.0,0,4079.0,2,COD,CONFIRMED,Chennai,677755,2026-08-29 15:10:33.130149,2026-08-29
TL-ORD-C766DA3105,7119.0,sess_753c8cd8ccfe4db3,3499,0.0,0,3499.0,3,UPI,CONFIRMED,Pune,274087,2026-08-17 14:58:45.765664,2026-08-17
TL-ORD-8523A30B05,11303.0,sess_6bf40c3fcc8247c8,6489,973.35,0,5515.65,2,Card,CONFIRMED,Hyderabad,463597,2026-08-23 08:38:14.442797,2026-08-23
TL-ORD-4FB0303EBB,7976.0,sess_e7c26c04e8a34d80,4284,0.0,0,4284.0,2,UPI,CONFIRMED,Hyderabad,219199,2026-09-02 08:25:28.905598,2026-09-02
TL-ORD-F81D23EE9A,,sess_c8d8e8a4fa254570,3537,530.55,0,3006.45,3,NetBanking,CONFIRMED,Hyderabad,218658,2026-08-29 03:14:08.326887,2026-08-29
TL-ORD-0F7B2F5445,8572.0,sess_fa1b2d2abdf846cd,4304,0.0,0,4304.0,4,COD,CONFIRMED,Hyderabad,502859,2026-08-28 16:17:03.964727,2026-08-28
TL-ORD-FF1FFDD4B5,9601.0,sess_58bb2c06d890477c,1103,165.45,0,937.55,2,COD,CONFIRMED,Delhi NCR,445577,2026-09-04 21:02:45.294884,2026-09-04
TL-ORD-18C934CA9A,11181.0,sess_d1a4a2d52e224f09,2142,0.0,0,2142.0,3,NetBanking,CONFIRMED,Chennai,490282,2026-09-06 13:56:12.067487,2026-09-06
TL-ORD-C985999769,7739.0,sess_5c69a79c1b1f4cd3,1829,274.35,0,1554.65,6,NetBanking,CONFIRMED,Bengaluru,363114,2026-08-26 16:59:00.034712,2026-08-26
TL-ORD-CEA0CBB0A8,8542.0,sess_a5c241e85a424813,3481,522.15,0,2958.85,5,UPI,CONFIRMED,Mumbai,403516,2026-09-08 17:11:19.476152,2026-09-08
TL-ORD-E75D8B2ACB,7308.0,sess_1860c74461b34c0f,2199,0.0,0,2199.0,4,UPI,CONFIRMED,Mumbai,513362,2026-08-31 15:23:39.526859,2026-08-31
TL-ORD-FB32D788CD,,sess_055b91beb56c4be9,2538,380.7,0,2157.3,2,Card,CONFIRMED,Delhi NCR,421343,2026-08-16 17:14:40.929649,2026-08-16
TL-ORD-64C0E67283,,sess_3bff3f43842d41da,2438,0.0,0,2438.0,3,Card,CONFIRMED,Bengaluru,196905,2026-08-22 14:46:15.157119,2026-08-22
TL-ORD-93371D1CD7,,sess_97c15bb8ffe341bb,4481,0.0,0,4481.0,5,Card,CONFIRMED,Pune,116498,2026-09-11 12:03:18.265387,2026-09-11
TL-ORD-3D84C782CF,9073.0,sess_234111daba23468f,1270,0.0,0,1270.0,5,COD,CONFIRMED,Pune,284567,2026-09-01 13:50:23.983405,2026-09-01
TL-ORD-14F578E982,10943.0,sess_8004f8d455f34e3b,1743,0.0,0,1743.0,3,COD,CONFIRMED,Mumbai,577228,2026-08-18 20:26:06.644534,2026-08-18
TL-ORD-C4FA39CAA5,7153.0,sess_c0804f613d5442f9,4499,0.0,0,4499.0,2,COD,CONFIRMED,Mumbai,231814,2026-08-19 07:50:50.957386,2026-08-19
TL-ORD-7AEE605DB2,6009.0,sess_183e4ab8ecfc4859,1733,0.0,0,1733.0,3,Card,CONFIRMED,Bengaluru,176740,2026-08-30 12:23:33.292818,2026-08-30
TL-ORD-BE076C02B3,7639.0,sess_5769578092cc4d03,2769,0.0,0,2769.0,2,COD,CONFIRMED,Mumbai,117680,2026-09-07 00:22:51.439201,2026-09-07
TL-ORD-6C9E00633A,,sess_f02c04b6a7374f58,2438,0.0,0,2438.0,3,Card,CONFIRMED,Chennai,417197,2026-09-05 16:15:26.694353,2026-09-05
TL-ORD-1D41EBB303,8107.0,sess_a5862b407f5c4e5f,2142,0.0,0,2142.0,3,Card,CONFIRMED,Mumbai,478949,2026-09-04 15:46:24.337242,2026-09-04
TL-ORD-8430E2BE76,6377.0,sess_5c63d1aa0d374974,1684,0.0,0,1684.0,2,NetBanking,CONFIRMED,Bengaluru,266560,2026-08-25 03:04:11.548016,2026-08-25
TL-ORD-825DD55CD7,7501.0,sess_11c2676c938a4401,2437,0.0,0,2437.0,4,COD,CONFIRMED,Mumbai,511376,2026-08-15 12:10:29.492381,2026-08-15
TL-ORD-F133FDDFCA,6815.0,sess_e450ee0d04134f8d,3233,484.95,0,2748.05,3,NetBanking,CONFIRMED,Pune,173602,2026-08-27 19:15:00.039509,2026-08-27
TL-ORD-0F25CF580F,9200.0,sess_cf68d48de0c14274,1724,0.0,0,1724.0,4,UPI,CONFIRMED,Mumbai,218021,2026-09-03 06:41:53.560538,2026-09-03
TL-ORD-A2F0B908A7,10539.0,sess_c358c9a3c3aa4a46,1914,0.0,0,1914.0,3,NetBanking,CONFIRMED,Pune,541226,2026-09-10 16:10:22.608021,2026-09-10
TL-ORD-904C80C3B5,8781.0,sess_1cccc023404d4bd9,4897,734.55,0,4162.45,3,COD,CONFIRMED,Chennai,553095,2026-08-29 22:10:22.954359,2026-08-29
TL-ORD-AB375B9227,7494.0,sess_0239a7f0ad4d44cf,577,0.0,99,676.0,2,COD,CONFIRMED,Mumbai,336521,2026-09-08 00:55:58.645661,2026-09-08
TL-ORD-A0CA13D610,7926.0,sess_5e16d584b7f14460,1179,176.85,0,1002.15,2,UPI,CONFIRMED,Mumbai,653188,2026-09-13 19:10:51.893465,2026-09-13
TL-ORD-8850AE5886,,sess_aa41933bdd294f4c,2999,0.0,0,2999.0,3,Card,CONFIRMED,Mumbai,336150,2026-08-30 18:21:03.234873,2026-08-30
TL-ORD-0E2701C807,10320.0,sess_9aa635ba7a834d71,1557,233.55,0,1323.45,4,NetBanking,CONFIRMED,Pune,220787,2026-09-13 03:17:32.299704,2026-09-13
TL-ORD-3E3AB05AE8,9843.0,sess_7f47b6c3f3cb4b69,1829,0.0,0,1829.0,2,UPI,CONFIRMED,Pune,335178,2026-08-31 15:43:06.777060,2026-08-31
TL-ORD-8CD772BABC,7951.0,sess_80dc334b78f748ae,4869,0.0,0,4869.0,3,NetBanking,CONFIRMED,Bengaluru,120782,2026-09-01 02:38:49.818576,2026-09-01
TL-ORD-F4F855CB64,11844.0,sess_0526093b109d49b2,4723,0.0,0,4723.0,4,COD,CONFIRMED,Delhi NCR,242255,2026-09-05 05:35:08.140814,2026-09-05
TL-ORD-E541FD30CE,6901.0,sess_406f53c3bdb24fc4,3537,0.0,0,3537.0,3,UPI,CONFIRMED,Delhi NCR,670367,2026-08-24 02:59:15.992178,2026-08-24
TL-ORD-9D818C3688,9784.0,sess_5c3378793fda4f59,4304,645.6,0,3658.4,4,Card,CONFIRMED,Chennai,551214,2026-08-25 11:12:12.072681,2026-08-25
TL-ORD-33AD7A848E,,sess_0fe0ae1609a24b10,1170,0.0,0,1170.0,5,Card,CONFIRMED,Mumbai,527748,2026-08-28 15:53:06.695007,2026-08-28
TL-ORD-394C6B05CF,10159.0,sess_b6ec142a764a49cc,2036,0.0,0,2036.0,2,UPI,CONFIRMED,Chennai,658664,2026-09-08 19:41:05.735163,2026-09-08
TL-ORD-926550B8A1,,sess_4448bb660e144431,6999,0.0,0,6999.0,2,UPI,CONFIRMED,Delhi NCR,347389,2026-08-28 08:40:11.109463,2026-08-28
TL-ORD-0A6ED3F0ED,6795.0,sess_2dd44a6e41b54061,3499,524.85,0,2974.15,3,UPI,CONFIRMED,Delhi NCR,261361,2026-08-20 18:46:56.408637,2026-08-20
TL-ORD-7853EADC24,9500.0,sess_5ad302af9a0d4e51,4965,744.75,0,4220.25,4,NetBanking,CONFIRMED,Hyderabad,635262,2026-08-26 04:53:38.223060,2026-08-26
TL-ORD-C78FB7C708,8771.0,sess_c305a1e7f6614796,2238,335.7,0,1902.3,3,NetBanking,CONFIRMED,Bengaluru,259425,2026-09-08 04:14:52.963369,2026-09-08
TL-ORD-0B270BF636,10404.0,sess_24616eddecb44e9c,1533,0.0,0,1533.0,2,COD,CONFIRMED,Chennai,697220,2026-09-05 17:26:20.968032,2026-09-05
TL-ORD-323E3A59BC,,sess_aeeba7de1b864e15,1567,0.0,0,1567.0,3,COD,CONFIRMED,Hyderabad,321725,2026-08-25 04:48:07.480684,2026-08-25
TL-ORD-C6B2478981,6166.0,sess_3dcb403eb99a4f38,2792,0.0,0,2792.0,2,Card,CONFIRMED,Mumbai,243896,2026-08-30 13:06:26.069797,2026-08-30
TL-ORD-983089CEF7,9129.0,sess_d26cce8e1c92442c,3777,566.55,0,3210.45,4,UPI,CONFIRMED,Hyderabad,403278,2026-09-10 07:12:05.414593,2026-09-10
TL-ORD-EF733B0428,8408.0,sess_533ad2f3b52149ea,1040,0.0,0,1040.0,2,Card,CONFIRMED,Chennai,682120,2026-09-02 08:01:50.971225,2026-09-02
TL-ORD-F0648ECAF9,6505.0,sess_774e118aa8304b8c,3041,456.15,0,2584.85,4,UPI,CONFIRMED,Delhi NCR,192739,2026-08-28 20:33:20.635685,2026-08-28
TL-ORD-6902CF9B72,9509.0,sess_42249373b1674693,5450,817.5,0,4632.5,3,Card,CONFIRMED,Pune,629160,2026-09-13 10:06:00.690647,2026-09-13
TL-ORD-81D4CA2CE0,9802.0,sess_f37625b420b94674,2673,0.0,0,2673.0,2,NetBanking,CONFIRMED,Mumbai,468920,2026-09-05 07:32:50.461783,2026-09-05
TL-ORD-D5F0A900CE,7494.0,sess_08b751a5588747f0,5509,826.35,0,4682.65,5,NetBanking,CONFIRMED,Pune,659114,2026-08-21 00:38:59.102389,2026-08-21
TL-ORD-A2D8F84157,,sess_d9919f0933374ced,1603,0.0,0,1603.0,2,NetBanking,CONFIRMED,Bengaluru,220401,2026-08-21 02:40:05.178273,2026-08-21
TL-ORD-DC0A98DD31,6270.0,sess_e3f21ca8a8f241d9,1210,181.5,0,1028.5,2,Card,CONFIRMED,Chennai,173485,2026-08-16 03:19:43.718271,2026-08-16
TL-ORD-9511784D75,9031.0,sess_526b6c3325c24ff5,1450,217.5,0,1232.5,2,Card,CONFIRMED,Hyderabad,444524,2026-09-03 12:22:24.476052,2026-09-03
TL-ORD-D7186BF135,6465.0,sess_c67649c0d16b4d56,3389,0.0,0,3389.0,2,NetBanking,CONFIRMED,Hyderabad,600525,2026-09-06 04:50:43.587036,2026-09-06
TL-ORD-16B68D383D,7023.0,sess_afe81e05430a4a6c,642,96.3,99,644.7,5,UPI,CONFIRMED,Pune,355607,2026-09-02 14:43:21.120588,2026-09-02
TL-ORD-A9E29C2C5A,7816.0,sess_6a2f418c16a44dfb,3499,524.85,0,2974.15,2,COD,CONFIRMED,Mumbai,148284,2026-09-02 08:11:29.662063,2026-09-02
TL-ORD-8F9524E4A2,,sess_8fe4f562e71f49b3,2279,0.0,0,2279.0,4,NetBanking,CONFIRMED,Hyderabad,675513,2026-09-07 16:53:08.834977,2026-09-07
TL-ORD-E2F9BE7A68,,sess_cc835b1cebe9452e,1533,0.0,0,1533.0,2,COD,CONFIRMED,Chennai,433292,2026-09-11 03:23:04.344612,2026-09-11
TL-ORD-A8F89B1733,,sess_f1f3c17de4804818,3621,0.0,0,3621.0,3,Card,CONFIRMED,Delhi NCR,113391,2026-08-18 15:34:56.064866,2026-08-18
TL-ORD-C0ED3CAC2F,7673.0,sess_96a48660122d4abd,2936,0.0,0,2936.0,4,NetBanking,CONFIRMED,Pune,621960,2026-08-29 18:46:15.204282,2026-08-29
TL-ORD-DBAECF1373,8797.0,sess_96fa0b5806a34c2f,3410,0.0,0,3410.0,4,Card,CONFIRMED,Mumbai,182135,2026-08-15 21:48:15.746568,2026-08-15
TL-ORD-A131E500F0,,sess_24027e3f4a7f4719,2437,365.55,0,2071.45,4,NetBanking,CONFIRMED,Mumbai,490979,2026-08-21 07:16:53.398721,2026-08-21
TL-ORD-5AD361ACC7,7831.0,sess_20e2a68c3bed4e10,3712,556.8,0,3155.2,2,COD,CONFIRMED,Chennai,562051,2026-08-31 07:00:25.808791,2026-08-31
TL-ORD-82695049BC,11129.0,sess_39eb19fffc6041ab,1034,0.0,0,1034.0,4,NetBanking,CONFIRMED,Hyderabad,468087,2026-08-23 23:57:46.359766,2026-08-23
TL-ORD-ECD407F9A7,,sess_ce858d2e00bb40fa,1684,252.6,0,1431.4,2,Card,CONFIRMED,Hyderabad,602949,2026-08-31 17:31:25.022194,2026-08-31
TL-ORD-DA033BC7D2,,sess_843f2887d2be4f47,1604,0.0,0,1604.0,3,COD,CONFIRMED,Bengaluru,379055,2026-09-09 02:49:36.168300,2026-09-09
TL-ORD-BED984B974,,sess_dcac2181ee0c4274,1971,295.65,0,1675.35,3,NetBanking,CONFIRMED,Delhi NCR,464176,2026-09-09 17:00:59.744511,2026-09-09
TL-ORD-95F5BC23C9,9323.0,sess_c31f81208a0242d8,3367,0.0,0,3367.0,3,COD,CONFIRMED,Delhi NCR,246994,2026-08-27 20:55:32.981506,2026-08-27
TL-ORD-4C226DCA5F,8408.0,sess_f1da79cd71244cd8,4992,0.0,0,4992.0,2,NetBanking,CONFIRMED,Delhi NCR,186762,2026-08-31 23:53:15.739883,2026-08-31
TL-ORD-0E2474BDD3,6054.0,sess_09867464961549b8,4168,0.0,0,4168.0,3,NetBanking,CONFIRMED,Mumbai,487453,2026-08-18 08:29:01.754495,2026-08-18
TL-ORD-582FAB600E,6775.0,sess_2dc103133f6745d8,3708,0.0,0,3708.0,4,COD,CONFIRMED,Mumbai,368977,2026-09-08 09:46:10.216440,2026-09-08
TL-ORD-F736626135,11949.0,sess_3864b2f8b56a4a45,3537,530.55,0,3006.45,3,Card,CONFIRMED,Pune,177137,2026-08-16 10:59:35.215472,2026-08-16
TL-ORD-CD8DC9B242,7343.0,sess_e1689aad98364097,642,0.0,99,741.0,5,Card,CONFIRMED,Delhi NCR,688669,2026-08-29 08:38:47.841007,2026-08-29
TL-ORD-0017A708B3,9885.0,sess_33dad28a8b9d4bcb,2268,0.0,0,2268.0,3,COD,CONFIRMED,Chennai,279022,2026-08-18 10:47:46.440398,2026-08-18
TL-ORD-B7DE372CEF,8275.0,sess_9694e821b86e4cf8,2437,0.0,0,2437.0,4,NetBanking,CONFIRMED,Pune,128923,2026-08-31 13:25:32.777466,2026-08-31
TL-ORD-5A6720E304,7918.0,sess_6323276dbbdc49a2,859,128.85,99,829.15,2,Card,CONFIRMED,Hyderabad,287433,2026-09-01 00:09:48.326866,2026-09-01
TL-ORD-BA73FCCA51,7873.0,sess_75b97f661d4c4f6b,3708,0.0,0,3708.0,4,Card,CONFIRMED,Chennai,521919,2026-08-23 03:55:34.786732,2026-08-23
TL-ORD-19CFA7C73B,6290.0,sess_57e1ae51c1514bf9,2781,0.0,0,2781.0,2,COD,CONFIRMED,Bengaluru,459991,2026-08-23 00:35:27.802025,2026-08-23
TL-ORD-C621EB48BA,9410.0,sess_3d570ff2e6074b57,4758,713.7,0,4044.3,2,Card,CONFIRMED,Mumbai,284511,2026-08-30 18:59:50.829135,2026-08-30
TL-ORD-4EA9D684C7,11870.0,sess_d055861aa8c74c81,2799,0.0,0,2799.0,2,UPI,CONFIRMED,Bengaluru,512750,2026-08-17 15:42:29.410513,2026-08-17
TL-ORD-8DD4B31C02,11024.0,sess_aea653ebd9374ac0,1928,289.2,0,1638.8,2,COD,CONFIRMED,Pune,521376,2026-08-23 19:38:43.349586,2026-08-23
TL-ORD-9713FC9DF2,11630.0,sess_2f68343625764993,4132,619.8,0,3512.2,2,Card,CONFIRMED,Mumbai,541004,2026-09-02 14:21:26.798120,2026-09-02
TL-ORD-17D5F02D5E,6166.0,sess_8a05f9499ff34ed2,4999,0.0,0,4999.0,3,UPI,CONFIRMED,Mumbai,365817,2026-08-24 17:49:08.347044,2026-08-24
TL-ORD-B30FE8C2B0,7542.0,sess_02198b5dc9984538,1906,0.0,0,1906.0,3,Card,CONFIRMED,Delhi NCR,647582,2026-08-20 10:32:06.120925,2026-08-20
TL-ORD-80B2305A72,9225.0,sess_9d5913602b0e4992,1899,0.0,0,1899.0,2,COD,CONFIRMED,Pune,213518,2026-08-17 21:32:36.988946,2026-08-17
TL-ORD-EDFDF19A5E,6701.0,sess_50196a25b5fe47d8,1103,165.45,0,937.55,2,NetBanking,CONFIRMED,Bengaluru,625777,2026-08-24 04:31:44.518889,2026-08-24
TL-ORD-33AE97C9F0,,sess_3627d2d5db7542df,2388,0.0,0,2388.0,4,Card,CONFIRMED,Mumbai,254173,2026-08-18 22:18:26.363076,2026-08-18
TL-ORD-BB9F7145E8,6125.0,sess_c29dfadd3f3c4888,3531,0.0,0,3531.0,3,UPI,CONFIRMED,Mumbai,621644,2026-08-17 16:04:09.950553,2026-08-17
TL-ORD-D97D25EF2E,9647.0,sess_119248dad23143fe,1899,0.0,0,1899.0,4,NetBanking,CONFIRMED,Chennai,347235,2026-09-07 06:19:26.458110,2026-09-07
TL-ORD-986FC16841,8300.0,sess_3ad04f2e3ae941e8,1199,0.0,0,1199.0,2,UPI,CONFIRMED,Chennai,172700,2026-08-17 20:54:46.474802,2026-08-17
TL-ORD-446447F7F3,,sess_bd9504fe26e540fc,2717,407.55,0,2309.45,3,UPI,CONFIRMED,Hyderabad,191784,2026-08-28 17:52:34.597887,2026-08-28
TL-ORD-A6334D8738,7086.0,sess_c6046950bc104547,1882,282.3,0,1599.7,2,UPI,CONFIRMED,Pune,151274,2026-08-31 00:27:11.183959,2026-08-31
TL-ORD-8F3F3C4E15,6042.0,sess_90e569340319486c,4897,734.55,0,4162.45,3,NetBanking,CONFIRMED,Mumbai,581858,2026-09-11 08:41:31.612949,2026-09-11
TL-ORD-F74C870BFD,10710.0,sess_369dfd75ddf74730,2688,0.0,0,2688.0,2,UPI,CONFIRMED,Pune,218539,2026-08-28 10:41:34.846974,2026-08-28
TL-ORD-4421509B81,8174.0,sess_9029cc487a984774,1684,252.6,0,1431.4,2,NetBanking,CONFIRMED,Delhi NCR,236307,2026-08-28 00:29:21.245078,2026-08-28
TL-ORD-25C4CFB011,11916.0,sess_9696608c5ed44108,3143,471.45,0,2671.55,2,Card,CONFIRMED,Hyderabad,594428,2026-08-28 21:53:47.827454,2026-08-28
TL-ORD-61CB901BFF,11090.0,sess_b322c4dea3ab4db7,999,0.0,0,999.0,2,UPI,CONFIRMED,Delhi NCR,310690,2026-08-23 21:43:50.848412,2026-08-23
TL-ORD-76AD1DB5B2,7435.0,sess_583e64df3a634ef6,1670,0.0,0,1670.0,2,UPI,CONFIRMED,Bengaluru,194889,2026-08-16 03:43:13.999988,2026-08-16
TL-ORD-969F753957,,sess_57a8d5a1979944bd,1567,0.0,0,1567.0,3,NetBanking,CONFIRMED,Pune,606539,2026-09-12 07:33:17.948231,2026-09-12
TL-ORD-63AB4BDC4A,9249.0,sess_bbea248942544a68,1270,0.0,0,1270.0,5,COD,CONFIRMED,Bengaluru,402564,2026-09-01 20:54:33.891651,2026-09-01
TL-ORD-8807C87F5E,10688.0,sess_8d1d503433234688,1044,0.0,0,1044.0,3,Card,CONFIRMED,Mumbai,599038,2026-08-30 20:36:41.052006,2026-08-30
TL-ORD-9F661E9DD9,6012.0,sess_68acad2e0240484f,6999,0.0,0,6999.0,2,Card,CONFIRMED,Delhi NCR,421251,2026-08-17 13:46:21.033323,2026-08-17
TL-ORD-13BFADEC4B,8637.0,sess_f2d4cdb3a97b48cb,4304,0.0,0,4304.0,4,UPI,CONFIRMED,Bengaluru,323976,2026-08-15 21:37:32.170661,2026-08-15
TL-ORD-BE0C224271,10340.0,sess_0e019d9d1b7b4ae5,3777,0.0,0,3777.0,4,COD,CONFIRMED,Mumbai,697150,2026-08-27 12:12:35.179031,2026-08-27
TL-ORD-7CE64E7D36,,sess_44c00b62daf24ead,852,0.0,99,951.0,2,UPI,CONFIRMED,Pune,499613,2026-08-22 09:45:53.120446,2026-08-22
TL-ORD-F0456ACE0C,10594.0,sess_9a0403b389c44f06,1034,0.0,0,1034.0,4,COD,CONFIRMED,Pune,200398,2026-09-03 17:14:30.669467,2026-09-03
TL-ORD-D16E480542,10097.0,sess_8049ec4778554763,1061,0.0,0,1061.0,3,UPI,CONFIRMED,Delhi NCR,482574,2026-08-15 17:21:15.902338,2026-08-15
TL-ORD-1F90EF7052,7661.0,sess_ff31edb93018457f,779,0.0,99,878.0,2,UPI,CONFIRMED,Hyderabad,326034,2026-08-29 11:22:02.605833,2026-08-29
TL-ORD-8DF0C65D10,,sess_1ff4525ba6bd4dbf,2717,0.0,0,2717.0,3,NetBanking,CONFIRMED,Pune,383405,2026-09-10 00:05:52.562878,2026-09-10
TL-ORD-8A829D8E0D,9018.0,sess_14c7f18aad144026,1299,0.0,0,1299.0,3,UPI,CONFIRMED,Mumbai,299808,2026-08-22 09:34:36.681083,2026-08-22
TL-ORD-C9FCE7694E,9741.0,sess_e4dd8656e9e64812,1068,160.2,0,907.8,4,NetBanking,CONFIRMED,Delhi NCR,161121,2026-09-08 08:22:17.131462,2026-09-08
TL-ORD-E8402DB1FD,7160.0,sess_3a97590fd1ed4087,1251,0.0,0,1251.0,3,COD,CONFIRMED,Mumbai,307415,2026-09-06 20:57:39.756711,2026-09-06
TL-ORD-74421DD241,,sess_af54c71d284e414d,1199,179.85,0,1019.15,2,COD,CONFIRMED,Hyderabad,213747,2026-08-17 09:41:04.460583,2026-08-17
TL-ORD-3752264F2F,10289.0,sess_f8898ba22b214162,859,0.0,99,958.0,2,NetBanking,CONFIRMED,Mumbai,489284,2026-08-17 22:35:14.133896,2026-08-17
TL-ORD-E41E25FF79,7638.0,sess_97591d4d1e774f7e,2550,382.5,0,2167.5,2,Card,CONFIRMED,Delhi NCR,636256,2026-08-15 08:45:59.042980,2026-08-15
TL-ORD-8CDEB6C366,11804.0,sess_38cb0be6438846a3,2403,0.0,0,2403.0,2,UPI,CONFIRMED,Bengaluru,178481,2026-09-13 16:27:48.551746,2026-09-13
TL-ORD-4E484DBF97,6267.0,sess_100ab824f73c46b2,5450,0.0,0,5450.0,3,NetBanking,CONFIRMED,Bengaluru,255910,2026-08-30 03:51:33.897160,2026-08-30
TL-ORD-86A2DED577,11167.0,sess_4ba18e12e2914481,3577,536.55,0,3040.45,2,NetBanking,CONFIRMED,Mumbai,630608,2026-08-30 21:15:57.169692,2026-08-30
TL-ORD-24843FAE95,,sess_e332f98b8faa4181,2438,365.7,0,2072.3,3,Card,CONFIRMED,Bengaluru,476534,2026-08-26 18:44:11.601922,2026-08-26
TL-ORD-6C01BD812F,10923.0,sess_6a887125efc442f6,3143,471.45,0,2671.55,2,COD,CONFIRMED,Mumbai,243616,2026-08-28 14:58:51.130610,2026-08-28
TL-ORD-621A231259,,sess_edce27b61651484f,1906,0.0,0,1906.0,3,COD,CONFIRMED,Pune,146329,2026-09-11 01:42:01.749367,2026-09-11
TL-ORD-34E380C6CF,6423.0,sess_0a16b5f88fae4b70,1899,284.85,0,1614.15,2,COD,CONFIRMED,Mumbai,171574,2026-08-20 04:14:02.287180,2026-08-20
TL-ORD-2D2E4E96FD,,sess_553883b45ed346f7,7008,0.0,0,7008.0,3,UPI,CONFIRMED,Delhi NCR,247549,2026-09-12 12:31:04.286780,2026-09-12
TL-ORD-5B5DAE19F8,9588.0,sess_6d0e4056e7604298,829,124.35,99,803.65,6,COD,CONFIRMED,Hyderabad,641339,2026-08-29 05:35:14.391092,2026-08-29
TL-ORD-E8BC633F94,9977.0,sess_5f135a8f88494681,1882,0.0,0,1882.0,2,Card,CONFIRMED,Delhi NCR,460912,2026-09-02 00:59:44.396741,2026-09-02
TL-ORD-C3EC35CA31,8141.0,sess_7705997d56764794,5596,839.4,0,4756.6,2,UPI,CONFIRMED,Delhi NCR,158565,2026-08-26 15:04:17.252073,2026-08-26
TL-ORD-7E6B038D34,,sess_73e5ae5fc42b47df,2435,365.25,0,2069.75,2,Card,CONFIRMED,Chennai,644539,2026-08-23 21:02:43.639437,2026-08-23
TL-ORD-A87E9E1F87,10093.0,sess_6c5f2bac24754b9a,3899,584.85,0,3314.15,2,Card,CONFIRMED,Mumbai,463303,2026-09-02 00:14:28.207172,2026-09-02
TL-ORD-6EE0B5BA39,6213.0,sess_37e63abc3d574678,4304,645.6,0,3658.4,4,NetBanking,CONFIRMED,Bengaluru,496948,2026-09-06 23:13:21.772027,2026-09-06
TL-ORD-F7C5B65392,9034.0,sess_8ea4c5b942b04246,1670,0.0,0,1670.0,2,Card,CONFIRMED,Bengaluru,444774,2026-09-04 05:36:57.768691,2026-09-04
TL-ORD-552710E671,9136.0,sess_1197c1a7841c4381,4237,635.55,0,3601.45,4,COD,CONFIRMED,Pune,572113,2026-09-05 05:38:49.969209,2026-09-05
TL-ORD-CBEEE9FF3C,11298.0,sess_ef97f983413f4ca0,1210,0.0,0,1210.0,2,NetBanking,CONFIRMED,Hyderabad,597008,2026-09-01 01:29:46.803254,2026-09-01
TL-ORD-308FEE544A,6873.0,sess_d9edbecf0023424d,3559,0.0,0,3559.0,2,NetBanking,CONFIRMED,Pune,684747,2026-09-05 19:15:48.154073,2026-09-05
TL-ORD-4F67F8809B,,sess_bbd8e3cbd6bd4f01,3499,524.85,0,2974.15,3,NetBanking,CONFIRMED,Mumbai,644672,2026-09-06 15:53:43.477258,2026-09-06
TL-ORD-795F503B99,9236.0,sess_e6ef892f2ff240f6,1739,0.0,0,1739.0,5,COD,CONFIRMED,Bengaluru,460785,2026-08-19 13:26:34.461582,2026-08-19
TL-ORD-9E5C03DD90,9603.0,sess_a7fbfe01d2b24187,3670,550.5,0,3119.5,3,Card,CONFIRMED,Pune,512441,2026-09-09 17:51:37.021900,2026-09-09
TL-ORD-19DA0B4C5A,8607.0,sess_e517ec1e82ee41d4,2388,0.0,0,2388.0,4,NetBanking,CONFIRMED,Chennai,360512,2026-09-10 13:25:25.331688,2026-09-10
TL-ORD-2A0E5CA1C9,8033.0,sess_199bc4f7c0e649c5,3499,524.85,0,2974.15,2,UPI,CONFIRMED,Hyderabad,517522,2026-09-13 13:17:39.466220,2026-09-13
TL-ORD-075B0C7454,6009.0,sess_0e63bb7cab1142ed,2450,367.5,0,2082.5,3,Card,CONFIRMED,Chennai,273111,2026-09-08 00:46:20.731215,2026-09-08
TL-ORD-61F0263193,11163.0,sess_a26577ede6814561,7008,1051.2,0,5956.8,3,NetBanking,CONFIRMED,Mumbai,570444,2026-08-26 14:18:46.908413,2026-08-26
TL-ORD-426F03742C,10287.0,sess_d7f21798baf0476b,2999,0.0,0,2999.0,3,UPI,CONFIRMED,Delhi NCR,436636,2026-09-02 16:29:34.585139,2026-09-02
TL-ORD-69464991D6,9099.0,sess_ce3299c497e54dbd,2637,0.0,0,2637.0,3,Card,CONFIRMED,Chennai,353243,2026-08-16 04:54:16.551427,2026-08-16
TL-ORD-26F151E367,7915.0,sess_99564d16a1634d96,6999,0.0,0,6999.0,2,Card,CONFIRMED,Delhi NCR,117407,2026-08-17 10:59:34.198408,2026-08-17
TL-ORD-28B9A040EA,6350.0,sess_a882f7b70c8e404b,2640,0.0,0,2640.0,3,Card,CONFIRMED,Hyderabad,534935,2026-08-22 08:57:13.064076,2026-08-22
TL-ORD-DCBCFA9FE4,6720.0,sess_817d466223124592,3090,0.0,0,3090.0,2,NetBanking,CONFIRMED,Delhi NCR,173029,2026-08-27 09:33:48.105435,2026-08-27
TL-ORD-470CB63C91,,sess_7bdcc5143d3e4fdb,1308,196.2,0,1111.8,3,NetBanking,CONFIRMED,Mumbai,686090,2026-09-10 01:14:45.436640,2026-09-10
TL-ORD-DA446E91CE,7132.0,sess_48a930843b1444f9,5596,0.0,0,5596.0,2,Card,CONFIRMED,Hyderabad,113677,2026-08-15 13:07:03.959689,2026-08-15
TL-ORD-8ABBE0B513,7628.0,sess_8702f5210a5e4cb1,5421,813.15,0,4607.85,4,Card,CONFIRMED,Chennai,397091,2026-09-02 10:50:20.929348,2026-09-02
TL-ORD-8764AA6D50,10644.0,sess_a67b62c589cf4871,1728,259.2,0,1468.8,2,COD,CONFIRMED,Hyderabad,182207,2026-08-16 05:14:49.652084,2026-08-16
TL-ORD-42B2953657,,sess_cb7a99e6ec784f80,2999,0.0,0,2999.0,3,UPI,CONFIRMED,Pune,248023,2026-08-21 02:15:01.834993,2026-08-21
TL-ORD-4CCF86A49E,9554.0,sess_d2b059e924234584,2511,376.65,0,2134.35,2,COD,CONFIRMED,Mumbai,176027,2026-09-01 03:33:31.352225,2026-09-01
TL-ORD-14C48D0650,8991.0,sess_0c83d1746ea14193,999,0.0,0,999.0,6,UPI,CONFIRMED,Hyderabad,224374,2026-08-19 04:08:52.443945,2026-08-19
TL-ORD-891AACF1ED,8997.0,sess_ac6b2b8e10234e05,3899,0.0,0,3899.0,2,NetBanking,CONFIRMED,Delhi NCR,238727,2026-09-04 02:30:54.936552,2026-09-04
TL-ORD-4D5D2FEA5D,,sess_2de47011e405413b,6999,0.0,0,6999.0,2,UPI,CONFIRMED,Delhi NCR,548911,2026-08-23 05:35:44.406750,2026-08-23
TL-ORD-30E9E431A8,6226.0,sess_5dc7bf15ee1a4beb,3090,0.0,0,3090.0,2,UPI,CONFIRMED,Bengaluru,557600,2026-09-06 16:35:25.616247,2026-09-06
TL-ORD-C6DF334E90,,sess_d8864ef6160d404f,859,128.85,99,829.15,2,Card,CONFIRMED,Chennai,415190,2026-09-03 01:54:57.731390,2026-09-03
TL-ORD-6BCF256C9C,9267.0,sess_c79ef67990c7495c,1230,184.5,0,1045.5,4,NetBanking,CONFIRMED,Pune,537686,2026-08-18 08:58:23.556646,2026-08-18
TL-ORD-3CDADA0341,8585.0,sess_1e41d03ca6db405b,3879,0.0,0,3879.0,5,UPI,CONFIRMED,Chennai,501905,2026-08-27 22:07:52.850243,2026-08-27
TL-ORD-3C4757D1F0,9263.0,sess_fe99ba986ad341fb,1772,265.8,0,1506.2,6,NetBanking,CONFIRMED,Pune,400843,2026-09-01 11:25:55.899799,2026-09-01
TL-ORD-022A7EF642,10867.0,sess_4641645fdc394170,2199,329.85,0,1869.15,4,COD,CONFIRMED,Chennai,438995,2026-09-09 06:37:05.961008,2026-09-09
TL-ORD-734C26A48F,,sess_31c04b31ac7144ba,1044,0.0,0,1044.0,3,NetBanking,CONFIRMED,Mumbai,263621,2026-09-07 13:47:53.725887,2026-09-07
TL-ORD-EBE3D5B13C,9287.0,sess_c4477bff60c04912,4999,749.85,0,4249.15,3,NetBanking,CONFIRMED,Delhi NCR,365849,2026-09-04 01:08:35.093140,2026-09-04
TL-ORD-9DF0CE38C2,7414.0,sess_940e8154c82a49bf,1034,0.0,0,1034.0,4,NetBanking,CONFIRMED,Pune,558980,2026-08-24 07:41:33.589851,2026-08-24
TL-ORD-A923530150,,sess_6d82841ca4794824,4596,689.4,0,3906.6,3,NetBanking,CONFIRMED,Hyderabad,466892,2026-08-15 01:51:04.985719,2026-08-15
TL-ORD-025CF0F9A7,,sess_e041718c6917450c,5509,826.35,0,4682.65,5,UPI,CONFIRMED,Hyderabad,387528,2026-09-12 20:22:12.264243,2026-09-12
TL-ORD-F5981CF5A8,10053.0,sess_cc1be82cb2c74a36,4999,749.85,0,4249.15,3,Card,CONFIRMED,Mumbai,583748,2026-08-22 14:34:24.210235,2026-08-22
TL-ORD-0F7E197DE6,9428.0,sess_7588caf19b1e49c9,3499,0.0,0,3499.0,3,Card,CONFIRMED,Delhi NCR,665147,2026-08-19 16:09:53.025366,2026-08-19
TL-ORD-BC7EE9F0D2,,sess_1346c7cd7c724af7,3389,0.0,0,3389.0,2,UPI,CONFIRMED,Delhi NCR,222655,2026-08-22 15:33:27.503471,2026-08-22
TL-ORD-68113DC79D,,sess_68dca0cb02bc43a6,1664,0.0,0,1664.0,3,Card,CONFIRMED,Mumbai,195235,2026-08-23 12:28:11.981538,2026-08-23
TL-ORD-D957DA0340,6399.0,sess_6a670faae0e2490b,1971,0.0,0,1971.0,3,COD,CONFIRMED,Delhi NCR,696182,2026-09-07 13:16:26.931778,2026-09-07
TL-ORD-4BB5455524,6271.0,sess_20756cf48e244a14,3008,451.2,0,2556.8,3,NetBanking,CONFIRMED,Delhi NCR,686927,2026-08-23 16:43:37.322947,2026-08-23
TL-ORD-61D7B3029C,6379.0,sess_ae438c18507f4c88,6999,1049.85,0,5949.15,2,Card,CONFIRMED,Pune,229791,2026-08-26 17:56:45.558730,2026-08-26
TL-ORD-671BA8259A,9396.0,sess_803a72e1a47740ac,1044,0.0,0,1044.0,3,COD,CONFIRMED,Mumbai,684120,2026-09-05 07:45:09.370492,2026-09-05
TL-ORD-33E3258AE9,10121.0,sess_8f8da916b1824d88,1542,0.0,0,1542.0,5,NetBanking,CONFIRMED,Pune,180962,2026-09-04 11:05:57.168438,2026-09-04
TL-ORD-B62D9388B9,6872.0,sess_3b29db7e91d04d4a,1263,0.0,0,1263.0,5,NetBanking,CONFIRMED,Bengaluru,337706,2026-08-20 17:39:03.582277,2026-08-20
TL-ORD-93A5FAD50E,8774.0,sess_086f493b375b4c2b,3621,543.15,0,3077.85,3,UPI,CONFIRMED,Hyderabad,555486,2026-08-28 10:57:36.441976,2026-08-28
TL-ORD-D9E1181272,7775.0,sess_d518bcf94f0a48e0,984,147.6,99,935.4,5,NetBanking,CONFIRMED,Delhi NCR,607842,2026-09-07 22:41:10.241566,2026-09-07
TL-ORD-095372E2D2,9975.0,sess_20c48ed280254bd7,2999,0.0,0,2999.0,3,COD,CONFIRMED,Hyderabad,239853,2026-08-30 02:47:26.987414,2026-08-30
TL-ORD-15D1EA229C,8293.0,sess_b09523f608244623,2673,0.0,0,2673.0,2,UPI,CONFIRMED,Hyderabad,213267,2026-08-23 21:59:40.705365,2026-08-23
TL-ORD-AE58760375,8487.0,sess_7fc8ee78bf5c4df7,1847,0.0,0,1847.0,3,Card,CONFIRMED,Chennai,693038,2026-08-22 11:47:12.301480,2026-08-22
TL-ORD-61B19BA6A9,,sess_d2345ad02a504984,1994,0.0,0,1994.0,2,NetBanking,CONFIRMED,Pune,433958,2026-09-08 10:57:16.019656,2026-09-08
TL-ORD-2CB9713135,11443.0,sess_9055d689fb6c4d5a,5509,0.0,0,5509.0,5,Card,CONFIRMED,Hyderabad,474102,2026-08-29 01:45:30.590644,2026-08-29
TL-ORD-AB0A53D7EA,7277.0,sess_4988ee03d1304b0a,999,149.85,0,849.15,2,UPI,CONFIRMED,Mumbai,584493,2026-08-21 04:49:37.568237,2026-08-21
TL-ORD-163F830995,9447.0,sess_7619ed2aaf164a04,2435,0.0,0,2435.0,2,UPI,CONFIRMED,Chennai,585102,2026-08-28 04:56:33.220563,2026-08-28
TL-ORD-54E7FB626F,7392.0,sess_dacbcc636fd6422f,2029,0.0,0,2029.0,5,NetBanking,CONFIRMED,Bengaluru,190623,2026-08-26 09:47:54.604181,2026-08-26
TL-ORD-B1294C5335,,sess_a228db1492684261,2108,0.0,0,2108.0,6,NetBanking,CONFIRMED,Pune,237354,2026-09-05 20:58:20.473235,2026-09-05
TL-ORD-74C263C81C,11286.0,sess_6da8a7775b544467,2206,330.9,0,1875.1,3,Card,CONFIRMED,Hyderabad,313024,2026-08-15 02:59:28.633366,2026-08-15
TL-ORD-FD63A2CEE4,6646.0,sess_c00621f47a074ff1,5070,760.5,0,4309.5,5,COD,CONFIRMED,Delhi NCR,552377,2026-09-03 00:43:02.025493,2026-09-03
TL-ORD-671B0D0F04,,sess_b9d60eba0a3b49ca,3367,0.0,0,3367.0,3,NetBanking,CONFIRMED,Bengaluru,213726,2026-08-30 05:08:09.208516,2026-08-30
TL-ORD-1D7F48EE92,10050.0,sess_534166cc69234d74,3143,471.45,0,2671.55,2,UPI,CONFIRMED,Mumbai,226213,2026-09-08 11:49:03.872351,2026-09-08
TL-ORD-7B3488BECE,8906.0,sess_b740d6658f3d42ea,1179,176.85,0,1002.15,2,Card,CONFIRMED,Delhi NCR,680780,2026-09-01 14:56:48.053618,2026-09-01
TL-ORD-9EFD9E76AC,,sess_6103ced391fb4861,3582,537.3,0,3044.7,4,Card,CONFIRMED,Mumbai,222059,2026-08-20 04:45:08.935758,2026-08-20
TL-ORD-22F8939418,11732.0,sess_1e4e5aee6d5b4e07,1847,277.05,0,1569.95,3,COD,CONFIRMED,Bengaluru,565174,2026-09-03 13:43:10.143479,2026-09-03
TL-ORD-91E67A4C1C,,sess_b3f969236b014343,1308,0.0,0,1308.0,3,COD,CONFIRMED,Mumbai,173778,2026-09-02 08:04:31.680431,2026-09-02
TL-ORD-7B0B62B982,10250.0,sess_7e09dd8bdbc94305,1994,0.0,0,1994.0,2,NetBanking,CONFIRMED,Mumbai,638501,2026-08-18 10:30:16.561628,2026-08-18
TL-ORD-8EF0C9AD8B,10646.0,sess_c0e8ca91f7e045af,3499,0.0,0,3499.0,3,NetBanking,CONFIRMED,Bengaluru,363493,2026-09-11 17:22:16.797766,2026-09-11
TL-ORD-AEDBDE0541,8164.0,sess_b2e73364ae314ad6,779,0.0,99,878.0,2,NetBanking,CONFIRMED,Pune,197242,2026-09-04 05:45:23.729053,2026-09-04
TL-ORD-E0E1156970,9332.0,sess_7c72cb6842cf4fba,4700,705.0,0,3995.0,3,COD,CONFIRMED,Hyderabad,496249,2026-08-26 03:46:56.351746,2026-08-26
TL-ORD-5378560CBB,7986.0,sess_80409bcc79a64b94,1500,0.0,0,1500.0,3,UPI,CONFIRMED,Chennai,504006,2026-09-08 00:15:17.398012,2026-09-08
TL-ORD-813BE44ECC,10037.0,sess_8aeb3634815f4215,2334,350.1,0,1983.9,5,COD,CONFIRMED,Chennai,243335,2026-09-11 02:51:58.139222,2026-09-11
TL-ORD-D9C92BF6BA,,sess_9247d703351e4112,2622,393.3,0,2228.7,3,Card,CONFIRMED,Bengaluru,182039,2026-09-08 05:34:37.535762,2026-09-08
TL-ORD-2D19CDA116,,sess_ee6c52d4efba47db,3233,0.0,0,3233.0,3,Card,CONFIRMED,Mumbai,241238,2026-08-21 02:36:46.018370,2026-08-21
TL-ORD-2211F864C9,10784.0,sess_2158399709a04f91,642,0.0,99,741.0,5,Card,CONFIRMED,Chennai,564735,2026-08-29 11:52:57.962961,2026-08-29
TL-ORD-CC11586B13,,sess_54e0019a1b4e4cfd,779,116.85,99,761.15,2,Card,CONFIRMED,Delhi NCR,323736,2026-08-29 08:20:33.120605,2026-08-29
TL-ORD-229234C357,10112.0,sess_913e985899594947,2769,415.35,0,2353.65,2,NetBanking,CONFIRMED,Hyderabad,237405,2026-08-30 07:43:25.979524,2026-08-30
TL-ORD-72123A2964,,sess_88fb2af1303842dd,2116,0.0,0,2116.0,2,COD,CONFIRMED,Chennai,698830,2026-08-28 00:41:43.426060,2026-08-28
TL-ORD-DB9FCC437F,,sess_61fd5ab1cfaa409c,3294,0.0,0,3294.0,4,COD,CONFIRMED,Hyderabad,480996,2026-08-27 06:37:56.086031,2026-08-27
TL-ORD-C13DBD7945,8802.0,sess_cbd15d6f450c4b74,1829,0.0,0,1829.0,2,COD,CONFIRMED,Chennai,416432,2026-08-17 03:57:56.155914,2026-08-17
TL-ORD-726B1066C3,11896.0,sess_27b5d5e2375c428c,1034,0.0,0,1034.0,4,Card,CONFIRMED,Chennai,257883,2026-08-16 13:58:49.014333,2026-08-16
TL-ORD-1689ACF7C2,10474.0,sess_c1de927c23f54253,751,0.0,99,850.0,4,Card,CONFIRMED,Hyderabad,130144,2026-08-15 04:20:32.082458,2026-08-15
TL-ORD-FC2E9C3DD5,,sess_9aeed3c5543a48c7,2499,0.0,0,2499.0,3,UPI,CONFIRMED,Mumbai,460924,2026-09-05 15:02:46.330128,2026-09-05
TL-ORD-BC04A4571E,7714.0,sess_64839d5cd7da48ec,2029,0.0,0,2029.0,5,NetBanking,CONFIRMED,Pune,260480,2026-08-20 20:52:26.921394,2026-08-20
TL-ORD-F4D9A1FAF5,11196.0,sess_d80f03892a784a44,3008,451.2,0,2556.8,3,UPI,CONFIRMED,Bengaluru,436911,2026-09-02 11:28:04.357806,2026-09-02
TL-ORD-9987E037C2,,sess_1b3ae11584a04e4d,4299,0.0,0,4299.0,2,UPI,CONFIRMED,Bengaluru,320253,2026-08-22 17:26:35.415993,2026-08-22
TL-ORD-BBAAB22B85,6778.0,sess_9a7296aa79c246cd,2799,0.0,0,2799.0,5,NetBanking,CONFIRMED,Pune,471234,2026-09-01 12:35:01.843097,2026-09-01
TL-ORD-02555C8C69,9531.0,sess_a98c643284e5489f,1847,277.05,0,1569.95,3,Card,CONFIRMED,Bengaluru,509591,2026-09-02 17:55:49.039649,2026-09-02
TL-ORD-AC5AA27566,6868.0,sess_793894da9d8a4ace,3879,0.0,0,3879.0,5,NetBanking,CONFIRMED,Mumbai,355073,2026-08-16 22:01:13.555222,2026-08-16
TL-ORD-B39F79D669,11713.0,sess_98beba45b2d4466f,2116,317.4,0,1798.6,2,Card,CONFIRMED,Bengaluru,181849,2026-08-29 09:26:06.324362,2026-08-29
TL-ORD-DB27745958,11381.0,sess_8a59e8a1bc8f42fd,1772,265.8,0,1506.2,6,NetBanking,CONFIRMED,Mumbai,421065,2026-08-30 22:57:09.563836,2026-08-30
TL-ORD-592AE0B539,,sess_2e65c41edc524a42,2388,0.0,0,2388.0,4,Card,CONFIRMED,Chennai,412603,2026-08-16 21:38:46.740350,2026-08-16
TL-ORD-06A1E06FEB,8058.0,sess_eca61c62dfc04953,2717,0.0,0,2717.0,3,UPI,CONFIRMED,Bengaluru,172981,2026-08-17 10:40:18.934294,2026-08-17
TL-ORD-8D5C5D21E5,7335.0,sess_d86ee3ab63a94d61,3499,0.0,0,3499.0,3,NetBanking,CONFIRMED,Hyderabad,129493,2026-08-31 04:27:32.146599,2026-08-31
TL-ORD-ABB222B2C3,11307.0,sess_6daf75e9fbef49e0,2773,415.95,0,2357.05,2,Card,CONFIRMED,Pune,386950,2026-08-17 00:32:44.203763,2026-08-17
TL-ORD-09268E2239,9024.0,sess_e892361ccd07457b,3674,0.0,0,3674.0,5,Card,CONFIRMED,Delhi NCR,564288,2026-09-04 02:09:03.975034,2026-09-04
TL-ORD-DA162B328F,8901.0,sess_a8a0e064bd944e92,4030,604.5,0,3425.5,4,UPI,CONFIRMED,Chennai,562213,2026-09-11 10:38:02.158880,2026-09-11
TL-ORD-378FA1BC58,10369.0,sess_6937837048214306,4869,730.35,0,4138.65,3,Card,CONFIRMED,Mumbai,429542,2026-09-13 10:02:46.614750,2026-09-13
TL-ORD-A24D417ECB,9848.0,sess_89b3cf7448904969,1914,0.0,0,1914.0,3,Card,CONFIRMED,Pune,328890,2026-09-01 12:23:39.714132,2026-09-01
TL-ORD-6FF7D08CCC,,sess_e608b3716fff4bd8,6999,1049.85,0,5949.15,2,COD,CONFIRMED,Delhi NCR,378285,2026-09-10 03:10:56.315922,2026-09-10
TL-ORD-7592ECB781,,sess_f1c2bd5bc2274110,2773,0.0,0,2773.0,2,COD,CONFIRMED,Mumbai,257216,2026-09-02 05:06:05.508925,2026-09-02
TL-ORD-D62690E011,,sess_cc86261171c14303,4299,0.0,0,4299.0,2,COD,CONFIRMED,Pune,675099,2026-09-13 18:27:41.031404,2026-09-13
TL-ORD-BBE52FC864,8926.0,sess_978da9b800dd4346,2773,415.95,0,2357.05,2,UPI,CONFIRMED,Delhi NCR,305352,2026-08-30 17:56:44.400138,2026-08-30
TL-ORD-7144922AF6,8043.0,sess_18ef16c65dad4271,2688,403.2,0,2284.8,2,NetBanking,CONFIRMED,Delhi NCR,248142,2026-09-03 05:18:42.673990,2026-09-03
TL-ORD-5EF3DDF972,9906.0,sess_92b4db39909143f6,1906,0.0,0,1906.0,3,COD,CONFIRMED,Bengaluru,692827,2026-08-26 22:32:41.528972,2026-08-26
TL-ORD-EB2B156E06,11867.0,sess_b92cecc8e1ec4b58,4499,674.85,0,3824.15,2,COD,CONFIRMED,Delhi NCR,324988,2026-08-30 13:52:21.911347,2026-08-30
TL-ORD-4612846E55,11389.0,sess_fc4566bb015c45fd,2853,0.0,0,2853.0,4,NetBanking,CONFIRMED,Chennai,278236,2026-08-31 22:33:50.028648,2026-08-31
TL-ORD-7F021B53BA,9027.0,sess_ce061025e00c4fcb,5450,0.0,0,5450.0,3,UPI,CONFIRMED,Bengaluru,660966,2026-09-11 20:05:31.439595,2026-09-11
TL-ORD-35DCFDFA95,11428.0,sess_e7611d695ad7448a,3481,522.15,0,2958.85,5,COD,CONFIRMED,Delhi NCR,457794,2026-08-21 21:23:44.519827,2026-08-21
TL-ORD-71FDD9BF01,8010.0,sess_9ac4636e7418472a,1230,0.0,0,1230.0,4,Card,CONFIRMED,Pune,172488,2026-08-27 14:21:48.758480,2026-08-27
TL-ORD-B1949E1708,6799.0,sess_472da1e9f94d43de,4132,619.8,0,3512.2,2,NetBanking,CONFIRMED,Pune,604997,2026-09-08 08:31:58.215926,2026-09-08
TL-ORD-938DD39CAE,6772.0,sess_263e034963814bd4,1994,0.0,0,1994.0,2,COD,CONFIRMED,Delhi NCR,387341,2026-09-08 02:17:35.681619,2026-09-08
TL-ORD-33149BA770,6186.0,sess_ac0d0ff141b94fee,1170,0.0,0,1170.0,5,UPI,CONFIRMED,Bengaluru,452182,2026-08-15 04:24:47.438202,2026-08-15
TL-ORD-9255E56D38,10669.0,sess_ba7b272f169743d6,4723,0.0,0,4723.0,4,Card,CONFIRMED,Hyderabad,408338,2026-08-17 07:31:18.311805,2026-08-17
TL-ORD-4D8D2FB6C0,7355.0,sess_51ea9499b5794224,1604,240.6,0,1363.4,3,Card,CONFIRMED,Pune,155852,2026-08-18 19:52:45.177100,2026-08-18
TL-ORD-B91D15846B,10126.0,sess_9aa5e56a8b834b44,577,0.0,99,676.0,2,COD,CONFIRMED,Pune,627795,2026-08-22 08:52:35.506862,2026-08-22
TL-ORD-B607DD01F1,,sess_734bdbef14ce4dcb,642,96.3,99,644.7,5,Card,CONFIRMED,Bengaluru,632096,2026-09-01 09:51:45.103034,2026-09-01
TL-ORD-543BD1A5D3,8146.0,sess_54a1c6e53f314ced,2781,0.0,0,2781.0,2,UPI,CONFIRMED,Bengaluru,657630,2026-08-20 08:17:40.881020,2026-08-20
TL-ORD-40F89E4BE0,6942.0,sess_070ff89bc0de4068,1604,0.0,0,1604.0,3,UPI,CONFIRMED,Pune,438656,2026-08-21 03:08:41.926709,2026-08-21
TL-ORD-EE7CD56123,10352.0,sess_5d2189e9fc2c4c9c,3938,0.0,0,3938.0,3,COD,CONFIRMED,Hyderabad,614598,2026-09-08 13:06:17.631519,2026-09-08
TL-ORD-A8B4AC8E4F,11825.0,sess_a639217a1a294b05,1044,0.0,0,1044.0,3,NetBanking,CONFIRMED,Delhi NCR,340022,2026-09-08 17:38:29.233916,2026-09-08
TL-ORD-6A36C64192,7873.0,sess_c2451a87d7f34d4e,1061,0.0,0,1061.0,3,COD,CONFIRMED,Chennai,196044,2026-08-23 07:30:53.960389,2026-08-23
TL-ORD-5D860653A6,6261.0,sess_2486b05443b747fa,3708,0.0,0,3708.0,4,NetBanking,CONFIRMED,Pune,187922,2026-08-18 15:36:00.372577,2026-08-18
TL-ORD-6DF88E50F1,,sess_2d6ff1e9638f454e,4499,0.0,0,4499.0,2,UPI,CONFIRMED,Pune,347504,2026-08-26 18:10:18.739661,2026-08-26
TL-ORD-136644B2CE,,sess_0f4a359f70b04267,1724,0.0,0,1724.0,4,COD,CONFIRMED,Delhi NCR,371781,2026-08-16 13:39:59.605305,2026-08-16
TL-ORD-8B8E4890F0,10330.0,sess_719a847b0e114bd1,3670,0.0,0,3670.0,3,NetBanking,CONFIRMED,Delhi NCR,315910,2026-09-06 09:11:00.222890,2026-09-06
TL-ORD-7259037521,9629.0,sess_0713d5c7c9474fce,6188,0.0,0,6188.0,2,NetBanking,CONFIRMED,Mumbai,408260,2026-08-28 06:28:13.629363,2026-08-28
TL-ORD-F143DC7BDF,,sess_b94dbc890ddb4c48,956,0.0,99,1055.0,4,UPI,CONFIRMED,Pune,329281,2026-08-25 20:35:54.666882,2026-08-25
TL-ORD-2E48369F9D,9702.0,sess_1aba46dfba824530,1899,284.85,0,1614.15,4,UPI,CONFIRMED,Mumbai,634327,2026-08-24 20:46:13.134793,2026-08-24
TL-ORD-3A7766BB8C,7426.0,sess_8b52710eef0b45af,2199,329.85,0,1869.15,4,Card,CONFIRMED,Chennai,378468,2026-09-06 12:22:59.417821,2026-09-06
TL-ORD-C4C34F692B,6833.0,sess_0677b90b70d94681,1270,0.0,0,1270.0,5,COD,CONFIRMED,Pune,652573,2026-09-13 10:51:36.674446,2026-09-13
TL-ORD-486C6DB92D,6859.0,sess_4b52be1da36741e6,3041,0.0,0,3041.0,4,UPI,CONFIRMED,Chennai,511656,2026-08-30 00:23:26.789211,2026-08-30
TL-ORD-E32D767E47,,sess_56003fbf02e04904,802,120.3,99,780.7,2,COD,CONFIRMED,Mumbai,677786,2026-08-22 20:17:06.584396,2026-08-22
TL-ORD-83E3757F05,11724.0,sess_9bb06a34637447ed,4304,0.0,0,4304.0,4,COD,CONFIRMED,Bengaluru,478756,2026-09-06 19:33:59.929418,2026-09-06
TL-ORD-19D0DA5F29,6048.0,sess_a5c15c426f9d4a2c,2773,415.95,0,2357.05,2,COD,CONFIRMED,Hyderabad,682137,2026-08-23 22:22:42.754628,2026-08-23
TL-ORD-E4F6EB0844,10090.0,sess_73346821d1ad4a27,1739,0.0,0,1739.0,5,UPI,CONFIRMED,Chennai,587661,2026-08-29 05:05:15.807894,2026-08-29
TL-ORD-A51642ED87,10460.0,sess_cfbcd414820c4e6f,3748,562.2,0,3185.8,2,UPI,CONFIRMED,Chennai,326318,2026-08-22 02:41:00.148979,2026-08-22
TL-ORD-4893AD05C6,9723.0,sess_8e3cee1c92ed437a,3708,0.0,0,3708.0,4,COD,CONFIRMED,Mumbai,585880,2026-08-31 16:04:23.207925,2026-08-31
TL-ORD-ABE2098720,11089.0,sess_c0abfbf28cc74d99,4999,749.85,0,4249.15,3,Card,CONFIRMED,Bengaluru,593796,2026-08-16 11:14:14.864937,2026-08-16
TL-ORD-EACFA29DFF,10660.0,sess_6f68f26fdae243af,2116,317.4,0,1798.6,2,Card,CONFIRMED,Bengaluru,158940,2026-08-28 18:15:05.312242,2026-08-28
TL-ORD-C12CAB34E8,7505.0,sess_d98519dc9ab141bc,2773,0.0,0,2773.0,2,NetBanking,CONFIRMED,Delhi NCR,112904,2026-08-28 13:59:35.468410,2026-08-28
TL-ORD-F3F6023841,,sess_b86c48005bb5428c,2388,0.0,0,2388.0,4,COD,CONFIRMED,Pune,534037,2026-08-27 14:52:26.621557,2026-08-27
TL-ORD-7AC5AAC7A0,8838.0,sess_9bd0c12f87ba4202,1971,0.0,0,1971.0,3,NetBanking,CONFIRMED,Mumbai,327915,2026-08-29 01:44:49.296321,2026-08-29
TL-ORD-FEC2257A9F,,sess_2d8d822c5e63459b,1103,0.0,0,1103.0,5,NetBanking,CONFIRMED,Pune,539650,2026-09-13 05:27:15.233484,2026-09-13
TL-ORD-7F3B36B708,11948.0,sess_5ebac4c1491d47e2,1068,0.0,0,1068.0,4,COD,CONFIRMED,Bengaluru,352277,2026-09-10 08:21:08.861988,2026-09-10
TL-ORD-5595C3DCC5,,sess_d5f728be561a4d79,2773,415.95,0,2357.05,2,Card,CONFIRMED,Mumbai,379131,2026-09-12 22:12:46.899916,2026-09-12
TL-ORD-D4B383487F,,sess_4d121bff154e4a14,1670,0.0,0,1670.0,2,UPI,CONFIRMED,Bengaluru,251331,2026-08-18 15:01:57.114707,2026-08-18
TL-ORD-E9FBAA2D8B,9967.0,sess_099ec83fb25548ab,2617,0.0,0,2617.0,4,Card,CONFIRMED,Hyderabad,114668,2026-08-28 14:24:26.360588,2026-08-28
TL-ORD-A5F44C073A,10135.0,sess_bc12e222b2884be6,3499,524.85,0,2974.15,3,COD,CONFIRMED,Chennai,350446,2026-08-25 23:15:50.105546,2026-08-25
TL-ORD-EB7234F482,8727.0,sess_f9dac3f7cce14c7d,3233,484.95,0,2748.05,3,UPI,CONFIRMED,Bengaluru,207947,2026-09-04 16:48:05.168959,2026-09-04
TL-ORD-25F440FB8C,,sess_59cce8f318dc4f8a,3421,0.0,0,3421.0,6,COD,CONFIRMED,Delhi NCR,224939,2026-09-13 05:39:17.777077,2026-09-13
TL-ORD-873F762C0A,,sess_486f991797b1414f,1668,0.0,0,1668.0,3,NetBanking,CONFIRMED,Chennai,437715,2026-08-23 06:22:51.017478,2026-08-23
TL-ORD-2241C4450B,6184.0,sess_5938f3f42276447f,3008,0.0,0,3008.0,3,COD,CONFIRMED,Pune,632356,2026-09-13 16:04:55.973128,2026-09-13
TL-ORD-E67BBCB7FB,9179.0,sess_c00daffe882e4d15,6999,1049.85,0,5949.15,2,COD,CONFIRMED,Pune,412879,2026-08-29 16:09:13.165478,2026-08-29
TL-ORD-AFACCFF401,10887.0,sess_5a6c4aa48c7747bc,4237,0.0,0,4237.0,4,NetBanking,CONFIRMED,Chennai,460977,2026-08-21 18:52:15.227546,2026-08-21
TL-ORD-C60D6472A9,6683.0,sess_7d5c9cfde67d453c,1034,0.0,0,1034.0,4,Card,CONFIRMED,Hyderabad,336052,2026-08-20 09:54:10.890458,2026-08-20
TL-ORD-01EC689F07,11879.0,sess_9bfaed5ee9324d18,4499,0.0,0,4499.0,2,NetBanking,CONFIRMED,Mumbai,677756,2026-09-10 17:24:06.355984,2026-09-10
TL-ORD-CBDACAE56A,6516.0,sess_f375ad05cb9046c9,1103,0.0,0,1103.0,5,NetBanking,CONFIRMED,Pune,209642,2026-08-16 09:14:38.906716,2026-08-16
TL-ORD-59027556F2,8427.0,sess_ecc45372773d48ae,4304,0.0,0,4304.0,4,COD,CONFIRMED,Chennai,300963,2026-08-29 23:03:19.750772,2026-08-29
TL-ORD-AFA5E118CD,9223.0,sess_89ea78eea01a4ea6,3152,0.0,0,3152.0,2,COD,CONFIRMED,Chennai,684128,2026-09-04 22:10:46.364864,2026-09-04
TL-ORD-A06487E1FB,,sess_1f1fbbb748304a33,3316,0.0,0,3316.0,3,COD,CONFIRMED,Chennai,333909,2026-09-04 17:32:53.726852,2026-09-04
TL-ORD-2DDFAF0B62,6235.0,sess_4fa3b6bff2dc45e3,1557,233.55,0,1323.45,4,COD,CONFIRMED,Chennai,164564,2026-08-30 13:02:56.912979,2026-08-30
TL-ORD-6232D60129,9075.0,sess_a6219d7b273b4506,1875,0.0,0,1875.0,4,UPI,CONFIRMED,Delhi NCR,365906,2026-08-30 16:54:35.101233,2026-08-30
TL-ORD-6FEAE2C69A,,sess_056bf0269e284081,4992,0.0,0,4992.0,2,COD,CONFIRMED,Chennai,137987,2026-09-06 09:48:32.012791,2026-09-06
TL-ORD-C49C41AA92,,sess_1d004be6611a4a32,2799,0.0,0,2799.0,2,COD,CONFIRMED,Delhi NCR,176652,2026-08-15 20:02:49.285303,2026-08-15
TL-ORD-8DBDEB05E8,8802.0,sess_3a05ecef2b22426f,1389,208.35,0,1180.65,3,COD,CONFIRMED,Bengaluru,503582,2026-08-14 22:06:11.764251,2026-08-14
TL-ORD-C5DCB7CE2A,9665.0,sess_49b4242e64c74a38,6594,989.1,0,5604.9,3,UPI,CONFIRMED,Chennai,407427,2026-08-25 14:42:56.609734,2026-08-25
TL-ORD-8AB7A687A5,,sess_667b97b8c5e04a7f,1733,259.95,0,1473.05,3,Card,CONFIRMED,Delhi NCR,123232,2026-08-20 14:02:12.258611,2026-08-20
TL-ORD-895DF0F56F,11905.0,sess_de6e9fea401446ba,2268,0.0,0,2268.0,3,Card,CONFIRMED,Delhi NCR,610203,2026-09-08 22:23:39.285440,2026-09-08
TL-ORD-4D69F8F01C,9091.0,sess_98142520a9d449de,2999,0.0,0,2999.0,3,NetBanking,CONFIRMED,Pune,242910,2026-08-31 15:21:56.574130,2026-08-31
TL-ORD-7B171B5ABC,10518.0,sess_0f6fc9af61944878,1103,0.0,0,1103.0,5,UPI,CONFIRMED,Hyderabad,147928,2026-09-11 16:21:00.829031,2026-09-11
TL-ORD-18122FBBC6,,sess_39a88d6ad73a4357,2799,0.0,0,2799.0,5,COD,CONFIRMED,Pune,272548,2026-08-19 09:40:00.483354,2026-08-19
TL-ORD-CFB813BC07,,sess_ec84029acf494b36,5816,872.4,0,4943.6,2,NetBanking,CONFIRMED,Bengaluru,479367,2026-08-27 14:13:19.453612,2026-08-27
TL-ORD-584D473338,7020.0,sess_09ea936885b84d4f,1308,0.0,0,1308.0,3,Card,CONFIRMED,Hyderabad,285545,2026-08-19 12:06:41.189955,2026-08-19
TL-ORD-164588ABCC,7632.0,sess_fcecff526eb44b57,2499,0.0,0,2499.0,3,COD,CONFIRMED,Chennai,231083,2026-08-15 07:33:47.017254,2026-08-15
TL-ORD-9609DDA2B7,8153.0,sess_17f5a105779a4f2b,2388,358.2,0,2029.8,4,NetBanking,CONFIRMED,Pune,659822,2026-08-19 19:54:01.160635,2026-08-19
TL-ORD-B34E83BBD9,11958.0,sess_ebab971a1a0b4435,2450,0.0,0,2450.0,3,NetBanking,CONFIRMED,Mumbai,604312,2026-09-07 08:02:17.245715,2026-09-07
TL-ORD-B78F00FBA3,6721.0,sess_b94db3863498406f,3844,0.0,0,3844.0,2,COD,CONFIRMED,Hyderabad,510765,2026-08-27 07:29:28.741807,2026-08-27
TL-ORD-F78AEDD90C,,sess_ab08d4b3c0b3439e,1684,0.0,0,1684.0,2,Card,CONFIRMED,Mumbai,133558,2026-08-21 18:09:50.135972,2026-08-21
TL-ORD-629E8BB2E5,10617.0,sess_5c01dbfef9794f70,4992,748.8,0,4243.2,2,UPI,CONFIRMED,Delhi NCR,424203,2026-08-27 13:14:04.273721,2026-08-27
TL-ORD-8BB9EB25D5,6317.0,sess_a1c15998b9054168,2794,419.1,0,2374.9,5,NetBanking,CONFIRMED,Chennai,636288,2026-09-01 06:35:29.543551,2026-09-01
TL-ORD-6C11BC3C77,11402.0,sess_500c9418241d4209,1774,266.1,0,1507.9,2,Card,CONFIRMED,Bengaluru,393102,2026-09-05 23:18:15.914876,2026-09-05
TL-ORD-42F8693EC6,9123.0,sess_ed08b569ef31489c,4284,0.0,0,4284.0,2,COD,CONFIRMED,Hyderabad,439005,2026-08-18 12:56:17.508169,2026-08-18
TL-ORD-B426E9041F,6113.0,sess_450fe68984a44a93,4481,0.0,0,4481.0,5,COD,CONFIRMED,Delhi NCR,386137,2026-09-10 18:28:11.525268,2026-09-10
TL-ORD-9517AFCD16,,sess_26d7233d9e9e4b16,5421,0.0,0,5421.0,4,Card,CONFIRMED,Mumbai,431919,2026-09-12 09:00:04.322853,2026-09-12
TL-ORD-81FDCF70C3,10034.0,sess_37922a1def854c78,4645,0.0,0,4645.0,2,Card,CONFIRMED,Mumbai,367824,2026-08-18 02:15:29.845418,2026-08-18
TL-ORD-A8BC89356E,6323.0,sess_6284314ff4c645ca,1210,181.5,0,1028.5,2,UPI,CONFIRMED,Bengaluru,344168,2026-08-17 23:07:03.442848,2026-08-17
TL-ORD-5D1D46B644,6480.0,sess_ecc2f97af59e4462,999,0.0,0,999.0,2,Card,CONFIRMED,Bengaluru,261118,2026-08-26 15:07:42.614963,2026-08-26
TL-ORD-F25C7DB5E5,10887.0,sess_59953c99831e4542,1899,284.85,0,1614.15,4,Card,CONFIRMED,Delhi NCR,407973,2026-08-16 14:02:13.897982,2026-08-16
TL-ORD-E4A7A7E519,7706.0,sess_3ba8847102fb4a19,3938,0.0,0,3938.0,3,UPI,CONFIRMED,Delhi NCR,434521,2026-08-17 17:23:14.338778,2026-08-17
TL-ORD-41311BC3CC,,sess_68c57d07d2654b7a,2437,0.0,0,2437.0,4,UPI,CONFIRMED,Mumbai,359804,2026-09-07 22:07:11.532685,2026-09-07
TL-ORD-0B92B10428,11547.0,sess_1ead04ddc91b45f9,3582,537.3,0,3044.7,4,COD,CONFIRMED,Bengaluru,616599,2026-08-31 20:24:31.880067,2026-08-31
TL-ORD-EF6BB176A5,9181.0,sess_66ed46436b3948f1,3499,0.0,0,3499.0,2,NetBanking,CONFIRMED,Chennai,182033,2026-09-02 01:17:12.680856,2026-09-02
TL-ORD-5B0230D78C,,sess_5e071e140a7145b8,2637,0.0,0,2637.0,3,UPI,CONFIRMED,Mumbai,265809,2026-08-21 19:17:30.424392,2026-08-21
TL-ORD-834FF02D69,11117.0,sess_b175bbfe91fc44cb,5659,0.0,0,5659.0,2,Card,CONFIRMED,Mumbai,456368,2026-08-29 10:32:05.654353,2026-08-29
TL-ORD-FE60C597DB,8773.0,sess_7fb9dbbf45fa4f33,1322,198.3,0,1123.7,4,Card,CONFIRMED,Hyderabad,483942,2026-08-15 04:03:22.909413,2026-08-15
TL-ORD-B4308E1144,6164.0,sess_500dadb798ce4e42,1928,0.0,0,1928.0,2,UPI,CONFIRMED,Hyderabad,285486,2026-08-15 19:41:55.518981,2026-08-15
TL-ORD-EEFD35E794,10531.0,sess_ddaf4ec15ebb4ccb,3090,0.0,0,3090.0,2,COD,CONFIRMED,Mumbai,188740,2026-08-17 16:50:18.464717,2026-08-17
TL-ORD-CF11A4D090,,sess_d2b095f1cc894202,2640,396.0,0,2244.0,3,UPI,CONFIRMED,Pune,597466,2026-09-09 11:58:07.634656,2026-09-09
TL-ORD-E336A6D90C,6815.0,sess_4b6ab261a9794a94,5450,0.0,0,5450.0,3,Card,CONFIRMED,Pune,545836,2026-08-19 02:54:51.988609,2026-08-19
TL-ORD-FF731A2049,,sess_85fd1a9ffbfc4a91,1308,0.0,0,1308.0,3,UPI,CONFIRMED,Bengaluru,223038,2026-08-23 18:35:50.358287,2026-08-23
TL-ORD-2956F297FE,10348.0,sess_ed11d5d856514b0e,2717,407.55,0,2309.45,3,UPI,CONFIRMED,Delhi NCR,385693,2026-09-07 18:21:05.791852,2026-09-07
TL-ORD-F8128040E0,10967.0,sess_ecc90a1fe2f5441e,1899,284.85,0,1614.15,2,Card,CONFIRMED,Delhi NCR,618607,2026-08-28 09:42:07.960692,2026-08-28
TL-ORD-0A98156A27,7943.0,sess_5fb149288ca24634,1061,0.0,0,1061.0,3,Card,CONFIRMED,Pune,595053,2026-09-02 05:25:59.426339,2026-09-02
TL-ORD-2358636DB5,8272.0,sess_291ca6d3194a4cc5,5070,0.0,0,5070.0,5,NetBanking,CONFIRMED,Pune,622498,2026-09-03 14:02:04.137662,2026-09-03
TL-ORD-330DFDFE14,6125.0,sess_6b2594e995d54725,3899,584.85,0,3314.15,2,Card,CONFIRMED,Pune,399848,2026-09-03 03:58:35.902522,2026-09-03
TL-ORD-4B767EC2AB,,sess_df75e1754dcd47bf,1899,0.0,0,1899.0,4,COD,CONFIRMED,Hyderabad,154528,2026-09-01 23:19:25.147574,2026-09-01
TL-ORD-43CBE9A09B,7149.0,sess_9d51d0d792be464e,1772,265.8,0,1506.2,6,COD,CONFIRMED,Hyderabad,317400,2026-08-25 13:03:37.263142,2026-08-25
TL-ORD-04FAB98278,11895.0,sess_7db3048c568e4b46,4079,0.0,0,4079.0,2,Card,CONFIRMED,Pune,221284,2026-08-24 05:07:38.280780,2026-08-24
TL-ORD-25437A4AD7,11233.0,sess_ed24687d5db84309,1040,156.0,0,884.0,2,COD,CONFIRMED,Pune,265569,2026-09-12 02:58:44.540147,2026-09-12
TL-ORD-E5F251D987,6081.0,sess_e08a12b575874ec8,1263,189.45,0,1073.55,5,NetBanking,CONFIRMED,Bengaluru,463918,2026-08-21 19:30:10.752312,2026-08-21
TL-ORD-29A51F1E29,,sess_2cfe29da90b745bb,2637,0.0,0,2637.0,3,NetBanking,CONFIRMED,Hyderabad,404983,2026-08-27 18:10:33.104656,2026-08-27
TL-ORD-67F33EB8BF,,sess_29e6bb38595f456e,3899,0.0,0,3899.0,2,UPI,CONFIRMED,Delhi NCR,146896,2026-08-18 05:45:26.118457,2026-08-18
TL-ORD-0E6FC86C85,6399.0,sess_2651d02709da48ea,2339,0.0,0,2339.0,2,Card,CONFIRMED,Delhi NCR,541079,2026-09-02 16:42:52.952397,2026-09-02
TL-ORD-0FA1026C07,,sess_62e1f5bb67b44200,1844,0.0,0,1844.0,3,Card,CONFIRMED,Hyderabad,551549,2026-08-15 21:28:35.998680,2026-08-15
TL-ORD-B5DA315205,9494.0,sess_9f60433eebca42b8,848,0.0,99,947.0,6,UPI,CONFIRMED,Pune,318626,2026-08-29 15:07:25.076139,2026-08-29
TL-ORD-3AFDB05C6A,7921.0,sess_3a2d8b29219748d9,1774,266.1,0,1507.9,2,UPI,CONFIRMED,Delhi NCR,399855,2026-08-30 11:11:49.668295,2026-08-30
TL-ORD-45CA1D730F,9568.0,sess_e6707a3b4b4247fd,2589,388.35,0,2200.65,2,NetBanking,CONFIRMED,Bengaluru,155476,2026-08-22 01:21:42.429371,2026-08-22
TL-ORD-4D149B1CD5,10685.0,sess_2ea4b44b4c2348e4,6188,928.2,0,5259.8,2,UPI,CONFIRMED,Pune,484577,2026-08-31 01:27:50.139440,2026-08-31
TL-ORD-DCE52D6F36,,sess_2a683370bcef40e4,3481,522.15,0,2958.85,5,Card,CONFIRMED,Pune,141633,2026-08-21 21:03:36.281111,2026-08-21
TL-ORD-65FF7C45C2,11181.0,sess_4b220b16c7684881,999,149.85,0,849.15,2,COD,CONFIRMED,Mumbai,192207,2026-09-10 19:52:37.862631,2026-09-10
TL-ORD-31A6810314,7499.0,sess_68acea60e341454f,1604,240.6,0,1363.4,3,Card,CONFIRMED,Chennai,440474,2026-08-31 10:03:15.081574,2026-08-31
TL-ORD-E6BD8F2FD1,,sess_da2dc12e5d634903,4481,0.0,0,4481.0,5,UPI,CONFIRMED,Delhi NCR,314909,2026-08-22 09:27:41.780369,2026-08-22
TL-ORD-A54A5A55BA,8756.0,sess_2a4e063913f748b5,2116,0.0,0,2116.0,2,COD,CONFIRMED,Hyderabad,131803,2026-08-16 18:33:15.664135,2026-08-16
TL-ORD-0CDAC35A49,8419.0,sess_e053b7b5e10e43d1,2999,0.0,0,2999.0,3,NetBanking,CONFIRMED,Chennai,445578,2026-09-07 05:49:23.210073,2026-09-07
TL-ORD-B492F5DF2E,9588.0,sess_fb17c610b75b45e6,3090,463.5,0,2626.5,2,NetBanking,CONFIRMED,Delhi NCR,163670,2026-09-06 03:12:43.029586,2026-09-06
TL-ORD-BF01670853,8979.0,sess_f9151a5b228b49b2,2235,0.0,0,2235.0,3,NetBanking,CONFIRMED,Hyderabad,357979,2026-08-17 02:54:32.754904,2026-08-17
TL-ORD-C5C9F31963,,sess_efbe909ab2d34809,2499,0.0,0,2499.0,3,UPI,CONFIRMED,Pune,113791,2026-08-17 19:26:09.193901,2026-08-17
TL-ORD-264549AB8A,7483.0,sess_e0953cf53c1a4a69,1299,0.0,0,1299.0,3,Card,CONFIRMED,Bengaluru,655781,2026-08-16 03:49:43.983112,2026-08-16
TL-ORD-3360C5AE0D,,sess_48d98ac0cfc74e9c,2773,0.0,0,2773.0,2,UPI,CONFIRMED,Bengaluru,404307,2026-09-09 11:20:17.567167,2026-09-09
TL-ORD-49D08A39B8,8612.0,sess_bc5221e6818a4339,1034,155.1,0,878.9,4,Card,CONFIRMED,Hyderabad,310738,2026-08-28 16:03:45.878687,2026-08-28
TL-ORD-159CD77672,6668.0,sess_39fc60c3c5b84b3d,1389,0.0,0,1389.0,3,COD,CONFIRMED,Hyderabad,330191,2026-09-12 00:19:27.819469,2026-09-12
TL-ORD-F7CA47A463,8286.0,sess_8b5fb00331e84404,3708,0.0,0,3708.0,4,COD,CONFIRMED,Bengaluru,414708,2026-08-27 02:33:51.812398,2026-08-27
TL-ORD-332C80430A,6651.0,sess_f99108b1dbec4c25,2936,0.0,0,2936.0,4,NetBanking,CONFIRMED,Chennai,595939,2026-08-24 17:46:25.045308,2026-08-24
TL-ORD-F9B3860AE4,11620.0,sess_71a7ebd5ad5d476f,2279,0.0,0,2279.0,2,COD,CONFIRMED,Hyderabad,114433,2026-09-10 00:24:56.814672,2026-09-10
TL-ORD-705E738856,11438.0,sess_fd69d2e62d5d457d,2403,0.0,0,2403.0,2,NetBanking,CONFIRMED,Hyderabad,325654,2026-09-02 08:29:12.680498,2026-09-02
TL-ORD-86EA164778,8378.0,sess_1298ce30565d4cb7,3090,0.0,0,3090.0,2,COD,CONFIRMED,Bengaluru,240836,2026-08-18 18:18:23.868576,2026-08-18
TL-ORD-8F99B8301C,8805.0,sess_0a99a66432ed49cf,2438,0.0,0,2438.0,3,NetBanking,CONFIRMED,Chennai,487402,2026-08-25 07:38:56.094822,2026-08-25
TL-ORD-D25F0CDCF8,7559.0,sess_ec27ab05dc444387,2640,396.0,0,2244.0,3,NetBanking,CONFIRMED,Delhi NCR,342737,2026-08-24 08:17:06.787128,2026-08-24
TL-ORD-59F2CBFFFA,11565.0,sess_fb0044af793f41a9,1664,0.0,0,1664.0,3,COD,CONFIRMED,Mumbai,663524,2026-08-15 18:26:11.162087,2026-08-15
TL-ORD-E1FF47F47E,,sess_dd4ae0d8f50246de,7844,1176.6,0,6667.4,2,UPI,CONFIRMED,Hyderabad,419436,2026-08-24 18:50:25.662778,2026-08-24
TL-ORD-0B483BDE09,6427.0,sess_98d8f57099804176,3857,578.55,0,3278.45,5,NetBanking,CONFIRMED,Mumbai,413679,2026-08-31 06:59:53.678506,2026-08-31
TL-ORD-8438B20516,6541.0,sess_a8d5181711424676,3246,0.0,0,3246.0,6,NetBanking,CONFIRMED,Delhi NCR,415529,2026-09-07 16:12:10.930374,2026-09-07
TL-ORD-165BAB5FB6,8440.0,sess_74391bd1f5434cd7,1772,0.0,0,1772.0,6,COD,CONFIRMED,Delhi NCR,644808,2026-08-19 15:03:55.856567,2026-08-19
TL-ORD-796D4376C6,6642.0,sess_b071ea8e5bed4ccd,1882,0.0,0,1882.0,2,UPI,CONFIRMED,Delhi NCR,474021,2026-09-02 22:23:57.732792,2026-09-02
TL-ORD-3EE1CBFDB3,,sess_cc2dc61db86b40ca,1170,0.0,0,1170.0,5,NetBanking,CONFIRMED,Pune,169031,2026-09-06 09:30:42.514305,2026-09-06
TL-ORD-7774002820,,sess_f351a53a63e94e4b,4817,722.55,0,4094.45,2,NetBanking,CONFIRMED,Pune,459126,2026-09-11 17:27:21.012801,2026-09-11
TL-ORD-138C5840EE,10816.0,sess_7c6aa4a0be174bd0,3582,537.3,0,3044.7,4,NetBanking,CONFIRMED,Mumbai,135588,2026-08-29 12:33:46.274611,2026-08-29
TL-ORD-5906F57DAA,11393.0,sess_8b79a64bb6ac4881,3246,0.0,0,3246.0,6,Card,CONFIRMED,Hyderabad,675438,2026-09-08 00:46:30.362616,2026-09-08
TL-ORD-402508DFFC,,sess_ea7cbdb1a7524ca7,894,0.0,99,993.0,2,COD,CONFIRMED,Chennai,414252,2026-09-02 16:04:37.711826,2026-09-02
TL-ORD-05AB8CE29E,8993.0,sess_44b65f83bbc34848,1844,0.0,0,1844.0,2,Card,CONFIRMED,Pune,498976,2026-08-25 15:00:07.242124,2026-08-25
TL-ORD-E6D47EBA86,9673.0,sess_c01c6bcaf7c449c3,3246,486.9,0,2759.1,6,COD,CONFIRMED,Bengaluru,165747,2026-08-23 07:54:51.124583,2026-08-23
TL-ORD-0F30F8DE16,7878.0,sess_4ca49c5a5f3a4c24,2403,360.45,0,2042.55,2,NetBanking,CONFIRMED,Mumbai,157663,2026-08-16 21:50:16.096683,2026-08-16
TL-ORD-1FF4D36BBD,6433.0,sess_b1e30fa223ed41b8,1107,0.0,0,1107.0,4,COD,CONFIRMED,Delhi NCR,320183,2026-08-20 14:08:31.330913,2026-08-20
TL-ORD-2CD5D93954,10807.0,sess_5306fbaf19ee4f10,1170,0.0,0,1170.0,5,Card,CONFIRMED,Pune,129772,2026-08-30 05:45:43.087698,2026-08-30
TL-ORD-6367E912E2,6524.0,sess_882c6304c273409a,3143,471.45,0,2671.55,2,COD,CONFIRMED,Delhi NCR,443801,2026-09-13 05:48:01.879147,2026-09-13
TL-ORD-299BB19E38,,sess_b5485c02545a4061,1829,274.35,0,1554.65,2,UPI,CONFIRMED,Hyderabad,449463,2026-08-24 02:09:44.622927,2026-08-24
TL-ORD-F228A11EA4,9873.0,sess_468a95c158204efc,4499,674.85,0,3824.15,2,NetBanking,CONFIRMED,Pune,676519,2026-08-23 16:15:02.374837,2026-08-23
TL-ORD-62803BA94B,,sess_d5408b51e7684908,956,143.4,99,911.6,4,UPI,CONFIRMED,Chennai,266894,2026-09-12 06:28:41.889045,2026-09-12
TL-ORD-9326B04E31,7582.0,sess_32f21a5503294d16,2437,365.55,0,2071.45,4,Card,CONFIRMED,Chennai,561503,2026-08-16 20:16:44.198850,2026-08-16
TL-ORD-834E649AEE,6128.0,sess_4f48c5778f0d4102,1617,242.55,0,1374.45,3,NetBanking,CONFIRMED,Mumbai,517589,2026-09-11 00:00:50.707215,2026-09-11
TL-ORD-B6566DF197,,sess_3bcf54cdfe9a4813,802,120.3,99,780.7,2,NetBanking,CONFIRMED,Pune,682601,2026-08-16 16:53:15.705030,2026-08-16
TL-ORD-2D904C2FE8,7514.0,sess_29f91adf198c4083,3041,0.0,0,3041.0,4,UPI,CONFIRMED,Pune,118600,2026-08-30 06:10:17.224779,2026-08-30
TL-ORD-A6048C9311,9868.0,sess_c63f1ce0ce87468e,2438,365.7,0,2072.3,3,NetBanking,CONFIRMED,Delhi NCR,525498,2026-09-09 21:16:13.341052,2026-09-09
TL-ORD-7DA1AE17D6,10853.0,sess_b776cc28b53446c7,2640,0.0,0,2640.0,3,NetBanking,CONFIRMED,Hyderabad,152523,2026-09-06 03:38:28.994093,2026-09-06
TL-ORD-620EA50B17,8896.0,sess_24f62067f29a4050,2769,415.35,0,2353.65,2,UPI,CONFIRMED,Chennai,655221,2026-09-10 12:11:14.264070,2026-09-10
TL-ORD-21D7A878EC,8171.0,sess_d3213290681f4517,2511,0.0,0,2511.0,2,NetBanking,CONFIRMED,Chennai,555493,2026-08-14 22:27:00.497421,2026-08-14
TL-ORD-6584911887,10678.0,sess_3609d0335e5c4f0b,3177,476.55,0,2700.45,3,UPI,CONFIRMED,Pune,381377,2026-08-23 10:52:52.185098,2026-08-23
TL-ORD-2FDB39CAF9,,sess_af7a3f84a5a940c1,5816,872.4,0,4943.6,2,Card,CONFIRMED,Pune,349933,2026-09-09 04:58:39.994292,2026-09-09
TL-ORD-3F9494D8B3,10693.0,sess_6916669768e846c3,2999,449.85,0,2549.15,3,COD,CONFIRMED,Bengaluru,554961,2026-08-23 17:03:57.151704,2026-08-23
TL-ORD-4D59B06153,9130.0,sess_ecd28a05f27a4c97,1847,277.05,0,1569.95,3,NetBanking,CONFIRMED,Mumbai,293854,2026-08-26 06:37:42.181035,2026-08-26
TL-ORD-C17C03EB0F,11517.0,sess_0d9a188e4c014654,1251,0.0,0,1251.0,3,NetBanking,CONFIRMED,Hyderabad,463059,2026-08-21 21:06:54.868616,2026-08-21
TL-ORD-A0CBFB24B3,9703.0,sess_b90aa609a2aa4d3d,7844,1176.6,0,6667.4,2,UPI,CONFIRMED,Chennai,191683,2026-08-20 14:20:28.881641,2026-08-20
TL-ORD-912359482B,,sess_3ed48e43548c471b,1089,0.0,0,1089.0,3,NetBanking,CONFIRMED,Hyderabad,432596,2026-08-20 19:16:40.514043,2026-08-20
TL-ORD-7DDA2AE4EC,10504.0,sess_03c6f6d0e75f44be,3621,0.0,0,3621.0,3,Card,CONFIRMED,Mumbai,137872,2026-08-31 01:16:56.297614,2026-08-31
TL-ORD-457D5B847D,,sess_1c865862c9f648d2,2794,419.1,0,2374.9,5,UPI,CONFIRMED,Chennai,387028,2026-08-22 04:09:34.140354,2026-08-22
TL-ORD-7F7D44FCF2,6584.0,sess_7e4da95364274426,2936,0.0,0,2936.0,4,COD,CONFIRMED,Hyderabad,233504,2026-08-19 17:05:45.061236,2026-08-19
TL-ORD-4F85A4F3FC,9427.0,sess_a341ee1a14364b93,2235,335.25,0,1899.75,3,NetBanking,CONFIRMED,Hyderabad,453989,2026-08-22 18:07:20.896219,2026-08-22
TL-ORD-3E3FA85290,6963.0,sess_59cb3fda77194156,5421,0.0,0,5421.0,4,COD,CONFIRMED,Hyderabad,291992,2026-08-23 08:27:51.348624,2026-08-23
TL-ORD-9EF2A55854,7978.0,sess_9793a7010ef84763,1724,258.6,0,1465.4,4,UPI,CONFIRMED,Hyderabad,210829,2026-08-24 21:03:35.650495,2026-08-24
TL-ORD-521FF2FDD6,7849.0,sess_df3f362dae374812,1567,235.05,0,1331.95,3,Card,CONFIRMED,Mumbai,641849,2026-08-24 09:04:40.354872,2026-08-24
TL-ORD-F161644A29,,sess_1c1106241e4e4de8,1684,0.0,0,1684.0,2,Card,CONFIRMED,Delhi NCR,299058,2026-08-15 17:02:19.316160,2026-08-15
TL-ORD-241BC52666,,sess_0806c5dc2d6f4f6a,3421,513.15,0,2907.85,6,Card,CONFIRMED,Delhi NCR,541750,2026-08-17 04:23:43.876431,2026-08-17
TL-ORD-AD59587260,10205.0,sess_961a07ce5685487b,4700,705.0,0,3995.0,3,COD,CONFIRMED,Bengaluru,601991,2026-08-21 07:26:36.690642,2026-08-21
TL-ORD-4589C863F2,6610.0,sess_e5717d94c48740f8,2792,0.0,0,2792.0,2,NetBanking,CONFIRMED,Hyderabad,443657,2026-08-21 11:06:52.287902,2026-08-21
TL-ORD-EAB4AE059E,,sess_a8bce647d21d4d32,4617,0.0,0,4617.0,2,UPI,CONFIRMED,Chennai,204681,2026-08-23 03:57:14.036078,2026-08-23
TL-ORD-D7F89546D3,11218.0,sess_c2406df7b5304d53,1875,0.0,0,1875.0,4,NetBanking,CONFIRMED,Delhi NCR,685465,2026-08-21 23:08:05.252311,2026-08-21
TL-ORD-E592FE7D90,7868.0,sess_33a22894d552499c,1774,0.0,0,1774.0,2,NetBanking,CONFIRMED,Bengaluru,225680,2026-09-04 08:40:05.923341,2026-09-04
TL-ORD-A007D64DDE,,sess_f57e0b71c9704fb5,1954,293.1,0,1660.9,6,COD,CONFIRMED,Mumbai,488145,2026-09-04 08:04:57.592527,2026-09-04
TL-ORD-24E482762B,8376.0,sess_c109d76df2bb4569,1844,0.0,0,1844.0,3,COD,CONFIRMED,Bengaluru,483455,2026-09-05 22:43:08.209876,2026-09-05
TL-ORD-42A43E71C0,,sess_02f1ba64c2c24d4f,3499,0.0,0,3499.0,3,NetBanking,CONFIRMED,Chennai,613254,2026-08-30 20:32:46.473935,2026-08-30
TL-ORD-AEDABF3748,,sess_de82dd3f73be4979,1210,181.5,0,1028.5,2,NetBanking,CONFIRMED,Chennai,663608,2026-09-03 21:22:52.404185,2026-09-03
TL-ORD-FF920B7C86,,sess_295cc1abaff14206,779,116.85,99,761.15,2,COD,CONFIRMED,Delhi NCR,269785,2026-08-25 23:09:24.084043,2026-08-25
TL-ORD-A8106187F4,10646.0,sess_5fd8a9b0f33b4283,3481,0.0,0,3481.0,5,UPI,CONFIRMED,Pune,160221,2026-09-02 18:12:17.030782,2026-09-02
TL-ORD-F716CA33DF,6995.0,sess_c0ff1072d6554da1,3670,550.5,0,3119.5,3,Card,CONFIRMED,Mumbai,657129,2026-09-06 05:47:09.180989,2026-09-06
TL-ORD-A8B1FB7ACF,6027.0,sess_896f56e896b943b9,4617,0.0,0,4617.0,2,UPI,CONFIRMED,Hyderabad,491357,2026-09-07 20:39:21.474617,2026-09-07
TL-ORD-00305E2801,9693.0,sess_407d51532a9a4be5,3556,533.4,0,3022.6,2,COD,CONFIRMED,Chennai,325581,2026-08-23 12:30:30.571816,2026-08-23
TL-ORD-E13B9D106C,8395.0,sess_c7cd879033554c63,1882,0.0,0,1882.0,2,UPI,CONFIRMED,Chennai,494783,2026-09-10 20:34:15.769981,2026-09-10
TL-ORD-4173481770,9234.0,sess_ae16404fadd2454c,4897,0.0,0,4897.0,3,Card,CONFIRMED,Delhi NCR,333123,2026-09-02 20:18:06.273973,2026-09-02
TL-ORD-839C08867F,6948.0,sess_423e7cecdd8142d6,1875,0.0,0,1875.0,4,COD,CONFIRMED,Chennai,696436,2026-08-29 11:50:55.376144,2026-08-29
TL-ORD-1AD2106638,,sess_0faec81096a240ca,2464,0.0,0,2464.0,3,UPI,CONFIRMED,Pune,246688,2026-09-06 08:46:01.959600,2026-09-06
TL-ORD-3B65D5A511,7437.0,sess_8ba4e628e4234986,848,127.2,99,819.8,6,NetBanking,CONFIRMED,Chennai,616790,2026-08-25 19:20:41.364561,2026-08-25
TL-ORD-68A29B1973,,sess_8d63d7edd95f48e7,3316,497.4,0,2818.6,3,COD,CONFIRMED,Pune,257408,2026-08-29 12:14:39.076601,2026-08-29
TL-ORD-7E15E7E635,9971.0,sess_55dea62165654de2,4299,644.85,0,3654.15,2,NetBanking,CONFIRMED,Bengaluru,300641,2026-08-23 22:09:53.593212,2026-08-23
TL-ORD-3081832339,,sess_827e867368304716,1668,0.0,0,1668.0,3,UPI,CONFIRMED,Mumbai,586557,2026-08-27 23:37:40.544275,2026-08-27
TL-ORD-27A71FF34E,,sess_920577dc95af4cd4,1061,159.15,0,901.85,3,NetBanking,CONFIRMED,Chennai,385361,2026-08-18 19:14:45.471567,2026-08-18
TL-ORD-396427C1F9,8770.0,sess_4a835a93c42d4c94,4132,0.0,0,4132.0,2,UPI,CONFIRMED,Chennai,156698,2026-08-20 16:02:50.870552,2026-08-20
TL-ORD-A35B212E0D,8246.0,sess_fa098551332e4ea4,3899,0.0,0,3899.0,2,COD,CONFIRMED,Delhi NCR,263288,2026-08-26 14:14:43.353133,2026-08-26
TL-ORD-0398A7DD4E,7791.0,sess_0214d06967344982,3481,0.0,0,3481.0,5,UPI,CONFIRMED,Pune,656971,2026-09-07 06:18:22.976506,2026-09-07
TL-ORD-A4D2698440,9297.0,sess_0decb5d35ed5468d,3712,0.0,0,3712.0,2,COD,CONFIRMED,Pune,277875,2026-09-07 16:31:33.357642,2026-09-07
TL-ORD-78BD1DA0BA,6431.0,sess_5fa7dc0ae6fc402c,1875,0.0,0,1875.0,4,UPI,CONFIRMED,Pune,551966,2026-08-28 18:54:31.096308,2026-08-28
TL-ORD-9578C83F43,6437.0,sess_b658de82f00e4972,3294,0.0,0,3294.0,4,UPI,CONFIRMED,Pune,113975,2026-08-22 05:42:11.850538,2026-08-22
TL-ORD-BC096FBF1D,,sess_91681bce4a974a85,3024,453.6,0,2570.4,5,Card,CONFIRMED,Chennai,602957,2026-08-24 00:43:33.469489,2026-08-24
TL-ORD-378752B376,7915.0,sess_b931af42eaf2476c,1210,181.5,0,1028.5,2,Card,CONFIRMED,Hyderabad,241480,2026-09-05 21:59:37.460878,2026-09-05
TL-ORD-FB7D30BC71,,sess_b4f9eeb3ea394bf8,1604,240.6,0,1363.4,3,NetBanking,CONFIRMED,Delhi NCR,532026,2026-09-10 00:37:22.533262,2026-09-10
TL-ORD-5D67C02852,6553.0,sess_12fa4a5dd31e453e,4645,0.0,0,4645.0,2,Card,CONFIRMED,Bengaluru,238929,2026-09-12 22:06:59.089864,2026-09-12
TL-ORD-62D3B4215B,7224.0,sess_0f70f88ead5f448c,1506,0.0,0,1506.0,3,NetBanking,CONFIRMED,Pune,274438,2026-08-21 01:40:08.848758,2026-08-21
TL-ORD-BE8071CF02,6749.0,sess_09bb753a15384d89,4758,0.0,0,4758.0,2,NetBanking,CONFIRMED,Pune,190839,2026-09-01 01:49:48.976512,2026-09-01
TL-ORD-45233BF53D,,sess_4a23db8dbe0e4df0,2435,365.25,0,2069.75,2,NetBanking,CONFIRMED,Bengaluru,169912,2026-09-02 22:40:53.172292,2026-09-02
TL-ORD-8C0F8B8639,,sess_4613bd528ae3463d,3899,0.0,0,3899.0,2,UPI,CONFIRMED,Mumbai,432920,2026-08-24 22:18:27.296238,2026-08-24
TL-ORD-F293547C57,11859.0,sess_421bc0a4f6cd4d24,4180,0.0,0,4180.0,3,UPI,CONFIRMED,Mumbai,556523,2026-09-12 02:31:10.968412,2026-09-12
TL-ORD-69CD065308,8026.0,sess_86cfeed412ce4b09,1994,299.1,0,1694.9,2,Card,CONFIRMED,Mumbai,129693,2026-09-01 23:44:10.785821,2026-09-01
TL-ORD-DADCDD777D,7379.0,sess_7bf2c8ce8eea441b,1743,0.0,0,1743.0,3,NetBanking,CONFIRMED,Mumbai,312072,2026-09-10 20:56:21.826850,2026-09-10
TL-ORD-3E33BDFA0D,,sess_4d6214e2ba5a416d,5070,760.5,0,4309.5,5,Card,CONFIRMED,Pune,436145,2026-08-18 02:34:04.279499,2026-08-18
TL-ORD-6C76F2D9EF,,sess_c995fd0e47224f53,3985,0.0,0,3985.0,3,Card,CONFIRMED,Delhi NCR,622898,2026-09-07 01:21:19.751328,2026-09-07
TL-ORD-AA61F6548A,6920.0,sess_020b5fa85e73452e,3367,0.0,0,3367.0,3,COD,CONFIRMED,Hyderabad,608700,2026-08-30 23:07:42.783265,2026-08-30
TL-ORD-9C1C48E60A,7316.0,sess_ba58d831fc134c8b,3857,578.55,0,3278.45,5,COD,CONFIRMED,Delhi NCR,599127,2026-09-04 05:00:48.748731,2026-09-04
TL-ORD-8A8F7F029B,11708.0,sess_212073a3c4e8438e,2839,0.0,0,2839.0,4,COD,CONFIRMED,Chennai,350034,2026-08-16 16:10:48.426208,2026-08-16
TL-ORD-7BC93A1CE4,,sess_62a18b7c5a664330,1684,0.0,0,1684.0,2,Card,CONFIRMED,Chennai,253869,2026-08-30 01:53:57.906801,2026-08-30
TL-ORD-340435603E,10455.0,sess_04469e669db4480e,3674,0.0,0,3674.0,5,UPI,CONFIRMED,Delhi NCR,625868,2026-08-27 11:17:56.686509,2026-08-27
TL-ORD-08C823D31E,,sess_409d4bac0a3c48d9,1299,0.0,0,1299.0,3,UPI,CONFIRMED,Chennai,663768,2026-08-30 19:18:03.383992,2026-08-30
TL-ORD-0380411C6E,,sess_3710f91c3a2e4675,4965,744.75,0,4220.25,4,COD,CONFIRMED,Hyderabad,117432,2026-08-20 02:34:38.457283,2026-08-20
TL-ORD-B732B5B3BF,9696.0,sess_b69970dd13504a52,4897,0.0,0,4897.0,3,NetBanking,CONFIRMED,Delhi NCR,110676,2026-08-26 01:55:01.509992,2026-08-26
TL-ORD-1D5ADD6767,,sess_25413447e6034686,743,0.0,99,842.0,3,NetBanking,CONFIRMED,Chennai,534826,2026-08-21 22:18:04.719566,2026-08-21
TL-ORD-309D9341ED,8633.0,sess_0f74dd9fe3334ab3,6489,973.35,0,5515.65,2,COD,CONFIRMED,Delhi NCR,146933,2026-09-01 14:45:54.100866,2026-09-01
TL-ORD-30C202B9D7,7274.0,sess_216b376934c74a16,4999,0.0,0,4999.0,3,Card,CONFIRMED,Delhi NCR,189724,2026-08-18 04:03:32.722662,2026-08-18
TL-ORD-59EB5C1496,10474.0,sess_15a95b0ca1d2461a,1263,0.0,0,1263.0,5,UPI,CONFIRMED,Delhi NCR,392295,2026-09-07 09:06:00.522225,2026-09-07
TL-ORD-F10E8B4C5F,11810.0,sess_f6d15e25c934400e,2279,341.85,0,1937.15,4,UPI,CONFIRMED,Bengaluru,359631,2026-08-16 18:08:37.075727,2026-08-16
TL-ORD-E39D66B7AE,6466.0,sess_ec828768ffca4914,1739,0.0,0,1739.0,5,UPI,CONFIRMED,Mumbai,169630,2026-08-22 15:37:28.185973,2026-08-22
TL-ORD-E9E9361B1F,,sess_00fdd9915a284607,2172,325.8,0,1846.2,6,Card,CONFIRMED,Chennai,590520,2026-08-16 11:01:52.393934,2026-08-16
TL-ORD-BA804A0E1B,,sess_354f4b5797a64520,2279,0.0,0,2279.0,4,NetBanking,CONFIRMED,Bengaluru,259859,2026-08-21 08:08:23.515637,2026-08-21
TL-ORD-6ED857C90F,8975.0,sess_2f0fecd40c484fae,6999,1049.85,0,5949.15,2,NetBanking,CONFIRMED,Hyderabad,152635,2026-09-01 14:46:05.838837,2026-09-01
TL-ORD-56F7B3D9FF,10771.0,sess_88f0c8e5e9f04eef,5499,0.0,0,5499.0,3,NetBanking,CONFIRMED,Hyderabad,503434,2026-08-17 08:55:49.363954,2026-08-17
TL-ORD-9EA0356FBC,9924.0,sess_4b65ba756d324f14,2617,0.0,0,2617.0,4,UPI,CONFIRMED,Mumbai,262842,2026-09-11 14:32:20.081420,2026-09-11
TL-ORD-C51EDE6BD8,8323.0,sess_1da7590631e94034,2688,0.0,0,2688.0,2,UPI,CONFIRMED,Chennai,153048,2026-09-04 06:39:46.368295,2026-09-04
TL-ORD-6B5144CEB3,9903.0,sess_108799c4136e412a,2435,0.0,0,2435.0,2,Card,CONFIRMED,Mumbai,147159,2026-09-12 15:05:23.636381,2026-09-12
TL-ORD-8A7924E971,11786.0,sess_d904144c0377423e,1506,225.9,0,1280.1,3,Card,CONFIRMED,Pune,179850,2026-09-12 19:13:48.801216,2026-09-12
TL-ORD-FE4EC37D5C,11060.0,sess_ce2b5e98dee042f8,2617,0.0,0,2617.0,4,COD,CONFIRMED,Mumbai,671375,2026-09-12 18:29:47.468952,2026-09-12
TL-ORD-3DD2D059ED,7127.0,sess_2f7d97b2f9984109,2999,0.0,0,2999.0,3,UPI,CONFIRMED,Delhi NCR,247944,2026-08-24 13:27:12.082109,2026-08-24
TL-ORD-0B4D7CC9F4,7942.0,sess_c94e22dbcddb4def,802,0.0,99,901.0,2,COD,CONFIRMED,Mumbai,208989,2026-08-16 12:07:04.499554,2026-08-16
TL-ORD-069818EB15,,sess_2e634092b2f74c08,2511,0.0,0,2511.0,2,COD,CONFIRMED,Hyderabad,153438,2026-08-25 14:32:46.779130,2026-08-25
TL-ORD-2416F86BC4,9494.0,sess_7d2a85fe370d4574,1251,0.0,0,1251.0,3,Card,CONFIRMED,Chennai,227374,2026-08-18 09:33:35.999393,2026-08-18
TL-ORD-A3EAD89B2B,6986.0,sess_b9adf469d85e4b92,1179,0.0,0,1179.0,2,UPI,CONFIRMED,Mumbai,597529,2026-08-30 21:52:34.899194,2026-08-30
TL-ORD-37C30304D5,6900.0,sess_e7f0f2a68dee427c,2312,346.8,0,1965.2,5,NetBanking,CONFIRMED,Delhi NCR,236408,2026-08-30 01:56:55.137464,2026-08-30
TL-ORD-416EF33894,10692.0,sess_72148c76a6824ba0,5509,826.35,0,4682.65,5,Card,CONFIRMED,Chennai,341891,2026-08-21 14:27:30.669754,2026-08-21
TL-ORD-E7990DCE21,6947.0,sess_9cb847b05e284a32,1107,166.05,0,940.95,4,NetBanking,CONFIRMED,Mumbai,619317,2026-08-30 09:28:30.772440,2026-08-30
TL-ORD-F425801CD4,,sess_905ca81f3b3f42da,1210,0.0,0,1210.0,2,Card,CONFIRMED,Delhi NCR,444903,2026-08-26 06:58:52.859535,2026-08-26
TL-ORD-6853EB5A70,9254.0,sess_b53ceafdf8bb4f6c,751,112.65,99,737.35,4,Card,CONFIRMED,Delhi NCR,282645,2026-09-10 13:38:51.490320,2026-09-10
TL-ORD-0AD7419939,6633.0,sess_0352c32c1e8b47d2,3537,530.55,0,3006.45,3,NetBanking,CONFIRMED,Chennai,308577,2026-08-15 06:30:10.165569,2026-08-15
TL-ORD-6973C61B1C,,sess_cf384fd7e45c4e1f,2403,0.0,0,2403.0,2,NetBanking,CONFIRMED,Delhi NCR,327460,2026-08-23 14:28:06.004057,2026-08-23
TL-ORD-CF6020EC6A,,sess_eaa9e4f64af549dd,2617,392.55,0,2224.45,4,Card,CONFIRMED,Mumbai,407738,2026-08-18 18:58:38.086143,2026-08-18
TL-ORD-D2A34E756B,8950.0,sess_edd630d9603a4677,1389,0.0,0,1389.0,3,NetBanking,CONFIRMED,Hyderabad,355177,2026-09-01 08:25:30.302963,2026-09-01
TL-ORD-E347BE2749,10002.0,sess_ff0797152ff0478a,3621,0.0,0,3621.0,3,COD,CONFIRMED,Pune,318425,2026-08-17 19:59:46.890732,2026-08-17
TL-ORD-30CA429E26,7459.0,sess_4bcdb208e9b5488b,5499,0.0,0,5499.0,3,Card,CONFIRMED,Bengaluru,449945,2026-09-08 19:48:02.222537,2026-09-08
TL-ORD-1467BDE1D1,10782.0,sess_49bb1b5e7fdd46e8,5450,817.5,0,4632.5,3,NetBanking,CONFIRMED,Hyderabad,453195,2026-09-04 19:52:52.704255,2026-09-04
TL-ORD-C1EAD57AE1,,sess_0e926c432f8648ec,1875,0.0,0,1875.0,4,Card,CONFIRMED,Bengaluru,179042,2026-09-12 10:05:12.595576,2026-09-12
TL-ORD-8B02CB83D6,11012.0,sess_7592ecad27c04661,4299,0.0,0,4299.0,2,NetBanking,CONFIRMED,Pune,328195,2026-08-29 07:22:31.350562,2026-08-29
TL-ORD-7BB2CC2117,,sess_2764aea8d2d44029,4180,0.0,0,4180.0,3,COD,CONFIRMED,Delhi NCR,294017,2026-08-24 23:30:28.028997,2026-08-24
TL-ORD-C458FE94C0,8058.0,sess_e596047e068f41cd,1844,0.0,0,1844.0,2,COD,CONFIRMED,Hyderabad,412503,2026-08-19 04:57:29.480305,2026-08-19
TL-ORD-E4480323C5,8613.0,sess_d15813e7c03b408a,4596,689.4,0,3906.6,3,UPI,CONFIRMED,Bengaluru,372657,2026-09-06 10:16:00.329597,2026-09-06
TL-ORD-7B852D771D,7935.0,sess_8d6c5b3500b54e77,1251,0.0,0,1251.0,3,COD,CONFIRMED,Mumbai,652357,2026-09-07 17:16:15.718789,2026-09-07
TL-ORD-38251EB126,,sess_fb9464c6c8ef4ef2,2029,304.35,0,1724.65,5,COD,CONFIRMED,Pune,577634,2026-09-11 02:26:22.570271,2026-09-11
TL-ORD-953EB7ECBA,,sess_2219751cbcef4cc0,5596,839.4,0,4756.6,2,UPI,CONFIRMED,Chennai,593997,2026-08-20 09:31:35.358942,2026-08-20
TL-ORD-58B2800B81,,sess_90892ca1e34d452c,2437,0.0,0,2437.0,4,UPI,CONFIRMED,Pune,606046,2026-09-05 18:22:33.182661,2026-09-05
TL-ORD-03ADEF6BB8,11491.0,sess_f75ee67a766544c1,1670,0.0,0,1670.0,2,Card,CONFIRMED,Chennai,405854,2026-09-06 09:17:29.640678,2026-09-06
TL-ORD-E6886539FF,7877.0,sess_18132a0f814a44ac,1954,293.1,0,1660.9,6,UPI,CONFIRMED,Bengaluru,254158,2026-09-03 18:57:59.548723,2026-09-03
TL-ORD-509A2709BA,7663.0,sess_cdebb2b2c32c44c1,3177,0.0,0,3177.0,3,UPI,CONFIRMED,Pune,142946,2026-09-09 11:40:09.744306,2026-09-09
TL-ORD-BF595B11C3,10477.0,sess_5cbab64dbbe24d3c,3899,0.0,0,3899.0,2,COD,CONFIRMED,Mumbai,492312,2026-08-24 13:55:46.594567,2026-08-24
TL-ORD-4E868C1D4C,,sess_06b26dddad0f4ce4,2799,419.85,0,2379.15,5,COD,CONFIRMED,Hyderabad,378100,2026-09-06 23:50:43.291767,2026-09-06
TL-ORD-D67755E70D,10429.0,sess_71acf8b9ebea4796,4869,0.0,0,4869.0,3,COD,CONFIRMED,Chennai,379449,2026-09-09 21:35:37.031623,2026-09-09
TL-ORD-174476C1C1,,sess_8a6386bd1eae46c2,956,0.0,99,1055.0,4,NetBanking,CONFIRMED,Chennai,185098,2026-08-18 22:40:17.125257,2026-08-18
TL-ORD-7939DA0A21,,sess_cb31f8c62fa74f2a,984,0.0,99,1083.0,5,UPI,CONFIRMED,Chennai,660749,2026-09-01 07:52:09.839988,2026-09-01
TL-ORD-29EABF8F00,11180.0,sess_8d877815bd8f4543,3041,0.0,0,3041.0,4,UPI,CONFIRMED,Mumbai,186907,2026-08-18 11:38:06.857025,2026-08-18
TL-ORD-853B67E0E7,6131.0,sess_9d50957d3f994b30,4237,635.55,0,3601.45,4,UPI,CONFIRMED,Delhi NCR,650234,2026-09-12 23:49:41.867542,2026-09-12
TL-ORD-38DD391B94,,sess_53367ddbd90b406c,5450,0.0,0,5450.0,2,Card,CONFIRMED,Delhi NCR,541720,2026-08-18 15:11:35.368735,2026-08-18
TL-ORD-8C7CC3B6D8,11104.0,sess_0ae300bc40cd41dc,1089,0.0,0,1089.0,3,COD,CONFIRMED,Delhi NCR,270984,2026-08-22 08:20:37.061885,2026-08-22
TL-ORD-0AC21D4BD3,10540.0,sess_39eb5ecb80f74546,1210,181.5,0,1028.5,2,COD,CONFIRMED,Chennai,549625,2026-09-10 17:29:27.097418,2026-09-10
TL-ORD-BF4A9ACBCF,,sess_3092404c8f5846ce,1450,217.5,0,1232.5,2,Card,CONFIRMED,Hyderabad,423555,2026-08-19 22:58:45.718584,2026-08-19
TL-ORD-9A75D85321,7544.0,sess_564d750d68db4d87,3499,524.85,0,2974.15,2,COD,CONFIRMED,Hyderabad,260582,2026-08-23 09:21:42.469017,2026-08-23
TL-ORD-5915632C7C,7043.0,sess_0d67e2dbe2354db6,5499,0.0,0,5499.0,3,COD,CONFIRMED,Mumbai,446145,2026-08-21 04:37:44.763662,2026-08-21
TL-ORD-8DB609A5EF,11981.0,sess_6036d960dc204d48,4299,644.85,0,3654.15,2,COD,CONFIRMED,Mumbai,490047,2026-08-21 18:20:30.715337,2026-08-21
TL-ORD-AB1CD28B1E,6942.0,sess_34d9d41af5df4968,4304,0.0,0,4304.0,4,UPI,CONFIRMED,Hyderabad,499070,2026-09-01 13:18:39.010295,2026-09-01
TL-ORD-CA26551334,6964.0,sess_6d18835ca15c4bc3,1542,231.3,0,1310.7,5,Card,CONFIRMED,Bengaluru,240656,2026-09-11 06:20:04.663447,2026-09-11
TL-ORD-EA0F0C06BD,6548.0,sess_a1efe02c4e5b4df4,2235,0.0,0,2235.0,3,NetBanking,CONFIRMED,Pune,245515,2026-08-21 23:51:37.199443,2026-08-21
TL-ORD-CB3D0F4827,,sess_eea758c098234093,4168,0.0,0,4168.0,3,UPI,CONFIRMED,Chennai,199581,2026-09-03 10:16:20.890791,2026-09-03
TL-ORD-13C4830C1B,9178.0,sess_0591d37038b846d1,3177,476.55,0,2700.45,3,COD,CONFIRMED,Hyderabad,566458,2026-09-02 09:11:44.359000,2026-09-02
TL-ORD-98D830C574,11942.0,sess_3dfeb3ef5fdd4221,3233,0.0,0,3233.0,3,COD,CONFIRMED,Bengaluru,643160,2026-08-16 05:02:19.307361,2026-08-16
TL-ORD-F8FC5CD99B,10287.0,sess_7f25a2217cb74fc4,4999,0.0,0,4999.0,3,Card,CONFIRMED,Chennai,581924,2026-09-06 12:13:32.967084,2026-09-06
TL-ORD-2A2892703C,6586.0,sess_a670462c29324102,4499,674.85,0,3824.15,2,UPI,CONFIRMED,Bengaluru,355283,2026-09-02 05:50:23.487327,2026-09-02
TL-ORD-349DF1D3F3,10755.0,sess_2ddcbb9a1a1140f2,1844,276.6,0,1567.4,3,UPI,CONFIRMED,Delhi NCR,479741,2026-08-30 23:09:21.037309,2026-08-30
TL-ORD-5ED250C9E3,7891.0,sess_479ca0d184384f22,1339,200.85,0,1138.15,3,Card,CONFIRMED,Bengaluru,481019,2026-09-06 01:36:01.073653,2026-09-06
TL-ORD-EE3095AB82,7177.0,sess_a88cceace8ae421c,2172,0.0,0,2172.0,6,COD,CONFIRMED,Mumbai,412791,2026-08-28 20:36:47.219169,2026-08-28
TL-ORD-F142C9F3A7,8055.0,sess_2822b60ea6214de9,1308,196.2,0,1111.8,3,COD,CONFIRMED,Pune,528373,2026-08-27 13:31:03.795075,2026-08-27
TL-ORD-4CEC61890B,,sess_09376d4fa9ea43ec,3174,0.0,0,3174.0,5,UPI,CONFIRMED,Chennai,655072,2026-09-05 08:18:43.318674,2026-09-05
TL-ORD-FDA8FCB7B6,11288.0,sess_95c02c0de3314b89,1875,281.25,0,1593.75,4,NetBanking,CONFIRMED,Hyderabad,425842,2026-09-04 00:46:23.553846,2026-09-04
TL-ORD-961CAC1415,10791.0,sess_1584337e95094ef6,2199,0.0,0,2199.0,4,UPI,CONFIRMED,Chennai,571333,2026-09-04 16:44:27.982744,2026-09-04
TL-ORD-4AC8C1B2EC,6626.0,sess_ba785eb51ab4488a,3577,0.0,0,3577.0,2,UPI,CONFIRMED,Pune,467396,2026-09-09 12:43:19.311609,2026-09-09
TL-ORD-2738F85035,9644.0,sess_a5c29b9a44064dd9,4596,689.4,0,3906.6,3,Card,CONFIRMED,Bengaluru,319953,2026-08-19 18:46:31.734572,2026-08-19
TL-ORD-C27E8CCB90,,sess_1e36f0af669746c5,2206,0.0,0,2206.0,3,NetBanking,CONFIRMED,Hyderabad,114692,2026-08-19 15:35:38.196413,2026-08-19
TL-ORD-3371513861,,sess_e0ceeca0d0b441a3,852,0.0,99,951.0,2,Card,CONFIRMED,Mumbai,510754,2026-09-03 08:20:31.099011,2026-09-03
TL-ORD-A2EA943882,6213.0,sess_0c989f172e66436f,984,0.0,99,1083.0,5,COD,CONFIRMED,Delhi NCR,316715,2026-08-31 01:14:49.537718,2026-08-31
TL-ORD-D3C3AFA558,6927.0,sess_df05def291cb4d29,1018,152.7,0,865.3,5,UPI,CONFIRMED,Mumbai,258076,2026-08-22 09:39:37.238545,2026-08-22
TL-ORD-E3F4F37D6D,7351.0,sess_22161b637f354b9c,2499,0.0,0,2499.0,3,UPI,CONFIRMED,Delhi NCR,435359,2026-09-08 04:50:32.361170,2026-09-08
TL-ORD-5B5A5BC911,9476.0,sess_f9ea0b111f61447f,5006,0.0,0,5006.0,6,UPI,CONFIRMED,Chennai,457258,2026-09-02 12:38:41.088559,2026-09-02
TL-ORD-8E085546B5,6066.0,sess_b7f0d8d523e8414d,1199,0.0,0,1199.0,2,UPI,CONFIRMED,Delhi NCR,409940,2026-09-11 03:09:06.605754,2026-09-11
TL-ORD-D7B2B946DB,,sess_0c79eedafdcc4a88,2640,0.0,0,2640.0,3,UPI,CONFIRMED,Bengaluru,177903,2026-08-20 16:39:41.889835,2026-08-20
TL-ORD-0D9F7E08EC,10773.0,sess_582f810ee559419a,1567,235.05,0,1331.95,3,Card,CONFIRMED,Hyderabad,399566,2026-09-12 23:58:25.491850,2026-09-12
TL-ORD-B8F27AB97A,6902.0,sess_9150b917dd7c4cbc,5184,0.0,0,5184.0,6,NetBanking,CONFIRMED,Mumbai,131754,2026-08-21 12:55:45.790875,2026-08-21
TL-ORD-DEEF3A3C29,6936.0,sess_e965c5f301be40f2,1506,0.0,0,1506.0,3,COD,CONFIRMED,Pune,698967,2026-08-28 18:59:21.381824,2026-08-28
TL-ORD-6486FBD3B5,9204.0,sess_09984e498f994372,1040,0.0,0,1040.0,2,UPI,CONFIRMED,Bengaluru,280525,2026-08-20 01:40:49.669843,2026-08-20
TL-ORD-A20E23F2C0,11520.0,sess_17d68b4053e547ea,1276,191.4,0,1084.6,5,Card,CONFIRMED,Bengaluru,211645,2026-08-22 00:01:30.214622,2026-08-22
TL-ORD-AD8EABCA0C,,sess_59b91f098d2d418a,5816,872.4,0,4943.6,2,NetBanking,CONFIRMED,Delhi NCR,153694,2026-08-16 15:18:59.398890,2026-08-16
TL-ORD-58815B6BF1,8536.0,sess_9fba0815595344f2,4992,0.0,0,4992.0,2,NetBanking,CONFIRMED,Mumbai,466656,2026-08-28 21:34:45.559970,2026-08-28
TL-ORD-BA6C2E2A78,11562.0,sess_1e02ab3e80f64cb5,1743,0.0,0,1743.0,3,NetBanking,CONFIRMED,Hyderabad,135540,2026-08-21 07:36:29.765070,2026-08-21
TL-ORD-10DBAE95C3,11696.0,sess_9bcc44b061de4481,2464,0.0,0,2464.0,3,COD,CONFIRMED,Pune,113487,2026-08-31 11:03:18.322511,2026-08-31
TL-ORD-E7F7A4FA96,,sess_f7dcf1b316a14ed4,2673,400.95,0,2272.05,2,UPI,CONFIRMED,Chennai,227668,2026-08-21 11:14:22.972215,2026-08-21
TL-ORD-23F976CFD4,,sess_887e0356fa4f4078,3708,0.0,0,3708.0,4,Card,CONFIRMED,Delhi NCR,419613,2026-09-07 00:36:24.817696,2026-09-07
TL-ORD-AEEB25BEEE,8166.0,sess_60df3fbdd16c4b53,1664,0.0,0,1664.0,3,UPI,CONFIRMED,Pune,498182,2026-08-27 10:01:08.026352,2026-08-27
TL-ORD-3BFE56085E,,sess_8da5d659155944e9,3938,590.7,0,3347.3,3,NetBanking,CONFIRMED,Mumbai,542644,2026-08-21 17:08:54.147072,2026-08-21
TL-ORD-E747B0E2BA,7293.0,sess_e073ea7f36cd4cd9,852,127.8,99,823.2,2,COD,CONFIRMED,Pune,408260,2026-08-28 10:50:20.478707,2026-08-28
TL-ORD-32B65DC374,11117.0,sess_e38138ced115431e,2499,374.85,0,2124.15,3,NetBanking,CONFIRMED,Bengaluru,626192,2026-09-03 01:24:54.477284,2026-09-03
TL-ORD-F6876CB5D4,7855.0,sess_b214e2a129944beb,1557,0.0,0,1557.0,4,COD,CONFIRMED,Bengaluru,306796,2026-09-12 22:11:04.437473,2026-09-12
TL-ORD-FB279B4544,7649.0,sess_82a2c455bf134747,7008,0.0,0,7008.0,3,COD,CONFIRMED,Delhi NCR,635801,2026-09-05 06:28:54.597273,2026-09-05
TL-ORD-852D378142,,sess_b59acea293ad451c,577,0.0,99,676.0,2,COD,CONFIRMED,Bengaluru,175958,2026-09-10 14:37:07.621422,2026-09-10
TL-ORD-26F1B4D071,8479.0,sess_ebb3eff92de34472,4132,0.0,0,4132.0,2,UPI,CONFIRMED,Pune,131149,2026-09-11 17:37:01.629234,2026-09-11
TL-ORD-BD6AA0A229,11916.0,sess_881e5072386f4f9f,3748,0.0,0,3748.0,2,Card,CONFIRMED,Hyderabad,111177,2026-09-11 08:33:32.089141,2026-09-11
TL-ORD-DDB9C8E994,,sess_823c1ea873a944ad,3777,0.0,0,3777.0,4,COD,CONFIRMED,Chennai,341994,2026-08-29 12:22:49.361453,2026-08-29
TL-ORD-862C4A8500,8295.0,sess_d7fd6d195cf64ad4,1557,233.55,0,1323.45,4,NetBanking,CONFIRMED,Mumbai,125053,2026-09-04 11:43:43.766041,2026-09-04
TL-ORD-D2267DB38B,,sess_617ace0287294ae3,2312,0.0,0,2312.0,5,Card,CONFIRMED,Mumbai,323677,2026-09-11 23:45:56.591594,2026-09-11
TL-ORD-AC43BD621C,7404.0,sess_0ddf0cbccbcc4fd6,3976,0.0,0,3976.0,2,UPI,CONFIRMED,Chennai,454180,2026-08-21 16:11:17.181822,2026-08-21
TL-ORD-AABD7636FC,,sess_59b8dcf961174484,1450,0.0,0,1450.0,2,Card,CONFIRMED,Delhi NCR,418598,2026-09-02 17:35:03.009714,2026-09-02
TL-ORD-4E1EE36507,9683.0,sess_d1c7cdb6f38942da,4596,0.0,0,4596.0,3,Card,CONFIRMED,Bengaluru,282206,2026-09-01 12:15:02.238396,2026-09-01
TL-ORD-FD3DE7EE97,7501.0,sess_34d8599996af4cfa,1728,0.0,0,1728.0,2,COD,CONFIRMED,Hyderabad,354998,2026-09-05 18:29:09.116143,2026-09-05
TL-ORD-0FFEEBF775,,sess_d2b0620f5f344d2b,3410,511.5,0,2898.5,4,UPI,CONFIRMED,Bengaluru,641013,2026-08-18 14:21:35.672355,2026-08-18
TL-ORD-9FE0620F30,10443.0,sess_50339dbfc89b4116,2350,352.5,0,1997.5,2,UPI,CONFIRMED,Pune,521522,2026-09-09 14:01:22.855677,2026-09-09
TL-ORD-10D6E63D13,6811.0,sess_96f124863a994b69,2662,399.3,0,2262.7,2,UPI,CONFIRMED,Mumbai,383155,2026-09-10 18:39:04.580185,2026-09-10
TL-ORD-5F4B8403F0,9651.0,sess_881641d22d34449e,6188,0.0,0,6188.0,2,NetBanking,CONFIRMED,Chennai,308794,2026-08-30 07:08:06.467344,2026-08-30
TL-ORD-C17A8D6B16,9718.0,sess_e0833c866695411d,4481,672.15,0,3808.85,5,Card,CONFIRMED,Pune,418814,2026-08-15 06:54:50.148843,2026-08-15
TL-ORD-561CEC7641,11725.0,sess_4c410a66282c4a63,894,0.0,99,993.0,2,NetBanking,CONFIRMED,Delhi NCR,216127,2026-08-25 01:39:00.092930,2026-08-25
TL-ORD-57CA57EAF6,10352.0,sess_76a31b7cf2324eb5,1089,163.35,0,925.65,3,Card,CONFIRMED,Chennai,616863,2026-08-18 06:15:53.871019,2026-08-18
TL-ORD-C04B960F42,6586.0,sess_7b8d8d6922014fdf,1299,0.0,0,1299.0,3,UPI,CONFIRMED,Mumbai,288369,2026-09-03 01:58:31.026304,2026-09-03
TL-ORD-D7EAA5C4B7,,sess_d0365624726841bc,2312,346.8,0,1965.2,5,COD,CONFIRMED,Delhi NCR,302289,2026-09-10 03:42:49.742963,2026-09-10
TL-ORD-07A5927A91,11240.0,sess_373cdd11e0534989,1263,0.0,0,1263.0,5,UPI,CONFIRMED,Chennai,592673,2026-08-23 16:00:28.805461,2026-08-23
TL-ORD-1C3126A112,9265.0,sess_a2b8fdb80d8040c0,1533,229.95,0,1303.05,2,Card,CONFIRMED,Chennai,125005,2026-08-27 20:23:17.244153,2026-08-27
TL-ORD-CC7A0189F3,11937.0,sess_7068837bac5d43ab,2279,341.85,0,1937.15,4,UPI,CONFIRMED,Mumbai,585399,2026-08-16 21:43:24.238112,2026-08-16
TL-ORD-34E1E978B3,8400.0,sess_8b4e5ccc16294d1e,4079,0.0,0,4079.0,2,COD,CONFIRMED,Hyderabad,154956,2026-08-25 16:01:44.508556,2026-08-25
TL-ORD-B59FCF0CC0,11179.0,sess_6b78806eaf8445db,1179,0.0,0,1179.0,2,UPI,CONFIRMED,Bengaluru,228304,2026-08-25 14:53:06.608123,2026-08-25
TL-ORD-D0881E8AB1,8932.0,sess_d29ac3ca08c74368,2172,0.0,0,2172.0,6,UPI,CONFIRMED,Hyderabad,278703,2026-08-18 01:00:42.639454,2026-08-18
TL-ORD-3B085F42FA,7264.0,sess_d1ded50af5974423,1971,295.65,0,1675.35,3,Card,CONFIRMED,Mumbai,140552,2026-08-29 17:45:11.188471,2026-08-29
TL-ORD-FE9BB27CF1,6570.0,sess_57adca64fe844a89,2388,358.2,0,2029.8,4,Card,CONFIRMED,Chennai,349036,2026-09-01 14:32:58.861390,2026-09-01
TL-ORD-23BD63D75B,,sess_f4ce226a841f47c5,4965,744.75,0,4220.25,4,NetBanking,CONFIRMED,Chennai,240342,2026-08-30 13:57:52.290713,2026-08-30
TL-ORD-900D0AD879,10926.0,sess_36190c4bf7904047,3712,0.0,0,3712.0,2,Card,CONFIRMED,Mumbai,648551,2026-08-28 07:47:54.310877,2026-08-28
TL-ORD-035B2C765B,9142.0,sess_2294da97c514432e,2388,0.0,0,2388.0,4,Card,CONFIRMED,Delhi NCR,659394,2026-09-03 22:05:27.922920,2026-09-03
TL-ORD-123E604EFF,,sess_e8cf0a6535bf42c8,2792,0.0,0,2792.0,2,NetBanking,CONFIRMED,Chennai,150104,2026-09-01 18:44:45.591644,2026-09-01
TL-ORD-611C197C8C,,sess_fc02154c9ce94df6,751,0.0,99,850.0,4,UPI,CONFIRMED,Chennai,176627,2026-08-30 14:24:15.270940,2026-08-30
TL-ORD-9F4C2C7613,7243.0,sess_93b8844b1d7b405d,1774,266.1,0,1507.9,2,COD,CONFIRMED,Delhi NCR,142986,2026-09-06 13:41:44.402167,2026-09-06
TL-ORD-186BD03DE6,9951.0,sess_f61c593147d74ff0,3777,0.0,0,3777.0,4,NetBanking,CONFIRMED,Bengaluru,496768,2026-08-21 09:22:53.236584,2026-08-21
TL-ORD-7BEF56EC16,6586.0,sess_fa706fe96e774ff5,4758,0.0,0,4758.0,2,COD,CONFIRMED,Hyderabad,134176,2026-08-16 02:14:20.852874,2026-08-16
TL-ORD-0F08FB62D3,7412.0,sess_3cf6a25579c84337,1954,0.0,0,1954.0,6,Card,CONFIRMED,Bengaluru,695007,2026-08-26 18:47:13.892646,2026-08-26
TL-ORD-1316659D11,7265.0,sess_179d04631a784eed,4817,722.55,0,4094.45,2,Card,CONFIRMED,Bengaluru,388225,2026-09-05 15:27:46.460680,2026-09-05
TL-ORD-F395EE8873,,sess_1dfff5733525414b,2589,388.35,0,2200.65,2,COD,CONFIRMED,Delhi NCR,580420,2026-09-09 20:41:30.209688,2026-09-09
TL-ORD-8F3C70ECC5,,sess_815d3af3ec764c24,2235,335.25,0,1899.75,3,UPI,CONFIRMED,Bengaluru,647372,2026-08-27 12:16:17.505283,2026-08-27
TL-ORD-0A2D50B475,8353.0,sess_0928ce4f43764673,4481,0.0,0,4481.0,5,NetBanking,CONFIRMED,Chennai,601330,2026-09-05 02:12:18.903441,2026-09-05
TL-ORD-4A709A2582,7160.0,sess_a4bd0a04f9194202,984,0.0,99,1083.0,5,COD,CONFIRMED,Chennai,562469,2026-09-10 09:39:21.843757,2026-09-10
TL-ORD-DD853D99A8,10946.0,sess_94fe0cebb2d24950,2195,0.0,0,2195.0,4,UPI,CONFIRMED,Bengaluru,531718,2026-09-05 08:18:00.663122,2026-09-05
TL-ORD-4B1F4DF9A8,6530.0,sess_c9011a1b94554f53,2116,0.0,0,2116.0,2,Card,CONFIRMED,Hyderabad,466079,2026-09-03 23:21:34.603986,2026-09-03
TL-ORD-53DDB07C3F,10208.0,sess_a14eeb35f46249c3,3775,0.0,0,3775.0,5,UPI,CONFIRMED,Bengaluru,638755,2026-09-04 02:45:24.097038,2026-09-04
TL-ORD-62F4ECCF4B,10089.0,sess_6281aff7ed254f21,1103,0.0,0,1103.0,5,UPI,CONFIRMED,Delhi NCR,658593,2026-09-12 11:49:30.760777,2026-09-12
TL-ORD-6B1AEBCB62,10700.0,sess_4433c8031afc4f00,2464,369.6,0,2094.4,3,COD,CONFIRMED,Bengaluru,562188,2026-08-28 13:07:43.759423,2026-08-28
TL-ORD-ADE74798BB,8848.0,sess_5364ba73e7e4430b,4304,0.0,0,4304.0,4,COD,CONFIRMED,Pune,176715,2026-09-06 16:51:09.130852,2026-09-06
TL-ORD-24A6AB2187,11415.0,sess_1676339274ae4f19,3246,0.0,0,3246.0,6,NetBanking,CONFIRMED,Chennai,572733,2026-09-05 04:52:02.491483,2026-09-05
TL-ORD-C951D97B3A,,sess_0b16ffb346504b05,2238,0.0,0,2238.0,3,NetBanking,CONFIRMED,Bengaluru,453097,2026-08-19 12:49:17.100566,2026-08-19
TL-ORD-DFAEE2714C,6547.0,sess_8cdaed1455b44d4b,3041,456.15,0,2584.85,4,UPI,CONFIRMED,Bengaluru,668572,2026-09-11 15:40:00.265462,2026-09-11
TL-ORD-B82B40E4ED,,sess_fa42c0b360eb4381,2450,0.0,0,2450.0,3,COD,CONFIRMED,Pune,217671,2026-08-27 10:32:41.747516,2026-08-27
TL-ORD-4B8FD55BFE,11019.0,sess_344d441556294d57,5006,0.0,0,5006.0,6,COD,CONFIRMED,Delhi NCR,211904,2026-09-07 06:47:00.815115,2026-09-07
TL-ORD-770EFDFBC7,8420.0,sess_6f74925a342b4927,1739,260.85,0,1478.15,5,COD,CONFIRMED,Mumbai,367539,2026-08-25 10:01:06.568640,2026-08-25
TL-ORD-91594F5682,8009.0,sess_8dedf89ed9314f3c,1040,156.0,0,884.0,2,NetBanking,CONFIRMED,Chennai,585667,2026-08-25 08:52:20.495533,2026-08-25
TL-ORD-8DABB704F8,6666.0,sess_d8145030f0e84427,3421,0.0,0,3421.0,6,Card,CONFIRMED,Hyderabad,116309,2026-08-17 01:16:52.841305,2026-08-17
TL-ORD-D3C5A5E667,7920.0,sess_8b650883c50f4e4d,1103,165.45,0,937.55,2,Card,CONFIRMED,Hyderabad,381007,2026-08-22 17:43:48.167657,2026-08-22
TL-ORD-58838DB1A7,11964.0,sess_69a01eaf842f4a8e,3499,0.0,0,3499.0,3,Card,CONFIRMED,Chennai,411707,2026-08-21 23:12:27.748498,2026-08-21
TL-ORD-BCD30C25D5,11944.0,sess_bd9dd2545f074eef,3481,0.0,0,3481.0,5,NetBanking,CONFIRMED,Hyderabad,175334,2026-08-21 04:58:59.148830,2026-08-21
TL-ORD-3266231702,11489.0,sess_b234f1da4f4a4429,1018,0.0,0,1018.0,5,UPI,CONFIRMED,Mumbai,390512,2026-09-03 16:21:00.804973,2026-09-03
TL-ORD-1CA3DCE59C,11418.0,sess_6ff7db3056eb4ed0,1089,0.0,0,1089.0,3,NetBanking,CONFIRMED,Hyderabad,475457,2026-09-05 04:23:11.724580,2026-09-05
TL-ORD-4FF37AA6BD,11551.0,sess_0dbd5ae2f74b4515,2794,419.1,0,2374.9,5,NetBanking,CONFIRMED,Bengaluru,450379,2026-08-23 03:40:22.041826,2026-08-23
TL-ORD-1C58DCD4EC,8712.0,sess_2bedc5e6c31a43aa,3775,566.25,0,3208.75,5,NetBanking,CONFIRMED,Hyderabad,314329,2026-08-24 02:16:35.195204,2026-08-24
TL-ORD-86F82D6F80,9504.0,sess_e91ade8e467840a1,1500,0.0,0,1500.0,3,Card,CONFIRMED,Bengaluru,593302,2026-08-30 10:55:58.489445,2026-08-30
TL-ORD-8BB5E156EF,,sess_f57137f271794068,1664,0.0,0,1664.0,3,UPI,CONFIRMED,Bengaluru,633422,2026-08-25 20:25:37.562947,2026-08-25
TL-ORD-9AEE1E9498,9676.0,sess_8b8ddaf9e2a54759,1103,165.45,0,937.55,5,Card,CONFIRMED,Delhi NCR,111606,2026-09-12 08:24:22.532213,2026-09-12
TL-ORD-9800B4F093,7826.0,sess_e429ad2370814485,2464,0.0,0,2464.0,3,COD,CONFIRMED,Hyderabad,370584,2026-09-12 15:02:04.571061,2026-09-12
TL-ORD-327EEE7A35,8668.0,sess_ab4275c734fb4a26,3499,0.0,0,3499.0,3,UPI,CONFIRMED,Mumbai,468771,2026-09-07 19:14:07.398672,2026-09-07
TL-ORD-4C8BD72B3D,,sess_d0c5b8ecbf424a81,4299,644.85,0,3654.15,2,COD,CONFIRMED,Delhi NCR,592205,2026-09-09 13:51:39.947447,2026-09-09
TL-ORD-499B7BF9DF,,sess_0ee78dbdabcb4fff,1506,0.0,0,1506.0,3,NetBanking,CONFIRMED,Mumbai,199285,2026-08-17 11:27:57.577708,2026-08-17
TL-ORD-CA2AB02E27,10338.0,sess_27464dcc42a9478e,2435,0.0,0,2435.0,2,NetBanking,CONFIRMED,Mumbai,220115,2026-09-10 00:22:36.531522,2026-09-10
TL-ORD-3803106A1F,10393.0,sess_d0e26df27efb4a35,4596,0.0,0,4596.0,3,NetBanking,CONFIRMED,Hyderabad,402131,2026-08-31 19:50:08.274252,2026-08-31
TL-ORD-BD19E44503,10697.0,sess_50bcb4bef0b64bc1,3976,596.4,0,3379.6,2,UPI,CONFIRMED,Hyderabad,193491,2026-09-08 05:53:37.851803,2026-09-08
TL-ORD-21FC337114,8848.0,sess_815970e9b13c4ef6,2235,0.0,0,2235.0,3,Card,CONFIRMED,Delhi NCR,242420,2026-09-05 13:45:40.345560,2026-09-05
TL-ORD-E15DE64F51,6482.0,sess_04ffacc022e14411,2538,380.7,0,2157.3,2,Card,CONFIRMED,Delhi NCR,209803,2026-09-10 06:51:35.831315,2026-09-10
TL-ORD-8A795060EB,10107.0,sess_ddb14f19c0ef4057,1263,0.0,0,1263.0,5,COD,CONFIRMED,Hyderabad,267545,2026-09-01 05:59:59.938565,2026-09-01
TL-ORD-BC84437845,6204.0,sess_e2d47da9d44247f1,1542,0.0,0,1542.0,5,UPI,CONFIRMED,Delhi NCR,274705,2026-08-16 08:54:44.910828,2026-08-16
TL-ORD-72AF6E9109,,sess_ded7f9a4e3094458,999,149.85,0,849.15,6,Card,CONFIRMED,Chennai,298954,2026-08-28 13:21:56.319218,2026-08-28
TL-ORD-B26B869B3A,,sess_217ee8a2c31b4dd9,1179,176.85,0,1002.15,2,NetBanking,CONFIRMED,Bengaluru,234885,2026-08-31 18:38:00.892881,2026-08-31
TL-ORD-275C311B00,11975.0,sess_a26c78d2e6744b6a,6489,0.0,0,6489.0,2,UPI,CONFIRMED,Hyderabad,691990,2026-08-24 20:33:45.362993,2026-08-24
TL-ORD-EDDF90AAC2,,sess_45275439888e41c6,2673,0.0,0,2673.0,2,NetBanking,CONFIRMED,Mumbai,420479,2026-08-29 22:43:23.308206,2026-08-29
TL-ORD-76E561AA6E,8493.0,sess_5ae8d749549442e7,1899,0.0,0,1899.0,2,COD,CONFIRMED,Mumbai,295487,2026-09-02 02:48:51.715743,2026-09-02
TL-ORD-896829157A,,sess_54f5788e95ab46b2,5450,0.0,0,5450.0,3,COD,CONFIRMED,Hyderabad,569931,2026-09-05 08:58:41.694812,2026-09-05
TL-ORD-ABCC705A26,11528.0,sess_d1966f54b5c84088,1557,0.0,0,1557.0,4,COD,CONFIRMED,Pune,198179,2026-09-02 19:52:46.001612,2026-09-02
TL-ORD-5B3068C774,9965.0,sess_f3c1ab4982cf489f,1952,0.0,0,1952.0,2,NetBanking,CONFIRMED,Bengaluru,284872,2026-09-04 13:34:10.926644,2026-09-04
TL-ORD-60486BAD93,,sess_5a13d1748cb9473b,2792,418.8,0,2373.2,2,COD,CONFIRMED,Hyderabad,322106,2026-08-31 09:22:39.492120,2026-08-31
TL-ORD-176D4C6259,,sess_9efa51e088ad44b8,4759,0.0,0,4759.0,4,Card,CONFIRMED,Delhi NCR,602329,2026-09-02 13:29:06.337378,2026-09-02
TL-ORD-A2A1A833FC,8470.0,sess_c454319677374b0a,1557,0.0,0,1557.0,4,Card,CONFIRMED,Mumbai,371664,2026-09-03 14:26:39.626340,2026-09-03
TL-ORD-D0D8660697,6950.0,sess_c927902827f740ea,5659,848.85,0,4810.15,2,UPI,CONFIRMED,Hyderabad,508090,2026-09-06 08:59:20.935155,2026-09-06
TL-ORD-6326659E1F,10846.0,sess_6651aeb847fb4dc9,802,120.3,99,780.7,2,NetBanking,CONFIRMED,Chennai,377861,2026-08-25 05:46:17.615131,2026-08-25
TL-ORD-095CD9D6F7,8065.0,sess_e33efb5ca9bf4fff,2622,393.3,0,2228.7,3,COD,CONFIRMED,Mumbai,559175,2026-09-04 23:23:41.822073,2026-09-04
TL-ORD-C2A47AF47D,10365.0,sess_fb2664a85e614272,4284,0.0,0,4284.0,2,NetBanking,CONFIRMED,Pune,267140,2026-08-22 11:03:53.897473,2026-08-22
TL-ORD-9172C2AD01,6738.0,sess_5fc11abf990942da,1739,0.0,0,1739.0,5,UPI,CONFIRMED,Bengaluru,337689,2026-08-31 17:45:58.901913,2026-08-31
TL-ORD-254D9E3EC8,,sess_96ebd6a1fb7540b7,2195,0.0,0,2195.0,4,UPI,CONFIRMED,Delhi NCR,201019,2026-09-02 17:35:36.073493,2026-09-02
TL-ORD-7F598F8E7F,11416.0,sess_3036cecfac8043af,5070,0.0,0,5070.0,5,NetBanking,CONFIRMED,Delhi NCR,296505,2026-09-03 17:26:44.448160,2026-09-03
TL-ORD-327224F671,9512.0,sess_f6d7866cd941441e,4759,0.0,0,4759.0,4,NetBanking,CONFIRMED,Delhi NCR,161212,2026-08-19 23:37:37.279863,2026-08-19
TL-ORD-7FD331B966,6005.0,sess_0ca0ba8625b747ca,859,128.85,99,829.15,2,UPI,CONFIRMED,Mumbai,186494,2026-08-27 13:39:15.913808,2026-08-27
TL-ORD-F61F2D28B7,7976.0,sess_eed1b79da2574a6f,869,0.0,99,968.0,3,NetBanking,CONFIRMED,Hyderabad,510740,2026-09-09 08:08:27.472859,2026-09-09
TL-ORD-5014DCD14C,9317.0,sess_a8e63c49f30444eb,2199,329.85,0,1869.15,4,COD,CONFIRMED,Hyderabad,534792,2026-09-12 04:21:22.015033,2026-09-12
TL-ORD-F36C8A4D0E,,sess_4b02cdbbf5524292,802,120.3,99,780.7,2,Card,CONFIRMED,Mumbai,436363,2026-08-28 20:36:05.645686,2026-08-28
TL-ORD-DADFDB8B9D,,sess_dbc675c7aed54266,1557,233.55,0,1323.45,4,COD,CONFIRMED,Hyderabad,449506,2026-09-01 22:00:46.614451,2026-09-01
TL-ORD-B6C1136A05,9075.0,sess_b545b7204f724a45,5509,826.35,0,4682.65,5,NetBanking,CONFIRMED,Hyderabad,504060,2026-08-28 10:58:41.727480,2026-08-28
TL-ORD-95F9BDE386,8724.0,sess_57df591894164186,1724,0.0,0,1724.0,4,NetBanking,CONFIRMED,Bengaluru,554922,2026-08-25 03:40:36.543578,2026-08-25
TL-ORD-A1B04B8919,6205.0,sess_5e3e9fb90bdc4152,2199,0.0,0,2199.0,4,COD,CONFIRMED,Delhi NCR,558528,2026-09-05 12:28:35.318915,2026-09-05
TL-ORD-1335410BF1,11326.0,sess_b05b371e06094664,3844,0.0,0,3844.0,2,Card,CONFIRMED,Bengaluru,471071,2026-09-03 06:19:10.405301,2026-09-03
TL-ORD-1E77DCBBAB,,sess_5a98a87ec37d4d69,3090,0.0,0,3090.0,2,UPI,CONFIRMED,Chennai,618393,2026-08-16 06:30:02.603182,2026-08-16
TL-ORD-2A32CBF7FC,8588.0,sess_a802dd60a57b411a,1450,217.5,0,1232.5,2,UPI,CONFIRMED,Bengaluru,549572,2026-08-22 02:59:24.310862,2026-08-22
TL-ORD-1EE1C9865D,10532.0,sess_4e5fadac1c8247c9,1179,0.0,0,1179.0,2,NetBanking,CONFIRMED,Pune,220850,2026-09-04 12:57:47.553063,2026-09-04
TL-ORD-C3394592BD,6278.0,sess_f6e2d9862aab442c,1044,0.0,0,1044.0,3,UPI,CONFIRMED,Chennai,218035,2026-09-04 11:46:05.361676,2026-09-04
TL-ORD-4F3F0EFDCA,8507.0,sess_aca5785684a5471f,1899,0.0,0,1899.0,2,COD,CONFIRMED,Mumbai,343935,2026-08-28 00:53:08.254894,2026-08-28
TL-ORD-064C630712,10458.0,sess_26da80f403c942ee,1914,0.0,0,1914.0,3,NetBanking,CONFIRMED,Hyderabad,638764,2026-09-06 01:24:49.632360,2026-09-06
TL-ORD-32778D1C41,8541.0,sess_935eaa9772a24053,1739,260.85,0,1478.15,5,NetBanking,CONFIRMED,Hyderabad,663257,2026-08-16 17:21:09.191841,2026-08-16
TL-ORD-6E56301EB6,,sess_3822077c9a454ea4,3481,522.15,0,2958.85,5,Card,CONFIRMED,Bengaluru,387751,2026-08-22 06:23:00.011153,2026-08-22
TL-ORD-D25B23A792,10888.0,sess_c3a53a7a68a54f75,751,0.0,99,850.0,4,COD,CONFIRMED,Delhi NCR,491695,2026-08-19 20:32:43.073439,2026-08-19
TL-ORD-B3E3EB5D87,10306.0,sess_d55b590b4b234bd8,751,0.0,99,850.0,4,COD,CONFIRMED,Delhi NCR,462415,2026-09-02 08:37:53.324774,2026-09-02
TL-ORD-E5EE0BCFD5,,sess_b24a60de8d714b8d,3282,0.0,0,3282.0,4,UPI,CONFIRMED,Chennai,144882,2026-08-29 18:21:55.631598,2026-08-29
TL-ORD-6ED8F97A54,11910.0,sess_c9e7687d9df14db5,3899,584.85,0,3314.15,2,Card,CONFIRMED,Chennai,517664,2026-08-27 08:46:38.788796,2026-08-27
TL-ORD-424DB8B200,7149.0,sess_3890382544b849fb,4999,0.0,0,4999.0,3,Card,CONFIRMED,Chennai,234175,2026-09-13 19:35:16.351091,2026-09-13
TL-ORD-EC77C8C755,9562.0,sess_83036efd188f4d37,2450,367.5,0,2082.5,3,COD,CONFIRMED,Bengaluru,640874,2026-09-03 20:40:45.694124,2026-09-03
TL-ORD-D724EEC936,,sess_cb9e0704c7204737,3177,0.0,0,3177.0,3,Card,CONFIRMED,Chennai,450184,2026-08-14 23:46:48.579007,2026-08-14
TL-ORD-3C1A475000,9517.0,sess_5947c41a959e4e70,5184,777.6,0,4406.4,6,COD,CONFIRMED,Pune,657711,2026-08-21 03:59:52.594428,2026-08-21
TL-ORD-273BD4149E,9250.0,sess_38af8c1f7a9f4637,4999,0.0,0,4999.0,3,Card,CONFIRMED,Delhi NCR,580157,2026-08-20 09:49:07.189140,2026-08-20
TL-ORD-7C37C1FC76,,sess_641e9134b68d4205,3899,584.85,0,3314.15,2,COD,CONFIRMED,Chennai,386317,2026-08-15 09:16:44.255839,2026-08-15
TL-ORD-D36C209621,,sess_584a098d5000492c,1684,0.0,0,1684.0,2,Card,CONFIRMED,Pune,310662,2026-08-17 11:09:53.987254,2026-08-17
TL-ORD-2B349779C9,10892.0,sess_f4faab4b1b2a4cd1,2195,0.0,0,2195.0,4,UPI,CONFIRMED,Delhi NCR,613237,2026-09-13 05:10:50.876760,2026-09-13
TL-ORD-C05D702E86,11085.0,sess_1380da0fd90242fd,2142,321.3,0,1820.7,3,UPI,CONFIRMED,Hyderabad,636010,2026-08-16 09:14:13.159091,2026-08-16
TL-ORD-699C7CBD79,8315.0,sess_9925464a86a3418e,4320,648.0,0,3672.0,4,NetBanking,CONFIRMED,Bengaluru,238170,2026-09-07 03:50:56.927415,2026-09-07
TL-ORD-753E0A8CBE,6287.0,sess_41da116fc4b646c8,3899,0.0,0,3899.0,2,UPI,CONFIRMED,Hyderabad,599719,2026-08-28 06:54:45.297974,2026-08-28
TL-ORD-7C23D481CA,,sess_ef980408adc846f8,2799,419.85,0,2379.15,5,Card,CONFIRMED,Pune,338032,2026-08-25 06:17:56.326403,2026-08-25
TL-ORD-99599434F8,,sess_7a84e385e3514c1c,2195,329.25,0,1865.75,4,NetBanking,CONFIRMED,Bengaluru,624443,2026-08-18 20:32:07.491686,2026-08-18
TL-ORD-B2F90F78FF,,sess_8d086793d4a84a6c,3389,508.35,0,2880.65,2,COD,CONFIRMED,Pune,572846,2026-08-21 05:37:25.276778,2026-08-21
TL-ORD-A88F84C440,9483.0,sess_4335d3d92a274899,999,0.0,0,999.0,2,UPI,CONFIRMED,Delhi NCR,315358,2026-08-30 21:23:20.538571,2026-08-30
TL-ORD-C54C594FBF,6657.0,sess_241c2e6b45dc4a82,2640,396.0,0,2244.0,3,UPI,CONFIRMED,Mumbai,688309,2026-08-18 03:44:42.681800,2026-08-18
TL-ORD-6DAC1CB891,10612.0,sess_6a457bf5cb2f4149,3471,520.65,0,2950.35,3,NetBanking,CONFIRMED,Delhi NCR,598953,2026-09-12 11:37:15.986834,2026-09-12
TL-ORD-42505883A5,,sess_179e28b968d045db,3499,0.0,0,3499.0,3,UPI,CONFIRMED,Pune,567072,2026-09-12 07:29:52.411190,2026-09-12
TL-ORD-D6790AE63D,9552.0,sess_4616825e4f1049d5,2792,0.0,0,2792.0,2,NetBanking,CONFIRMED,Bengaluru,506432,2026-08-30 03:55:08.163899,2026-08-30
TL-ORD-1C79AA5A2C,8064.0,sess_d38202af6dac424d,852,0.0,99,951.0,2,UPI,CONFIRMED,Mumbai,397215,2026-09-05 04:06:20.467573,2026-09-05
TL-ORD-163509F172,6640.0,sess_ca660f3fec724c6c,4645,0.0,0,4645.0,2,Card,CONFIRMED,Mumbai,381018,2026-09-07 22:14:35.736195,2026-09-07
TL-ORD-D5C4733A00,,sess_46aef33881f94aaa,3879,581.85,0,3297.15,5,COD,CONFIRMED,Delhi NCR,576183,2026-08-28 10:10:24.239139,2026-08-28
TL-ORD-E442F6AD83,,sess_c5c890b461814ff4,7008,1051.2,0,5956.8,3,NetBanking,CONFIRMED,Delhi NCR,125231,2026-08-16 19:20:10.716424,2026-08-16
TL-ORD-421261A98E,,sess_634b87d38e3c47f5,3674,0.0,0,3674.0,5,NetBanking,CONFIRMED,Pune,428837,2026-09-04 08:44:57.687826,2026-09-04
TL-ORD-B9F15AAE1A,10975.0,sess_a4931a9ef7584cd7,956,0.0,99,1055.0,4,UPI,CONFIRMED,Pune,551992,2026-08-24 05:11:19.034116,2026-08-24
TL-ORD-7E63FA06A8,10892.0,sess_dedf0eaa333545bf,2142,0.0,0,2142.0,3,Card,CONFIRMED,Delhi NCR,237954,2026-08-17 16:39:50.621201,2026-08-17
TL-ORD-9733409459,9076.0,sess_eda2d79b7067401f,4999,749.85,0,4249.15,3,UPI,CONFIRMED,Bengaluru,250995,2026-09-05 21:53:08.178919,2026-09-05
TL-ORD-7508195466,10674.0,sess_fb6c0a95bf924680,3857,0.0,0,3857.0,5,UPI,CONFIRMED,Delhi NCR,684350,2026-09-07 10:08:19.537223,2026-09-07
TL-ORD-791A754C79,,sess_79760feb07c64809,4965,0.0,0,4965.0,4,NetBanking,CONFIRMED,Chennai,521362,2026-08-16 00:35:28.389800,2026-08-16
TL-ORD-5CC7491AEB,,sess_bdb567a6d2d84d35,3174,476.1,0,2697.9,5,COD,CONFIRMED,Delhi NCR,131661,2026-08-24 06:09:24.081684,2026-08-24
TL-ORD-10E91F2C6D,,sess_c785c35d8ff246d5,1914,0.0,0,1914.0,3,UPI,CONFIRMED,Mumbai,247846,2026-08-23 01:39:50.288474,2026-08-23
TL-ORD-97B79656E4,6296.0,sess_df88ca389e61467a,1339,200.85,0,1138.15,3,UPI,CONFIRMED,Bengaluru,387087,2026-08-23 05:51:40.867877,2026-08-23
TL-ORD-B29F83A354,,sess_a988a2f35c3349b1,4897,0.0,0,4897.0,3,NetBanking,CONFIRMED,Pune,591984,2026-08-22 09:54:15.681866,2026-08-22
TL-ORD-CD5E987307,6367.0,sess_a8acc165732349ed,7844,0.0,0,7844.0,2,Card,CONFIRMED,Bengaluru,414163,2026-08-28 22:09:55.562287,2026-08-28
TL-ORD-79983BEBB9,8011.0,sess_3303e28a0c454005,3481,522.15,0,2958.85,5,COD,CONFIRMED,Delhi NCR,281292,2026-09-12 21:36:21.185777,2026-09-12
TL-ORD-0A67DE9581,9993.0,sess_ed227141016a4f33,1670,0.0,0,1670.0,2,UPI,CONFIRMED,Chennai,488553,2026-08-29 21:36:38.110681,2026-08-29
TL-ORD-E4CDC83BF1,7969.0,sess_004a1e1ec3c9439a,4079,0.0,0,4079.0,2,NetBanking,CONFIRMED,Mumbai,528885,2026-09-12 16:36:00.624422,2026-09-12
TL-ORD-375F539B60,8202.0,sess_39f90b5f6bae4dba,2631,394.65,0,2236.35,2,Card,CONFIRMED,Hyderabad,628454,2026-08-19 07:18:02.289683,2026-08-19
TL-ORD-1020FC2339,8173.0,sess_1f4ae2a0865a4e5d,829,0.0,99,928.0,6,NetBanking,CONFIRMED,Bengaluru,351909,2026-08-25 18:25:10.611082,2026-08-25
TL-ORD-3C8532F0F3,8108.0,sess_8f69c10fe7ed4eeb,2769,0.0,0,2769.0,2,COD,CONFIRMED,Delhi NCR,628371,2026-09-03 20:12:02.272438,2026-09-03
TL-ORD-B8C0154DD1,,sess_7648e7d200634cdb,1664,249.6,0,1414.4,3,Card,CONFIRMED,Bengaluru,417842,2026-08-27 18:26:04.802154,2026-08-27
TL-ORD-1DAB3D5A0D,,sess_8e565890f56e4503,999,0.0,0,999.0,2,Card,CONFIRMED,Delhi NCR,538344,2026-09-07 15:53:14.010620,2026-09-07
TL-ORD-020DA29420,6335.0,sess_701c7ee5114a4bf4,3708,556.2,0,3151.8,4,NetBanking,CONFIRMED,Hyderabad,588287,2026-09-07 06:55:31.021409,2026-09-07
TL-ORD-F568FB0E9E,,sess_af698e93204c4b13,3316,0.0,0,3316.0,3,COD,CONFIRMED,Hyderabad,237171,2026-09-13 10:36:39.394323,2026-09-13
TL-ORD-87BCD94F5C,,sess_a0e76b2e19654f91,3499,0.0,0,3499.0,2,NetBanking,CONFIRMED,Hyderabad,498853,2026-09-06 11:53:13.913020,2026-09-06
TL-ORD-5DCE912C33,10605.0,sess_ff182d8ec7914e58,2717,407.55,0,2309.45,3,NetBanking,CONFIRMED,Bengaluru,637616,2026-08-18 07:21:34.203217,2026-08-18
TL-ORD-118E649A66,6053.0,sess_c0c321aa896c4160,743,111.45,99,730.55,3,UPI,CONFIRMED,Pune,272967,2026-08-31 07:00:58.065918,2026-08-31
TL-ORD-AD75E2533E,,sess_491248aaa5f04974,2116,0.0,0,2116.0,2,NetBanking,CONFIRMED,Hyderabad,498436,2026-09-12 12:56:10.739600,2026-09-12
TL-ORD-C32CB8369E,7573.0,sess_131a0e9ab2744963,1899,284.85,0,1614.15,2,NetBanking,CONFIRMED,Chennai,344279,2026-08-24 11:54:23.298317,2026-08-24
TL-ORD-BB4E960A0B,9959.0,sess_274cad367c274eb1,2279,0.0,0,2279.0,2,NetBanking,CONFIRMED,Mumbai,601840,2026-08-21 03:14:07.015500,2026-08-21
TL-ORD-63F638A68B,,sess_eb8130dd512b45c4,2435,365.25,0,2069.75,2,Card,CONFIRMED,Pune,160848,2026-09-02 12:41:50.127312,2026-09-02
TL-ORD-F93A9235B7,10940.0,sess_44893a3f99bd4d9b,1829,274.35,0,1554.65,2,UPI,CONFIRMED,Hyderabad,559712,2026-09-12 10:07:34.062522,2026-09-12
TL-ORD-8F5853BAAE,10596.0,sess_7058cb7edd184983,2235,0.0,0,2235.0,3,COD,CONFIRMED,Chennai,406860,2026-08-29 11:31:41.090745,2026-08-29
TL-ORD-CA415F5D2D,11545.0,sess_dc947c7d424546e8,577,86.55,99,589.45,2,NetBanking,CONFIRMED,Mumbai,424327,2026-09-06 04:06:41.458706,2026-09-06
TL-ORD-3DDEB281B2,11690.0,sess_26ffed675dc443f3,2538,0.0,0,2538.0,2,NetBanking,CONFIRMED,Bengaluru,338865,2026-09-02 20:47:38.627647,2026-09-02
TL-ORD-9858E38B1A,6658.0,sess_f4199cb18c8e484d,3777,566.55,0,3210.45,4,Card,CONFIRMED,Bengaluru,380221,2026-09-02 17:11:28.691316,2026-09-02
TL-ORD-354F2EC071,9776.0,sess_dd79abdcee224268,7008,0.0,0,7008.0,3,UPI,CONFIRMED,Hyderabad,166481,2026-08-22 13:27:50.615021,2026-08-22
TL-ORD-B27C109A1A,,sess_d3f69130f92e44be,1564,234.6,0,1329.4,2,NetBanking,CONFIRMED,Bengaluru,502479,2026-09-01 20:40:12.987727,2026-09-01
TL-ORD-F197DAAEF7,8443.0,sess_44990ecc4c94406e,1791,268.65,0,1522.35,3,NetBanking,CONFIRMED,Delhi NCR,635841,2026-09-05 06:24:44.890448,2026-09-05
TL-ORD-F94277550D,7452.0,sess_b6b7f16e773342e2,1089,163.35,0,925.65,3,NetBanking,CONFIRMED,Mumbai,689814,2026-09-08 15:27:42.495241,2026-09-08
TL-ORD-73839E40F2,10352.0,sess_3b2d10475f194ee0,2206,0.0,0,2206.0,3,NetBanking,CONFIRMED,Bengaluru,324298,2026-09-01 01:07:57.782243,2026-09-01
TL-ORD-65EB65512A,7662.0,sess_34ac5aef80e74e34,2538,0.0,0,2538.0,2,Card,CONFIRMED,Mumbai,334260,2026-09-08 20:31:09.133522,2026-09-08
TL-ORD-A0B0EDD229,,sess_d90ba59487dc4757,2029,304.35,0,1724.65,5,COD,CONFIRMED,Pune,176308,2026-08-14 21:30:38.387370,2026-08-14
TL-ORD-401E1A9A3C,,sess_af14d7bd39a042a0,3712,0.0,0,3712.0,2,NetBanking,CONFIRMED,Chennai,296582,2026-08-20 16:01:29.229679,2026-08-20
TL-ORD-B270AE5AE6,,sess_c306b33cb2f8495d,1044,156.6,0,887.4,3,UPI,CONFIRMED,Mumbai,170754,2026-08-15 14:41:07.069092,2026-08-15
TL-ORD-8864144964,11293.0,sess_6e094378d3264e06,1506,225.9,0,1280.1,3,UPI,CONFIRMED,Delhi NCR,268192,2026-08-25 07:29:57.341102,2026-08-25
TL-ORD-EDE691176B,10806.0,sess_ac1dfbc003c24bc3,3471,520.65,0,2950.35,3,COD,CONFIRMED,Pune,602192,2026-08-26 10:26:12.442480,2026-08-26
TL-ORD-8225F410AC,8279.0,sess_9e416b40b75a4870,1882,0.0,0,1882.0,2,UPI,CONFIRMED,Mumbai,423083,2026-09-07 05:30:42.299945,2026-09-07
TL-ORD-17533DB37D,9789.0,sess_0842d0260b1c4fab,779,116.85,99,761.15,2,UPI,CONFIRMED,Bengaluru,589458,2026-08-23 18:19:45.206969,2026-08-23
TL-ORD-4566CA962C,,sess_9d30e81dd97a4c86,4180,0.0,0,4180.0,3,UPI,CONFIRMED,Delhi NCR,431721,2026-08-18 08:54:35.016545,2026-08-18
TL-ORD-FAF4634E5C,,sess_8d688bcee7a34404,550,82.5,99,566.5,5,COD,CONFIRMED,Hyderabad,524632,2026-08-18 23:55:23.887675,2026-08-18
TL-ORD-D5EED3B0BB,,sess_f47b59bb38604fa9,3844,0.0,0,3844.0,2,COD,CONFIRMED,Chennai,590912,2026-09-10 20:22:12.818954,2026-09-10
TL-ORD-8E7ECF1F2A,6460.0,sess_92ad5d02bffc4251,1829,274.35,0,1554.65,6,NetBanking,CONFIRMED,Delhi NCR,266171,2026-09-06 19:58:21.045656,2026-09-06
TL-ORD-82FB012838,,sess_1bc6214454cd450d,1564,234.6,0,1329.4,2,NetBanking,CONFIRMED,Mumbai,666957,2026-09-03 08:35:37.223403,2026-09-03
TL-ORD-50460F6EFE,11191.0,sess_8604f0fa91b3464e,3481,0.0,0,3481.0,5,Card,CONFIRMED,Hyderabad,583096,2026-08-22 03:13:47.484892,2026-08-22
TL-ORD-B8ECC64D97,9490.0,sess_038df0b192ef4ead,4869,730.35,0,4138.65,3,Card,CONFIRMED,Hyderabad,292588,2026-09-09 17:31:41.659999,2026-09-09
TL-ORD-FEF3747733,9549.0,sess_3640f92be05547f8,2999,449.85,0,2549.15,3,NetBanking,CONFIRMED,Mumbai,321974,2026-09-09 10:19:57.709594,2026-09-09
TL-ORD-2A74F62277,10103.0,sess_26f98672baf7430b,4304,0.0,0,4304.0,4,Card,CONFIRMED,Chennai,157185,2026-08-28 01:28:02.888839,2026-08-28
TL-ORD-0717802531,7659.0,sess_641ba19abb404be5,1724,0.0,0,1724.0,4,NetBanking,CONFIRMED,Pune,527939,2026-09-11 08:09:50.357986,2026-09-11
TL-ORD-B1F2EDA36F,,sess_7d53e63f6cb5417b,1604,240.6,0,1363.4,3,UPI,CONFIRMED,Pune,626417,2026-09-01 02:06:06.130120,2026-09-01
TL-ORD-315D45838C,,sess_7d9b611d7a6d4416,4132,0.0,0,4132.0,2,Card,CONFIRMED,Pune,213384,2026-08-23 22:15:05.017706,2026-08-23
TL-ORD-25EA610F3C,8755.0,sess_c1bc3259e0f948e8,3499,0.0,0,3499.0,3,UPI,CONFIRMED,Chennai,226266,2026-08-19 07:55:19.612203,2026-08-19
TL-ORD-2FC1CE0348,,sess_529592c5fd274b4b,2195,0.0,0,2195.0,4,Card,CONFIRMED,Mumbai,172336,2026-08-22 12:18:58.971383,2026-08-22
TL-ORD-634ABD6E62,11144.0,sess_b8046e2609064853,5322,0.0,0,5322.0,4,COD,CONFIRMED,Chennai,650206,2026-09-09 11:15:09.588849,2026-09-09
TL-ORD-379E47D171,11501.0,sess_a053f9c0c6f1486f,999,0.0,0,999.0,6,COD,CONFIRMED,Hyderabad,291075,2026-08-19 20:05:15.162275,2026-08-19
TL-ORD-DAFC61FD48,9372.0,sess_750bf1e207af4967,1899,0.0,0,1899.0,4,COD,CONFIRMED,Mumbai,423363,2026-09-08 04:28:06.843662,2026-09-08
TL-ORD-9C12B2CD45,10170.0,sess_8d568f417fa34791,4030,604.5,0,3425.5,4,NetBanking,CONFIRMED,Hyderabad,629900,2026-08-18 06:44:00.468158,2026-08-18
TL-ORD-0FF4F892B8,,sess_11a7d19d99764458,1322,0.0,0,1322.0,4,UPI,CONFIRMED,Chennai,601474,2026-08-19 09:55:14.823066,2026-08-19
TL-ORD-88681FDA9E,,sess_f4e9f7f5e3ba4ee6,1210,0.0,0,1210.0,2,COD,CONFIRMED,Bengaluru,297636,2026-09-08 16:35:13.305443,2026-09-08
TL-ORD-4A963FA03D,8989.0,sess_90300731fd874a1d,1210,181.5,0,1028.5,2,COD,CONFIRMED,Delhi NCR,348149,2026-08-31 20:43:57.835703,2026-08-31
TL-ORD-D9791AE0BB,9245.0,sess_65aba260dff74d10,7008,1051.2,0,5956.8,3,UPI,CONFIRMED,Pune,383049,2026-08-30 18:42:42.525341,2026-08-30
TL-ORD-024E89A355,8528.0,sess_8e5680674ca5498c,1743,0.0,0,1743.0,3,NetBanking,CONFIRMED,Mumbai,243009,2026-09-02 16:08:22.016497,2026-09-02
TL-ORD-5EE272F88B,8463.0,sess_86dc77e6334f4641,3410,511.5,0,2898.5,4,UPI,CONFIRMED,Mumbai,502978,2026-09-06 10:02:24.787186,2026-09-06
TL-ORD-966913CA9A,,sess_14b3af4d36114680,2350,0.0,0,2350.0,2,COD,CONFIRMED,Chennai,186146,2026-09-08 18:41:48.502312,2026-09-08
TL-ORD-B158801FAC,8955.0,sess_a6405ee439f04b4a,3316,0.0,0,3316.0,3,Card,CONFIRMED,Pune,247917,2026-09-01 13:01:14.438746,2026-09-01
TL-ORD-E8030A7760,6524.0,sess_435c867737c541f5,2999,449.85,0,2549.15,3,NetBanking,CONFIRMED,Chennai,538390,2026-08-24 14:51:19.939620,2026-08-24
TL-ORD-6CC11636E7,6006.0,sess_4d6ae8aa96d544dd,4284,0.0,0,4284.0,2,UPI,CONFIRMED,Chennai,457548,2026-09-08 23:23:10.862152,2026-09-08
TL-ORD-0C05AD67C9,,sess_89a5c0ddca4b472d,1875,0.0,0,1875.0,4,COD,CONFIRMED,Pune,698939,2026-08-17 22:27:26.480096,2026-08-17
TL-ORD-5EA9282935,8962.0,sess_78949db1c57f403c,1040,0.0,0,1040.0,2,Card,CONFIRMED,Delhi NCR,166078,2026-08-26 19:21:47.328576,2026-08-26
TL-ORD-184B508648,,sess_ec1ced6c2ea34fef,1040,0.0,0,1040.0,2,Card,CONFIRMED,Hyderabad,567520,2026-08-21 05:18:56.206237,2026-08-21
TL-ORD-1D67DD2B65,,sess_f7cf330b84a24ef9,2999,449.85,0,2549.15,3,NetBanking,CONFIRMED,Chennai,308623,2026-09-04 03:14:42.613942,2026-09-04
TL-ORD-9948E77C4F,6272.0,sess_81a73f0f286c4851,2464,369.6,0,2094.4,3,NetBanking,CONFIRMED,Pune,226615,2026-08-22 17:51:17.073462,2026-08-22
TL-ORD-A8D48B55A8,6089.0,sess_3b245238ada5440a,1103,165.45,0,937.55,5,UPI,CONFIRMED,Chennai,448965,2026-08-18 05:26:27.802168,2026-08-18
TL-ORD-639AD4A50C,7627.0,sess_c02dd6ac1849459d,3421,0.0,0,3421.0,6,COD,CONFIRMED,Delhi NCR,510492,2026-08-25 01:05:55.171772,2026-08-25
TL-ORD-709D373D52,7805.0,sess_4fb4c9ac56f64a79,2438,0.0,0,2438.0,3,COD,CONFIRMED,Mumbai,427506,2026-08-27 11:06:08.203836,2026-08-27
TL-ORD-4F70B868CB,8414.0,sess_054f16e9d65b4708,2999,449.85,0,2549.15,3,Card,CONFIRMED,Mumbai,510116,2026-09-01 03:23:23.270151,2026-09-01
TL-ORD-B88CAEEAF8,7652.0,sess_faece4d6db454633,1668,0.0,0,1668.0,3,NetBanking,CONFIRMED,Delhi NCR,228094,2026-09-07 01:15:38.035429,2026-09-07
TL-ORD-18C16B0A39,6352.0,sess_a0b66ec3b5ed40a1,1739,0.0,0,1739.0,5,Card,CONFIRMED,Hyderabad,269127,2026-08-16 12:52:23.398783,2026-08-16
TL-ORD-436607DBFC,6233.0,sess_44dcc9c8e2b94cd2,2538,0.0,0,2538.0,2,COD,CONFIRMED,Hyderabad,291607,2026-09-09 02:27:01.671790,2026-09-09
TL-ORD-330DB2DC84,,sess_1e719ced920f483a,2769,415.35,0,2353.65,2,COD,CONFIRMED,Bengaluru,500013,2026-09-09 01:29:26.920466,2026-09-09
TL-ORD-BFCAAA73EC,9891.0,sess_690b4424e9e046f2,3559,0.0,0,3559.0,2,Card,CONFIRMED,Mumbai,249958,2026-08-22 22:39:07.755027,2026-08-22
TL-ORD-FC6AECFBD1,6251.0,sess_8854e628d5404fbb,1103,0.0,0,1103.0,5,UPI,CONFIRMED,Pune,618392,2026-08-30 13:31:59.652143,2026-08-30
TL-ORD-FD1DA5FCBD,8618.0,sess_88c72877462347fe,743,111.45,99,730.55,3,Card,CONFIRMED,Delhi NCR,337894,2026-08-18 05:45:54.286843,2026-08-18
TL-ORD-F3029ACEC1,6087.0,sess_bce6c3ad2af94c7c,3879,0.0,0,3879.0,5,UPI,CONFIRMED,Mumbai,274167,2026-08-31 02:39:40.430531,2026-08-31
TL-ORD-C7AF6B6A34,9164.0,sess_4c1bcffa696c4b3f,577,0.0,99,676.0,2,Card,CONFIRMED,Bengaluru,268680,2026-09-09 13:13:15.325388,2026-09-09
TL-ORD-80AE279549,11633.0,sess_8960626816c644a4,841,126.15,99,813.85,2,COD,CONFIRMED,Pune,550281,2026-08-23 10:42:21.098413,2026-08-23
TL-ORD-0A1902ABE7,10705.0,sess_fd542c5ab7f84ea7,4759,713.85,0,4045.15,4,Card,CONFIRMED,Delhi NCR,528106,2026-08-15 16:08:12.435486,2026-08-15
TL-ORD-DC5CBEDDCB,8575.0,sess_ac5e35c235ca46d4,956,0.0,99,1055.0,4,UPI,CONFIRMED,Chennai,533370,2026-09-03 04:15:01.872998,2026-09-03
TL-ORD-2B74C527F8,10469.0,sess_ad6e330c32004734,2686,0.0,0,2686.0,4,NetBanking,CONFIRMED,Chennai,522133,2026-08-26 08:57:28.325993,2026-08-26
TL-ORD-34145FE124,9069.0,sess_489ea7c03af64e2b,5070,0.0,0,5070.0,5,UPI,CONFIRMED,Delhi NCR,120024,2026-09-02 14:53:23.349894,2026-09-02
TL-ORD-A601A15CCF,11781.0,sess_e9afd76db28347ac,4499,0.0,0,4499.0,2,UPI,CONFIRMED,Mumbai,206741,2026-09-11 11:47:48.808263,2026-09-11
TL-ORD-C42FF7F262,9814.0,sess_e4f64607702046dd,3410,0.0,0,3410.0,4,NetBanking,CONFIRMED,Mumbai,227976,2026-08-19 01:53:47.248117,2026-08-19
TL-ORD-571CB184AC,9234.0,sess_7f96073ca532418d,1844,0.0,0,1844.0,2,COD,CONFIRMED,Delhi NCR,541236,2026-08-17 06:18:23.022352,2026-08-17
TL-ORD-F7963DA7DC,8583.0,sess_d4e6844190434437,3537,530.55,0,3006.45,3,Card,CONFIRMED,Bengaluru,151583,2026-08-21 22:32:01.326090,2026-08-21
TL-ORD-F31E00600A,,sess_26c913534d8f468e,1230,0.0,0,1230.0,4,COD,CONFIRMED,Bengaluru,584284,2026-09-05 02:27:48.828119,2026-09-05
TL-ORD-AC008B81C4,,sess_f615f5c25e3243ba,5006,750.9,0,4255.1,6,NetBanking,CONFIRMED,Delhi NCR,609300,2026-09-09 07:10:16.823112,2026-09-09
TL-ORD-30E4F4D70F,,sess_8d22b63ac6ae4080,1914,287.1,0,1626.9,3,UPI,CONFIRMED,Pune,506483,2026-09-10 02:05:37.052868,2026-09-10
TL-ORD-5E0240CBAD,8629.0,sess_32aa415259d04a1f,2199,0.0,0,2199.0,4,UPI,CONFIRMED,Chennai,549344,2026-08-21 09:57:55.368880,2026-08-21
TL-ORD-4F91228F9F,8458.0,sess_0e916a0a7b454353,3367,505.05,0,2861.95,3,UPI,CONFIRMED,Delhi NCR,578130,2026-08-28 19:11:27.213359,2026-08-28
TL-ORD-39289D864B,10616.0,sess_f613e975302b45f1,751,112.65,99,737.35,4,NetBanking,CONFIRMED,Chennai,260521,2026-08-21 04:06:14.161615,2026-08-21
TL-ORD-EB3223F608,11391.0,sess_c90253ec2557427f,2435,365.25,0,2069.75,2,UPI,CONFIRMED,Delhi NCR,334585,2026-09-07 14:17:07.737068,2026-09-07
TL-ORD-DA15A8F145,,sess_74c30515d51149c9,2637,395.55,0,2241.45,3,NetBanking,CONFIRMED,Chennai,217681,2026-08-16 01:12:01.117477,2026-08-16
TL-ORD-625B9C6C7D,6585.0,sess_38652fb06202467f,1928,0.0,0,1928.0,2,Card,CONFIRMED,Bengaluru,126252,2026-09-11 19:18:59.066134,2026-09-11
TL-ORD-4835A31EC8,11170.0,sess_1311b544e2bc47fc,1103,165.45,0,937.55,5,NetBanking,CONFIRMED,Chennai,165910,2026-08-18 02:05:32.477444,2026-08-18
TL-ORD-F28E34E973,7028.0,sess_9a32a5e37ca2422b,5006,0.0,0,5006.0,6,Card,CONFIRMED,Bengaluru,673139,2026-08-22 11:53:53.736183,2026-08-22
TL-ORD-E619171760,10254.0,sess_5cc6d07f8d7f4286,5499,824.85,0,4674.15,3,NetBanking,CONFIRMED,Chennai,279322,2026-08-26 02:21:34.052946,2026-08-26
TL-ORD-506ACFCF37,11424.0,sess_2e7cb9a2642f4685,1263,189.45,0,1073.55,5,UPI,CONFIRMED,Hyderabad,522609,2026-08-28 16:29:29.970061,2026-08-28
TL-ORD-3734E68C4B,11242.0,sess_0ff6da843e954dd2,848,0.0,99,947.0,6,UPI,CONFIRMED,Bengaluru,117625,2026-08-27 12:14:50.972463,2026-08-27
TL-ORD-19F44861BE,9508.0,sess_82d29bad7ebb4d38,3559,0.0,0,3559.0,2,COD,CONFIRMED,Bengaluru,564327,2026-08-21 15:02:08.805632,2026-08-21
TL-ORD-F007F09A7F,10959.0,sess_fbeb397b6726437f,2437,0.0,0,2437.0,4,COD,CONFIRMED,Bengaluru,557333,2026-09-07 06:41:04.187317,2026-09-07
TL-ORD-3387CBEB17,,sess_f8165cc6f83c420b,1728,0.0,0,1728.0,2,Card,CONFIRMED,Mumbai,216019,2026-09-12 15:38:27.222529,2026-09-12
TL-ORD-63498255B4,7276.0,sess_2a02c5a0713e4d84,3152,0.0,0,3152.0,2,UPI,CONFIRMED,Delhi NCR,271568,2026-08-24 23:22:28.273725,2026-08-24
TL-ORD-D0B35F0CAC,,sess_e9ff115e7f924d5f,852,0.0,99,951.0,2,NetBanking,CONFIRMED,Bengaluru,444514,2026-09-01 01:26:14.314492,2026-09-01
TL-ORD-87A3246FBC,6443.0,sess_f3e439254ad042c8,1500,225.0,0,1275.0,3,COD,CONFIRMED,Mumbai,315269,2026-09-01 02:45:33.756063,2026-09-01
TL-ORD-A73ED226AE,11177.0,sess_3afa8c335bbf476d,4237,635.55,0,3601.45,4,COD,CONFIRMED,Bengaluru,417248,2026-08-26 23:07:52.769468,2026-08-26
TL-ORD-EFD100D7F6,9064.0,sess_70538b66fa484402,2717,0.0,0,2717.0,3,COD,CONFIRMED,Mumbai,592328,2026-08-28 04:05:38.942125,2026-08-28
TL-ORD-331ABF5927,,sess_add1db25f7464e93,4596,0.0,0,4596.0,3,Card,CONFIRMED,Hyderabad,414323,2026-09-10 15:08:00.116208,2026-09-10
TL-ORD-0B835AA8D7,,sess_9fa49ab82f4748a3,2450,0.0,0,2450.0,3,COD,CONFIRMED,Delhi NCR,349860,2026-08-26 03:14:07.099554,2026-08-26
TL-ORD-B257D56F07,11152.0,sess_89e515a105264eff,2538,0.0,0,2538.0,2,COD,CONFIRMED,Mumbai,566754,2026-09-08 19:20:25.257484,2026-09-08
TL-ORD-05A30A80DA,9189.0,sess_7fa8557ce5104556,894,134.1,99,858.9,2,NetBanking,CONFIRMED,Bengaluru,130914,2026-08-25 13:18:15.582324,2026-08-25
TL-ORD-E1D41CDDD8,10554.0,sess_329d79a55d9946a4,2036,0.0,0,2036.0,2,Card,CONFIRMED,Delhi NCR,256594,2026-09-02 05:02:06.553505,2026-09-02
TL-ORD-CD1069141E,7226.0,sess_7d6098c8b7514081,577,0.0,99,676.0,2,NetBanking,CONFIRMED,Mumbai,587906,2026-08-16 21:22:49.358040,2026-08-16
TL-ORD-6319AE55BF,7627.0,sess_65f351e510844e2d,642,0.0,99,741.0,5,UPI,CONFIRMED,Pune,193626,2026-08-23 01:40:42.412640,2026-08-23
TL-ORD-33E8AC82BD,,sess_229c86ef71494f5a,1774,266.1,0,1507.9,2,NetBanking,CONFIRMED,Hyderabad,158763,2026-09-11 02:50:02.446115,2026-09-11
TL-ORD-957247478E,11654.0,sess_825ae7d1097e47cb,3389,0.0,0,3389.0,2,UPI,CONFIRMED,Hyderabad,338678,2026-09-09 19:50:15.210014,2026-09-09
TL-ORD-789F45F223,,sess_73691b82a4cb42a1,1899,284.85,0,1614.15,4,UPI,CONFIRMED,Chennai,138228,2026-08-15 02:39:57.472827,2026-08-15
TL-ORD-15DACA0CFD,,sess_9e475754e8c54386,859,0.0,99,958.0,2,NetBanking,CONFIRMED,Bengaluru,253431,2026-08-24 11:35:24.796080,2026-08-24
TL-ORD-2D4BB6A11B,10956.0,sess_8ab7bd94f19f4247,1308,196.2,0,1111.8,3,COD,CONFIRMED,Pune,514794,2026-09-06 07:51:28.529200,2026-09-06
TL-ORD-E8C74B6FCD,8728.0,sess_dee3e6956cfb4ff4,1389,208.35,0,1180.65,3,COD,CONFIRMED,Mumbai,149002,2026-08-28 08:36:46.306338,2026-08-28
TL-ORD-9B4EAC47C9,7545.0,sess_8294a61a03b84095,4304,645.6,0,3658.4,4,NetBanking,CONFIRMED,Mumbai,692587,2026-09-09 17:08:26.428616,2026-09-09
TL-ORD-082B694B66,8733.0,sess_ea3bbfa88b634326,1199,179.85,0,1019.15,2,NetBanking,CONFIRMED,Mumbai,559512,2026-09-09 22:41:07.136076,2026-09-09
TL-ORD-ED3D1AAE8C,8070.0,sess_ed00a1957dd54896,4499,0.0,0,4499.0,2,UPI,CONFIRMED,Pune,635858,2026-09-10 04:20:38.117114,2026-09-10
TL-ORD-4E1E245243,,sess_30848b946e0f41b6,1829,0.0,0,1829.0,2,Card,CONFIRMED,Hyderabad,427947,2026-08-26 18:59:24.058478,2026-08-26
TL-ORD-638345B312,,sess_4b57a0d4c9694c9d,3879,0.0,0,3879.0,5,COD,CONFIRMED,Chennai,460315,2026-08-21 12:52:36.649863,2026-08-21
TL-ORD-2C829B6968,,sess_f11462d8acf040d3,3708,556.2,0,3151.8,4,Card,CONFIRMED,Delhi NCR,662943,2026-08-21 17:45:26.175783,2026-08-21
TL-ORD-30B951114F,6158.0,sess_3bd0bfb5574248f1,859,0.0,99,958.0,2,Card,CONFIRMED,Hyderabad,524540,2026-09-13 07:12:10.117137,2026-09-13
TL-ORD-1D3DC3B044,6923.0,sess_53a3b9bcc58f445b,1875,0.0,0,1875.0,4,Card,CONFIRMED,Hyderabad,398541,2026-09-05 00:49:29.993063,2026-09-05
TL-ORD-4B30BF264C,8648.0,sess_e007dfefccc4415b,4304,645.6,0,3658.4,4,Card,CONFIRMED,Chennai,221192,2026-08-31 18:21:21.593957,2026-08-31
TL-ORD-725A57ADD1,11510.0,sess_63e3586411604748,3008,451.2,0,2556.8,3,Card,CONFIRMED,Pune,254622,2026-08-29 16:01:35.444551,2026-08-29
TL-ORD-80076E10EB,,sess_5de33bebae744f8b,4499,0.0,0,4499.0,2,COD,CONFIRMED,Mumbai,519456,2026-08-19 15:18:19.590589,2026-08-19
TL-ORD-3F8F7BC0C5,11222.0,sess_2513596109a74d86,2853,0.0,0,2853.0,4,NetBanking,CONFIRMED,Delhi NCR,649601,2026-09-11 12:01:39.876515,2026-09-11
TL-ORD-FC9D6A0B45,11112.0,sess_1bfb3294084840e4,2617,392.55,0,2224.45,4,NetBanking,CONFIRMED,Hyderabad,613672,2026-08-17 23:48:35.358781,2026-08-17
TL-ORD-61C70FA230,11673.0,sess_613a4d70ffb94b3f,4617,692.55,0,3924.45,2,UPI,CONFIRMED,Bengaluru,373843,2026-08-24 18:22:56.301973,2026-08-24
TL-ORD-E5F127CC19,8068.0,sess_d97472477d21426a,6594,0.0,0,6594.0,3,UPI,CONFIRMED,Pune,285650,2026-09-06 07:32:55.997706,2026-09-06
TL-ORD-B995D0F062,7777.0,sess_853d26667bb54573,841,126.15,99,813.85,2,UPI,CONFIRMED,Chennai,498931,2026-08-20 12:33:57.747622,2026-08-20
TL-ORD-FC04CCE794,11253.0,sess_7e361b3d3b494a9e,3316,0.0,0,3316.0,3,NetBanking,CONFIRMED,Delhi NCR,298780,2026-09-11 01:56:51.410604,2026-09-11
TL-ORD-DF6B23EC9F,,sess_4d36df1958a6400b,2450,0.0,0,2450.0,3,NetBanking,CONFIRMED,Bengaluru,622955,2026-08-22 00:15:26.803773,2026-08-22
TL-ORD-4861A32769,8901.0,sess_05d5334744b64b8c,2936,440.4,0,2495.6,4,NetBanking,CONFIRMED,Chennai,512063,2026-08-29 05:00:26.352159,2026-08-29
TL-ORD-CD69483230,6763.0,sess_8ddb9bae127045b1,2206,330.9,0,1875.1,3,NetBanking,CONFIRMED,Pune,221499,2026-09-10 03:48:01.192366,2026-09-10
TL-ORD-C3DC62B500,6865.0,sess_15b3fd1a81f04bb6,1914,0.0,0,1914.0,3,COD,CONFIRMED,Pune,450100,2026-08-25 08:56:56.049422,2026-08-25
TL-ORD-54398A862C,,sess_8a1ccc5dbf40489f,4897,734.55,0,4162.45,3,Card,CONFIRMED,Delhi NCR,133890,2026-08-28 09:15:53.241642,2026-08-28
TL-ORD-1811FA621C,7986.0,sess_f10ab552894f4d9c,3938,0.0,0,3938.0,3,COD,CONFIRMED,Bengaluru,133398,2026-08-24 16:26:19.746771,2026-08-24
TL-ORD-C4CB5FB68E,9542.0,sess_34dcc877c8b44fd0,2199,0.0,0,2199.0,4,UPI,CONFIRMED,Bengaluru,640414,2026-08-15 12:35:07.408722,2026-08-15
TL-ORD-27D9C8C86A,8523.0,sess_b5c4dbb452bc4e0b,3499,524.85,0,2974.15,3,Card,CONFIRMED,Bengaluru,148683,2026-08-27 22:48:09.635274,2026-08-27
TL-ORD-16C6793FA7,,sess_9885fa85809143e5,3857,0.0,0,3857.0,5,UPI,CONFIRMED,Bengaluru,158867,2026-09-05 15:24:38.093159,2026-09-05
TL-ORD-C577D9E226,9603.0,sess_f03e516207434c45,3316,0.0,0,3316.0,3,UPI,CONFIRMED,Chennai,311533,2026-08-26 03:28:14.160264,2026-08-26
TL-ORD-2E4821280E,8994.0,sess_5744c08e938b49ea,2799,0.0,0,2799.0,2,NetBanking,CONFIRMED,Mumbai,282291,2026-09-08 02:10:55.258467,2026-09-08
TL-ORD-1FAD155E4F,8654.0,sess_ce825b3580494dbb,3899,0.0,0,3899.0,2,Card,CONFIRMED,Pune,277931,2026-09-09 03:38:22.714149,2026-09-09
TL-ORD-5F6218F8CA,,sess_6cbf50cbb91c43dc,2142,321.3,0,1820.7,3,NetBanking,CONFIRMED,Bengaluru,393589,2026-08-22 06:27:29.135099,2026-08-22
TL-ORD-9468F86263,6597.0,sess_003892d47e114c9c,802,120.3,99,780.7,2,UPI,CONFIRMED,Hyderabad,667710,2026-09-08 05:55:56.472654,2026-09-08
TL-ORD-6C158740C2,9324.0,sess_8a1090c103dd461f,3621,0.0,0,3621.0,3,NetBanking,CONFIRMED,Hyderabad,443986,2026-09-12 20:53:00.615433,2026-09-12
TL-ORD-56383590EA,,sess_0d0bd51c7400475a,4645,0.0,0,4645.0,2,COD,CONFIRMED,Hyderabad,632329,2026-08-28 02:58:10.035311,2026-08-28
TL-ORD-6BCC403B33,,sess_0fcecce3222443e3,1299,194.85,0,1104.15,3,NetBanking,CONFIRMED,Mumbai,674507,2026-08-25 18:27:56.046779,2026-08-25
TL-ORD-7E274ADAC7,,sess_427ee098e28f4b1d,869,0.0,99,968.0,3,UPI,CONFIRMED,Bengaluru,557958,2026-09-06 22:41:57.883555,2026-09-06
TL-ORD-5C8E5B9A12,9105.0,sess_e3374a3c01f34f41,3471,0.0,0,3471.0,3,NetBanking,CONFIRMED,Chennai,405480,2026-08-22 19:33:31.187177,2026-08-22
TL-ORD-08D0AC7581,11187.0,sess_1e48e1bbb5824e2b,852,0.0,99,951.0,2,UPI,CONFIRMED,Chennai,565600,2026-08-18 14:00:54.753487,2026-08-18
TL-ORD-AD032594EE,11387.0,sess_46f12fef695043a5,1044,156.6,0,887.4,3,Card,CONFIRMED,Mumbai,119653,2026-09-11 01:55:01.093301,2026-09-11
TL-ORD-2192BAE17F,9460.0,sess_564ed86f8b9e4c27,3090,0.0,0,3090.0,2,NetBanking,CONFIRMED,Pune,443063,2026-08-18 00:24:24.639778,2026-08-18
TL-ORD-183C87100F,7253.0,sess_e747d6a9bba04d69,550,0.0,99,649.0,5,Card,CONFIRMED,Bengaluru,145583,2026-08-17 13:10:29.824989,2026-08-17
TL-ORD-6A38937A26,7462.0,sess_86458598db524551,3577,0.0,0,3577.0,2,UPI,CONFIRMED,Bengaluru,430674,2026-08-31 09:16:22.053706,2026-08-31
TL-ORD-1C1319730B,7249.0,sess_3db5b541b6d048da,1971,0.0,0,1971.0,3,COD,CONFIRMED,Pune,218713,2026-08-28 08:33:47.828510,2026-08-28
TL-ORD-4F7F5DA72B,9095.0,sess_de0ed3f069b44c40,4723,708.45,0,4014.55,4,COD,CONFIRMED,Chennai,668558,2026-09-10 04:29:24.140151,2026-09-10
TL-ORD-617D3608AD,9114.0,sess_ae9e5e2b63a54d96,2686,0.0,0,2686.0,4,Card,CONFIRMED,Pune,362356,2026-08-22 11:56:23.261649,2026-08-22
TL-ORD-3175688114,11192.0,sess_aaa78e02ed404483,2437,0.0,0,2437.0,4,Card,CONFIRMED,Chennai,231237,2026-08-30 10:07:41.498713,2026-08-30
TL-ORD-30D757913D,,sess_077d8c9571c34bc3,2936,0.0,0,2936.0,4,Card,CONFIRMED,Delhi NCR,576019,2026-08-31 04:57:01.946005,2026-08-31
TL-ORD-D07FBBFC30,11063.0,sess_f2958e34caa8424e,2499,0.0,0,2499.0,3,UPI,CONFIRMED,Pune,324192,2026-08-28 19:51:44.244831,2026-08-28
TL-ORD-7A2769B248,7362.0,sess_5d0321cd37c347db,2403,0.0,0,2403.0,2,NetBanking,CONFIRMED,Mumbai,411291,2026-09-03 00:58:22.398805,2026-09-03
TL-ORD-9697A22C58,6242.0,sess_7abe24350d6442be,3577,536.55,0,3040.45,2,NetBanking,CONFIRMED,Mumbai,244434,2026-08-30 15:14:39.227440,2026-08-30
TL-ORD-F1E0C501FA,9134.0,sess_52d0252392a047b3,859,128.85,99,829.15,2,COD,CONFIRMED,Delhi NCR,254358,2026-09-02 23:42:55.301246,2026-09-02
TL-ORD-2F818A0D94,7589.0,sess_ef700873c25a461d,1739,0.0,0,1739.0,5,UPI,CONFIRMED,Delhi NCR,627456,2026-08-24 14:32:03.366089,2026-08-24
TL-ORD-08532AB96B,7821.0,sess_e66a2ab2051a48bc,642,96.3,99,644.7,5,COD,CONFIRMED,Bengaluru,222548,2026-09-05 15:53:35.920361,2026-09-05
TL-ORD-997F1D3A19,8817.0,sess_a903999f4e1f4f3e,2769,0.0,0,2769.0,2,UPI,CONFIRMED,Hyderabad,487952,2026-08-25 12:19:08.927196,2026-08-25
TL-ORD-13AB01F848,9539.0,sess_346f1607d60e489a,2686,0.0,0,2686.0,4,Card,CONFIRMED,Hyderabad,337759,2026-09-04 06:09:37.768206,2026-09-04
TL-ORD-E262ADBCDE,9124.0,sess_9425d70832de415e,1954,0.0,0,1954.0,6,COD,CONFIRMED,Pune,300712,2026-09-09 14:16:25.173213,2026-09-09
TL-ORD-B0AB9E7BAC,9343.0,sess_b968e94122294ed8,5842,876.3,0,4965.7,2,UPI,CONFIRMED,Mumbai,438351,2026-09-11 18:15:00.935715,2026-09-11
TL-ORD-8340C9FD3B,7020.0,sess_9281e5a608974aeb,1971,295.65,0,1675.35,3,Card,CONFIRMED,Hyderabad,369417,2026-08-19 08:29:30.202867,2026-08-19
TL-ORD-990C161B5C,7485.0,sess_66ba9be603c3447d,2799,0.0,0,2799.0,5,Card,CONFIRMED,Mumbai,175961,2026-09-13 17:05:57.696010,2026-09-13
TL-ORD-574942CF4E,,sess_9b80731493b9498f,3361,0.0,0,3361.0,4,COD,CONFIRMED,Delhi NCR,606088,2026-08-23 22:50:44.995950,2026-08-23
TL-ORD-AD871A7998,,sess_58a6661bfe05452d,2853,0.0,0,2853.0,4,UPI,CONFIRMED,Bengaluru,509628,2026-08-28 12:56:48.508041,2026-08-28
TL-ORD-161F6090C7,9452.0,sess_048efb907e5e41d5,4304,645.6,0,3658.4,4,UPI,CONFIRMED,Chennai,289343,2026-08-23 16:41:45.115260,2026-08-23
TL-ORD-1095A3759A,,sess_5260ae0c966f4f78,3410,511.5,0,2898.5,4,UPI,CONFIRMED,Bengaluru,410059,2026-09-05 13:09:35.314761,2026-09-05
TL-ORD-A7C4740A26,6354.0,sess_84ffe34e74634c89,3019,0.0,0,3019.0,2,Card,CONFIRMED,Pune,615860,2026-08-29 15:58:14.094802,2026-08-29
TL-ORD-1D2D187B31,9490.0,sess_9727883903094d36,4817,722.55,0,4094.45,2,COD,CONFIRMED,Chennai,231092,2026-09-12 12:22:29.256304,2026-09-12
TL-ORD-C058F4E260,9923.0,sess_8625629b69534cad,2839,0.0,0,2839.0,4,NetBanking,CONFIRMED,Chennai,321375,2026-08-20 01:22:54.027485,2026-08-20
TL-ORD-D0A7B78AF1,10465.0,sess_67650ba85a5e4ccc,4999,0.0,0,4999.0,3,COD,CONFIRMED,Hyderabad,185934,2026-09-11 02:34:19.438586,2026-09-11
TL-ORD-B45180E152,7518.0,sess_fa99c7f1bb2b4919,1179,176.85,0,1002.15,2,COD,CONFIRMED,Pune,541015,2026-08-23 12:25:41.873574,2026-08-23
TL-ORD-2E54CF5480,6652.0,sess_7742e22d31914b96,2550,0.0,0,2550.0,2,Card,CONFIRMED,Pune,660306,2026-09-10 08:43:16.368138,2026-09-10
TL-ORD-6FE978E1BD,,sess_13bc799faeef49e0,1875,281.25,0,1593.75,4,COD,CONFIRMED,Hyderabad,483663,2026-09-11 02:01:35.948042,2026-09-11
TL-ORD-DE951A4337,7632.0,sess_18460c51790847b3,2999,449.85,0,2549.15,3,NetBanking,CONFIRMED,Chennai,560184,2026-08-29 02:46:44.471537,2026-08-29
TL-ORD-1F53F0CE2B,11252.0,sess_45b3b8547d0e4588,7008,0.0,0,7008.0,3,UPI,CONFIRMED,Delhi NCR,280261,2026-08-23 02:28:00.168794,2026-08-23
TL-ORD-3B77DFAE62,,sess_f3c0c2a556274f0a,743,111.45,99,730.55,3,COD,CONFIRMED,Mumbai,330357,2026-09-05 22:11:31.985855,2026-09-05
TL-ORD-2FABF35C89,9087.0,sess_a39615d545ae4c36,2350,0.0,0,2350.0,2,COD,CONFIRMED,Delhi NCR,327717,2026-08-17 17:39:31.977113,2026-08-17
TL-ORD-2A97E23D8F,7885.0,sess_f2187161af544160,2794,419.1,0,2374.9,5,UPI,CONFIRMED,Hyderabad,368255,2026-09-06 10:44:38.888137,2026-09-06
TL-ORD-833F67DC5A,9458.0,sess_9915eef3fa8848c3,3246,0.0,0,3246.0,6,COD,CONFIRMED,Mumbai,432859,2026-08-14 22:53:40.725909,2026-08-14
TL-ORD-ADCFA4CD0B,,sess_4d8ae345445e4b49,3481,0.0,0,3481.0,5,COD,CONFIRMED,Delhi NCR,495358,2026-09-12 06:02:14.371015,2026-09-12
TL-ORD-F5194A2553,,sess_7699f3805a554e6b,1210,181.5,0,1028.5,2,NetBanking,CONFIRMED,Bengaluru,390009,2026-09-10 23:21:53.102814,2026-09-10
TL-ORD-C9FEBA6836,7063.0,sess_da861bfd70374ede,1244,0.0,0,1244.0,3,COD,CONFIRMED,Bengaluru,367666,2026-09-04 19:32:14.461399,2026-09-04
TL-ORD-C8CED34D79,,sess_3b11e9770a014136,3174,476.1,0,2697.9,5,UPI,CONFIRMED,Pune,684471,2026-09-08 02:18:55.563737,2026-09-08
TL-ORD-8E27FD7A35,10119.0,sess_f5d8db17ae3f4011,4299,644.85,0,3654.15,2,NetBanking,CONFIRMED,Hyderabad,248259,2026-08-15 03:18:55.202564,2026-08-15
TL-ORD-419FFE11D0,,sess_39bd8e4ccd3b4afa,3090,463.5,0,2626.5,2,Card,CONFIRMED,Bengaluru,515416,2026-09-05 03:14:02.578724,2026-09-05
TL-ORD-D721D54D5F,6244.0,sess_1e433f91644344b3,1875,0.0,0,1875.0,4,Card,CONFIRMED,Chennai,698157,2026-09-09 09:43:10.222181,2026-09-09
TL-ORD-1C1E74D5AC,6239.0,sess_829d5989a4fe4305,1774,0.0,0,1774.0,2,Card,CONFIRMED,Delhi NCR,435668,2026-09-05 03:29:52.350732,2026-09-05
TL-ORD-1B49832A4E,9316.0,sess_afa226aa94db47a4,5421,0.0,0,5421.0,4,COD,CONFIRMED,Delhi NCR,304183,2026-08-17 18:04:46.934993,2026-08-17
TL-ORD-05821E1EF0,10140.0,sess_8cbc712a461842b9,1739,260.85,0,1478.15,5,NetBanking,CONFIRMED,Pune,571931,2026-09-11 02:32:45.119796,2026-09-11
TL-ORD-E169C5E6B7,7599.0,sess_8bce65db76024e8a,2268,340.2,0,1927.8,3,UPI,CONFIRMED,Pune,293755,2026-08-31 11:55:11.870075,2026-08-31
TL-ORD-7886D0CF32,,sess_0e1672a5f6a741ce,3899,584.85,0,3314.15,2,Card,CONFIRMED,Pune,671827,2026-09-06 17:24:56.669971,2026-09-06
TL-ORD-1BE7DF0B2F,,sess_2aaf5e027b264457,1684,252.6,0,1431.4,2,COD,CONFIRMED,Delhi NCR,228374,2026-09-11 07:50:59.132824,2026-09-11
TL-ORD-C2CDF929C6,6383.0,sess_7413ee39e6ba4854,2999,0.0,0,2999.0,3,Card,CONFIRMED,Delhi NCR,677974,2026-08-24 22:25:21.095572,2026-08-24
TL-ORD-EB4AA70C00,10006.0,sess_9a97a26ef311413e,2640,396.0,0,2244.0,3,UPI,CONFIRMED,Pune,408359,2026-08-20 15:55:52.253186,2026-08-20
TL-ORD-73B858B3AC,6988.0,sess_735efc22eb1f4810,2142,0.0,0,2142.0,3,UPI,CONFIRMED,Mumbai,280107,2026-09-04 03:48:45.768861,2026-09-04
TL-ORD-07DCB3443E,9498.0,sess_e061481c131e496c,1954,293.1,0,1660.9,6,Card,CONFIRMED,Chennai,463400,2026-09-01 23:23:10.353537,2026-09-01
TL-ORD-5791192857,7081.0,sess_0f7e61d603cb4e68,4304,0.0,0,4304.0,4,UPI,CONFIRMED,Delhi NCR,459250,2026-08-22 19:48:30.926629,2026-08-22
TL-ORD-D9E8FB2BE2,,sess_6a8237ad8cc348db,1791,0.0,0,1791.0,3,UPI,CONFIRMED,Mumbai,436156,2026-08-21 01:24:46.589121,2026-08-21
TL-ORD-C9309E7155,,sess_1fdc534520d94542,3233,484.95,0,2748.05,3,UPI,CONFIRMED,Delhi NCR,216449,2026-08-30 04:31:22.706640,2026-08-30
TL-ORD-A4434C883A,9093.0,sess_e09e28c3d6d5467a,4499,0.0,0,4499.0,2,UPI,CONFIRMED,Bengaluru,678604,2026-08-17 02:03:01.640454,2026-08-17
TL-ORD-B8B9B58790,9739.0,sess_120cbe430b5b46db,1542,0.0,0,1542.0,5,UPI,CONFIRMED,Hyderabad,570782,2026-09-11 20:56:51.379036,2026-09-11
TL-ORD-9BE4336A64,9462.0,sess_6fa5f072844b4fa2,2799,0.0,0,2799.0,5,COD,CONFIRMED,Hyderabad,115049,2026-08-21 09:51:19.607629,2026-08-21
TL-ORD-D3A5CE38B3,8123.0,sess_e75b5318441e4efc,1089,163.35,0,925.65,3,UPI,CONFIRMED,Mumbai,605945,2026-09-10 18:30:12.757015,2026-09-10
TL-ORD-6F00D76081,9430.0,sess_c7d2c7a54c154d53,1040,156.0,0,884.0,2,COD,CONFIRMED,Delhi NCR,647247,2026-09-12 08:21:57.984129,2026-09-12
TL-ORD-8BFFF473CD,6205.0,sess_e4b57fec0010406a,1500,225.0,0,1275.0,3,COD,CONFIRMED,Mumbai,549840,2026-09-13 10:43:42.485666,2026-09-13
TL-ORD-1CF9DD147E,10415.0,sess_9d27ef5936d54d3e,1733,0.0,0,1733.0,3,UPI,CONFIRMED,Bengaluru,230945,2026-08-19 21:20:00.875983,2026-08-19
TL-ORD-279DD7E141,,sess_c6e90542a2c84275,3090,463.5,0,2626.5,2,Card,CONFIRMED,Bengaluru,354263,2026-08-18 04:53:53.225366,2026-08-18
TL-ORD-DC8DA02E1A,,sess_65d07541d5e34f73,1728,259.2,0,1468.8,2,NetBanking,CONFIRMED,Hyderabad,200079,2026-08-31 10:34:37.316015,2026-08-31
TL-ORD-1E986CFF8B,7469.0,sess_f5ff6b43e1c3450b,1791,268.65,0,1522.35,3,COD,CONFIRMED,Delhi NCR,292115,2026-08-27 17:41:36.688140,2026-08-27
TL-ORD-2686E4C39E,9350.0,sess_69e6426e923044c3,3582,0.0,0,3582.0,4,Card,CONFIRMED,Chennai,148640,2026-08-18 05:05:07.450374,2026-08-18
TL-ORD-AFCDA36488,10817.0,sess_4b956041af0e4ad3,2673,400.95,0,2272.05,2,NetBanking,CONFIRMED,Chennai,369747,2026-08-30 05:21:09.232125,2026-08-30
TL-ORD-8E8C22DF1A,,sess_205dd3c424644614,4304,0.0,0,4304.0,4,Card,CONFIRMED,Chennai,222761,2026-08-19 21:20:19.311053,2026-08-19
TL-ORD-3E69209284,7020.0,sess_a789c9df09d941f1,3471,520.65,0,2950.35,3,COD,CONFIRMED,Hyderabad,289247,2026-09-13 17:54:35.295105,2026-09-13
TL-ORD-D3EDA07207,10988.0,sess_c7ff1200ee6f4369,4700,0.0,0,4700.0,3,COD,CONFIRMED,Hyderabad,367135,2026-08-26 20:52:54.152780,2026-08-26
TL-ORD-0AD51A28AF,6219.0,sess_023243b77d1d4600,1772,0.0,0,1772.0,6,NetBanking,CONFIRMED,Delhi NCR,326052,2026-09-04 20:53:07.747142,2026-09-04
TL-ORD-6CC8C17000,8894.0,sess_d5f78e4478204c82,1906,285.9,0,1620.1,3,NetBanking,CONFIRMED,Mumbai,269953,2026-09-10 13:29:52.806775,2026-09-10
TL-ORD-48054F963A,9635.0,sess_f688fe8de5b84017,4817,0.0,0,4817.0,2,Card,CONFIRMED,Bengaluru,627091,2026-08-20 10:41:29.757739,2026-08-20
TL-ORD-4EE98DF9AB,10445.0,sess_7f6e42bdf18d43ac,4030,604.5,0,3425.5,4,UPI,CONFIRMED,Chennai,345361,2026-08-20 06:09:11.245247,2026-08-20
TL-ORD-2FDFAD2797,11727.0,sess_ceb4d731a7c94efb,1061,159.15,0,901.85,3,Card,CONFIRMED,Hyderabad,539525,2026-09-10 21:05:33.481325,2026-09-10
TL-ORD-6B75D63A5A,8691.0,sess_ea20cd7b78d2485e,3143,0.0,0,3143.0,2,NetBanking,CONFIRMED,Hyderabad,350397,2026-08-15 02:47:46.564122,2026-08-15
TL-ORD-96834192D1,7851.0,sess_106dff4dc929412f,6188,928.2,0,5259.8,2,COD,CONFIRMED,Pune,633830,2026-08-26 13:16:53.832062,2026-08-26
TL-ORD-58B6D4979C,10452.0,sess_96a0973e535d4dd2,2036,0.0,0,2036.0,2,UPI,CONFIRMED,Chennai,229325,2026-09-05 01:24:39.809735,2026-09-05
TL-ORD-F811B43817,,sess_8ccbc0c6a0f64344,848,127.2,99,819.8,6,Card,CONFIRMED,Chennai,595406,2026-09-09 14:14:15.728733,2026-09-09
TL-ORD-BF96DC7C58,,sess_3d214e416fe849b1,1684,252.6,0,1431.4,2,NetBanking,CONFIRMED,Mumbai,683789,2026-08-31 04:13:55.960383,2026-08-31
TL-ORD-BE10FED159,9442.0,sess_4342005e57e1434b,2799,0.0,0,2799.0,2,NetBanking,CONFIRMED,Delhi NCR,498248,2026-08-21 22:22:22.094088,2026-08-21
TL-ORD-A159727A49,8544.0,sess_76572941b732480e,3748,0.0,0,3748.0,2,NetBanking,CONFIRMED,Mumbai,546724,2026-09-08 02:21:58.096538,2026-09-08
TL-ORD-E2D2D74460,,sess_8bc77a1731234bf8,2717,0.0,0,2717.0,3,COD,CONFIRMED,Pune,691031,2026-09-10 10:55:44.236012,2026-09-10
TL-ORD-5BA38DE292,11001.0,sess_662990a359284ea4,3410,0.0,0,3410.0,4,Card,CONFIRMED,Bengaluru,558919,2026-08-18 07:31:23.621925,2026-08-18
TL-ORD-631AE04710,,sess_78e0450c87164f17,1971,0.0,0,1971.0,3,UPI,CONFIRMED,Pune,694441,2026-08-25 23:05:21.410109,2026-08-25
TL-ORD-50EC251E16,,sess_e09d3464d4a14689,1743,0.0,0,1743.0,3,UPI,CONFIRMED,Bengaluru,328708,2026-08-29 04:57:54.247247,2026-08-29
TL-ORD-5F42615B85,6978.0,sess_e5c5e7eea2364325,2199,329.85,0,1869.15,4,NetBanking,CONFIRMED,Mumbai,207434,2026-08-27 19:30:18.779034,2026-08-27
TL-ORD-63F2D6F8BA,9561.0,sess_7dc5a294b9684b26,848,0.0,99,947.0,6,Card,CONFIRMED,Pune,468445,2026-09-09 11:40:34.194535,2026-09-09
TL-ORD-C18C89733A,9737.0,sess_457e1f4b59a744bf,1199,0.0,0,1199.0,2,COD,CONFIRMED,Chennai,204843,2026-08-31 05:13:39.813153,2026-08-31
TL-ORD-A92D080E73,,sess_24150bfe44864382,1829,274.35,0,1554.65,2,UPI,CONFIRMED,Bengaluru,332292,2026-09-13 03:02:09.629767,2026-09-13
TL-ORD-F7DCF89AE3,10714.0,sess_008a057df7e5418b,848,0.0,99,947.0,6,Card,CONFIRMED,Bengaluru,260825,2026-08-21 22:16:12.960223,2026-08-21
TL-ORD-0509561C69,11844.0,sess_c107c6876adf49fd,2936,0.0,0,2936.0,4,Card,CONFIRMED,Delhi NCR,338164,2026-08-22 14:39:06.283603,2026-08-22
TL-ORD-EBA716772D,7066.0,sess_45fd96b719894357,4645,696.75,0,3948.25,2,NetBanking,CONFIRMED,Bengaluru,231586,2026-08-26 18:32:29.015691,2026-08-26
TL-ORD-29CC13381C,6746.0,sess_289637bfffa64918,4237,0.0,0,4237.0,4,UPI,CONFIRMED,Mumbai,207490,2026-08-21 20:14:03.985576,2026-08-21
TL-ORD-27ED28D934,,sess_225d7619c49247df,3621,0.0,0,3621.0,3,UPI,CONFIRMED,Mumbai,501177,2026-09-12 13:35:18.003170,2026-09-12
TL-ORD-D4B6334C28,11968.0,sess_7a3982da0adf47a1,4030,0.0,0,4030.0,4,NetBanking,CONFIRMED,Pune,175230,2026-09-09 15:10:48.010823,2026-09-09
TL-ORD-4CC75CE6AA,11233.0,sess_d7d9485b99174391,2388,0.0,0,2388.0,4,COD,CONFIRMED,Pune,614604,2026-08-18 02:46:55.525281,2026-08-18
TL-ORD-2B1BD3A69E,10144.0,sess_b8528217392f4743,2794,0.0,0,2794.0,5,COD,CONFIRMED,Chennai,584432,2026-09-01 04:31:19.306967,2026-09-01
TL-ORD-76CE85D9E9,9274.0,sess_c4b453d797bc4b42,2794,0.0,0,2794.0,5,UPI,CONFIRMED,Mumbai,653034,2026-08-22 09:47:00.823016,2026-08-22
TL-ORD-25361429C5,,sess_c2c237835c3d4044,5184,0.0,0,5184.0,6,NetBanking,CONFIRMED,Chennai,661373,2026-09-02 19:13:18.841724,2026-09-02
TL-ORD-583FF5F1BF,10901.0,sess_a799ae4b2a004570,3712,0.0,0,3712.0,2,Card,CONFIRMED,Pune,178158,2026-08-24 05:17:49.330050,2026-08-24
TL-ORD-5FFC275CF0,6013.0,sess_9f68fba5b3824a7d,5596,0.0,0,5596.0,2,COD,CONFIRMED,Hyderabad,528519,2026-09-09 13:51:30.393681,2026-09-09
TL-ORD-EAC6C80740,10478.0,sess_737d4da794224a6a,2637,0.0,0,2637.0,3,COD,CONFIRMED,Bengaluru,292571,2026-08-18 17:06:18.504553,2026-08-18
TL-ORD-967F8BDA4A,,sess_dff6e8a569d042d4,2238,335.7,0,1902.3,3,NetBanking,CONFIRMED,Delhi NCR,150038,2026-09-08 19:25:49.786271,2026-09-08
TL-ORD-32754C5744,,sess_69b815f52ba94d4d,1308,0.0,0,1308.0,3,UPI,CONFIRMED,Delhi NCR,130538,2026-09-04 05:15:15.279936,2026-09-04
TL-ORD-ED1FA656EC,8196.0,sess_2015b53fcbcc43b9,2799,419.85,0,2379.15,5,COD,CONFIRMED,Hyderabad,666878,2026-09-13 12:54:04.425668,2026-09-13
TL-ORD-3C743F103B,,sess_5218e41aca8a4d64,3233,484.95,0,2748.05,3,NetBanking,CONFIRMED,Mumbai,679947,2026-09-05 11:15:41.979694,2026-09-05
TL-ORD-4144CDCF60,8480.0,sess_59b6b605971d4a2c,1567,0.0,0,1567.0,3,NetBanking,CONFIRMED,Delhi NCR,398284,2026-08-21 15:38:00.473958,2026-08-21
TL-ORD-291BE614DD,,sess_606cb3678da0404a,1533,0.0,0,1533.0,2,NetBanking,CONFIRMED,Pune,538350,2026-08-26 17:51:29.866123,2026-08-26
TL-ORD-0C74937638,,sess_f8e08048f7d24890,3531,529.65,0,3001.35,3,UPI,CONFIRMED,Chennai,497067,2026-09-13 07:27:39.924424,2026-09-13
TL-ORD-BEF72C348F,8085.0,sess_bad09f8f80a34be3,3577,0.0,0,3577.0,2,Card,CONFIRMED,Pune,452491,2026-09-01 20:23:56.355045,2026-09-01
TL-ORD-F280A16C72,10461.0,sess_08b5cf4ca6e34561,3577,0.0,0,3577.0,2,COD,CONFIRMED,Mumbai,429067,2026-09-11 04:31:20.656764,2026-09-11
TL-ORD-6C81F9DDA5,10771.0,sess_b77d8050bccb4b63,859,0.0,99,958.0,2,UPI,CONFIRMED,Pune,294147,2026-08-30 02:08:21.588895,2026-08-30
TL-ORD-1A5F50927F,7163.0,sess_d4ab046cb16b4315,3174,476.1,0,2697.9,5,COD,CONFIRMED,Mumbai,680182,2026-09-01 01:17:55.091688,2026-09-01
TL-ORD-DFF495D666,8968.0,sess_8d9e111bc0214515,1899,0.0,0,1899.0,4,Card,CONFIRMED,Pune,259822,2026-08-15 23:26:08.424499,2026-08-15
TL-ORD-14F17C7452,8776.0,sess_bfe943327c9c414e,4030,0.0,0,4030.0,4,Card,CONFIRMED,Mumbai,681477,2026-09-10 20:52:06.165842,2026-09-10
TL-ORD-119536EA52,9155.0,sess_4e61892617f544e6,2936,0.0,0,2936.0,4,COD,CONFIRMED,Mumbai,175644,2026-08-18 15:58:30.266678,2026-08-18
TL-ORD-287B671CF2,10513.0,sess_fa2fd9aff3a24070,2662,399.3,0,2262.7,2,Card,CONFIRMED,Hyderabad,291768,2026-09-04 22:17:46.409452,2026-09-04
TL-ORD-F1C6DC809D,6707.0,sess_76354590cc2e4357,1034,155.1,0,878.9,4,UPI,CONFIRMED,Bengaluru,539513,2026-09-02 11:19:16.941105,2026-09-02
TL-ORD-3804CE056D,,sess_e0a262db5dcb49e5,2464,0.0,0,2464.0,3,Card,CONFIRMED,Mumbai,609872,2026-08-25 18:52:20.553277,2026-08-25
TL-ORD-30EC6EE150,6448.0,sess_fbb79e4f07a34e2a,999,149.85,0,849.15,2,NetBanking,CONFIRMED,Pune,371750,2026-08-26 01:50:59.384411,2026-08-26
TL-ORD-F5DE9F1792,9442.0,sess_952c31b7b2e24938,1506,0.0,0,1506.0,3,NetBanking,CONFIRMED,Pune,383689,2026-08-24 08:48:53.804045,2026-08-24
TL-ORD-D53E677C4B,,sess_e7dc3d99c5d043ae,3090,463.5,0,2626.5,2,UPI,CONFIRMED,Bengaluru,369145,2026-09-10 13:11:18.539139,2026-09-10
TL-ORD-8736D29592,10654.0,sess_61f9ec1efb6c4e0d,1728,0.0,0,1728.0,2,COD,CONFIRMED,Hyderabad,285940,2026-09-06 12:22:59.085660,2026-09-06
TL-ORD-D0E7F80855,,sess_3e8c9a51a4274de3,1684,0.0,0,1684.0,2,COD,CONFIRMED,Pune,201630,2026-09-09 17:46:06.273908,2026-09-09
TL-ORD-CF261AAFE5,10912.0,sess_10ee334c91c74acb,1899,0.0,0,1899.0,2,NetBanking,CONFIRMED,Delhi NCR,277173,2026-09-09 00:30:16.024209,2026-09-09
TL-ORD-94E923AD0B,7195.0,sess_f78c0a3fb0da4473,3775,566.25,0,3208.75,5,Card,CONFIRMED,Pune,118752,2026-08-17 15:50:17.812880,2026-08-17
TL-ORD-4C7E9DCB15,6296.0,sess_e3bc3740e45444c8,1728,0.0,0,1728.0,2,COD,CONFIRMED,Pune,233054,2026-08-29 03:00:31.835358,2026-08-29
TL-ORD-05C98FA55F,10284.0,sess_32e80be1ca094121,1533,229.95,0,1303.05,2,NetBanking,CONFIRMED,Pune,495587,2026-08-19 08:26:59.952957,2026-08-19
TL-ORD-44C9F38ADF,6214.0,sess_d84f2d90fe1a455a,3559,533.85,0,3025.15,2,Card,CONFIRMED,Mumbai,465611,2026-09-11 18:31:38.607842,2026-09-11
TL-ORD-937182B1E7,9957.0,sess_5b678eb9b3fd4eb0,1899,0.0,0,1899.0,2,NetBanking,CONFIRMED,Hyderabad,205848,2026-08-23 05:51:51.116491,2026-08-23
TL-ORD-C58D693AEF,,sess_85462b161de84890,2403,360.45,0,2042.55,2,Card,CONFIRMED,Delhi NCR,472660,2026-09-05 06:34:52.423104,2026-09-05
TL-ORD-E039B4DB24,7699.0,sess_4857298b86094924,1994,0.0,0,1994.0,2,Card,CONFIRMED,Bengaluru,524384,2026-09-01 03:52:22.330062,2026-09-01
TL-ORD-29376E396D,10542.0,sess_61c056eec9444dcc,4758,0.0,0,4758.0,2,Card,CONFIRMED,Delhi NCR,527801,2026-08-31 20:04:18.367911,2026-08-31
TL-ORD-677E8D0F5C,9890.0,sess_2e1e9eccc2944533,6594,0.0,0,6594.0,3,UPI,CONFIRMED,Pune,645684,2026-08-17 14:07:21.374726,2026-08-17
TL-ORD-76B0B47ABF,,sess_5e37862c34c246fc,4817,0.0,0,4817.0,2,COD,CONFIRMED,Bengaluru,614442,2026-08-28 18:42:53.813657,2026-08-28
TL-ORD-7F61A0C908,,sess_3468e43f5efc487f,4168,625.2,0,3542.8,3,COD,CONFIRMED,Delhi NCR,568908,2026-08-20 00:32:16.512315,2026-08-20
TL-ORD-08777CFF26,8508.0,sess_7ae44ae05fce47ac,2799,0.0,0,2799.0,5,NetBanking,CONFIRMED,Chennai,437554,2026-09-05 13:19:54.057883,2026-09-05
TL-ORD-4FBC4C6221,9848.0,sess_8032e7a444a64b6f,3499,0.0,0,3499.0,3,UPI,CONFIRMED,Pune,688620,2026-09-12 00:16:24.108578,2026-09-12
TL-ORD-4E75098C67,10578.0,sess_b0d054ef3d694954,2172,0.0,0,2172.0,6,UPI,CONFIRMED,Delhi NCR,258576,2026-09-11 13:33:17.038339,2026-09-11
TL-ORD-29680F66C0,9979.0,sess_0c8343d29c1047c8,743,0.0,99,842.0,3,COD,CONFIRMED,Delhi NCR,110136,2026-08-28 17:58:11.846302,2026-08-28
TL-ORD-B78695EC4B,6547.0,sess_7859d4dcc1364987,3361,504.15,0,2856.85,4,Card,CONFIRMED,Hyderabad,676199,2026-08-24 20:13:55.242787,2026-08-24
TL-ORD-735E24A902,7830.0,sess_1ee1ee9ce37042c4,3481,0.0,0,3481.0,5,Card,CONFIRMED,Pune,218174,2026-08-31 11:56:19.149842,2026-08-31
TL-ORD-2AD5D06100,6649.0,sess_37a8f02bd22e4285,1567,0.0,0,1567.0,3,COD,CONFIRMED,Bengaluru,169600,2026-08-19 01:27:01.235223,2026-08-19
TL-ORD-0D5F493197,8152.0,sess_1490486178784708,4596,689.4,0,3906.6,3,COD,CONFIRMED,Pune,229952,2026-08-19 01:35:40.852921,2026-08-19
TL-ORD-6137F8C74F,9835.0,sess_934cbed05af2462c,2350,0.0,0,2350.0,2,Card,CONFIRMED,Bengaluru,679363,2026-09-09 14:26:53.407698,2026-09-09
TL-ORD-B53D4E40D6,,sess_44861fac73ed4903,2686,0.0,0,2686.0,4,Card,CONFIRMED,Chennai,158536,2026-09-13 09:33:49.366121,2026-09-13
TL-ORD-AAC5DE0F6A,9640.0,sess_754aa82b385a419a,4481,672.15,0,3808.85,5,UPI,CONFIRMED,Chennai,311321,2026-09-10 23:55:34.441543,2026-09-10
TL-ORD-282F0BAD45,6298.0,sess_de4dde897d7e406d,4999,0.0,0,4999.0,3,Card,CONFIRMED,Chennai,699285,2026-09-01 00:47:05.714092,2026-09-01
TL-ORD-19EEC7625B,,sess_2c7b57f34861493c,4869,0.0,0,4869.0,3,UPI,CONFIRMED,Bengaluru,415145,2026-08-29 18:33:19.924729,2026-08-29
TL-ORD-BD67102536,,sess_e6dd1a9a96c34bed,4645,0.0,0,4645.0,2,Card,CONFIRMED,Bengaluru,618529,2026-09-07 15:56:54.820447,2026-09-07
TL-ORD-AB5765F0F0,9330.0,sess_bc82bc7b683d41be,999,0.0,0,999.0,6,Card,CONFIRMED,Bengaluru,218220,2026-08-30 18:05:54.732121,2026-08-30
TL-ORD-0D88C0883D,8343.0,sess_263f3e523b5e41f3,1308,196.2,0,1111.8,3,UPI,CONFIRMED,Mumbai,387067,2026-08-18 13:54:23.601600,2026-08-18
TL-ORD-0EC509041F,6151.0,sess_3188cd0b2f9e459e,2637,0.0,0,2637.0,3,NetBanking,CONFIRMED,Bengaluru,376107,2026-08-30 08:55:42.302421,2026-08-30
TL-ORD-F896D78776,,sess_025fd632be144d2b,3712,0.0,0,3712.0,2,COD,CONFIRMED,Bengaluru,410004,2026-09-06 10:31:33.072452,2026-09-06
TL-ORD-CD55ED3E84,7676.0,sess_7fab31f11fcd43bd,3410,0.0,0,3410.0,4,NetBanking,CONFIRMED,Hyderabad,691005,2026-08-21 13:26:38.879787,2026-08-21
TL-ORD-AA9B1989E1,9851.0,sess_ac32e45b16764d15,2538,0.0,0,2538.0,2,COD,CONFIRMED,Chennai,332204,2026-08-16 04:46:50.789484,2026-08-16
TL-ORD-36753E7690,7094.0,sess_7c42783827224cda,2199,329.85,0,1869.15,4,NetBanking,CONFIRMED,Mumbai,514258,2026-08-29 05:31:40.499855,2026-08-29
TL-ORD-F786DBA0C4,11548.0,sess_c281bddeac3a4d9c,2334,0.0,0,2334.0,5,UPI,CONFIRMED,Mumbai,294316,2026-08-20 17:13:26.873352,2026-08-20
TL-ORD-1BC7F6D6A1,9916.0,sess_f825ae63b9f844a3,4180,0.0,0,4180.0,3,COD,CONFIRMED,Pune,243771,2026-08-22 15:41:42.081094,2026-08-22
TL-ORD-9488CB7461,8177.0,sess_8e1cbf6f04a644fe,1829,0.0,0,1829.0,2,Card,CONFIRMED,Pune,483766,2026-09-02 06:40:56.684299,2026-09-02
TL-ORD-7805D04351,9821.0,sess_36b70ae100404d98,3361,504.15,0,2856.85,4,COD,CONFIRMED,Pune,408523,2026-08-15 17:21:09.650451,2026-08-15
TL-ORD-7DB0923CA3,7643.0,sess_89e691e343dc4349,1928,0.0,0,1928.0,2,COD,CONFIRMED,Delhi NCR,302063,2026-08-29 20:43:38.701328,2026-08-29
TL-ORD-5CC81C1331,9230.0,sess_3d4ad88ffc434c9e,3712,0.0,0,3712.0,2,NetBanking,CONFIRMED,Delhi NCR,167081,2026-08-16 02:28:00.235278,2026-08-16
TL-ORD-741CB9E51C,,sess_8209cde9c3274a18,5184,777.6,0,4406.4,6,NetBanking,CONFIRMED,Chennai,322449,2026-08-24 20:03:25.969637,2026-08-24
TL-ORD-E1A5075E6E,7427.0,sess_dcfcba04d6914e2f,4645,0.0,0,4645.0,2,UPI,CONFIRMED,Chennai,562014,2026-08-19 06:24:05.443471,2026-08-19
TL-ORD-9EF6B56748,11949.0,sess_98a3f0c273684011,5509,826.35,0,4682.65,5,Card,CONFIRMED,Pune,169333,2026-09-06 13:37:01.018969,2026-09-06
TL-ORD-25B391973A,6757.0,sess_f61fea81ccc542dd,1844,0.0,0,1844.0,3,COD,CONFIRMED,Hyderabad,308615,2026-09-02 19:02:56.328472,2026-09-02
TL-ORD-31B73A7B1C,7979.0,sess_70057d344d264a01,2717,407.55,0,2309.45,3,UPI,CONFIRMED,Hyderabad,529070,2026-08-23 20:26:02.162611,2026-08-23
TL-ORD-7A77878FC3,9773.0,sess_0dd2d4555bec4924,5596,839.4,0,4756.6,2,UPI,CONFIRMED,Chennai,384309,2026-09-05 05:24:23.502081,2026-09-05
TL-ORD-F150D9CC1D,7908.0,sess_271df78098854398,1089,0.0,0,1089.0,3,Card,CONFIRMED,Pune,501069,2026-08-22 13:34:41.150032,2026-08-22
TL-ORD-BE94A90AE3,10095.0,sess_6a7e77fa1bad4fe1,802,120.3,99,780.7,2,NetBanking,CONFIRMED,Delhi NCR,409290,2026-09-01 03:15:15.060494,2026-09-01
TL-ORD-4EBFDB5EC4,8381.0,sess_41e6f8781b4d478b,4958,0.0,0,4958.0,3,NetBanking,CONFIRMED,Delhi NCR,133407,2026-09-08 16:08:13.920298,2026-09-08
TL-ORD-35E9BEA95B,8906.0,sess_fef59fbc746045e9,3899,0.0,0,3899.0,2,UPI,CONFIRMED,Hyderabad,516528,2026-09-10 01:24:12.622970,2026-09-10
TL-ORD-0297219EE0,,sess_928dd22a7df34440,5421,0.0,0,5421.0,4,Card,CONFIRMED,Hyderabad,563303,2026-09-11 23:39:59.921854,2026-09-11
TL-ORD-05F0E34E5D,7602.0,sess_51f1659ad3bc4aaf,7844,0.0,0,7844.0,2,UPI,CONFIRMED,Delhi NCR,442122,2026-09-07 12:29:30.543154,2026-09-07
TL-ORD-410C777E13,9133.0,sess_659f4d2d7c95493d,1263,189.45,0,1073.55,5,NetBanking,CONFIRMED,Bengaluru,342824,2026-08-31 04:36:12.396470,2026-08-31
TL-ORD-0487E4AD66,6261.0,sess_01399a1c17654c22,4617,692.55,0,3924.45,2,UPI,CONFIRMED,Hyderabad,698571,2026-08-24 06:16:44.831673,2026-08-24
TL-ORD-778F06286F,7354.0,sess_f24b8bafbc5d4cdc,3777,566.55,0,3210.45,4,COD,CONFIRMED,Hyderabad,159225,2026-09-07 18:36:44.815080,2026-09-07
TL-ORD-C912B01AEF,6585.0,sess_97af7df5a8f5485c,3577,0.0,0,3577.0,2,NetBanking,CONFIRMED,Delhi NCR,324150,2026-09-07 04:49:47.884498,2026-09-07
TL-ORD-D3C1649947,7094.0,sess_91d79ad99d0f4fb7,5499,824.85,0,4674.15,3,Card,CONFIRMED,Bengaluru,275094,2026-08-29 04:47:54.655555,2026-08-29
TL-ORD-284A311ECF,6571.0,sess_e54d60ce615a4745,3019,452.85,0,2566.15,2,UPI,CONFIRMED,Chennai,351780,2026-08-18 13:24:16.496130,2026-08-18
TL-ORD-9C00AF51B8,,sess_d15d87147f464b50,3899,0.0,0,3899.0,2,Card,CONFIRMED,Hyderabad,389987,2026-09-10 16:11:53.758224,2026-09-10
TL-ORD-0214F0BCE4,7157.0,sess_908dd62667cc43f7,743,0.0,99,842.0,3,NetBanking,CONFIRMED,Hyderabad,696054,2026-09-06 20:23:54.589179,2026-09-06
TL-ORD-5CACCEDC73,6071.0,sess_1a5a861ad0fe4cba,802,120.3,99,780.7,2,COD,CONFIRMED,Delhi NCR,555824,2026-08-29 13:30:22.246247,2026-08-29
TL-ORD-498E78DE24,11959.0,sess_037a57a2dfde4bff,5842,0.0,0,5842.0,2,UPI,CONFIRMED,Pune,639424,2026-08-14 21:49:26.052936,2026-08-14
TL-ORD-D3B1C66D01,10218.0,sess_3fa3af90fa2249d6,5421,813.15,0,4607.85,4,UPI,CONFIRMED,Pune,464250,2026-08-21 05:16:12.201935,2026-08-21
TL-ORD-0D813D76B1,6315.0,sess_307d3c03aa894133,4304,0.0,0,4304.0,4,NetBanking,CONFIRMED,Hyderabad,185894,2026-08-22 17:01:46.555517,2026-08-22
TL-ORD-4DCF369B45,11803.0,sess_47a83694de394b10,2717,407.55,0,2309.45,3,COD,CONFIRMED,Pune,325424,2026-08-23 07:35:07.440549,2026-08-23
TL-ORD-0186D6E7AA,10006.0,sess_05e6d3683b9c4a77,5184,777.6,0,4406.4,6,COD,CONFIRMED,Chennai,136067,2026-08-24 02:52:54.075268,2026-08-24
TL-ORD-64D610F1A0,7702.0,sess_8ba1254428f74dbe,1617,0.0,0,1617.0,3,UPI,CONFIRMED,Hyderabad,374151,2026-09-08 13:43:37.477345,2026-09-08
TL-ORD-296FB03E32,8732.0,sess_6a5d1cf95d9a4b0e,1103,165.45,0,937.55,5,NetBanking,CONFIRMED,Bengaluru,434017,2026-09-09 12:12:36.394854,2026-09-09
TL-ORD-CBCDCC45E5,,sess_71e80ce199a54e0c,1244,0.0,0,1244.0,3,Card,CONFIRMED,Delhi NCR,503736,2026-09-07 23:42:56.383867,2026-09-07
TL-ORD-2EAF29C038,9381.0,sess_8311d93f95924fed,1533,229.95,0,1303.05,2,COD,CONFIRMED,Mumbai,317212,2026-08-27 09:01:17.825665,2026-08-27
TL-ORD-90635646F8,7967.0,sess_fe40b88fa66e4dc9,5070,0.0,0,5070.0,5,UPI,CONFIRMED,Mumbai,137763,2026-08-19 03:27:36.124612,2026-08-19
TL-ORD-45F6AF672A,,sess_b3d5dd7ad1274350,841,0.0,99,940.0,2,COD,CONFIRMED,Chennai,512504,2026-08-22 13:08:52.486208,2026-08-22
TL-ORD-BCF5080D26,8679.0,sess_25372725d4664112,1170,0.0,0,1170.0,5,Card,CONFIRMED,Delhi NCR,546935,2026-08-15 06:34:27.221272,2026-08-15
TL-ORD-596C46BC42,9998.0,sess_2881bd419b194d66,3008,0.0,0,3008.0,3,NetBanking,CONFIRMED,Hyderabad,188871,2026-08-29 14:56:36.670727,2026-08-29
TL-ORD-AE79AF5E15,11508.0,sess_15eff2ba2d6d49c0,3410,0.0,0,3410.0,4,NetBanking,CONFIRMED,Chennai,174577,2026-08-31 11:25:56.927670,2026-08-31
TL-ORD-7759251D1C,,sess_395967fdcd784687,984,147.6,99,935.4,5,Card,CONFIRMED,Chennai,411011,2026-08-19 11:22:57.568647,2026-08-19
TL-ORD-49F94AF17E,9279.0,sess_e2a0c7a7cef04b12,4079,611.85,0,3467.15,2,UPI,CONFIRMED,Hyderabad,475650,2026-08-31 01:28:50.250777,2026-08-31
TL-ORD-FFA0A23E59,10265.0,sess_0d73563029394835,751,0.0,99,850.0,4,NetBanking,CONFIRMED,Hyderabad,564628,2026-08-15 15:24:26.785779,2026-08-15
TL-ORD-5F6A0CE15C,11344.0,sess_d5d22ef6230a4463,3361,0.0,0,3361.0,4,UPI,CONFIRMED,Mumbai,388755,2026-08-30 11:53:49.275910,2026-08-30
TL-ORD-4548768D10,,sess_76ae0dfb683249ca,4072,0.0,0,4072.0,2,NetBanking,CONFIRMED,Hyderabad,668258,2026-08-25 06:12:41.598333,2026-08-25
TL-ORD-CFAAFFEC1F,7111.0,sess_f45a043043344f87,5659,0.0,0,5659.0,2,NetBanking,CONFIRMED,Mumbai,355512,2026-08-31 04:59:14.315871,2026-08-31
TL-ORD-71D6C8579C,11366.0,sess_4696fa2cd2874a69,4180,0.0,0,4180.0,3,NetBanking,CONFIRMED,Mumbai,667414,2026-08-15 14:45:52.001827,2026-08-15
TL-ORD-90F8D2D5BD,8368.0,sess_dc4a29ac59ac48b4,3499,524.85,0,2974.15,2,NetBanking,CONFIRMED,Hyderabad,549880,2026-09-10 18:05:35.279319,2026-09-10
TL-ORD-7365815178,,sess_617108c72a0d4ba9,6188,0.0,0,6188.0,2,COD,CONFIRMED,Hyderabad,421263,2026-08-28 09:02:12.791182,2026-08-28
TL-ORD-74733D62BE,9140.0,sess_be82a910ee824f40,4030,604.5,0,3425.5,4,Card,CONFIRMED,Bengaluru,528316,2026-09-05 15:40:42.777690,2026-09-05
TL-ORD-E8676C832E,6863.0,sess_a27ff7a176e444cb,1994,0.0,0,1994.0,2,Card,CONFIRMED,Hyderabad,555419,2026-08-25 07:54:14.433977,2026-08-25
TL-ORD-E0DE2B03BF,6084.0,sess_4f237b6794f74494,1899,0.0,0,1899.0,4,COD,CONFIRMED,Pune,308196,2026-08-24 03:21:21.412548,2026-08-24
TL-ORD-B65A72B237,11730.0,sess_d27722c067d8412b,1299,194.85,0,1104.15,3,COD,CONFIRMED,Hyderabad,395824,2026-08-31 19:26:00.541260,2026-08-31
TL-ORD-F9F8B9CE22,10755.0,sess_5d120fe0958f407f,2029,0.0,0,2029.0,5,UPI,CONFIRMED,Pune,351503,2026-08-21 08:19:43.687478,2026-08-21
TL-ORD-D3CD1C9C54,8836.0,sess_11eca0effe574f6f,2794,419.1,0,2374.9,5,COD,CONFIRMED,Chennai,392332,2026-09-04 11:17:45.978838,2026-09-04
TL-ORD-55BF458DB9,6053.0,sess_6a852e59002142b2,2589,0.0,0,2589.0,2,Card,CONFIRMED,Mumbai,558762,2026-09-10 08:57:54.283248,2026-09-10
TL-ORD-922DBA5CC3,7458.0,sess_0d5191d430fa4871,2799,0.0,0,2799.0,2,UPI,CONFIRMED,Chennai,301327,2026-09-11 22:42:52.274561,2026-09-11
TL-ORD-45F82572D9,,sess_64e5135382674b5b,1875,281.25,0,1593.75,4,NetBanking,CONFIRMED,Delhi NCR,412217,2026-09-12 02:51:32.690072,2026-09-12
TL-ORD-4A20021343,,sess_49773b705be74a8f,4759,0.0,0,4759.0,4,UPI,CONFIRMED,Delhi NCR,346162,2026-09-09 04:50:09.673310,2026-09-09
TL-ORD-83CF1777CC,10691.0,sess_b94bfdcf26464fc2,2999,0.0,0,2999.0,3,UPI,CONFIRMED,Bengaluru,384138,2026-08-26 06:36:57.489039,2026-08-26
TL-ORD-07C903C43B,9480.0,sess_e2917683825a40a9,3857,0.0,0,3857.0,5,UPI,CONFIRMED,Hyderabad,111999,2026-08-23 03:28:11.546709,2026-08-23
TL-ORD-76EC795E8D,11667.0,sess_68e406d03a844b7e,2339,0.0,0,2339.0,2,UPI,CONFIRMED,Hyderabad,256352,2026-09-08 15:32:23.215954,2026-09-08
TL-ORD-7031862860,8352.0,sess_58d65b630ac6489b,4132,0.0,0,4132.0,2,UPI,CONFIRMED,Hyderabad,149724,2026-09-03 16:50:45.034149,2026-09-03
TL-ORD-C45DE6374E,8894.0,sess_b4eadcb707454644,1791,268.65,0,1522.35,3,COD,CONFIRMED,Bengaluru,393812,2026-08-24 13:42:31.737521,2026-08-24
TL-ORD-28A39EB907,,sess_471431ec60094ea1,3879,581.85,0,3297.15,5,UPI,CONFIRMED,Bengaluru,386277,2026-08-28 12:26:52.095522,2026-08-28
TL-ORD-DAE38F5043,,sess_bb45e889fe65401d,1089,0.0,0,1089.0,3,UPI,CONFIRMED,Delhi NCR,623369,2026-09-03 03:41:31.408845,2026-09-03
TL-ORD-5AF295E378,,sess_3179748d53db49b2,5509,0.0,0,5509.0,5,UPI,CONFIRMED,Delhi NCR,422101,2026-09-04 05:37:15.645362,2026-09-04
TL-ORD-E8350AFD0A,11794.0,sess_547cfb8214e0411a,1802,0.0,0,1802.0,3,Card,CONFIRMED,Hyderabad,199016,2026-08-19 01:16:12.902089,2026-08-19
TL-ORD-44ADE173E1,8145.0,sess_547992a41d7f4a00,1107,0.0,0,1107.0,4,Card,CONFIRMED,Delhi NCR,264256,2026-08-25 19:43:52.681873,2026-08-25
TL-ORD-176C099A02,8218.0,sess_eb8fdc806bc24906,1179,0.0,0,1179.0,2,NetBanking,CONFIRMED,Mumbai,269137,2026-09-10 16:24:49.839178,2026-09-10
TL-ORD-E5522A2AC4,,sess_18a24f87f99b4c1c,1928,0.0,0,1928.0,2,NetBanking,CONFIRMED,Pune,297660,2026-08-21 20:25:42.132225,2026-08-21
TL-ORD-C14B74C762,11540.0,sess_b9b3c190c1084fa2,3024,0.0,0,3024.0,5,Card,CONFIRMED,Chennai,361393,2026-09-02 14:02:59.450707,2026-09-02
TL-ORD-7C19AEF849,,sess_dbae2c132fc5455c,2437,365.55,0,2071.45,4,NetBanking,CONFIRMED,Pune,187139,2026-08-19 10:42:32.365073,2026-08-19
TL-ORD-3C0BCCFEF4,,sess_4d39b9737b8d42d7,5499,824.85,0,4674.15,3,NetBanking,CONFIRMED,Bengaluru,261617,2026-08-20 10:42:25.283310,2026-08-20
TL-ORD-F5BB2AB1ED,,sess_389ffe658745493b,1542,0.0,0,1542.0,5,UPI,CONFIRMED,Hyderabad,149120,2026-08-21 09:36:44.336075,2026-08-21
TL-ORD-3C03391EA5,7895.0,sess_f40b2dccc0024636,2781,417.15,0,2363.85,2,COD,CONFIRMED,Mumbai,503082,2026-08-26 09:24:55.499379,2026-08-26
TL-ORD-16E783EF21,6083.0,sess_484c4a8bb92d40ff,1899,0.0,0,1899.0,4,COD,CONFIRMED,Chennai,335655,2026-08-23 17:03:00.807178,2026-08-23
TL-ORD-B999F784DF,6384.0,sess_f9ea0cb411ab454b,642,0.0,99,741.0,5,UPI,CONFIRMED,Delhi NCR,186749,2026-09-12 11:01:23.842195,2026-09-12
TL-ORD-F007389BD4,,sess_a6175fb4e9ca4fed,577,86.55,99,589.45,2,COD,CONFIRMED,Bengaluru,587181,2026-08-21 15:18:46.877952,2026-08-21
TL-ORD-4A1AE86F73,10021.0,sess_8da27642c1a741f6,2799,419.85,0,2379.15,5,COD,CONFIRMED,Delhi NCR,540860,2026-09-03 03:03:54.045721,2026-09-03
TL-ORD-29E07B42EA,11555.0,sess_10f9dfaed63946df,3367,0.0,0,3367.0,3,COD,CONFIRMED,Chennai,624303,2026-09-07 11:12:32.432124,2026-09-07
TL-ORD-7BCFCF6075,7605.0,sess_f21c8112242d4c76,4596,0.0,0,4596.0,3,NetBanking,CONFIRMED,Pune,683679,2026-09-06 14:09:37.389831,2026-09-06
TL-ORD-D232B75752,6622.0,sess_1c060277b8c447b5,3499,0.0,0,3499.0,3,Card,CONFIRMED,Mumbai,110081,2026-08-30 22:07:30.721251,2026-08-30
TL-ORD-72465A2A04,,sess_4141218c25cf479e,829,124.35,99,803.65,6,UPI,CONFIRMED,Pune,238545,2026-09-13 03:07:14.830539,2026-09-13
TL-ORD-B70C820DB9,9978.0,sess_a307d76225594816,4481,0.0,0,4481.0,5,Card,CONFIRMED,Delhi NCR,355683,2026-09-11 02:58:56.327079,2026-09-11
TL-ORD-7F1DBE159C,8084.0,sess_720297acd7744c8d,5450,817.5,0,4632.5,2,NetBanking,CONFIRMED,Delhi NCR,116352,2026-09-01 01:36:49.558304,2026-09-01
TL-ORD-BF85B03AD1,11598.0,sess_3790707ec8924ff1,2673,0.0,0,2673.0,2,Card,CONFIRMED,Mumbai,244653,2026-09-04 17:17:54.800965,2026-09-04
TL-ORD-51F39A3A7F,11110.0,sess_332deadafa864813,743,0.0,99,842.0,3,Card,CONFIRMED,Hyderabad,504783,2026-08-28 14:52:30.146709,2026-08-28
TL-ORD-4C92404ED6,9300.0,sess_9257dd257808466c,3090,463.5,0,2626.5,2,UPI,CONFIRMED,Pune,301346,2026-08-17 17:49:38.874355,2026-08-17
TL-ORD-FB918659E8,9957.0,sess_cdd6b71219a146e1,1533,0.0,0,1533.0,2,UPI,CONFIRMED,Delhi NCR,425854,2026-08-20 18:45:49.760060,2026-08-20
TL-ORD-4A55A94DBB,9457.0,sess_8a95aecc675e4463,6999,0.0,0,6999.0,2,UPI,CONFIRMED,Delhi NCR,631906,2026-08-18 04:24:47.875592,2026-08-18
TL-ORD-F854CCB9E9,8577.0,sess_e5e753a37618462d,999,149.85,0,849.15,2,COD,CONFIRMED,Bengaluru,265112,2026-09-04 15:15:55.659086,2026-09-04
TL-ORD-D8E9711A73,8024.0,sess_0696076e6dfe495d,1772,0.0,0,1772.0,6,COD,CONFIRMED,Mumbai,127707,2026-08-28 21:23:51.479651,2026-08-28
TL-ORD-EDCE593EEE,7259.0,sess_e9f61f5c5727421b,1018,0.0,0,1018.0,5,UPI,CONFIRMED,Delhi NCR,429401,2026-08-18 23:32:16.860616,2026-08-18
TL-ORD-94E928C164,10804.0,sess_0a8ef4400ccd462b,3041,0.0,0,3041.0,4,Card,CONFIRMED,Delhi NCR,644272,2026-08-30 06:29:18.119301,2026-08-30
TL-ORD-86055CC2E6,9645.0,sess_909770f4c0c946c6,3233,484.95,0,2748.05,3,UPI,CONFIRMED,Pune,636668,2026-08-24 11:53:50.153439,2026-08-24
TL-ORD-93DF8C0E24,,sess_91b2b615e23e476b,2799,0.0,0,2799.0,2,COD,CONFIRMED,Hyderabad,662066,2026-09-10 09:59:27.172452,2026-09-10
TL-ORD-41A1B04B2F,11254.0,sess_9beed556f8504e10,2195,329.25,0,1865.75,4,Card,CONFIRMED,Bengaluru,291939,2026-09-06 15:53:44.348317,2026-09-06
TL-ORD-33DB3FD26F,8296.0,sess_7e698fd732294397,4079,0.0,0,4079.0,2,NetBanking,CONFIRMED,Delhi NCR,375468,2026-08-29 04:33:31.936826,2026-08-29
TL-ORD-2788853B75,9464.0,sess_748670ea63e14c0a,3708,0.0,0,3708.0,4,Card,CONFIRMED,Pune,388697,2026-09-01 03:57:43.389287,2026-09-01
TL-ORD-AE45016AA0,11475.0,sess_6911a1f35f21434a,4304,645.6,0,3658.4,4,Card,CONFIRMED,Bengaluru,540917,2026-08-24 14:59:02.709537,2026-08-24
TL-ORD-267438DDBC,10452.0,sess_864626812b074357,3985,597.75,0,3387.25,3,UPI,CONFIRMED,Hyderabad,207822,2026-09-02 22:16:16.218530,2026-09-02
TL-ORD-00DD13ECA8,10649.0,sess_d07e881331d1473d,1971,295.65,0,1675.35,3,Card,CONFIRMED,Hyderabad,496040,2026-09-09 12:29:16.444304,2026-09-09
TL-ORD-FE20D2FAEE,7144.0,sess_bcbdab4e84884fb9,1533,229.95,0,1303.05,2,COD,CONFIRMED,Bengaluru,505543,2026-08-22 04:43:19.159763,2026-08-22
TL-ORD-A54A4F922A,9038.0,sess_8c377af188fb4982,1068,0.0,0,1068.0,4,UPI,CONFIRMED,Mumbai,286042,2026-09-02 18:05:26.184670,2026-09-02
TL-ORD-23D8096C60,,sess_1b894faf07644494,1244,0.0,0,1244.0,3,Card,CONFIRMED,Pune,501413,2026-08-19 19:52:27.913642,2026-08-19
TL-ORD-C8C5ACFFF4,6558.0,sess_e61cce336ac1424a,1604,240.6,0,1363.4,3,UPI,CONFIRMED,Pune,118490,2026-09-12 02:57:47.586744,2026-09-12
TL-ORD-37B57362E4,,sess_0eededfe79ae400a,5421,0.0,0,5421.0,4,COD,CONFIRMED,Hyderabad,269592,2026-08-25 03:11:50.008672,2026-08-25
TL-ORD-B22DADE0BD,6115.0,sess_2d97d33a710843a2,3531,529.65,0,3001.35,3,UPI,CONFIRMED,Pune,225037,2026-09-05 23:57:54.732576,2026-09-05
TL-ORD-381EF5514A,7202.0,sess_ccf9035c79404983,802,0.0,99,901.0,2,NetBanking,CONFIRMED,Bengaluru,215102,2026-08-18 21:26:16.984386,2026-08-18
TL-ORD-E6B346F9A4,10913.0,sess_a38fae57be254f41,2999,449.85,0,2549.15,3,UPI,CONFIRMED,Delhi NCR,152210,2026-09-05 13:17:55.486880,2026-09-05
TL-ORD-175FBF21AF,7055.0,sess_3fb298d607b24413,4320,648.0,0,3672.0,4,NetBanking,CONFIRMED,Chennai,184803,2026-09-06 17:01:04.073031,2026-09-06
TL-ORD-0BF604843C,7580.0,sess_7ede5d289c0e4c84,3985,597.75,0,3387.25,3,Card,CONFIRMED,Chennai,219014,2026-09-12 18:40:31.049396,2026-09-12
TL-ORD-DED5879F49,11693.0,sess_859ac50527f54c03,1244,0.0,0,1244.0,3,NetBanking,CONFIRMED,Pune,540699,2026-09-10 08:37:50.568301,2026-09-10
TL-ORD-978C4CA012,,sess_8828f729a549450d,4320,0.0,0,4320.0,4,UPI,CONFIRMED,Pune,371489,2026-09-10 00:33:57.624943,2026-09-10
TL-ORD-E47990A117,6141.0,sess_fe5685c84e624369,2388,0.0,0,2388.0,4,COD,CONFIRMED,Bengaluru,520243,2026-08-26 17:56:36.719238,2026-08-26
TL-ORD-D8B5A557B5,11966.0,sess_0a40e96815e24c13,2773,415.95,0,2357.05,2,Card,CONFIRMED,Hyderabad,584905,2026-09-10 08:27:50.148596,2026-09-10
TL-ORD-F90B545DF2,9009.0,sess_717803ae20b44c60,1044,0.0,0,1044.0,3,UPI,CONFIRMED,Pune,429408,2026-09-08 14:56:09.732783,2026-09-08
TL-ORD-CB7E61A21D,6558.0,sess_ce90a252e89b4847,2589,0.0,0,2589.0,2,Card,CONFIRMED,Bengaluru,449771,2026-08-22 12:27:14.692543,2026-08-22
TL-ORD-E6181CDD27,10673.0,sess_b1c3ef8b4827448c,829,0.0,99,928.0,6,UPI,CONFIRMED,Delhi NCR,445809,2026-08-21 07:39:24.862303,2026-08-21
TL-ORD-392ED5F963,,sess_fd94c785a4384669,2617,0.0,0,2617.0,4,UPI,CONFIRMED,Pune,327042,2026-09-13 01:51:11.908284,2026-09-13
TL-ORD-E59C3D2D60,9222.0,sess_3dd8630fbb634453,4965,0.0,0,4965.0,4,UPI,CONFIRMED,Chennai,621352,2026-09-03 14:02:34.814856,2026-09-03
TL-ORD-DE2D48335A,9783.0,sess_18a5319268b84991,4992,748.8,0,4243.2,2,UPI,CONFIRMED,Delhi NCR,361321,2026-08-15 17:25:36.367687,2026-08-15
TL-ORD-0B60ED0A2F,8757.0,sess_214a5650527d4dc5,2036,305.4,0,1730.6,2,NetBanking,CONFIRMED,Chennai,621614,2026-08-25 00:35:19.555782,2026-08-25
TL-ORD-62277EF833,8565.0,sess_7b75643e9c1b481b,1954,0.0,0,1954.0,6,UPI,CONFIRMED,Pune,414608,2026-08-24 17:29:15.171232,2026-08-24
TL-ORD-585A12A56A,7466.0,sess_3f5ff795f3a947d4,999,149.85,0,849.15,2,UPI,CONFIRMED,Pune,239186,2026-08-16 21:21:15.532742,2026-08-16
TL-ORD-797598FAFD,6201.0,sess_80446633cd0c415e,2036,305.4,0,1730.6,2,NetBanking,CONFIRMED,Chennai,270332,2026-08-15 00:52:52.522304,2026-08-15
TL-ORD-3B21CA143F,7491.0,sess_f17b1b3b86f2466f,4168,0.0,0,4168.0,3,COD,CONFIRMED,Pune,505977,2026-09-01 09:41:03.591884,2026-09-01
TL-ORD-5A82309226,8910.0,sess_6c119db02cfc43a9,4869,0.0,0,4869.0,3,Card,CONFIRMED,Delhi NCR,574178,2026-08-25 19:59:42.978807,2026-08-25
TL-ORD-929C7F688A,,sess_b4d5d32fd4bf4962,3775,0.0,0,3775.0,5,NetBanking,CONFIRMED,Mumbai,210895,2026-08-24 08:37:56.436911,2026-08-24
TL-ORD-F6C1832465,11118.0,sess_1c5b253c4a6d4941,1724,258.6,0,1465.4,4,Card,CONFIRMED,Delhi NCR,374774,2026-09-10 13:52:35.278391,2026-09-10
TL-ORD-6C1224D38D,11752.0,sess_85703d822dd540a5,1170,0.0,0,1170.0,5,NetBanking,CONFIRMED,Chennai,172440,2026-08-29 19:06:52.700232,2026-08-29
TL-ORD-B138C24592,,sess_029cfc4e7f814d6f,3174,0.0,0,3174.0,5,COD,CONFIRMED,Pune,122708,2026-09-08 08:47:04.280099,2026-09-08
TL-ORD-DC1095BF65,11056.0,sess_56e20f3d5b2b4b1b,829,0.0,99,928.0,6,NetBanking,CONFIRMED,Delhi NCR,411348,2026-08-22 01:06:50.581504,2026-08-22
TL-ORD-C2E25D018A,,sess_130ec56c81cf432b,1089,163.35,0,925.65,3,NetBanking,CONFIRMED,Mumbai,359490,2026-09-12 01:38:24.322183,2026-09-12
TL-ORD-6FFCCD8212,,sess_3106fb065db64a05,4723,708.45,0,4014.55,4,Card,CONFIRMED,Delhi NCR,241228,2026-08-18 10:50:13.614593,2026-08-18
TL-ORD-FB901C0651,,sess_15ed6f7453f04aa9,4299,0.0,0,4299.0,2,UPI,CONFIRMED,Chennai,264570,2026-08-26 22:32:47.079648,2026-08-26
TL-ORD-2D6390668D,7517.0,sess_9f4a8e6bcc9145d1,743,111.45,99,730.55,3,COD,CONFIRMED,Bengaluru,506941,2026-09-08 22:13:42.481976,2026-09-08
TL-ORD-213B7C1EEC,6572.0,sess_f58a2b95852b4f63,2238,335.7,0,1902.3,3,Card,CONFIRMED,Bengaluru,638230,2026-09-05 08:49:10.187304,2026-09-05
TL-ORD-436E8C21C2,6048.0,sess_461a1366ff6940a2,3976,596.4,0,3379.6,2,UPI,CONFIRMED,Delhi NCR,484273,2026-08-27 21:02:57.337251,2026-08-27
TL-ORD-B5663CDE7E,7425.0,sess_2c1cd1edbfeb4a63,1928,289.2,0,1638.8,2,NetBanking,CONFIRMED,Pune,262452,2026-08-23 04:02:17.630745,2026-08-23
TL-ORD-44D8B85C77,7121.0,sess_c9dd3f1f8d464e4d,1774,266.1,0,1507.9,2,COD,CONFIRMED,Hyderabad,140633,2026-08-29 12:41:33.093526,2026-08-29
TL-ORD-331366D9CE,,sess_ad3f7a7775b648b5,1089,163.35,0,925.65,3,Card,CONFIRMED,Bengaluru,614498,2026-09-11 02:58:15.620053,2026-09-11
TL-ORD-8F0D67040D,,sess_1b987e89934c4f25,2450,0.0,0,2450.0,3,COD,CONFIRMED,Pune,557651,2026-08-31 10:06:24.971549,2026-08-31
TL-ORD-1304B8A414,8509.0,sess_4dabe79dd07244c2,1322,0.0,0,1322.0,4,Card,CONFIRMED,Mumbai,623776,2026-09-09 03:46:57.770010,2026-09-09
TL-ORD-09CD9BAE89,7720.0,sess_928e885ffa894392,4999,749.85,0,4249.15,3,COD,CONFIRMED,Chennai,251855,2026-08-19 15:53:04.297302,2026-08-19
TL-ORD-0260B56822,10894.0,sess_86242bd292ab4707,4958,0.0,0,4958.0,3,NetBanking,CONFIRMED,Pune,548745,2026-09-03 00:17:30.931885,2026-09-03
TL-ORD-3CD2382914,7228.0,sess_9249fcdd67574ce9,4481,672.15,0,3808.85,5,NetBanking,CONFIRMED,Bengaluru,616007,2026-09-12 02:59:24.483641,2026-09-12
TL-ORD-BC455A8432,6009.0,sess_0e1469bd96fe45e0,1971,0.0,0,1971.0,3,COD,CONFIRMED,Mumbai,492869,2026-09-07 23:05:56.376309,2026-09-07
TL-ORD-9ED69CB4E5,7399.0,sess_b94613ece37744a8,1103,0.0,0,1103.0,5,NetBanking,CONFIRMED,Chennai,194311,2026-08-24 08:28:17.424021,2026-08-24
TL-ORD-0DD20350EC,10124.0,sess_bcaaf996e54a46e7,4759,0.0,0,4759.0,4,Card,CONFIRMED,Bengaluru,481132,2026-08-21 13:34:37.254847,2026-08-21
TL-ORD-B328A7FB40,9163.0,sess_70bac6d2e3094852,1668,0.0,0,1668.0,3,UPI,CONFIRMED,Bengaluru,215114,2026-08-18 23:36:45.839249,2026-08-18
TL-ORD-F4CC66B6D9,9974.0,sess_7550d9d2bc8f41a5,848,0.0,99,947.0,6,COD,CONFIRMED,Bengaluru,556053,2026-08-30 17:12:22.845707,2026-08-30
TL-ORD-C04E9EEAC9,11331.0,sess_5bb30f30771d4cf3,3233,484.95,0,2748.05,3,NetBanking,CONFIRMED,Mumbai,440500,2026-08-20 15:58:43.690573,2026-08-20
TL-ORD-26A7D8F329,9397.0,sess_85c0c96f2e524ef0,1899,0.0,0,1899.0,2,Card,CONFIRMED,Hyderabad,132295,2026-09-02 12:47:18.258997,2026-09-02
TL-ORD-87C64D9E17,10479.0,sess_7ac883cbfb374d23,841,0.0,99,940.0,2,Card,CONFIRMED,Delhi NCR,348722,2026-09-10 23:34:28.913967,2026-09-10
TL-ORD-F7191F72A2,7712.0,sess_f208f8bbd7434f31,3282,492.3,0,2789.7,4,COD,CONFIRMED,Chennai,146525,2026-09-08 21:04:20.228191,2026-09-08
TL-ORD-11E16F85EF,11023.0,sess_e673097601ce49c9,2238,335.7,0,1902.3,3,Card,CONFIRMED,Pune,403418,2026-08-22 10:13:59.570175,2026-08-22
TL-ORD-9E86F303C8,10224.0,sess_e64934045663464f,2839,0.0,0,2839.0,4,NetBanking,CONFIRMED,Mumbai,266089,2026-09-10 21:30:30.064296,2026-09-10
TL-ORD-1A12ABC57F,6321.0,sess_62c536daf7d94944,1684,252.6,0,1431.4,2,Card,CONFIRMED,Bengaluru,345165,2026-09-12 07:07:23.433655,2026-09-12
TL-ORD-282357360A,,sess_6c005b823e6b4704,1772,265.8,0,1506.2,6,NetBanking,CONFIRMED,Bengaluru,547286,2026-09-07 17:02:04.453667,2026-09-07
TL-ORD-1DD75B8082,6366.0,sess_84b09f207a0d4db7,5596,839.4,0,4756.6,2,COD,CONFIRMED,Bengaluru,456236,2026-09-06 06:20:47.219154,2026-09-06
TL-ORD-6546429FF1,11215.0,sess_4721e5cb9a334097,4237,0.0,0,4237.0,4,COD,CONFIRMED,Bengaluru,164019,2026-09-09 09:52:48.969666,2026-09-09
TL-ORD-B73602B7AB,,sess_27e77f61f6b648f2,2794,419.1,0,2374.9,5,Card,CONFIRMED,Bengaluru,377641,2026-09-11 17:47:32.772421,2026-09-11
TL-ORD-0AD6E1402E,7272.0,sess_9e6db24e2f744df5,3985,597.75,0,3387.25,3,UPI,CONFIRMED,Pune,456494,2026-09-07 23:03:55.827957,2026-09-07
TL-ORD-CE2C1E0037,6779.0,sess_14eaef52ac45467d,852,127.8,99,823.2,2,NetBanking,CONFIRMED,Mumbai,695033,2026-09-05 11:17:51.483217,2026-09-05
TL-ORD-A743C82B1E,,sess_fe2ec5ac62cb4041,3473,0.0,0,3473.0,3,Card,CONFIRMED,Delhi NCR,597940,2026-09-12 04:01:16.016194,2026-09-12
TL-ORD-D9F0FC9DDA,8472.0,sess_456c5d5aaf124c75,3674,551.1,0,3122.9,5,UPI,CONFIRMED,Pune,222713,2026-08-23 01:18:13.417398,2026-08-23
TL-ORD-D47CAA9E85,6691.0,sess_827b49e52e7b43e6,3938,0.0,0,3938.0,3,COD,CONFIRMED,Delhi NCR,330294,2026-09-12 06:36:10.037847,2026-09-12
TL-ORD-E03A45603B,,sess_08a8101d535e4a68,5499,824.85,0,4674.15,3,COD,CONFIRMED,Bengaluru,242917,2026-08-16 01:12:12.730755,2026-08-16
TL-ORD-1A62486029,9268.0,sess_8a50c352e91548ef,1199,0.0,0,1199.0,2,Card,CONFIRMED,Chennai,287973,2026-09-06 01:24:46.466695,2026-09-06
TL-ORD-69C7EC642C,10320.0,sess_3cb8f806742e4509,3421,0.0,0,3421.0,6,UPI,CONFIRMED,Pune,158506,2026-08-31 09:44:33.747818,2026-08-31
TL-ORD-D9548C97CB,,sess_731af5e6656843b7,4700,705.0,0,3995.0,3,Card,CONFIRMED,Bengaluru,447530,2026-08-18 19:01:11.499555,2026-08-18
TL-ORD-A65FC5B844,8428.0,sess_86de96a517e6450e,779,0.0,99,878.0,2,NetBanking,CONFIRMED,Chennai,427808,2026-09-03 08:25:56.002063,2026-09-03
TL-ORD-C346820171,8421.0,sess_94ae8718d6504726,4320,648.0,0,3672.0,4,COD,CONFIRMED,Chennai,250976,2026-08-21 08:45:59.863206,2026-08-21
TL-ORD-39922828CD,7850.0,sess_49cd28889d7b4ab7,2437,365.55,0,2071.45,4,UPI,CONFIRMED,Hyderabad,454719,2026-08-22 22:43:23.028795,2026-08-22
TL-ORD-5C2862D958,,sess_4c60f321d629444c,1728,0.0,0,1728.0,2,NetBanking,CONFIRMED,Pune,276795,2026-09-09 10:45:48.730702,2026-09-09
TL-ORD-5567DF280A,,sess_00d22b2ae74044e1,1308,0.0,0,1308.0,3,UPI,CONFIRMED,Delhi NCR,587390,2026-09-12 15:59:00.855741,2026-09-12
TL-ORD-20D2F7533E,,sess_91e9c47361b84a68,1728,0.0,0,1728.0,2,UPI,CONFIRMED,Delhi NCR,567706,2026-09-07 05:30:19.047093,2026-09-07
TL-ORD-E7FD344EE1,9213.0,sess_2c1bed772a6e4a05,4304,0.0,0,4304.0,4,COD,CONFIRMED,Pune,461105,2026-08-24 22:44:03.604063,2026-08-24
TL-ORD-7F6C6C9828,10574.0,sess_d0cc2c3e618c4217,3582,0.0,0,3582.0,4,COD,CONFIRMED,Bengaluru,418837,2026-09-09 11:41:48.003748,2026-09-09
TL-ORD-EB255A1718,7478.0,sess_3ea364f770b945c9,1299,0.0,0,1299.0,3,NetBanking,CONFIRMED,Pune,426047,2026-09-01 15:56:30.755753,2026-09-01
TL-ORD-58F12A5181,,sess_636fad60060648e6,2550,382.5,0,2167.5,2,Card,CONFIRMED,Delhi NCR,185854,2026-09-12 15:38:45.546892,2026-09-12
TL-ORD-E1ADDFBEB0,,sess_cc4749be5dcd48ed,829,0.0,99,928.0,6,COD,CONFIRMED,Chennai,490137,2026-08-31 03:19:25.000087,2026-08-31
TL-ORD-D62F404A73,,sess_81b2e7ecb7e949e6,1954,0.0,0,1954.0,6,NetBanking,CONFIRMED,Delhi NCR,608290,2026-08-15 09:42:46.066330,2026-08-15
TL-ORD-8EE8B4AF6D,9403.0,sess_6308218168e24d86,1899,0.0,0,1899.0,2,NetBanking,CONFIRMED,Pune,411116,2026-08-23 16:50:52.884873,2026-08-23
TL-ORD-B266A3932C,7793.0,sess_2549bc928e1b4c87,3879,581.85,0,3297.15,5,COD,CONFIRMED,Mumbai,196275,2026-09-09 05:12:12.336327,2026-09-09
TL-ORD-1C6EE675AA,8178.0,sess_c9bc4e055bb846cd,859,128.85,99,829.15,2,COD,CONFIRMED,Pune,140129,2026-09-10 07:06:52.060643,2026-09-10
TL-ORD-103CC65DEC,6457.0,sess_ba821b984fcf4e4f,4320,0.0,0,4320.0,4,Card,CONFIRMED,Bengaluru,322028,2026-09-07 10:05:20.559146,2026-09-07
TL-ORD-4FB282E0EA,9366.0,sess_2f5c8241a5b24bc1,1506,0.0,0,1506.0,3,Card,CONFIRMED,Chennai,452434,2026-09-10 07:38:00.037836,2026-09-10
TL-ORD-10FCD4BCE9,10197.0,sess_7189f1dde142472e,1914,0.0,0,1914.0,3,NetBanking,CONFIRMED,Delhi NCR,674800,2026-09-12 05:34:11.139662,2026-09-12
TL-ORD-76BC146F2B,,sess_8228f6e33a9b4177,5816,872.4,0,4943.6,2,COD,CONFIRMED,Pune,356854,2026-08-22 10:04:02.220912,2026-08-22
TL-ORD-72E8E85E77,8084.0,sess_df72a4dc9d3f4cae,1270,0.0,0,1270.0,5,NetBanking,CONFIRMED,Chennai,400559,2026-09-07 04:06:53.080435,2026-09-07
TL-ORD-743B8F87D0,7006.0,sess_311f152fc4704163,3499,524.85,0,2974.15,2,UPI,CONFIRMED,Hyderabad,301640,2026-08-24 05:50:09.368340,2026-08-24
TL-ORD-BBDA3E43C7,,sess_3aaf89ef6dd24f83,1668,250.2,0,1417.8,3,COD,CONFIRMED,Chennai,422058,2026-09-05 16:48:46.340580,2026-09-05
TL-ORD-A5EFDDE7DC,10266.0,sess_446f93852bb0462e,3282,0.0,0,3282.0,4,UPI,CONFIRMED,Chennai,170331,2026-08-23 06:50:21.188207,2026-08-23
TL-ORD-FE322C2058,8026.0,sess_b85ef5b8c5cc4ed8,2640,396.0,0,2244.0,3,COD,CONFIRMED,Bengaluru,261459,2026-09-12 15:35:07.470996,2026-09-12
TL-ORD-ABBB58992C,8785.0,sess_1736db8ba5534098,1089,0.0,0,1089.0,3,Card,CONFIRMED,Hyderabad,647552,2026-08-19 17:26:49.960853,2026-08-19
TL-ORD-AC274CE3CB,11955.0,sess_7b01ee1c47c74d34,1199,179.85,0,1019.15,2,Card,CONFIRMED,Chennai,344621,2026-08-16 21:14:33.145059,2026-08-16
TL-ORD-E4DCF16481,,sess_36815f073ea341ab,1244,186.6,0,1057.4,3,NetBanking,CONFIRMED,Chennai,270549,2026-08-27 09:41:24.270957,2026-08-27
TL-ORD-5CED2A1C98,8765.0,sess_6a571599702b4868,1557,0.0,0,1557.0,4,Card,CONFIRMED,Delhi NCR,320119,2026-08-25 11:04:23.693049,2026-08-25
TL-ORD-6C6BCD749F,9905.0,sess_d40c46af03e94d56,1774,0.0,0,1774.0,2,COD,CONFIRMED,Delhi NCR,385798,2026-09-09 18:55:25.741521,2026-09-09
TL-ORD-F56CF86437,7665.0,sess_d801571a4f544ec0,3582,0.0,0,3582.0,4,COD,CONFIRMED,Mumbai,622840,2026-09-05 11:25:37.386073,2026-09-05
TL-ORD-77163C22D3,11290.0,sess_4bffcb5e7a6b4bf9,999,0.0,0,999.0,2,UPI,CONFIRMED,Pune,584044,2026-08-23 01:47:30.851852,2026-08-23
TL-ORD-C0E4FC23F7,,sess_703bccecb4134815,5842,876.3,0,4965.7,2,Card,CONFIRMED,Mumbai,258915,2026-08-27 11:18:22.430320,2026-08-27
TL-ORD-2E16FE9C74,6302.0,sess_aab1d6e978b3493f,2279,0.0,0,2279.0,4,UPI,CONFIRMED,Bengaluru,123477,2026-09-05 23:50:09.795791,2026-09-05
TL-ORD-E3A8E2F672,6243.0,sess_c9e61d1b01d146c2,3471,520.65,0,2950.35,3,Card,CONFIRMED,Hyderabad,380669,2026-09-03 07:27:34.425088,2026-09-03
TL-ORD-01BCACBFE3,11408.0,sess_2f3bf0fe06404736,3976,0.0,0,3976.0,2,NetBanking,CONFIRMED,Pune,354519,2026-09-08 18:36:35.942877,2026-09-08
TL-ORD-0849FE253B,10318.0,sess_94f811e443a645a8,1308,0.0,0,1308.0,3,UPI,CONFIRMED,Chennai,363830,2026-08-29 03:56:29.227954,2026-08-29
TL-ORD-7C799A7584,,sess_97551e9edd2044c9,2142,0.0,0,2142.0,3,COD,CONFIRMED,Delhi NCR,554165,2026-08-18 00:16:06.726253,2026-08-18
TL-ORD-840089C3DE,,sess_f29e1d83ec054cfe,5070,0.0,0,5070.0,5,UPI,CONFIRMED,Hyderabad,365932,2026-08-29 08:06:12.743024,2026-08-29
TL-ORD-07F8C71F19,6560.0,sess_9d1449b59bc643b1,3577,0.0,0,3577.0,2,COD,CONFIRMED,Mumbai,592081,2026-08-23 10:54:10.505211,2026-08-23
TL-ORD-58AFC13D53,7240.0,sess_14ef627c78264e24,1322,198.3,0,1123.7,4,NetBanking,CONFIRMED,Chennai,526841,2026-09-01 23:54:57.921363,2026-09-01
TL-ORD-1E755DEB84,10494.0,sess_ef4e211fd7294ed9,848,0.0,99,947.0,6,NetBanking,CONFIRMED,Delhi NCR,128775,2026-08-25 10:16:42.962689,2026-08-25
TL-ORD-1410B8D00D,11166.0,sess_ab5a351682ae49f4,1061,159.15,0,901.85,3,Card,CONFIRMED,Bengaluru,382728,2026-08-30 03:58:54.713891,2026-08-30
TL-ORD-D4F5B2574A,6711.0,sess_56d2c491f7584fbc,1276,0.0,0,1276.0,5,COD,CONFIRMED,Pune,628522,2026-09-12 13:58:14.539728,2026-09-12
TL-ORD-3B72D5F087,6252.0,sess_c4a32739c3ed478b,5450,817.5,0,4632.5,2,COD,CONFIRMED,Bengaluru,308467,2026-09-08 23:19:23.026313,2026-09-08
TL-ORD-2DC6B7B0AF,,sess_4cae183b93e04288,5596,0.0,0,5596.0,2,UPI,CONFIRMED,Pune,209515,2026-08-28 07:58:23.762404,2026-08-28
TL-ORD-327F5B8004,11417.0,sess_1535cde524c64d2d,2688,0.0,0,2688.0,2,COD,CONFIRMED,Pune,574008,2026-09-02 09:26:25.968295,2026-09-02
TL-ORD-D1C33286AA,9255.0,sess_35b33850597b45fb,1199,0.0,0,1199.0,2,NetBanking,CONFIRMED,Bengaluru,565021,2026-09-05 05:48:44.855039,2026-09-05
TL-ORD-ADB567093F,7840.0,sess_0987e9314b5c4400,3471,520.65,0,2950.35,3,COD,CONFIRMED,Delhi NCR,491043,2026-09-05 01:36:42.008523,2026-09-05
TL-ORD-AA68B64094,10335.0,sess_64b10bf9960046c8,2499,0.0,0,2499.0,3,UPI,CONFIRMED,Bengaluru,159154,2026-08-21 12:42:55.923550,2026-08-21
TL-ORD-04A3A1A3A4,,sess_474ce219d38b4299,999,0.0,0,999.0,2,UPI,CONFIRMED,Delhi NCR,560940,2026-08-17 22:07:25.812820,2026-08-17
TL-ORD-11B3E5EFC4,7772.0,sess_67141e0583b74f14,2312,346.8,0,1965.2,5,UPI,CONFIRMED,Pune,565983,2026-08-27 15:41:06.677054,2026-08-27
TL-ORD-53F1E83B5B,7802.0,sess_1de2ffc21a5d4733,1733,0.0,0,1733.0,3,Card,CONFIRMED,Chennai,408463,2026-08-15 02:50:21.346098,2026-08-15
TL-ORD-5932D3516D,,sess_b9de0783d1b6493f,3499,0.0,0,3499.0,3,Card,CONFIRMED,Mumbai,252687,2026-09-04 23:21:55.720366,2026-09-04
TL-ORD-B04B61B314,11320.0,sess_edda4f8577d34b20,5322,798.3,0,4523.7,4,COD,CONFIRMED,Pune,538134,2026-08-27 14:30:22.171673,2026-08-27
TL-ORD-6F1725E83B,,sess_9d01325412da4c1d,4072,0.0,0,4072.0,2,Card,CONFIRMED,Delhi NCR,244922,2026-08-17 13:12:37.237840,2026-08-17
TL-ORD-2737D84D47,10926.0,sess_fe458c5bc9ec4c2f,2936,440.4,0,2495.6,4,NetBanking,CONFIRMED,Delhi NCR,167539,2026-09-08 17:12:53.910082,2026-09-08
TL-ORD-53A0747E0A,7212.0,sess_4dd380ee92f14db8,1533,229.95,0,1303.05,2,NetBanking,CONFIRMED,Delhi NCR,257722,2026-08-17 14:11:20.858283,2026-08-17
TL-ORD-92D4C679A6,,sess_da6a2e2a4fe04560,4897,734.55,0,4162.45,3,NetBanking,CONFIRMED,Pune,488940,2026-08-28 17:27:11.891908,2026-08-28
TL-ORD-F0AA02C396,10073.0,sess_0c3b54044a4644af,3471,0.0,0,3471.0,3,COD,CONFIRMED,Mumbai,553747,2026-08-27 21:12:06.840898,2026-08-27
TL-ORD-1C1C7730A9,11544.0,sess_718067d428f04c7b,4992,0.0,0,4992.0,2,COD,CONFIRMED,Hyderabad,194913,2026-08-22 15:34:14.465579,2026-08-22
TL-ORD-A3C0396624,,sess_575d003799c5415b,2799,419.85,0,2379.15,5,NetBanking,CONFIRMED,Chennai,339949,2026-09-05 05:26:25.276045,2026-09-05
TL-ORD-77799EB202,6780.0,sess_9a145bfad8554ece,2499,374.85,0,2124.15,3,COD,CONFIRMED,Chennai,518086,2026-09-08 09:14:24.126260,2026-09-08
TL-ORD-848D7CDE9F,10039.0,sess_1f73ada3a2c84e9f,3576,0.0,0,3576.0,6,NetBanking,CONFIRMED,Mumbai,511536,2026-09-09 01:34:41.593034,2026-09-09
TL-ORD-2480B1389D,6748.0,sess_33568cd717864566,1733,259.95,0,1473.05,3,Card,CONFIRMED,Chennai,452708,2026-08-22 12:05:05.572065,2026-08-22
TL-ORD-8BA1D80E64,11485.0,sess_d5c19d4c2a5c4746,999,0.0,0,999.0,2,COD,CONFIRMED,Delhi NCR,628033,2026-09-08 10:44:22.482173,2026-09-08
TL-ORD-9E06790734,7284.0,sess_bbf822e6bb334c22,2799,419.85,0,2379.15,5,UPI,CONFIRMED,Bengaluru,160307,2026-08-23 14:11:00.464316,2026-08-23
TL-ORD-E824FB4F84,10501.0,sess_3238b0893aae4f63,2499,0.0,0,2499.0,3,COD,CONFIRMED,Bengaluru,473074,2026-08-17 16:53:54.370319,2026-08-17
TL-ORD-C5B9874730,,sess_e3405821831440b5,2717,407.55,0,2309.45,3,UPI,CONFIRMED,Delhi NCR,671680,2026-09-07 14:16:49.697225,2026-09-07
TL-ORD-9DB9D3C4F7,10637.0,sess_26b705a9cb1b4a0c,1899,0.0,0,1899.0,4,UPI,CONFIRMED,Bengaluru,119147,2026-08-16 11:29:41.036507,2026-08-16
TL-ORD-D93AEEE8EA,9073.0,sess_9a61a9c43fb84f93,1199,179.85,0,1019.15,2,Card,CONFIRMED,Mumbai,232463,2026-09-06 07:31:46.797330,2026-09-06
TL-ORD-6C6D4E0874,8569.0,sess_1eb970df014748ca,1230,0.0,0,1230.0,4,COD,CONFIRMED,Chennai,699176,2026-09-05 01:21:30.902783,2026-09-05
TL-ORD-E472A1E0B1,,sess_6c8f6842e08f4612,4999,0.0,0,4999.0,3,UPI,CONFIRMED,Hyderabad,152834,2026-09-13 18:39:12.660648,2026-09-13
TL-ORD-DC9557E46A,7726.0,sess_04e808bd974b478f,4817,0.0,0,4817.0,2,COD,CONFIRMED,Mumbai,674218,2026-08-23 02:17:32.278124,2026-08-23
TL-ORD-D881E24B33,10583.0,sess_737b8e28745e40c2,1179,0.0,0,1179.0,2,Card,CONFIRMED,Bengaluru,304567,2026-09-13 15:04:21.799992,2026-09-13
TL-ORD-ADCF89BB57,7820.0,sess_ab302d06be4647fc,3577,0.0,0,3577.0,2,COD,CONFIRMED,Mumbai,461521,2026-09-09 19:45:27.223313,2026-09-09
TL-ORD-71F93FAD94,7269.0,sess_bc5e35cc2b844a19,550,82.5,99,566.5,5,NetBanking,CONFIRMED,Hyderabad,292241,2026-08-28 17:47:29.760459,2026-08-28
TL-ORD-57EFFAE01E,6308.0,sess_88e0fb4bd69a4715,642,96.3,99,644.7,5,UPI,CONFIRMED,Delhi NCR,227053,2026-08-21 18:19:37.610399,2026-08-21
TL-ORD-B7A5290F56,,sess_2da8c8e2a521496b,1339,200.85,0,1138.15,3,COD,CONFIRMED,Pune,210859,2026-09-12 14:34:46.580071,2026-09-12
TL-ORD-60A805BF50,8091.0,sess_18d09db3e0ca42af,2499,0.0,0,2499.0,3,Card,CONFIRMED,Chennai,310326,2026-09-02 03:10:16.750598,2026-09-02
TL-ORD-26F177DACF,,sess_399b59f203cd4034,1844,276.6,0,1567.4,3,UPI,CONFIRMED,Bengaluru,465367,2026-08-22 15:48:09.878937,2026-08-22
TL-ORD-4E0E642412,7879.0,sess_fafd0e11734f42e4,852,0.0,99,951.0,2,UPI,CONFIRMED,Mumbai,279413,2026-08-15 22:47:55.860502,2026-08-15
TL-ORD-A834D8D3A0,,sess_9f51acf5aa3f42e4,4758,0.0,0,4758.0,2,COD,CONFIRMED,Mumbai,344740,2026-08-16 18:03:34.789498,2026-08-16
TL-ORD-E930A72FDC,10198.0,sess_271a5a948dc345a6,4499,674.85,0,3824.15,2,Card,CONFIRMED,Bengaluru,360488,2026-09-04 18:49:04.641242,2026-09-04
TL-ORD-40C272E786,,sess_9f76886587644894,3531,529.65,0,3001.35,3,Card,CONFIRMED,Chennai,574166,2026-08-16 01:28:01.545471,2026-08-16
TL-ORD-B8A4147BA6,7673.0,sess_d0e30cfb2940495b,1103,0.0,0,1103.0,2,UPI,CONFIRMED,Hyderabad,172883,2026-08-17 18:23:15.531407,2026-08-17
TL-ORD-5FAA788527,10872.0,sess_ff645307adc24478,3499,0.0,0,3499.0,3,COD,CONFIRMED,Mumbai,617683,2026-09-05 08:49:14.062954,2026-09-05
TL-ORD-4AC5EE0456,6092.0,sess_6140f7c0789a4bd8,2640,0.0,0,2640.0,3,Card,CONFIRMED,Chennai,321906,2026-09-11 09:48:56.194085,2026-09-11
TL-ORD-D402E68616,8055.0,sess_ab53f519f8564907,3152,0.0,0,3152.0,2,COD,CONFIRMED,Hyderabad,614218,2026-08-23 11:12:22.423554,2026-08-23
TL-ORD-F1B14EE3A4,6301.0,sess_44e20ab337c04495,4965,0.0,0,4965.0,4,COD,CONFIRMED,Chennai,254558,2026-09-06 07:56:02.509868,2026-09-06
TL-ORD-167CCF35E2,9237.0,sess_6d9f0e34e4b84fbf,1068,0.0,0,1068.0,4,COD,CONFIRMED,Pune,388343,2026-09-11 05:55:40.524184,2026-09-11
TL-ORD-AA1A038C08,11518.0,sess_b35b22f00e1147af,2238,0.0,0,2238.0,3,NetBanking,CONFIRMED,Mumbai,366542,2026-09-03 14:25:57.329579,2026-09-03
TL-ORD-3A2FE5E180,9278.0,sess_926124490e484f93,4617,0.0,0,4617.0,2,NetBanking,CONFIRMED,Delhi NCR,136337,2026-09-10 09:12:48.192426,2026-09-10
TL-ORD-5FA9EA976A,,sess_b3681375678e4ed5,1684,0.0,0,1684.0,2,NetBanking,CONFIRMED,Bengaluru,416913,2026-09-08 12:27:51.076971,2026-09-08
TL-ORD-3C54C598A6,,sess_25ae4d73e1794686,5842,876.3,0,4965.7,2,COD,CONFIRMED,Hyderabad,487671,2026-08-27 05:31:48.736282,2026-08-27
TL-ORD-574CCFC37C,10487.0,sess_e5383382feb945f9,2781,417.15,0,2363.85,2,Card,CONFIRMED,Hyderabad,650159,2026-09-07 03:58:37.814191,2026-09-07
TL-ORD-09C8A796EF,7007.0,sess_2a2dcded4ab24132,1604,0.0,0,1604.0,3,NetBanking,CONFIRMED,Bengaluru,382881,2026-09-02 13:05:41.058991,2026-09-02
TL-ORD-3CEE7E0952,6858.0,sess_6c7edaa3adba4a39,550,0.0,99,649.0,5,COD,CONFIRMED,Bengaluru,432202,2026-08-27 12:52:25.185848,2026-08-27
TL-ORD-0A502FF7E1,8705.0,sess_58c91ec7bcad40c8,2839,0.0,0,2839.0,4,Card,CONFIRMED,Delhi NCR,232678,2026-08-23 00:16:45.227918,2026-08-23
TL-ORD-20DD0E41EF,9958.0,sess_da92d095b1974b0d,1567,0.0,0,1567.0,3,Card,CONFIRMED,Mumbai,481481,2026-09-02 20:42:57.007679,2026-09-02
TL-ORD-30314728C3,9046.0,sess_2ea72a7ffee84bc6,1954,0.0,0,1954.0,6,Card,CONFIRMED,Chennai,147431,2026-08-22 18:49:29.141377,2026-08-22
TL-ORD-65574AF8A7,11769.0,sess_6adae0e0af444ec6,2116,317.4,0,1798.6,2,Card,CONFIRMED,Pune,344486,2026-08-25 05:28:59.073399,2026-08-25
TL-ORD-F4F3B39A02,7739.0,sess_0c0dafb0660e4287,6188,928.2,0,5259.8,2,COD,CONFIRMED,Bengaluru,658099,2026-08-31 03:02:56.269797,2026-08-31
TL-ORD-33DDCDB050,9462.0,sess_21951f0036994778,1533,0.0,0,1533.0,2,COD,CONFIRMED,Mumbai,443970,2026-09-07 16:41:09.450701,2026-09-07
TL-ORD-8C79B295C3,7764.0,sess_70a75e3343fa490c,999,0.0,0,999.0,6,Card,CONFIRMED,Chennai,342046,2026-08-22 16:59:34.584577,2026-08-22
TL-ORD-ADC9B277B8,11858.0,sess_a667bcdc3bce4fc6,3152,0.0,0,3152.0,2,Card,CONFIRMED,Pune,558879,2026-09-06 00:18:50.757309,2026-09-06
TL-ORD-0BDAAA185F,11284.0,sess_aee6298ad1144316,1103,165.45,0,937.55,2,UPI,CONFIRMED,Pune,352651,2026-08-16 15:45:47.045345,2026-08-16
TL-ORD-E70969885F,11964.0,sess_7975aa3f315a4a69,2799,419.85,0,2379.15,5,UPI,CONFIRMED,Mumbai,635347,2026-08-19 22:27:49.001589,2026-08-19
TL-ORD-F3E1F13044,7916.0,sess_8fe1d7f1af224ed3,2437,365.55,0,2071.45,4,UPI,CONFIRMED,Delhi NCR,149061,2026-08-18 03:03:27.734604,2026-08-18
TL-ORD-A4C9DEBADB,11991.0,sess_11a3fe9c50f34dae,1103,165.45,0,937.55,5,Card,CONFIRMED,Chennai,519278,2026-09-01 03:41:50.705372,2026-09-01
TL-ORD-2F1E6001D0,,sess_6452c579fa7d4877,3008,0.0,0,3008.0,3,UPI,CONFIRMED,Hyderabad,147012,2026-08-18 00:05:51.726364,2026-08-18
TL-ORD-9900EDE6B2,9617.0,sess_0f6ddeb868024078,4079,611.85,0,3467.15,2,NetBanking,CONFIRMED,Pune,139761,2026-08-17 17:01:27.328328,2026-08-17
TL-ORD-2E67046384,7209.0,sess_fa0afada74024cbe,2108,0.0,0,2108.0,6,Card,CONFIRMED,Chennai,384964,2026-09-03 00:06:35.257755,2026-09-03
TL-ORD-69F0AD55DE,,sess_81fafaf275594b0e,3361,504.15,0,2856.85,4,UPI,CONFIRMED,Hyderabad,634777,2026-08-27 13:11:09.557025,2026-08-27
TL-ORD-86F61EA177,11569.0,sess_5121f8a4915046b0,1829,0.0,0,1829.0,2,NetBanking,CONFIRMED,Bengaluru,370955,2026-08-15 19:52:51.493445,2026-08-15
TL-ORD-8797909211,7080.0,sess_b483a20aea2e4a60,6188,928.2,0,5259.8,2,NetBanking,CONFIRMED,Mumbai,145252,2026-09-01 20:23:32.002015,2026-09-01
TL-ORD-7943EBB94F,,sess_bb21945da3a64162,2350,0.0,0,2350.0,2,Card,CONFIRMED,Hyderabad,521617,2026-09-02 04:26:56.626945,2026-09-02
TL-ORD-87F095A13C,8772.0,sess_594e87b914bc47d7,2350,0.0,0,2350.0,2,NetBanking,CONFIRMED,Hyderabad,444438,2026-08-19 20:22:45.211315,2026-08-19
TL-ORD-62BD2FE076,,sess_4721af75cb254a95,4869,730.35,0,4138.65,3,COD,CONFIRMED,Chennai,498168,2026-08-21 14:48:50.738538,2026-08-21
TL-ORD-43C51FD956,6914.0,sess_b0997a83047c43b6,2999,0.0,0,2999.0,3,UPI,CONFIRMED,Pune,274204,2026-09-10 04:59:06.674439,2026-09-10
TL-ORD-1BEF60724D,9495.0,sess_0c2ee40f2f644e02,3938,590.7,0,3347.3,3,COD,CONFIRMED,Hyderabad,199190,2026-08-28 03:21:36.866965,2026-08-28
TL-ORD-F7A6676A1B,9638.0,sess_db293071af8c4f74,4481,672.15,0,3808.85,5,Card,CONFIRMED,Mumbai,556312,2026-09-09 09:22:21.483194,2026-09-09
TL-ORD-F548CD4200,6592.0,sess_386040334aa6479a,5006,0.0,0,5006.0,6,NetBanking,CONFIRMED,Pune,635594,2026-08-24 20:31:54.188368,2026-08-24
TL-ORD-850D1B4C48,7334.0,sess_95b9f281d47f430d,1061,159.15,0,901.85,3,Card,CONFIRMED,Mumbai,554828,2026-08-24 23:28:01.430799,2026-08-24
TL-ORD-7A50D11244,8389.0,sess_2c2fc9c685004e97,2437,0.0,0,2437.0,4,COD,CONFIRMED,Chennai,632804,2026-09-03 00:38:22.377505,2026-09-03
TL-ORD-E52C51B0E9,11768.0,sess_a1b1b78104794039,3367,0.0,0,3367.0,3,NetBanking,CONFIRMED,Delhi NCR,489720,2026-09-01 23:08:31.470563,2026-09-01
TL-ORD-B9AF0F45B5,,sess_ab5221dffefe4e83,1664,249.6,0,1414.4,3,Card,CONFIRMED,Delhi NCR,366396,2026-08-26 03:55:40.941761,2026-08-26
TL-ORD-E28C86D931,9336.0,sess_5d6ba70327114125,4723,708.45,0,4014.55,4,Card,CONFIRMED,Delhi NCR,520971,2026-09-11 16:16:58.813041,2026-09-11
TL-ORD-5CA4E9C9AA,9633.0,sess_f2c2aa9d148747b2,1339,0.0,0,1339.0,3,Card,CONFIRMED,Mumbai,337266,2026-08-26 05:24:23.016117,2026-08-26
TL-ORD-C637B9649B,8817.0,sess_504fcca151a342e0,4723,0.0,0,4723.0,4,COD,CONFIRMED,Bengaluru,206853,2026-08-31 16:12:28.849585,2026-08-31
TL-ORD-3618CF85C0,9264.0,sess_f1efe953ba7648da,6594,0.0,0,6594.0,3,COD,CONFIRMED,Chennai,575987,2026-09-13 03:09:32.923977,2026-09-13
TL-ORD-4717182B6A,10406.0,sess_732e63747622434d,743,111.45,99,730.55,3,Card,CONFIRMED,Delhi NCR,249265,2026-08-18 23:00:08.295752,2026-08-18
TL-ORD-8DA4D46B22,10891.0,sess_4ba177dfe40d49ee,4072,0.0,0,4072.0,2,UPI,CONFIRMED,Chennai,443711,2026-08-29 18:41:02.557968,2026-08-29
TL-ORD-AA9080D6E4,7709.0,sess_2c470ed4e3ef4c74,4869,0.0,0,4869.0,3,Card,CONFIRMED,Hyderabad,444052,2026-08-25 13:07:35.901547,2026-08-25
TL-ORD-54A648203B,9374.0,sess_8f6bd5546260432c,2617,392.55,0,2224.45,4,COD,CONFIRMED,Mumbai,273253,2026-09-05 21:22:46.246386,2026-09-05
TL-ORD-ADA8B1AAB1,,sess_0ba45be68caa461d,3712,0.0,0,3712.0,2,COD,CONFIRMED,Chennai,491399,2026-08-16 06:11:38.199668,2026-08-16
TL-ORD-DDECA80D08,8352.0,sess_80388bc1e0f144e6,4700,0.0,0,4700.0,3,Card,CONFIRMED,Pune,195719,2026-09-04 04:32:55.892950,2026-09-04
TL-ORD-E6020DAC02,11355.0,sess_018d442491f14169,2199,0.0,0,2199.0,4,COD,CONFIRMED,Hyderabad,486778,2026-09-10 05:07:07.711875,2026-09-10
TL-ORD-498896EFFB,,sess_caa83ba336b34a36,3499,524.85,0,2974.15,2,COD,CONFIRMED,Pune,662302,2026-09-09 12:36:37.021527,2026-09-09
TL-ORD-9B582A0043,11928.0,sess_3c0fc5ad01ce4c5f,5509,0.0,0,5509.0,5,NetBanking,CONFIRMED,Mumbai,446514,2026-08-19 14:10:34.402649,2026-08-19
TL-ORD-E92CE7DB7C,11645.0,sess_3d3236926a184968,1604,0.0,0,1604.0,3,COD,CONFIRMED,Bengaluru,320913,2026-08-20 04:01:12.867130,2026-08-20
TL-ORD-C711147D8B,6188.0,sess_1719fe6ddf6d440a,3410,0.0,0,3410.0,4,COD,CONFIRMED,Chennai,140208,2026-08-22 06:42:32.083406,2026-08-22
TL-ORD-E9D245DB17,,sess_a0a4786abaa94c9f,999,0.0,0,999.0,2,Card,CONFIRMED,Delhi NCR,443360,2026-08-24 20:47:56.799539,2026-08-24
TL-ORD-C3A5831E51,11249.0,sess_240530edfef443e7,2794,0.0,0,2794.0,5,Card,CONFIRMED,Hyderabad,350731,2026-08-17 09:50:21.247850,2026-08-17
TL-ORD-7D8038E76B,10691.0,sess_e04c00d07e434e89,4758,713.7,0,4044.3,2,COD,CONFIRMED,Chennai,518197,2026-09-02 23:17:59.788809,2026-09-02
TL-ORD-0F3E0F0B50,,sess_3b3adb00cbee49c8,3576,536.4,0,3039.6,6,COD,CONFIRMED,Hyderabad,594382,2026-08-19 19:14:59.895442,2026-08-19
TL-ORD-C2F5C003B2,,sess_06fe823f7fc44239,5006,0.0,0,5006.0,6,NetBanking,CONFIRMED,Pune,322052,2026-08-23 08:00:07.168335,2026-08-23
TL-ORD-2EC462374F,8034.0,sess_16f02292fbc34522,5596,0.0,0,5596.0,2,UPI,CONFIRMED,Delhi NCR,179142,2026-08-20 00:25:16.388488,2026-08-20
TL-ORD-BEA4AAAD03,9300.0,sess_95d396fab12045ea,5450,817.5,0,4632.5,3,COD,CONFIRMED,Pune,408762,2026-08-16 17:48:57.237585,2026-08-16
TL-ORD-63C715D8F8,9354.0,sess_167331ba503f4804,1107,0.0,0,1107.0,4,NetBanking,CONFIRMED,Chennai,281175,2026-09-10 01:56:54.000528,2026-09-10
TL-ORD-623CD9CAB6,,sess_7ba163d3c3e64586,2199,329.85,0,1869.15,4,COD,CONFIRMED,Delhi NCR,694167,2026-08-23 01:10:53.818551,2026-08-23
TL-ORD-3E977B168C,9106.0,sess_deed24fa95f2406c,6188,928.2,0,5259.8,2,Card,CONFIRMED,Mumbai,688284,2026-08-17 10:42:28.382871,2026-08-17
TL-ORD-41E141F506,11266.0,sess_308095b2ac024d28,1179,176.85,0,1002.15,2,NetBanking,CONFIRMED,Bengaluru,467598,2026-09-11 23:04:53.379775,2026-09-11
TL-ORD-18C2494F9B,11031.0,sess_80d4565f7b1547c7,1299,0.0,0,1299.0,3,COD,CONFIRMED,Bengaluru,470460,2026-08-22 19:34:32.664671,2026-08-22
TL-ORD-08C711D8A3,,sess_1106a82e10d943a2,2172,325.8,0,1846.2,6,UPI,CONFIRMED,Bengaluru,111413,2026-08-28 18:08:29.567237,2026-08-28
TL-ORD-6078D411C5,11558.0,sess_23283bc816f94e02,1018,0.0,0,1018.0,5,NetBanking,CONFIRMED,Hyderabad,552287,2026-09-13 05:37:18.766622,2026-09-13
TL-ORD-0F4FE111A7,11667.0,sess_9196cd6f4a754929,999,0.0,0,999.0,2,UPI,CONFIRMED,Delhi NCR,668017,2026-08-25 04:25:21.658753,2026-08-25
TL-ORD-09F39296DB,8165.0,sess_15c5168213fd4c33,1906,0.0,0,1906.0,3,NetBanking,CONFIRMED,Chennai,418998,2026-08-23 16:59:35.660432,2026-08-23
TL-ORD-64E96004F8,6840.0,sess_0b2796fc896045c2,3582,0.0,0,3582.0,4,NetBanking,CONFIRMED,Pune,506284,2026-09-04 17:12:25.574606,2026-09-04
TL-ORD-7EF7EEBF60,10031.0,sess_28e78836cfc848bc,1034,0.0,0,1034.0,4,NetBanking,CONFIRMED,Mumbai,630595,2026-09-08 16:35:06.127396,2026-09-08
TL-ORD-8A41842CE4,,sess_f4905d1b2a8d4f2e,3582,537.3,0,3044.7,4,NetBanking,CONFIRMED,Pune,445687,2026-08-28 11:13:06.244908,2026-08-28
TL-ORD-ED441770A0,10056.0,sess_51ef71bed63145f2,4999,0.0,0,4999.0,3,Card,CONFIRMED,Bengaluru,409065,2026-08-29 08:36:15.998136,2026-08-29
TL-ORD-06B7EA76EC,7180.0,sess_b0301fb5394848a5,1244,0.0,0,1244.0,3,NetBanking,CONFIRMED,Hyderabad,637177,2026-09-05 18:19:04.195721,2026-09-05
TL-ORD-14F0B6F986,11450.0,sess_15218f3c348a4cb4,4180,627.0,0,3553.0,3,COD,CONFIRMED,Mumbai,595980,2026-08-31 00:09:43.780891,2026-08-31
TL-ORD-597F4B06C1,7036.0,sess_8203cfa44d354b44,1728,0.0,0,1728.0,2,NetBanking,CONFIRMED,Hyderabad,648473,2026-08-28 12:31:59.896632,2026-08-28
TL-ORD-177E10AFF1,9661.0,sess_1fb9151bf69746f3,1230,0.0,0,1230.0,4,Card,CONFIRMED,Delhi NCR,573327,2026-08-25 06:21:55.008743,2026-08-25
TL-ORD-8FFA7F032A,11771.0,sess_7a6e1edbe23d4764,1743,261.45,0,1481.55,3,COD,CONFIRMED,Chennai,268582,2026-08-17 09:48:58.449752,2026-08-17
TL-ORD-5E0393FE02,,sess_4fe26460accd4909,2438,0.0,0,2438.0,3,COD,CONFIRMED,Chennai,451654,2026-09-09 09:42:22.565577,2026-09-09
TL-ORD-35DCC58142,10380.0,sess_e4e55ddea2cc44a8,4320,0.0,0,4320.0,4,Card,CONFIRMED,Chennai,520744,2026-09-04 22:26:05.423911,2026-09-04
TL-ORD-27FD5E5819,7602.0,sess_1ca8ad82d8384aa4,1210,181.5,0,1028.5,2,Card,CONFIRMED,Pune,136681,2026-08-16 12:00:32.935686,2026-08-16
TL-ORD-D73E01C6D2,11517.0,sess_276867b1144e4578,2403,0.0,0,2403.0,2,Card,CONFIRMED,Hyderabad,164170,2026-08-24 08:01:35.779839,2026-08-24
TL-ORD-343B423AC5,6421.0,sess_5851926ae05c4434,3712,0.0,0,3712.0,2,UPI,CONFIRMED,Bengaluru,171018,2026-09-10 08:45:16.842884,2026-09-10
TL-ORD-5723D8D957,10372.0,sess_82f4b5d31aae4dc4,2108,0.0,0,2108.0,6,COD,CONFIRMED,Pune,699938,2026-08-31 11:04:33.816326,2026-08-31
TL-ORD-A226A0C576,11934.0,sess_2ada26caaf71421d,3471,520.65,0,2950.35,3,COD,CONFIRMED,Hyderabad,473263,2026-09-06 04:47:11.459219,2026-09-06
TL-ORD-1C9BC686B0,,sess_08982a7a0a30425a,5596,839.4,0,4756.6,2,UPI,CONFIRMED,Mumbai,177276,2026-09-05 20:27:42.435433,2026-09-05
TL-ORD-375081CCFE,8509.0,sess_c5c75f69600b4479,1899,284.85,0,1614.15,4,COD,CONFIRMED,Delhi NCR,525892,2026-08-17 18:53:18.022563,2026-08-17
TL-ORD-2CE764EEFD,10223.0,sess_c94f2d7e80ab49d9,1617,242.55,0,1374.45,3,NetBanking,CONFIRMED,Pune,111806,2026-09-05 14:20:13.774286,2026-09-05
TL-ORD-59A61BB60A,6629.0,sess_8efd55e40dc940b3,4132,0.0,0,4132.0,2,NetBanking,CONFIRMED,Hyderabad,550430,2026-08-22 01:20:38.297052,2026-08-22
TL-ORD-1AE1B3655F,6977.0,sess_bd3b6b6d6c714b9b,1263,189.45,0,1073.55,5,UPI,CONFIRMED,Chennai,645075,2026-08-19 16:38:55.647126,2026-08-19
TL-ORD-4B68FEF17F,8451.0,sess_31dcfb9afc214af5,3143,0.0,0,3143.0,2,UPI,CONFIRMED,Hyderabad,603055,2026-08-18 22:00:40.592471,2026-08-18
TL-ORD-48055994D2,8660.0,sess_a76b28d1e39e4d45,3499,0.0,0,3499.0,3,COD,CONFIRMED,Delhi NCR,314335,2026-09-04 23:56:17.882031,2026-09-04
TL-ORD-95BB64F9D2,,sess_6472167f563c4bc6,4499,674.85,0,3824.15,2,Card,CONFIRMED,Pune,647261,2026-09-01 09:26:44.435717,2026-09-01
TL-ORD-251FE7C95A,,sess_36e7c02a4d074b5b,1276,0.0,0,1276.0,5,UPI,CONFIRMED,Chennai,373022,2026-08-23 12:21:58.630117,2026-08-23
TL-ORD-D0F46F438F,10174.0,sess_850d43a026e945d6,2999,0.0,0,2999.0,3,NetBanking,CONFIRMED,Chennai,594564,2026-08-30 05:31:54.371604,2026-08-30
TL-ORD-334E9699AC,,sess_d74a61bb3fd14f38,1230,0.0,0,1230.0,4,COD,CONFIRMED,Chennai,432364,2026-09-05 21:22:15.433585,2026-09-05
TL-ORD-B1C51D55EC,9255.0,sess_913de31b558c4e8d,1251,0.0,0,1251.0,3,Card,CONFIRMED,Bengaluru,574235,2026-09-11 03:11:31.109885,2026-09-11
TL-ORD-FA242433C9,9316.0,sess_5d9e6067427e4805,2781,0.0,0,2781.0,2,Card,CONFIRMED,Chennai,364459,2026-08-22 19:05:50.303558,2026-08-22
TL-ORD-B7CA505D91,,sess_11b3301cf4264cb0,2199,329.85,0,1869.15,4,NetBanking,CONFIRMED,Mumbai,590533,2026-09-13 04:33:53.549903,2026-09-13
TL-ORD-4DFB52BD22,11704.0,sess_ad65de04357b4b2f,4299,0.0,0,4299.0,2,COD,CONFIRMED,Chennai,581535,2026-08-25 16:25:04.867524,2026-08-25
TL-ORD-4264E09754,11339.0,sess_2e71ea6f52e7446c,2339,350.85,0,1988.15,2,UPI,CONFIRMED,Mumbai,411467,2026-09-04 03:37:21.365373,2026-09-04
TL-ORD-4013B63546,9582.0,sess_ca9dcd39aa4249b9,5184,777.6,0,4406.4,6,UPI,CONFIRMED,Delhi NCR,505360,2026-09-10 06:33:33.087408,2026-09-10
TL-ORD-98A471D61C,11507.0,sess_f3e7c8b444bf4e2c,3559,0.0,0,3559.0,2,COD,CONFIRMED,Pune,681911,2026-08-19 09:26:34.890132,2026-08-19
TL-ORD-C35F5E04FA,,sess_ee84932503e84eaf,3559,0.0,0,3559.0,2,Card,CONFIRMED,Hyderabad,391082,2026-09-08 13:05:41.758560,2026-09-08
TL-ORD-AF80E4779D,,sess_e8739c9cd64c4db3,1670,250.5,0,1419.5,2,Card,CONFIRMED,Chennai,512929,2026-08-20 20:28:14.074957,2026-08-20
TL-ORD-D44777DEC3,8572.0,sess_cf6f8cf448b84d48,984,147.6,99,935.4,5,Card,CONFIRMED,Hyderabad,354023,2026-08-16 03:50:04.490213,2026-08-16
TL-ORD-B2983593B6,,sess_0e4be7a2f2264a26,1994,0.0,0,1994.0,2,NetBanking,CONFIRMED,Hyderabad,228528,2026-09-09 07:50:36.419456,2026-09-09
TL-ORD-4CCFA2A94D,9043.0,sess_adc8df1c1fb44f8b,2142,0.0,0,2142.0,3,Card,CONFIRMED,Delhi NCR,304920,2026-08-26 02:52:19.234484,2026-08-26
TL-ORD-8DF161196E,9843.0,sess_07f4a1ee35334190,2036,0.0,0,2036.0,2,NetBanking,CONFIRMED,Chennai,581735,2026-08-21 03:24:47.582469,2026-08-21
TL-ORD-B0D92FD0D7,6211.0,sess_496470fe3bab4ebf,1034,155.1,0,878.9,4,COD,CONFIRMED,Bengaluru,254422,2026-08-20 06:20:49.539776,2026-08-20
TL-ORD-6FAFAEC261,6589.0,sess_190b2cf9ce1e47de,3899,584.85,0,3314.15,2,UPI,CONFIRMED,Hyderabad,396498,2026-08-31 18:36:29.345871,2026-08-31
TL-ORD-8FBACE9769,10824.0,sess_1c9388b1f7c04c19,4304,645.6,0,3658.4,4,Card,CONFIRMED,Hyderabad,425078,2026-08-30 09:03:12.159373,2026-08-30
TL-ORD-9BF43F29B2,7373.0,sess_34ea04c8327e431a,2839,0.0,0,2839.0,4,UPI,CONFIRMED,Delhi NCR,314858,2026-08-17 06:05:26.068680,2026-08-17
TL-ORD-B21413F51D,8203.0,sess_06b3f88cdec2478d,3024,0.0,0,3024.0,5,NetBanking,CONFIRMED,Delhi NCR,131306,2026-09-03 15:39:15.282475,2026-09-03
TL-ORD-C0D29DAC2F,11453.0,sess_8d118598fd474974,3712,0.0,0,3712.0,2,UPI,CONFIRMED,Chennai,340351,2026-08-30 00:03:36.019429,2026-08-30
TL-ORD-BD28163597,11705.0,sess_3f618ecb91534816,3024,453.6,0,2570.4,5,NetBanking,CONFIRMED,Pune,220276,2026-08-23 13:34:17.878334,2026-08-23
TL-ORD-27EE838846,7480.0,sess_37ff0463233341c6,3577,536.55,0,3040.45,2,UPI,CONFIRMED,Delhi NCR,475779,2026-08-24 22:29:34.679321,2026-08-24
TL-ORD-3D2D3AC0F5,6397.0,sess_2d7270c7fb194332,4499,0.0,0,4499.0,2,UPI,CONFIRMED,Chennai,659544,2026-08-31 11:28:30.693398,2026-08-31
TL-ORD-8BDB6B2A32,9205.0,sess_2a0bf77ebf8c40c5,6188,0.0,0,6188.0,2,UPI,CONFIRMED,Delhi NCR,341831,2026-08-19 01:18:46.465180,2026-08-19
TL-ORD-0CCA164AD3,11042.0,sess_b3b0a30ceac34ab9,1068,160.2,0,907.8,4,COD,CONFIRMED,Pune,172204,2026-09-11 00:12:10.403048,2026-09-11
TL-ORD-BB652E6733,7664.0,sess_b000121cf0504864,3421,513.15,0,2907.85,6,NetBanking,CONFIRMED,Hyderabad,592564,2026-08-20 23:12:07.243360,2026-08-20
TL-ORD-303616A61B,10461.0,sess_0c27d99c35014a92,1743,0.0,0,1743.0,3,UPI,CONFIRMED,Mumbai,514993,2026-09-03 13:00:51.694782,2026-09-03
TL-ORD-E9DB2745F9,8917.0,sess_86183c670ef74e4d,4958,0.0,0,4958.0,3,UPI,CONFIRMED,Bengaluru,311424,2026-09-13 05:40:30.716383,2026-09-13
TL-ORD-C8C84B0D1F,8732.0,sess_061a848897b8431f,1339,0.0,0,1339.0,3,COD,CONFIRMED,Bengaluru,131010,2026-09-08 15:21:02.066142,2026-09-08
TL-ORD-6DC194010F,6193.0,sess_59373a528e9f4519,2195,0.0,0,2195.0,4,UPI,CONFIRMED,Pune,280081,2026-08-27 14:45:38.680866,2026-08-27
TL-ORD-40B0FC7FC3,7782.0,sess_fe2ecfa1aacf4b13,1533,0.0,0,1533.0,2,COD,CONFIRMED,Chennai,575609,2026-09-10 07:55:09.064959,2026-09-10
TL-ORD-6E2E93C26C,,sess_c8c1b5fc794b4b14,999,0.0,0,999.0,6,COD,CONFIRMED,Delhi NCR,474373,2026-09-06 10:24:14.283432,2026-09-06
TL-ORD-16D95F5C0C,9511.0,sess_66ba1dd82ead492f,2036,0.0,0,2036.0,2,NetBanking,CONFIRMED,Bengaluru,696234,2026-09-13 02:10:43.814719,2026-09-13
TL-ORD-859139BE93,,sess_0e880cdad66e4dfc,6999,1049.85,0,5949.15,2,COD,CONFIRMED,Delhi NCR,312106,2026-08-19 03:25:35.440430,2026-08-19
TL-ORD-6584E380DB,10146.0,sess_51e4590b6d66430d,2538,0.0,0,2538.0,2,COD,CONFIRMED,Delhi NCR,663754,2026-09-11 00:17:20.002600,2026-09-11
TL-ORD-71E93DC96F,8537.0,sess_c589aa82da5e4bce,1829,274.35,0,1554.65,2,COD,CONFIRMED,Bengaluru,686894,2026-09-11 21:50:46.693504,2026-09-11
TL-ORD-8871623EC2,8134.0,sess_ca802530a34a41cc,4481,0.0,0,4481.0,5,COD,CONFIRMED,Pune,418356,2026-09-10 21:20:18.304342,2026-09-10
TL-ORD-7F24B3A605,6769.0,sess_3c7b94f98b664d39,1684,0.0,0,1684.0,2,Card,CONFIRMED,Chennai,341258,2026-09-01 22:34:58.454593,2026-09-01
TL-ORD-A980416681,,sess_96d9b5b7bf2943cb,1567,235.05,0,1331.95,3,Card,CONFIRMED,Mumbai,486995,2026-08-23 09:00:02.017662,2026-08-23
TL-ORD-C9C22D119F,9647.0,sess_de3b58e43fbe4e72,1068,0.0,0,1068.0,4,NetBanking,CONFIRMED,Hyderabad,485080,2026-09-12 01:05:37.301384,2026-09-12
TL-ORD-E1DCDFD0C3,11366.0,sess_e383cea083cd4bb3,2839,0.0,0,2839.0,4,COD,CONFIRMED,Hyderabad,579683,2026-08-26 06:31:31.736989,2026-08-26
TL-ORD-96FF0F326F,8052.0,sess_46376d5b8ac44ca6,3233,0.0,0,3233.0,3,NetBanking,CONFIRMED,Bengaluru,251647,2026-09-12 05:53:37.740615,2026-09-12
TL-ORD-2E893780C7,7026.0,sess_2347e1dce30c4706,7844,1176.6,0,6667.4,2,COD,CONFIRMED,Mumbai,277092,2026-09-01 09:06:25.386543,2026-09-01
TL-ORD-488109F95E,6255.0,sess_b313b6499f2643d7,3481,522.15,0,2958.85,5,Card,CONFIRMED,Chennai,223717,2026-09-03 14:02:51.753898,2026-09-03
TL-ORD-D533F60A4D,,sess_f54e41eb90634114,1844,276.6,0,1567.4,3,NetBanking,CONFIRMED,Pune,411731,2026-08-30 23:36:32.743182,2026-08-30
TL-ORD-79C947FEB1,8799.0,sess_7a6e4e762086414f,3879,0.0,0,3879.0,5,Card,CONFIRMED,Delhi NCR,693207,2026-08-27 11:44:44.693415,2026-08-27
TL-ORD-AB77731FE3,9415.0,sess_95eca0ec542d46f3,1668,250.2,0,1417.8,3,UPI,CONFIRMED,Mumbai,477336,2026-09-01 19:36:39.718126,2026-09-01
TL-ORD-5FFA0C8C6B,10765.0,sess_82b5e59cad0b4d3f,7008,1051.2,0,5956.8,3,Card,CONFIRMED,Delhi NCR,124638,2026-08-16 08:38:04.223326,2026-08-16
TL-ORD-EFE2F09CE4,6118.0,sess_707335002afb4eb2,1389,0.0,0,1389.0,3,COD,CONFIRMED,Hyderabad,264849,2026-08-16 08:03:07.348607,2026-08-16
TL-ORD-18D991EDAD,10704.0,sess_65d383eb4ce34565,1604,0.0,0,1604.0,3,Card,CONFIRMED,Chennai,387501,2026-08-19 09:12:30.763523,2026-08-19
TL-ORD-94910421E0,11144.0,sess_900b06a9a85347f5,1199,0.0,0,1199.0,2,COD,CONFIRMED,Mumbai,297626,2026-08-26 00:58:48.813366,2026-08-26
TL-ORD-4F5B66F087,,sess_0c6e26862aea4268,2799,419.85,0,2379.15,5,NetBanking,CONFIRMED,Chennai,173732,2026-08-15 15:11:11.023832,2026-08-15
TL-ORD-0CBD6F319C,9743.0,sess_8fed292a318d40ba,2622,0.0,0,2622.0,3,COD,CONFIRMED,Pune,590809,2026-08-22 16:32:26.829002,2026-08-22
TL-ORD-F537ADB23D,8796.0,sess_99d1f06b36ff4338,2029,304.35,0,1724.65,5,COD,CONFIRMED,Bengaluru,129604,2026-09-11 23:40:41.883829,2026-09-11
TL-ORD-173F3A50EF,6570.0,sess_f1265db91abf4510,2999,0.0,0,2999.0,3,NetBanking,CONFIRMED,Pune,303014,2026-08-27 04:35:19.248425,2026-08-27
TL-ORD-85830D8476,6588.0,sess_374336fbc11345e0,829,124.35,99,803.65,6,COD,CONFIRMED,Hyderabad,369056,2026-08-27 01:21:17.590314,2026-08-27
TL-ORD-415A070501,10121.0,sess_a1bbe7fd6a294b02,802,120.3,99,780.7,2,Card,CONFIRMED,Bengaluru,132019,2026-08-20 11:06:35.007761,2026-08-20
TL-ORD-CB8258A4C2,11924.0,sess_25b9ce46dd8a4dcb,2108,0.0,0,2108.0,6,COD,CONFIRMED,Mumbai,628012,2026-08-16 17:16:36.540456,2026-08-16
TL-ORD-BB1949C58E,11032.0,sess_454e7d589fae4189,3152,0.0,0,3152.0,2,Card,CONFIRMED,Hyderabad,333875,2026-09-05 08:44:14.746500,2026-09-05
TL-ORD-2BFA8E4BBC,6458.0,sess_dc07640bb901411f,5659,0.0,0,5659.0,2,COD,CONFIRMED,Mumbai,348223,2026-08-20 00:41:32.492002,2026-08-20
TL-ORD-C1F4611EC3,11204.0,sess_28bf7e0b26fb4b22,4304,0.0,0,4304.0,4,UPI,CONFIRMED,Delhi NCR,493077,2026-09-04 15:11:49.657236,2026-09-04
TL-ORD-CA8D82F2E4,,sess_de6872bec6be4b77,2339,0.0,0,2339.0,2,COD,CONFIRMED,Chennai,353031,2026-08-18 15:52:50.724987,2026-08-18
